"Cluster","ID","Description","GeneRatio","BgRatio","RichFactor","FoldEnrichment","zScore","pvalue","p.adjust","qvalue","geneID","Count"
"C1","GO:0006412","translation","196/1068","333/6161",0.588588588588589,3.39540664259765,20.5793066735332,1.09522200887372e-69,1.30879030060409e-66,1.03873161052128e-66,"RPL16A/TUF1/TIF/RPS21B/RPS21/CAALFM_C101530CA/CAALFM_C101580WA/MRP20/RPS42/CAALFM_C102330CA/CAALFM_C102430CA/RPL10/FRS2/TIF34/MST1/RPP1A/RPL13/RPS16A/RPS1/RPL6/CAALFM_C103280WA/RLI1/CAALFM_C103620CA/MRPL27/CAALFM_C104370CA/CAALFM_C104820CA/GRS1/CAALFM_C106070WA/RPS14B/RPS22A/CAALFM_C106470WA/RPS23A/CAALFM_C106890CA/SUI2/FUN12/DRG1/TEF2/CAALFM_C108520CA/GCD6/CAALFM_C109350WA/RPL42/CAALFM_C110470WA/RPS17B/RPL29/RPL2/RPL37B/GAR1/CAALFM_C111900CA/MRPS9/WRS1/RPL27A/CAALFM_C113030CA/RPL14/CAALFM_C113060CA/RPL4B/TIF35/RPL38/CAALFM_C201030WA/RPS26A/CAALFM_C202270CA/EFT2/HOG1/RPL21A/RPS9B/RPL39/GCD7/CAALFM_C204370WA/RPL17B/CAALFM_C204790CA/MRPL10/ERF1/CAALFM_C205160CA/CAALFM_C205300CA/CAALFM_C205410WA/RPS8A/CAALFM_C205710CA/CAALFM_C206200CA/RPL11/CAALFM_C207190CA/CAALFM_C207680WA/TEF1/TIF4631/RPL3/SUP35/GCN1/RPS4A/TIF11/RPS24/CAALFM_C300450CA/RPS7A/RPL12/RPL9B/SES1/RPL19A/RPS15/RPP2B/RPL35/RPL18/RPS19A/YST1/CAM1/CAALFM_C306240CA/RPS12/CAALFM_C307390CA/CAALFM_C307400WA/KRS1/CAALFM_C307420WA/CAALFM_C400660WA/RPL40B/RPS6A/NIP1/RPL20B/TYS1/CAALFM_C403410WA/CAALFM_C404390WA/EFB1/CAALFM_C404820CA/RPL24A/OFD1/UBI3/CAALFM_C500030WA/THS1/CAALFM_C500130CA/MRP17/CAALFM_C501050CA/CAALFM_C501540WA/CEF3/MRPL36/GIS2/GCD11/TIF5/CAALFM_C502660CA/RPS5/CAM1-1/RPL43A/MSM1/MES1/CAALFM_C505250CA/MRP2/HTS1/RPS13/ANB1/TIF3/RPL32/RPL25/CAALFM_C601980CA/RPL23A/RPL10A/CAALFM_C602460CA/CAALFM_C603730CA/CDC39/ILS1/GUS1/RPS28B/YML6/RPS18/RPP0/GCN3/ASC1/PRT1/RPL5/MSK1/CAALFM_C703660CA/DED81/MRP7/RPP1B/SUI3/MRPL6/CAALFM_CR00490WA/CAALFM_CR01370CA/CDC60/FRS1/CAALFM_CR02950CA/RPL28/ARC1/CAALFM_CR03110WA/DPS1-1/CAALFM_CR03350CA/RPS30/CAALFM_CR03950WA/GCD1/MRPL40/RPL15A/CAALFM_CR04580WA/RPS3/ACO2/CAALFM_CR07320CA/MRPL8/RPS27/SSB1/RPS20/RPP2A/CAALFM_CR08400CA/CAALFM_CR08480CA/HCR1/EIF4E",196
"C1","GO:0006520","amino acid metabolic process","87/1068","175/6161",0.497142857142857,2.86788121990369,11.4786038580882,1.79674730886377e-23,1.07355651704611e-20,8.52036486992769e-21,"LEU4/CAALFM_C101530CA/CYS4/HOM6/FRS2/LYS2/MST1/CAALFM_C103440CA/STR2/LYS21/ARO4/GRS1/GLT1/GCV2/CAALFM_C108490WA/TRP3/WRS1/CAALFM_C113030CA/ARO8/ARO3/HOM2/PRS1/SER2/MET1/BAT21/LYS22/ILV1/SER1/ASN1/CAALFM_C210460CA/BNA4/ILV2/SES1/BAT22/LYS9/KRS1/HIS4/MET15/PRO3/ARO1/AAT22/ILV6/TYS1/DAO2/LYS4/LYS1/HOM3/TRP5/TRP4/THS1/THR1/THR4/MSM1/MES1/HIS1/ILV3/HTS1/ILV5/CAALFM_C602960WA/SHM2/ILS1/LEU2/CAALFM_C700520WA/GUS1/MSK1/SHM1/CAALFM_C703650WA/CAALFM_C703660CA/DED81/CAALFM_C704210CA/LYS12/TRP2/MET6/CDC60/FRS1/MET2/CAALFM_CR03110WA/DPS1-1/CAALFM_CR03350CA/MIS11/URA2/LPD1/ARO2/CAALFM_CR08000CA/CYS3/FDH3/PRO1",87
"C1","GO:0044283","small molecule biosynthetic process","98/1068","215/6161",0.455813953488372,2.62946607438376,11.1363082788716,1.02415217902455e-22,4.07953951311444e-20,3.23775829228462e-20,"LEU4/CAALFM_C101050CA/CYS4/CWH8/HOM6/LYS2/CAALFM_C102970WA/COQ6/LYS21/ERG3/ARO4/BUD16/GLT1/ENO1/ERG1/ERG12/TRP3/FAD3/LCB2/CAALFM_C200110WA/ARO8/ARO3/HOM2/PRS1/SER2/MET1/FEN12/HOG1/BAT21/ERG10/LYS22/CDC19/COQ5/ECM17/ILV1/SER1/ERG9/ASN1/ERG24/CAALFM_C210460CA/ERG6/ILV2/FAS2/CAALFM_C305280CA/LYS9/VAN1/HIS4/MET15/PRO3/ARO1/CAS5/AAT22/ILV6/FBA1/LYS4/LYS1/HOM3/TRP5/TRP4/AFL1/FAS1/ERG11/CAALFM_C501940WA/THR4/CAALFM_C504720CA/HIS1/ILV3/DES1/FET3/ILV5/FAD2/CAALFM_C602960WA/ADO1/SHM2/PMR1/LEU2/CAALFM_C700520WA/CYB5/ERG5/CAALFM_C703050WA/SHM1/CAALFM_C703650WA/CAALFM_C704210CA/CAALFM_CR00570WA/ACC1/LYS12/TRP2/MET2/ERG25/PGI1/MIS11/ARO2/CYS3/CAALFM_CR08640CA/CAALFM_CR09110CA/ERG13/PRO1/CAALFM_CR10600CA",98
"C1","GO:0016053","organic acid biosynthetic process","64/1068","119/6161",0.53781512605042,3.10250841909798,10.6049837672733,7.88530697270827e-20,1.88458836647728e-17,1.49571822787582e-17,"LEU4/CAALFM_C101050CA/CYS4/HOM6/LYS2/CAALFM_C102970WA/LYS21/ARO4/GLT1/TRP3/FAD3/ARO8/ARO3/HOM2/PRS1/SER2/MET1/FEN12/BAT21/LYS22/CDC19/ECM17/ILV1/SER1/ASN1/CAALFM_C210460CA/ILV2/FAS2/CAALFM_C305280CA/LYS9/HIS4/MET15/PRO3/ARO1/AAT22/ILV6/LYS4/LYS1/HOM3/TRP5/TRP4/FAS1/THR4/HIS1/ILV3/FET3/ILV5/FAD2/CAALFM_C602960WA/SHM2/LEU2/CAALFM_C700520WA/CAALFM_C703050WA/SHM1/CAALFM_C703650WA/CAALFM_C704210CA/ACC1/LYS12/TRP2/MET2/MIS11/ARO2/CYS3/PRO1",64
"C1","GO:0046394","carboxylic acid biosynthetic process","64/1068","119/6161",0.53781512605042,3.10250841909798,10.6049837672733,7.88530697270827e-20,1.88458836647728e-17,1.49571822787582e-17,"LEU4/CAALFM_C101050CA/CYS4/HOM6/LYS2/CAALFM_C102970WA/LYS21/ARO4/GLT1/TRP3/FAD3/ARO8/ARO3/HOM2/PRS1/SER2/MET1/FEN12/BAT21/LYS22/CDC19/ECM17/ILV1/SER1/ASN1/CAALFM_C210460CA/ILV2/FAS2/CAALFM_C305280CA/LYS9/HIS4/MET15/PRO3/ARO1/AAT22/ILV6/LYS4/LYS1/HOM3/TRP5/TRP4/FAS1/THR4/HIS1/ILV3/FET3/ILV5/FAD2/CAALFM_C602960WA/SHM2/LEU2/CAALFM_C700520WA/CAALFM_C703050WA/SHM1/CAALFM_C703650WA/CAALFM_C704210CA/ACC1/LYS12/TRP2/MET2/MIS11/ARO2/CYS3/PRO1",64
"C1","GO:1901607","alpha-amino acid biosynthetic process","45/1068","73/6161",0.616438356164384,3.55606433738649,10.0597000960861,2.12168693179116e-17,4.22569313915073e-15,3.35375425534006e-15,"LEU4/CYS4/HOM6/LYS2/LYS21/GLT1/TRP3/ARO8/HOM2/PRS1/SER2/MET1/BAT21/LYS22/ILV1/SER1/ASN1/CAALFM_C210460CA/ILV2/LYS9/HIS4/MET15/PRO3/AAT22/LYS4/LYS1/HOM3/TRP5/TRP4/THR4/HIS1/ILV3/ILV5/CAALFM_C602960WA/SHM2/LEU2/CAALFM_C700520WA/SHM1/CAALFM_C703650WA/CAALFM_C704210CA/LYS12/TRP2/MET2/CYS3/PRO1",45
"C1","GO:0008652","amino acid biosynthetic process","46/1068","76/6161",0.605263157894737,3.49159767396018,10.0079140285873,2.61911106165705e-17,4.47119674097168e-15,3.5486001000797e-15,"LEU4/CYS4/HOM6/LYS2/LYS21/GLT1/TRP3/ARO8/HOM2/PRS1/SER2/MET1/BAT21/LYS22/ILV1/SER1/ASN1/CAALFM_C210460CA/ILV2/LYS9/HIS4/MET15/PRO3/AAT22/LYS4/LYS1/HOM3/TRP5/TRP4/THR4/HIS1/ILV3/ILV5/CAALFM_C602960WA/SHM2/LEU2/CAALFM_C700520WA/SHM1/CAALFM_C703650WA/CAALFM_C704210CA/LYS12/TRP2/MET6/MET2/CYS3/PRO1",46
"C1","GO:0170038","proteinogenic amino acid biosynthetic process","40/1068","66/6161",0.606060606060606,3.49619793440018,9.3358373464224,3.07492805877162e-15,4.59317378779011e-13,3.6454081328332e-13,"LEU4/HOM6/LYS2/LYS21/GLT1/TRP3/ARO8/HOM2/PRS1/SER2/MET1/BAT21/LYS22/ILV1/SER1/ASN1/CAALFM_C210460CA/ILV2/LYS9/HIS4/MET15/PRO3/AAT22/LYS4/LYS1/TRP5/TRP4/THR4/HIS1/ILV3/ILV5/SHM2/LEU2/CAALFM_C700520WA/SHM1/CAALFM_C703650WA/LYS12/TRP2/MET2/PRO1",40
"C1","GO:0170034","L-amino acid biosynthetic process","38/1068","61/6161",0.622950819672131,3.5936329588015,9.32175449249876,4.21973471084637e-15,5.60286997717934e-13,4.44676137365214e-13,"LEU4/HOM6/LYS2/LYS21/GLT1/TRP3/ARO8/HOM2/PRS1/SER2/MET1/BAT21/LYS22/ILV1/SER1/ASN1/CAALFM_C210460CA/ILV2/LYS9/HIS4/MET15/PRO3/AAT22/LYS4/LYS1/TRP5/TRP4/THR4/HIS1/ILV3/ILV5/LEU2/CAALFM_C700520WA/CAALFM_C703650WA/LYS12/TRP2/MET2/PRO1",38
"C1","GO:1901605","alpha-amino acid metabolic process","55/1068","115/6161",0.478260869565217,2.75895619605927,8.71884620988992,2.66449137580509e-14,3.18406719408708e-12,2.52705971536883e-12,"LEU4/CYS4/HOM6/LYS2/STR2/LYS21/GLT1/GCV2/CAALFM_C108490WA/TRP3/ARO8/HOM2/PRS1/SER2/MET1/BAT21/LYS22/ILV1/SER1/ASN1/CAALFM_C210460CA/BNA4/ILV2/BAT22/LYS9/HIS4/MET15/PRO3/AAT22/DAO2/LYS4/LYS1/HOM3/TRP5/TRP4/THR1/THR4/HIS1/ILV3/ILV5/CAALFM_C602960WA/SHM2/LEU2/CAALFM_C700520WA/SHM1/CAALFM_C703650WA/CAALFM_C704210CA/LYS12/TRP2/MET2/MIS11/URA2/CYS3/FDH3/PRO1",55
"C1","GO:0006082","organic acid metabolic process","101/1068","285/6161",0.354385964912281,2.04435573953611,8.26645181604535,3.90240033202721e-14,3.88614033064376e-12,3.08426552557589e-12,"LEU4/CAALFM_C101050CA/CYS4/HOM6/LYS2/CAALFM_C102970WA/CAALFM_C103440CA/STR2/ACS2/LYS21/ARO4/GLT1/GCV2/GCR3/CAALFM_C108490WA/ENO1/ADE12/TRP3/FAD3/PDX1/GND1/ARO8/ARO3/HOM2/PRS1/SER2/MET1/IDH2/FEN12/GPM1/BAT21/LYS22/CDC19/IDP1/ECM17/ILV1/SER1/ASN1/CAALFM_C210460CA/BNA4/CAALFM_C300640WA/CAALFM_C301940CA/ILV2/FAS2/CAALFM_C305280CA/BAT22/LYS9/DLD2/FUM12/HIS4/MET15/PRO3/ARO1/AAT22/ILV6/FBA1/MDH1-1/VTC4/DAO2/PDB1/LYS4/LYS1/HOM3/TRP5/TRP4/PDA1/FAS1/THR1/THR4/HIS1/ILV3/FET3/ILV5/FAD2/CAALFM_C602960WA/SHM2/CAALFM_C604560WA/LEU2/CAALFM_C700520WA/PHM5/LAT1/CAALFM_C703050WA/SHM1/CAALFM_C703650WA/CAALFM_C704210CA/ACC1/LYS12/TRP2/MET2/CAALFM_CR03270WA/VTC3/HXK2/ADE13/PGI1/MIS11/URA2/LPD1/ARO2/CYS3/FDH3/PRO1",101
"C1","GO:0043436","oxoacid metabolic process","101/1068","285/6161",0.354385964912281,2.04435573953611,8.26645181604535,3.90240033202721e-14,3.88614033064376e-12,3.08426552557589e-12,"LEU4/CAALFM_C101050CA/CYS4/HOM6/LYS2/CAALFM_C102970WA/CAALFM_C103440CA/STR2/ACS2/LYS21/ARO4/GLT1/GCV2/GCR3/CAALFM_C108490WA/ENO1/ADE12/TRP3/FAD3/PDX1/GND1/ARO8/ARO3/HOM2/PRS1/SER2/MET1/IDH2/FEN12/GPM1/BAT21/LYS22/CDC19/IDP1/ECM17/ILV1/SER1/ASN1/CAALFM_C210460CA/BNA4/CAALFM_C300640WA/CAALFM_C301940CA/ILV2/FAS2/CAALFM_C305280CA/BAT22/LYS9/DLD2/FUM12/HIS4/MET15/PRO3/ARO1/AAT22/ILV6/FBA1/MDH1-1/VTC4/DAO2/PDB1/LYS4/LYS1/HOM3/TRP5/TRP4/PDA1/FAS1/THR1/THR4/HIS1/ILV3/FET3/ILV5/FAD2/CAALFM_C602960WA/SHM2/CAALFM_C604560WA/LEU2/CAALFM_C700520WA/PHM5/LAT1/CAALFM_C703050WA/SHM1/CAALFM_C703650WA/CAALFM_C704210CA/ACC1/LYS12/TRP2/MET2/CAALFM_CR03270WA/VTC3/HXK2/ADE13/PGI1/MIS11/URA2/LPD1/ARO2/CYS3/FDH3/PRO1",101
"C1","GO:0006413","translational initiation","30/1068","44/6161",0.681818181818182,3.9332226762002,8.94110666898404,9.83524575644894e-14,9.04086052227421e-12,7.17534933324736e-12,"TIF/CAALFM_C102430CA/TIF34/RLI1/SUI2/FUN12/GCD6/CAALFM_C109350WA/TIF35/HOG1/GCD7/CAALFM_C204370WA/CAALFM_C204790CA/TIF4631/GCN1/TIF11/CAALFM_C307420WA/NIP1/GCD11/TIF5/CAALFM_C502660CA/TIF3/GCN3/PRT1/SUI3/CAALFM_CR02950CA/ARC1/GCD1/HCR1/EIF4E",30
"C1","GO:0019752","carboxylic acid metabolic process","98/1068","278/6161",0.352517985611511,2.0335798776709,8.07525348262894,1.40860136723431e-13,1.20234188131786e-11,9.54247993893321e-12,"LEU4/CAALFM_C101050CA/CYS4/HOM6/LYS2/CAALFM_C102970WA/CAALFM_C103440CA/STR2/ACS2/LYS21/ARO4/GLT1/GCV2/GCR3/CAALFM_C108490WA/ENO1/ADE12/TRP3/FAD3/PDX1/GND1/ARO8/ARO3/HOM2/PRS1/SER2/MET1/IDH2/FEN12/GPM1/BAT21/LYS22/CDC19/IDP1/ECM17/ILV1/SER1/ASN1/CAALFM_C210460CA/BNA4/CAALFM_C300640WA/CAALFM_C301940CA/ILV2/FAS2/CAALFM_C305280CA/BAT22/LYS9/DLD2/FUM12/HIS4/MET15/PRO3/ARO1/AAT22/ILV6/FBA1/MDH1-1/DAO2/PDB1/LYS4/LYS1/HOM3/TRP5/TRP4/PDA1/FAS1/THR1/THR4/HIS1/ILV3/FET3/ILV5/FAD2/CAALFM_C602960WA/SHM2/CAALFM_C604560WA/LEU2/CAALFM_C700520WA/LAT1/CAALFM_C703050WA/SHM1/CAALFM_C703650WA/CAALFM_C704210CA/ACC1/LYS12/TRP2/MET2/CAALFM_CR03270WA/HXK2/ADE13/PGI1/MIS11/URA2/LPD1/ARO2/CYS3/FDH3/PRO1",98
"C1","GO:0009067","aspartate family amino acid biosynthetic process","23/1068","29/6161",0.793103448275862,4.57519695208576,8.83663754165445,4.19009703901206e-13,3.33811064107961e-11,2.64931749624552e-11,"HOM6/LYS2/LYS21/ARO8/HOM2/MET1/BAT21/LYS22/ILV1/ASN1/CAALFM_C210460CA/ILV2/LYS9/MET15/AAT22/LYS4/LYS1/THR4/ILV3/ILV5/CAALFM_C700520WA/LYS12/MET2",23
"C1","GO:0170039","proteinogenic amino acid metabolic process","47/1068","98/6161",0.479591836734694,2.76663418176259,8.07244374512339,1.85906868107369e-12,1.38849192117691e-10,1.10198742213645e-10,"LEU4/HOM6/LYS2/LYS21/GLT1/GCV2/CAALFM_C108490WA/TRP3/ARO8/HOM2/PRS1/SER2/MET1/BAT21/LYS22/ILV1/SER1/ASN1/CAALFM_C210460CA/BNA4/ILV2/LYS9/HIS4/MET15/PRO3/AAT22/LYS4/LYS1/TRP5/TRP4/THR1/THR4/HIS1/ILV3/ILV5/SHM2/LEU2/CAALFM_C700520WA/SHM1/CAALFM_C703650WA/LYS12/TRP2/MET2/MIS11/URA2/FDH3/PRO1",47
"C1","GO:0170033","L-amino acid metabolic process","42/1068","89/6161",0.471910112359551,2.72232041408913,7.49431969437283,5.54537757274051e-11,3.89807423495583e-09,3.09373696163418e-09,"LEU4/HOM6/LYS2/LYS21/GLT1/CAALFM_C108490WA/TRP3/ARO8/HOM2/PRS1/SER2/MET1/BAT21/LYS22/ILV1/SER1/ASN1/CAALFM_C210460CA/BNA4/ILV2/LYS9/HIS4/MET15/PRO3/AAT22/LYS4/LYS1/TRP5/TRP4/THR1/THR4/HIS1/ILV3/ILV5/LEU2/CAALFM_C700520WA/CAALFM_C703650WA/LYS12/TRP2/MET2/URA2/PRO1",42
"C1","GO:0009066","aspartate family amino acid metabolic process","24/1068","37/6161",0.648648648648649,3.74187670816884,7.65985128019586,1.53721813612741e-10,1.02054204037348e-08,8.09961134883509e-09,"HOM6/LYS2/LYS21/ARO8/HOM2/MET1/BAT21/LYS22/ILV1/ASN1/CAALFM_C210460CA/ILV2/LYS9/MET15/AAT22/LYS4/LYS1/THR1/THR4/ILV3/ILV5/CAALFM_C700520WA/LYS12/MET2",24
"C1","GO:0006418","tRNA aminoacylation for protein translation","23/1068","36/6161",0.638888888888889,3.68557532251352,7.39988014848126,5.87330919014068e-10,3.69400235906217e-08,2.93177372870734e-08,"CAALFM_C101530CA/FRS2/MST1/GRS1/WRS1/CAALFM_C113030CA/SES1/KRS1/TYS1/THS1/MSM1/MES1/HTS1/ILS1/GUS1/MSK1/CAALFM_C703660CA/DED81/CDC60/FRS1/CAALFM_CR03110WA/DPS1-1/CAALFM_CR03350CA",23
"C1","GO:0006753","nucleoside phosphate metabolic process","62/1068","169/6161",0.366863905325444,2.11633756620792,6.73817263895414,8.47964021789125e-10,5.06658503019002e-08,4.02113465069475e-08,"MVD/DUT1/PMM1/ACS2/SIT4/ATP1/ADE4/ADE5%2C7/TKL1/GCR3/CAALFM_C108490WA/ENO1/ERG12/GUA1/ADE12/URA1/CAALFM_C111790WA/AGC1/AGM1/PDX1/GND1/PRS1/RNR21/ADE8/RNR1/GPM1/GNA1/CDC19/IDP1/IMH3/PRS5/PMI1/BNA4/TFP1/ADE2/CAALFM_C305970CA/CAALFM_C306110CA/GDA1/SRB1/ATP2/FBA1/PDB1/CAALFM_C404160WA/GUT2/PDA1/CAALFM_C500260WA/YNK1/GUK1/URA7/APA2/LAT1/CAALFM_CR00350WA/TAL1/ADE17/HXK2/UGP1/ADE6/VMA2/ADE13/PGI1/LSC2/ERG13",62
"C1","GO:1901137","carbohydrate derivative biosynthetic process","66/1068","186/6161",0.354838709677419,2.04696750030204,6.63910996881984,1.21027955346821e-09,6.887066982831e-08,5.46597432418474e-08,"DUT1/PMM1/ATP1/ALG9/VRG4/ADE5%2C7/DPM1/GUA1/ADE12/MTS1/URA1/MNN2/WBP1/CAALFM_C111790WA/MCD4/CHS3/AGM1/STT3/PRS1/RNR21/SMP3/ADE8/RNR1/GNA1/GPI13/CAALFM_C205050CA/GWT1/PMT4/IMH3/SPF1/CAALFM_C207420WA/PRS5/ALG7/PMI1/CAALFM_C210200WA/MNT1/ADE2/OST1/MNN9/GDA1/PMT2/VAN1/SRB1/ATP2/DPM3/CAALFM_C402100CA/PMT6/CWH41/CAALFM_C500260WA/YNK1/CAALFM_C504330WA/URA7/CAALFM_C505020CA/CAALFM_C505040WA/DPM2/ADO1/PMR1/CHS1/PMT1/MNN26/CWH43/CAALFM_CR01430WA/ADE17/ADE6/ADE13/ALG6",66
"C1","GO:0043038","amino acid activation","23/1068","38/6161",0.605263157894737,3.49159767396018,7.05467042805187,2.75699787784852e-09,1.43244020175173e-07,1.13686731713571e-07,"CAALFM_C101530CA/FRS2/MST1/GRS1/WRS1/CAALFM_C113030CA/SES1/KRS1/TYS1/THS1/MSM1/MES1/HTS1/ILS1/GUS1/MSK1/CAALFM_C703660CA/DED81/CDC60/FRS1/CAALFM_CR03110WA/DPS1-1/CAALFM_CR03350CA",23
"C1","GO:0043039","tRNA aminoacylation","23/1068","38/6161",0.605263157894737,3.49159767396018,7.05467042805187,2.75699787784852e-09,1.43244020175173e-07,1.13686731713571e-07,"CAALFM_C101530CA/FRS2/MST1/GRS1/WRS1/CAALFM_C113030CA/SES1/KRS1/TYS1/THS1/MSM1/MES1/HTS1/ILS1/GUS1/MSK1/CAALFM_C703660CA/DED81/CDC60/FRS1/CAALFM_CR03110WA/DPS1-1/CAALFM_CR03350CA",23
"C1","GO:0055086","nucleobase-containing small molecule metabolic process","65/1068","187/6161",0.347593582887701,2.00517234472952,6.39172188539193,4.25196082968231e-09,2.11712216311265e-07,1.68027048576481e-07,"MVD/DUT1/PMM1/ACS2/SIT4/ATP1/ADE4/ADE5%2C7/TKL1/GCR3/CAALFM_C108490WA/ENO1/ERG12/GUA1/ADE12/URA1/CAALFM_C111790WA/AGC1/AGM1/PDX1/GND1/PRS1/RNR21/ADE8/RNR1/GPM1/GNA1/CDC19/IDP1/IMH3/PRS5/PMI1/BNA4/TFP1/ADE2/CAALFM_C305970CA/CAALFM_C306110CA/GDA1/SRB1/ATP2/FBA1/PDB1/CAALFM_C404160WA/GUT2/PDA1/CAALFM_C500260WA/YNK1/GUK1/URA7/ADO1/APA2/LAT1/CAALFM_CR00350WA/TAL1/ADE17/HXK2/UGP1/ADE6/VMA2/ADE13/PGI1/LSC2/MIS11/URA2/ERG13",65
"C1","GO:1901135","carbohydrate derivative metabolic process","82/1068","258/6161",0.317829457364341,1.83347124234242,6.26257911676575,5.16936675771898e-09,2.47095731018967e-07,1.96109450471781e-07,"DUT1/PMM1/ATP1/ALG9/VRG4/ADE5%2C7/DPM1/TKL1/GCR3/ENO1/GUA1/ADE12/MTS1/URA1/MNN2/WBP1/CAALFM_C111790WA/MCD4/CHS3/AGM1/GND1/STT3/PRS1/RNR21/SMP3/ADE8/RNR1/GPM1/GNA1/GPI13/CAALFM_C205050CA/CDC19/GWT1/PMT4/IMH3/SPF1/CAALFM_C207420WA/PRS5/ALG7/PMI1/CAALFM_C210200WA/TFP1/MNT1/ADE2/OST1/MNN9/GDA1/PMT2/VAN1/SRB1/ATP2/FBA1/DPM3/CAALFM_C402100CA/CRH11/PMT6/CWH41/GUT2/CAALFM_C500260WA/YNK1/CAALFM_C504330WA/URA7/CAALFM_C505020CA/CAALFM_C505040WA/DPM2/ADO1/APA2/PMR1/CHS1/PMT1/MNN26/CWH43/CAALFM_CR01430WA/TAL1/ADE17/HXK2/UGP1/ADE6/VMA2/ADE13/PGI1/ALG6",82
"C1","GO:0002181","cytoplasmic translation","51/1068","135/6161",0.377777777777778,2.17929671244278,6.34402013597566,8.80739660896491e-09,4.04801497988964e-07,3.21273860108396e-07,"TIF/RPS21B/CAALFM_C102330CA/TIF34/RPP1A/RPL6/CAALFM_C106470WA/DRG1/GCD6/RPL42/RPL29/RPL2/RPL38/HOG1/RPL39/GCD7/CAALFM_C204370WA/RPL17B/ERF1/CAALFM_C205410WA/RPS8A/CAALFM_C205710CA/TEF1/SUP35/GCN1/RPS24/RPL9B/RPP2B/RPL18/YST1/CAALFM_C307400WA/RPL20B/CAALFM_C404390WA/RPL24A/CEF3/GIS2/GCD11/TIF5/CAALFM_C502660CA/CAM1-1/TIF3/RPP0/GCN3/ASC1/RPP1B/SUI3/ARC1/GCD1/RPL15A/RPP2A/CAALFM_CR08480CA",51
"C1","GO:0072521","purine-containing compound metabolic process","50/1068","138/6161",0.36231884057971,2.09011833034793,5.9305626528146,6.02502095005201e-08,2.66662964270821e-06,2.11639137465765e-06,"MVD/ACS2/SIT4/ATP1/ADE4/ADE5%2C7/TKL1/GCR3/CAALFM_C108490WA/ENO1/ERG12/GUA1/ADE12/AGC1/PDX1/GND1/PRS1/ADE8/GPM1/CDC19/IDP1/IMH3/PRS5/BNA4/TFP1/ADE2/CAALFM_C305970CA/CAALFM_C306110CA/ATP2/FBA1/PDB1/CAALFM_C404160WA/GUT2/PDA1/CAALFM_C500260WA/YNK1/GUK1/ADO1/LAT1/CAALFM_CR00350WA/TAL1/ADE17/HXK2/ADE6/VMA2/ADE13/PGI1/LSC2/MIS11/ERG13",50
"C1","GO:0090407","organophosphate biosynthetic process","64/1068","195/6161",0.328205128205128,1.89332565062902,5.80463117334734,6.98139452241422e-08,2.90589816890109e-06,2.30628870308732e-06,"MVD/DUT1/PMM1/ACS2/SIT4/ATP1/BUD16/ADE4/ADE5%2C7/DPM1/CAALFM_C108490WA/ERG12/GUA1/ADE12/URA1/PLD1/CAALFM_C111790WA/MCD4/AGM1/PDX1/PRS1/RNR21/SMP3/ADE8/RNR1/GNA1/GPI13/GWT1/IMH3/CAALFM_C207420WA/PRS5/PMI1/BNA4/SCT1/SLC1/ADE2/CAALFM_C305970CA/CAALFM_C306110CA/OPI3/SRB1/ATP2/CAALFM_C402100CA/IDI1/PDB1/CAALFM_C405210WA/PDA1/AFL1/CAALFM_C500260WA/YNK1/URA7/CAALFM_C505040WA/HAL22/CAALFM_C601340CA/APA2/LAT1/CAALFM_CR00350WA/CAALFM_CR00570WA/CWH43/CAALFM_CR01430WA/ADE17/ADE6/ADE13/CAALFM_CR08430WA/ERG13",64
"C1","GO:1990542","mitochondrial transmembrane transport","23/1068","43/6161",0.534883720930233,3.08559794442993,6.28418882267727,7.0519704517265e-08,2.90589816890109e-06,2.30628870308732e-06,"TOM20/YMC1/CAALFM_C107820WA/YMC2/CAALFM_C109470CA/MIR1/TIM50/PAM16/TIM17/MDJ2/MRS4/TIM23/TIM44/PAM17/PAM18/CAALFM_C400820WA/CAALFM_C402080WA/PET9/MDL2/TOM40/TOM70/MGE1/HSP60",23
"C1","GO:1901293","nucleoside phosphate biosynthetic process","38/1068","95/6161",0.4,2.30749063670412,5.88082602195396,1.24647285411456e-07,4.96511686888966e-06,3.94060365458673e-06,"DUT1/PMM1/ACS2/ATP1/ADE4/ADE5%2C7/CAALFM_C108490WA/GUA1/ADE12/URA1/CAALFM_C111790WA/AGM1/PDX1/PRS1/RNR21/ADE8/RNR1/GNA1/IMH3/PRS5/PMI1/BNA4/ADE2/CAALFM_C305970CA/CAALFM_C306110CA/SRB1/ATP2/PDB1/PDA1/CAALFM_C500260WA/YNK1/URA7/APA2/LAT1/CAALFM_CR00350WA/ADE17/ADE6/ADE13",38
"C1","GO:0019637","organophosphate metabolic process","87/1068","303/6161",0.287128712871287,1.6563670411985,5.36515829705827,3.34612907502526e-07,1.28987878859845e-05,1.0237223417989e-05,"MVD/CAALFM_C100470CA/DUT1/PMM1/ACS2/SIT4/ATP1/BUD16/ADE4/ADE5%2C7/DPM1/TKL1/GCR3/CAALFM_C108490WA/ENO1/ERG12/GUA1/ADE12/URA1/CAALFM_C110960WA/PLD1/CAALFM_C111790WA/MCD4/AGC1/AGM1/PDX1/GND1/PRS1/RNR21/SMP3/ADE8/RNR1/GPM1/GNA1/GPI13/CDC19/GWT1/IDP1/IMH3/CAALFM_C207420WA/PRS5/ERG9/PMI1/BNA4/SCT1/TFP1/SLC1/ADE2/CAALFM_C305970CA/CAALFM_C306110CA/GDA1/OPI3/SRB1/ATP2/FBA1/CAALFM_C402100CA/IDI1/PDB1/CAALFM_C404160WA/CAALFM_C405210WA/GUT2/PDA1/AFL1/CAALFM_C500260WA/YNK1/GUK1/URA7/CAALFM_C505040WA/HAL22/CAALFM_C601340CA/APA2/LAT1/CAALFM_CR00350WA/CAALFM_CR00570WA/CWH43/CAALFM_CR01430WA/TAL1/ADE17/HXK2/UGP1/ADE6/VMA2/ADE13/PGI1/LSC2/CAALFM_CR08430WA/ERG13",87
"C1","GO:0002183","cytoplasmic translational initiation","15/1068","23/6161",0.652173913043478,3.76221299462628,6.07710561858044,4.28465167354619e-07,1.567262329039e-05,1.24386994799748e-05,"TIF/TIF34/GCD6/HOG1/GCD7/CAALFM_C204370WA/GCN1/GCD11/TIF5/CAALFM_C502660CA/TIF3/GCN3/SUI3/ARC1/GCD1",15
"C1","GO:0000097","sulfur amino acid biosynthetic process","13/1068","18/6161",0.722222222222222,4.16630253849355,6.16009696461398,4.32800475801565e-07,1.567262329039e-05,1.24386994799748e-05,"CYS4/HOM6/CAALFM_C102970WA/HOM2/MET1/ECM17/CAALFM_C210460CA/MET15/CAALFM_C602960WA/CAALFM_C700520WA/CAALFM_C704210CA/MET2/CYS3",13
"C1","GO:0009117","nucleotide metabolic process","43/1068","121/6161",0.355371900826446,2.05004333426192,5.34159039793474,9.41987902055663e-07,3.31081042046034e-05,2.62765046362895e-05,"DUT1/ATP1/ADE4/ADE5%2C7/TKL1/GCR3/CAALFM_C108490WA/ENO1/GUA1/ADE12/URA1/CAALFM_C111790WA/AGC1/GND1/PRS1/RNR21/ADE8/RNR1/GPM1/CDC19/IDP1/IMH3/PRS5/BNA4/TFP1/ADE2/CAALFM_C306110CA/ATP2/FBA1/GUT2/CAALFM_C500260WA/YNK1/GUK1/URA7/APA2/CAALFM_CR00350WA/TAL1/ADE17/HXK2/ADE6/VMA2/ADE13/PGI1",43
"C1","GO:0070585","protein localization to mitochondrion","22/1068","45/6161",0.488888888888889,2.82026633374948,5.61172783194867,1.04956159464261e-06,3.58350315885121e-05,2.84407517826464e-05,"TOM20/TIM50/PAM16/TIM17/MDJ2/TIM22/TIM23/TIM44/PAM17/CAALFM_C306050CA/PAM18/TIM12/MAS2/CAALFM_C505230CA/CAALFM_C600340CA/CAALFM_C701600WA/TOM40/TOM70/MGE1/YDJ1/CAALFM_CR05970CA/HSP60",22
"C1","GO:0006839","mitochondrial transport","25/1068","55/6161",0.454545454545455,2.62214845080014,5.53328048287011,1.10162166051976e-06,3.65677190089197e-05,2.90222548575526e-05,"TOM20/YMC1/CAALFM_C107820WA/YMC2/CAALFM_C109470CA/MIR1/TIM50/PAM16/TIM17/MDJ2/MRS4/TIM22/TIM23/TIM44/PAM17/PAM18/CAALFM_C400820WA/TIM12/CAALFM_C402080WA/PET9/MDL2/TOM40/TOM70/MGE1/HSP60",25
"C1","GO:0006790","sulfur compound metabolic process","35/1068","91/6161",0.384615384615385,2.21874099683088,5.36323609464292,1.18481336132894e-06,3.8266269372651e-05,3.03703225763123e-05,"MVD/CYS4/HOM6/CAALFM_C102970WA/STR2/ACS2/SIT4/CAALFM_C105930CA/ERG12/SAM2/PDX1/MET3/HOM2/MET1/ECM17/CAALFM_C210460CA/CAALFM_C305970CA/MET15/PDB1/CAALFM_C404160WA/MET16/PDA1/MET14/SAH1/HAL22/CAALFM_C602960WA/CAALFM_C700520WA/LAT1/CAALFM_C704210CA/MET2/CAALFM_CR03270WA/LSC2/CYS3/ERG13/TRX1",35
"C1","GO:0006163","purine nucleotide metabolic process","36/1068","95/6161",0.378947368421053,2.18604376108811,5.33458276302863,1.26840375525025e-06,3.98879601980012e-05,3.16573901241128e-05,"ATP1/ADE4/ADE5%2C7/TKL1/GCR3/CAALFM_C108490WA/ENO1/GUA1/ADE12/AGC1/GND1/PRS1/ADE8/GPM1/CDC19/IDP1/IMH3/PRS5/BNA4/TFP1/ADE2/CAALFM_C306110CA/ATP2/FBA1/GUT2/CAALFM_C500260WA/YNK1/GUK1/CAALFM_CR00350WA/TAL1/ADE17/HXK2/ADE6/VMA2/ADE13/PGI1",36
"C1","GO:0019693","ribose phosphate metabolic process","30/1068","74/6161",0.405405405405405,2.33867294260553,5.30490778283213,1.90072019580211e-06,5.82400162559876e-05,4.62226422784804e-05,"ATP1/ADE5%2C7/GCR3/ENO1/GUA1/ADE12/URA1/GND1/PRS1/RNR21/ADE8/RNR1/GPM1/CDC19/IMH3/CAALFM_C207420WA/PRS5/TFP1/ADE2/ATP2/FBA1/CAALFM_C500260WA/YNK1/URA7/ADE17/HXK2/ADE6/VMA2/ADE13/PGI1",30
"C1","GO:0009073","aromatic amino acid family biosynthetic process","13/1068","20/6161",0.65,3.74967228464419,5.63982371914532,2.7723624799729e-06,8.28243290891903e-05,6.57341735383048e-05,"ARO4/TRP3/ARO8/ARO3/PRS1/HIS4/ARO1/TRP5/TRP4/HIS1/CAALFM_C703650WA/TRP2/ARO2",13
"C1","GO:0006487","protein N-linked glycosylation","21/1068","44/6161",0.477272727272727,2.75325587334014,5.34430880708459,3.03226397612721e-06,8.73421107123933e-05,6.93197460928134e-05,"PMM1/ALG9/VRG4/DPM1/WBP1/STT3/CAALFM_C205050CA/SPF1/ALG7/CAALFM_C210200WA/MNT1/OST1/MNN9/GDA1/VAN1/DPM3/CWH41/CAALFM_C504330WA/CAALFM_C505020CA/DPM2/ALG6",21
"C1","GO:0033365","protein localization to organelle","60/1068","197/6161",0.304568527918782,1.75697256601837,4.94462750388555,3.06976456060295e-06,8.73421107123933e-05,6.93197460928134e-05,"CDC5/CAALFM_C102240WA/TOM20/SEC62/CAALFM_C103400WA/SSH1/CAALFM_C105630CA/CAALFM_C105660CA/SEC34/CAALFM_C108110WA/NUP188/TIM50/CAALFM_C111250WA/CDC6/PAM16/KAR2/ROD1/HOG1/TIM17/CAALFM_C205220CA/CAALFM_C205290CA/MDJ2/GSP1/RCK2/TIM22/TIM23/TIM44/PAM17/NUP85/CAALFM_C306050CA/CAALFM_C306750WA/SEC61/PAM18/NMD5/TIM12/CAALFM_C402460WA/CAALFM_C500150CA/VPS1/MAS2/CAALFM_C503140CA/CAALFM_C503550WA/CAALFM_C505230CA/CAALFM_C600340CA/CDC14/CAALFM_C601210WA/CAALFM_C602470WA/CAALFM_C701600WA/TOM40/TOM70/CAALFM_C703010WA/CAALFM_C703830CA/SYS1/MGE1/CAALFM_CR01490CA/CAALFM_CR04080CA/YDJ1/CAALFM_CR05970CA/HSP60/EMP24/CAALFM_CR08330WA",60
"C1","GO:0006486","protein glycosylation","25/1068","58/6161",0.431034482758621,2.4865200826553,5.20837489610346,3.66124757058899e-06,9.72264632634187e-05,7.71645394409515e-05,"PMM1/ALG9/VRG4/DPM1/WBP1/STT3/CAALFM_C205050CA/PMT4/SPF1/ALG7/CAALFM_C210200WA/MNT1/OST1/MNN9/GDA1/PMT2/VAN1/DPM3/PMT6/CWH41/CAALFM_C504330WA/CAALFM_C505020CA/DPM2/PMT1/ALG6",25
"C1","GO:0043413","macromolecule glycosylation","25/1068","58/6161",0.431034482758621,2.4865200826553,5.20837489610346,3.66124757058899e-06,9.72264632634187e-05,7.71645394409515e-05,"PMM1/ALG9/VRG4/DPM1/WBP1/STT3/CAALFM_C205050CA/PMT4/SPF1/ALG7/CAALFM_C210200WA/MNT1/OST1/MNN9/GDA1/PMT2/VAN1/DPM3/PMT6/CWH41/CAALFM_C504330WA/CAALFM_C505020CA/DPM2/PMT1/ALG6",25
"C1","GO:0070085","glycosylation","25/1068","58/6161",0.431034482758621,2.4865200826553,5.20837489610346,3.66124757058899e-06,9.72264632634187e-05,7.71645394409515e-05,"PMM1/ALG9/VRG4/DPM1/WBP1/STT3/CAALFM_C205050CA/PMT4/SPF1/ALG7/CAALFM_C210200WA/MNT1/OST1/MNN9/GDA1/PMT2/VAN1/DPM3/PMT6/CWH41/CAALFM_C504330WA/CAALFM_C505020CA/DPM2/PMT1/ALG6",25
"C1","GO:0032543","mitochondrial translation","19/1068","38/6161",0.5,2.88436329588015,5.3353565698362,3.75509725434198e-06,9.75508960638841e-05,7.74220280586298e-05,"TUF1/CAALFM_C101530CA/MRP20/MST1/CAALFM_C103280WA/GRS1/CAALFM_C108520CA/CAALFM_C113060CA/CAALFM_C201030WA/CAALFM_C204790CA/CAALFM_C205300CA/CAALFM_C300450CA/MRPL36/HTS1/CAALFM_C602460CA/MSK1/CAALFM_CR02950CA/ACO2/CAALFM_CR07320CA",19
"C1","GO:0072522","purine-containing compound biosynthetic process","28/1068","69/6161",0.405797101449275,2.34093252998969,5.12909412464297,4.08324947508832e-06,0.000103818789845331,8.23965907515022e-05,"ACS2/ATP1/ADE4/ADE5%2C7/CAALFM_C108490WA/GUA1/ADE12/PDX1/PRS1/ADE8/IMH3/PRS5/BNA4/ADE2/CAALFM_C305970CA/CAALFM_C306110CA/ATP2/PDB1/PDA1/CAALFM_C500260WA/YNK1/ADO1/LAT1/CAALFM_CR00350WA/ADE17/ADE6/ADE13/MIS11",28
"C1","GO:0030150","protein import into mitochondrial matrix","12/1068","18/6161",0.666666666666667,3.8458177278402,5.53658816047745,4.62292952266333e-06,0.000115091682907972,9.13434100859575e-05,"TOM20/TIM50/PAM16/TIM17/MDJ2/TIM23/TIM44/PAM17/PAM18/TOM40/TOM70/MGE1",12
"C1","GO:0140053","mitochondrial gene expression","23/1068","52/6161",0.442307692307692,2.55155214635552,5.14484304329666,5.27026496576643e-06,0.000128529931307977,0.000102008780540399,"TUF1/CAALFM_C101530CA/MRP20/MST1/CAALFM_C103280WA/GRS1/CAALFM_C108520CA/CAALFM_C113060CA/CAALFM_C201030WA/CAALFM_C204790CA/CAALFM_C205300CA/CAALFM_C300420WA/CAALFM_C300450CA/CAALFM_C400880WA/CAALFM_C403730CA/MRPL36/HTS1/CAALFM_C602460CA/MSK1/CAALFM_CR02950CA/CAALFM_CR03350CA/ACO2/CAALFM_CR07320CA",23
"C1","GO:0009156","ribonucleoside monophosphate biosynthetic process","13/1068","21/6161",0.619047619047619,3.5711164615659,5.40426149611181,6.12506912311645e-06,0.000143518776512238,0.000113904794219359,"ADE5%2C7/GUA1/ADE12/URA1/PRS1/ADE8/IMH3/PRS5/ADE2/CAALFM_C500260WA/ADE17/ADE6/ADE13",13
"C1","GO:0170036","import into the mitochondrion","13/1068","21/6161",0.619047619047619,3.5711164615659,5.40426149611181,6.12506912311645e-06,0.000143518776512238,0.000113904794219359,"TOM20/TIM50/PAM16/TIM17/MDJ2/MRS4/TIM23/TIM44/PAM17/PAM18/TOM40/TOM70/MGE1",13
"C1","GO:0072655","establishment of protein localization to mitochondrion","18/1068","36/6161",0.5,2.88436329588015,5.19220683509241,6.78179417858885e-06,0.000154228800749135,0.000122404888328536,"TOM20/TIM50/PAM16/TIM17/MDJ2/TIM22/TIM23/TIM44/PAM17/CAALFM_C306050CA/PAM18/TIM12/CAALFM_C701600WA/TOM40/TOM70/MGE1/CAALFM_CR05970CA/HSP60",18
"C1","GO:0009101","glycoprotein biosynthetic process","30/1068","78/6161",0.384615384615385,2.21874099683088,4.96008316063303,6.84027317130054e-06,0.000154228800749135,0.000122404888328536,"PMM1/ALG9/VRG4/DPM1/MNN2/WBP1/STT3/CAALFM_C205050CA/PMT4/SPF1/ALG7/PMI1/CAALFM_C210200WA/MNT1/OST1/MNN9/GDA1/PMT2/VAN1/SRB1/DPM3/PMT6/CWH41/CAALFM_C504330WA/CAALFM_C505020CA/DPM2/PMR1/PMT1/MNN26/ALG6",30
"C1","GO:0000096","sulfur amino acid metabolic process","14/1068","24/6161",0.583333333333333,3.36509051186018,5.31574903927139,7.11346480048287e-06,0.000154556189755946,0.000122664723162394,"CYS4/HOM6/CAALFM_C102970WA/STR2/HOM2/MET1/ECM17/CAALFM_C210460CA/MET15/CAALFM_C602960WA/CAALFM_C700520WA/CAALFM_C704210CA/MET2/CYS3",14
"C1","GO:0009124","nucleoside monophosphate biosynthetic process","14/1068","24/6161",0.583333333333333,3.36509051186018,5.31574903927139,7.11346480048287e-06,0.000154556189755946,0.000122664723162394,"DUT1/ADE5%2C7/GUA1/ADE12/URA1/PRS1/ADE8/IMH3/PRS5/ADE2/CAALFM_C500260WA/ADE17/ADE6/ADE13",14
"C1","GO:0009070","serine family amino acid biosynthetic process","11/1068","16/6161",0.6875,3.96599953183521,5.4395036210452,7.56030271502992e-06,0.000161331459722514,0.000128041968914323,"CYS4/HOM6/SER2/SER1/MET15/HOM3/CAALFM_C602960WA/SHM2/SHM1/CAALFM_C704210CA/CYS3",11
"C1","GO:0009060","aerobic respiration","28/1068","71/6161",0.394366197183099,2.27499076858153,4.94785213853237,7.87833440631137e-06,0.000165168589746352,0.000131087337028376,"LSC1/CAALFM_C108690WA/CAALFM_C109020WA/MRPS9/COX4/CAALFM_C201690WA/IDH2/HOG1/NDH51/CYT1/IDP1/CYC1/KGD1/CAALFM_C304080WA/RIP1/FESUR1/FUM12/ATP2/MDH1-1/SDH12/QCR2/CAALFM_C505230CA/SDH4/CAALFM_C600340CA/CAALFM_C604250WA/NUC2/LSC2/ACO1",28
"C1","GO:0006399","tRNA metabolic process","42/1068","127/6161",0.330708661417323,1.90776784924356,4.73329038469253,1.03408213183626e-05,0.000213056577162815,0.000169094011031664,"CAALFM_C101530CA/FRS2/MST1/CAALFM_C104530CA/GRS1/CAALFM_C106540CA/LHP1/WRS1/CAALFM_C113030CA/CAALFM_C200170CA/RPC11/CAALFM_C210820CA/CAALFM_C300420WA/SES1/DTD2/CAALFM_C307400WA/KRS1/CAALFM_C400880WA/TYS1/CAALFM_C403140CA/CAALFM_C403730CA/CAALFM_C404810CA/CAALFM_C407060WA/THS1/MSM1/MES1/HTS1/CAALFM_C604510CA/ILS1/CAALFM_C604530CA/GUS1/MSK1/LIG1/CAALFM_C703660CA/DED81/CDC60/FRS1/CAALFM_CR03110WA/DPS1-1/CAALFM_CR03350CA/KTI12/CAALFM_CR04300WA",42
"C1","GO:0008610","lipid biosynthetic process","51/1068","165/6161",0.309090909090909,1.78306094654409,4.66869893919776,1.07284804189551e-05,0.000217297188146633,0.000172459604950554,"MVD/CAALFM_C101050CA/CWH8/SIT4/ERG3/DPM1/ERG1/ERG12/MTS1/PLD1/MCD4/FAD3/LCB2/SMP3/FEN12/GPI13/ERG10/GWT1/ERG9/ERG24/SCT1/ERG6/SLC1/FAS2/CAALFM_C305280CA/OPI3/CAS5/CAALFM_C402100CA/IDI1/CAALFM_C405210WA/FAS1/ERG11/CAALFM_C505040WA/DES1/FET3/HAL22/FAD2/CAALFM_C601340CA/CYB5/ERG5/CAALFM_C703050WA/CAALFM_CR00570WA/ACC1/LAG1/CWH43/CAALFM_CR01430WA/ERG25/CAALFM_CR08430WA/CAALFM_CR08640CA/CAALFM_CR09110CA/ERG13",51
"C1","GO:0009161","ribonucleoside monophosphate metabolic process","13/1068","22/6161",0.590909090909091,3.40879298604018,5.18264123330863,1.26038743871064e-05,0.000251027164876536,0.000199229663557594,"ADE5%2C7/GUA1/ADE12/URA1/PRS1/ADE8/IMH3/PRS5/ADE2/CAALFM_C500260WA/ADE17/ADE6/ADE13",13
"C1","GO:0044272","sulfur compound biosynthetic process","20/1068","44/6161",0.454545454545455,2.62214845080014,4.94466460020688,1.31583772004581e-05,0.00025777476646799,0.000204584950088226,"CYS4/HOM6/CAALFM_C102970WA/ACS2/SAM2/PDX1/HOM2/MET1/ECM17/CAALFM_C210460CA/CAALFM_C305970CA/MET15/PDB1/PDA1/CAALFM_C602960WA/CAALFM_C700520WA/LAT1/CAALFM_C704210CA/MET2/CYS3",20
"C1","GO:0009123","nucleoside monophosphate metabolic process","14/1068","25/6161",0.56,3.23048689138577,5.11700861833204,1.3600079739343e-05,0.000260267170677371,0.000206563066091444,"DUT1/ADE5%2C7/GUA1/ADE12/URA1/PRS1/ADE8/IMH3/PRS5/ADE2/CAALFM_C500260WA/ADE17/ADE6/ADE13",14
"C1","GO:0009069","serine family amino acid metabolic process","15/1068","28/6161",0.535714285714286,3.09038924558587,5.07643512091698,1.37211981193928e-05,0.000260267170677371,0.000206563066091444,"CYS4/HOM6/STR2/GCV2/SER2/SER1/MET15/HOM3/CAALFM_C602960WA/SHM2/SHM1/CAALFM_C704210CA/MIS11/CYS3/FDH3",15
"C1","GO:0009259","ribonucleotide metabolic process","26/1068","67/6161",0.388059701492537,2.23861031919056,4.66777608561749,2.31923743125879e-05,0.000433045114117852,0.000343689625915159,"ATP1/ADE5%2C7/GCR3/ENO1/GUA1/ADE12/URA1/GND1/RNR21/ADE8/RNR1/GPM1/CDC19/IMH3/TFP1/ADE2/ATP2/FBA1/YNK1/URA7/ADE17/HXK2/ADE6/VMA2/ADE13/PGI1",26
"C1","GO:0009072","aromatic amino acid metabolic process","15/1068","29/6161",0.517241379310345,2.98382409918636,4.90331994176766,2.3898768745641e-05,0.000439369671554477,0.000348709160159069,"ARO4/CAALFM_C108490WA/TRP3/ARO8/ARO3/PRS1/BNA4/HIS4/ARO1/TRP5/TRP4/HIS1/CAALFM_C703650WA/TRP2/ARO2",15
"C1","GO:0009165","nucleotide biosynthetic process","27/1068","71/6161",0.380281690140845,2.19374109827504,4.63254683210397,2.49441546535146e-05,0.000451640375923484,0.000358447900204413,"DUT1/ATP1/ADE4/ADE5%2C7/CAALFM_C108490WA/GUA1/ADE12/URA1/CAALFM_C111790WA/PRS1/RNR21/ADE8/RNR1/IMH3/PRS5/BNA4/ADE2/CAALFM_C306110CA/ATP2/CAALFM_C500260WA/YNK1/URA7/APA2/CAALFM_CR00350WA/ADE17/ADE6/ADE13",27
"C1","GO:0006553","lysine metabolic process","8/1068","10/6161",0.8,4.61498127340824,5.23868557198487,2.57591887192085e-05,0.000452679860580208,0.000359272895294224,"LYS2/LYS21/ARO8/LYS22/LYS9/LYS4/LYS1/LYS12",8
"C1","GO:0009085","lysine biosynthetic process","8/1068","10/6161",0.8,4.61498127340824,5.23868557198487,2.57591887192085e-05,0.000452679860580208,0.000359272895294224,"LYS2/LYS21/ARO8/LYS22/LYS9/LYS4/LYS1/LYS12",8
"C1","GO:0071806","protein transmembrane transport","19/1068","43/6161",0.441860465116279,2.54897221496385,4.6672628854044,3.54000220284905e-05,0.000613087338029654,0.000486581538484667,"TOM20/SEC62/SSH1/TIM50/PAM16/KAR2/TIM17/MDJ2/TIM23/TIM44/PAM17/CAALFM_C306750WA/SEC61/PAM18/TOM40/TOM70/MGE1/CAALFM_CR01490CA/HSP60",19
"C1","GO:0006793","phosphorus metabolic process","110/1068","448/6161",0.245535714285714,1.41642840422686,4.19118068510239,3.67399860744153e-05,0.000624084937499094,0.000495309868915819,"MVD/CAALFM_C100470CA/CDC5/DUT1/CAALFM_C101400CA/PMM1/ACS2/SIT4/ATP1/BUD16/ADE4/ADE5%2C7/DPM1/TKL1/GCR3/CAALFM_C108490WA/ENO1/ERG12/GUA1/ADE12/URA1/SWE1/CLA4/CBK1/CAALFM_C110960WA/PLD1/CAALFM_C111790WA/MCD4/AGC1/AGM1/PDX1/GND1/CKB1/PRS1/RNR21/SMP3/ADE8/RNR1/GPM1/HOG1/GNA1/GPI13/CRK1/CDC19/GWT1/IDP1/IMH3/RCK2/CAALFM_C207420WA/PRS5/CAALFM_C208270CA/ERG9/IPP1/PMI1/BNA4/SCT1/TFP1/SLC1/ADE2/CAALFM_C305970CA/PBS2/CAALFM_C306110CA/GDA1/OPI3/SRB1/ATP2/FBA1/CAALFM_C402100CA/IDI1/VTC4/PDB1/CAALFM_C404160WA/SSK2/CAALFM_C405210WA/GUT2/PDA1/AFL1/CAALFM_C500260WA/CLN3/YNK1/GUK1/URA7/CAALFM_C505040WA/CDC14/HAL22/CAALFM_C601340CA/CAALFM_C602190CA/APA2/PHM5/LAT1/BCK1/CAALFM_CR00350WA/CAALFM_CR00570WA/CWH43/CAALFM_CR01430WA/VTC3/TAL1/ADE17/HXK2/UGP1/ADE6/VMA2/ADE13/PGI1/LSC2/SIW14/PTP1/CAALFM_CR08430WA/ERG13/PTP3",110
"C1","GO:0009100","glycoprotein metabolic process","30/1068","84/6161",0.357142857142857,2.06025949705725,4.48018905199856,3.70795234832098e-05,0.000624084937499094,0.000495309868915819,"PMM1/ALG9/VRG4/DPM1/MNN2/WBP1/STT3/CAALFM_C205050CA/PMT4/SPF1/ALG7/PMI1/CAALFM_C210200WA/MNT1/OST1/MNN9/GDA1/PMT2/VAN1/SRB1/DPM3/PMT6/CWH41/CAALFM_C504330WA/CAALFM_C505020CA/DPM2/PMR1/PMT1/MNN26/ALG6",30
"C1","GO:0006694","steroid biosynthetic process","15/1068","30/6161",0.5,2.88436329588015,4.73749484036938,4.01964916757424e-05,0.000658011062363181,0.000522235602016495,"MVD/ERG3/ERG1/ERG12/ERG10/ERG9/ERG24/ERG6/CAS5/ERG11/CYB5/ERG5/ERG25/CAALFM_CR09110CA/ERG13",15
"C1","GO:0016126","sterol biosynthetic process","15/1068","30/6161",0.5,2.88436329588015,4.73749484036938,4.01964916757424e-05,0.000658011062363181,0.000522235602016495,"MVD/ERG3/ERG1/ERG12/ERG10/ERG9/ERG24/ERG6/CAS5/ERG11/CYB5/ERG5/ERG25/CAALFM_CR09110CA/ERG13",15
"C1","GO:0006696","ergosterol biosynthetic process","14/1068","27/6161",0.518518518518518,2.99119156609793,4.74801611936321,4.33317487127421e-05,0.000679681782409937,0.000539434737680117,"ERG3/ERG1/ERG12/ERG10/ERG9/ERG24/ERG6/CAS5/ERG11/CYB5/ERG5/ERG25/CAALFM_CR09110CA/ERG13",14
"C1","GO:0016129","phytosteroid biosynthetic process","14/1068","27/6161",0.518518518518518,2.99119156609793,4.74801611936321,4.33317487127421e-05,0.000679681782409937,0.000539434737680117,"ERG3/ERG1/ERG12/ERG10/ERG9/ERG24/ERG6/CAS5/ERG11/CYB5/ERG5/ERG25/CAALFM_CR09110CA/ERG13",14
"C1","GO:0006099","tricarboxylic acid cycle","12/1068","21/6161",0.571428571428571,3.2964151952916,4.8268635063859,4.37953951845733e-05,0.000679681782409937,0.000539434737680117,"LSC1/CAALFM_C108690WA/CAALFM_C201690WA/IDH2/IDP1/KGD1/FUM12/MDH1-1/SDH12/SDH4/LSC2/ACO1",12
"C1","GO:0006576","biogenic amine metabolic process","12/1068","21/6161",0.571428571428571,3.2964151952916,4.8268635063859,4.37953951845733e-05,0.000679681782409937,0.000539434737680117,"CAALFM_C100470CA/SPE1/CAALFM_C108490WA/TRP3/PRS1/SPE3/BNA4/CAALFM_C302180CA/TRP5/TRP4/SPE2/TRP2",12
"C1","GO:0070727","cellular macromolecule localization","88/1068","344/6161",0.255813953488372,1.4757207560317,4.1578702640641,4.761639175974e-05,0.000729507540421658,0.000578979338401157,"CDC5/CAALFM_C102240WA/TOM20/CDC12/BMH1/SEC62/CAALFM_C103400WA/SEC21/SSH1/CAALFM_C105630CA/CAALFM_C105660CA/PGA63/SEC34/CAALFM_C107590CA/CAALFM_C108110WA/CDC42/SEC24/NUP188/CBK1/CDC48/ERP5/TIM50/CAALFM_C111250WA/CDC6/PAM16/GDI1/KAR2/ROD1/HOG1/TIM17/CAALFM_C205220CA/CAALFM_C205290CA/MDJ2/CAALFM_C205530CA/GSP1/SPF1/RCK2/TIM22/SSO2/TIM23/TIM44/CAALFM_C301720CA/APL2/PAM17/EGD2/NUP85/CAALFM_C306050CA/CAALFM_C306750WA/SEC61/PAM18/NMD5/TIM12/BFR1/CAALFM_C402460WA/EMP70/SEC23/CAALFM_C406130WA/CDC11/CAALFM_C500150CA/VPS1/MAS2/CAALFM_C503140CA/CAALFM_C503550WA/CAALFM_C505230CA/APM1/CAALFM_C600340CA/CDC14/CAALFM_C601210WA/CHC1/SEC27/CAALFM_C602470WA/CAALFM_C701600WA/TOM40/TOM70/CAALFM_C703010WA/CAALFM_C703830CA/SYS1/MGE1/CAALFM_CR01490CA/CAALFM_CR04080CA/YDJ1/SEC26/CDC10/CAALFM_CR05310WA/CAALFM_CR05970CA/HSP60/EMP24/CAALFM_CR08330WA",88
"C1","GO:0009081","branched-chain amino acid metabolic process","9/1068","13/6161",0.692307692307692,3.99373379429559,4.94774229229039,5.02179622269209e-05,0.000759626137483171,0.000602883197421129,"LEU4/BAT21/ILV1/ILV2/BAT22/ILV6/ILV3/ILV5/LEU2",9
"C1","GO:0008104","protein localization","87/1068","341/6161",0.255131964809384,1.47178654980395,4.10440678532528,5.84455969928534e-05,0.000873031105080747,0.000692887932770538,"CDC5/CAALFM_C102240WA/TOM20/CDC12/BMH1/SEC62/CAALFM_C103400WA/SEC21/SSH1/CAALFM_C105630CA/CAALFM_C105660CA/PGA63/SEC34/CAALFM_C107590CA/CAALFM_C108110WA/CDC42/SEC24/NUP188/CBK1/CDC48/ERP5/TIM50/CAALFM_C111250WA/CDC6/PAM16/GDI1/KAR2/ROD1/HOG1/TIM17/CAALFM_C205220CA/CAALFM_C205290CA/MDJ2/CAALFM_C205530CA/GSP1/SPF1/RCK2/TIM22/SSO2/TIM23/TIM44/CAALFM_C301720CA/APL2/PAM17/EGD2/NUP85/CAALFM_C306050CA/CAALFM_C306750WA/SEC61/PAM18/NMD5/TIM12/CAALFM_C402460WA/EMP70/SEC23/CAALFM_C406130WA/CDC11/CAALFM_C500150CA/VPS1/MAS2/CAALFM_C503140CA/CAALFM_C503550WA/CAALFM_C505230CA/APM1/CAALFM_C600340CA/CDC14/CAALFM_C601210WA/CHC1/SEC27/CAALFM_C602470WA/CAALFM_C701600WA/TOM40/TOM70/CAALFM_C703010WA/CAALFM_C703830CA/SYS1/MGE1/CAALFM_CR01490CA/CAALFM_CR04080CA/YDJ1/SEC26/CDC10/CAALFM_CR05310WA/CAALFM_CR05970CA/HSP60/EMP24/CAALFM_CR08330WA",87
"C1","GO:0046165","alcohol biosynthetic process","21/1068","52/6161",0.403846153846154,2.32967804667243,4.4091233828756,7.08414164327531e-05,0.00104512953873012,0.000829475194358811,"CWH8/ERG3/ERG1/ERG12/LCB2/HOG1/ERG10/ERG9/ERG24/ERG6/CAS5/AFL1/ERG11/CAALFM_C504720CA/DES1/CYB5/ERG5/ERG25/CAALFM_CR08640CA/CAALFM_CR09110CA/ERG13",21
"C1","GO:0006796","phosphate-containing compound metabolic process","107/1068","440/6161",0.243181818181818,1.40284942117807,4.01533932972644,7.22624728790355e-05,0.00105309335476155,0.000835795738947509,"MVD/CAALFM_C100470CA/CDC5/DUT1/CAALFM_C101400CA/PMM1/ACS2/SIT4/ATP1/BUD16/ADE4/ADE5%2C7/DPM1/TKL1/GCR3/CAALFM_C108490WA/ENO1/ERG12/GUA1/ADE12/URA1/SWE1/CLA4/CBK1/CAALFM_C110960WA/PLD1/CAALFM_C111790WA/MCD4/AGC1/AGM1/PDX1/GND1/CKB1/PRS1/RNR21/SMP3/ADE8/RNR1/GPM1/HOG1/GNA1/GPI13/CRK1/CDC19/GWT1/IDP1/IMH3/RCK2/CAALFM_C207420WA/PRS5/CAALFM_C208270CA/ERG9/IPP1/PMI1/BNA4/SCT1/TFP1/SLC1/ADE2/CAALFM_C305970CA/PBS2/CAALFM_C306110CA/GDA1/OPI3/SRB1/ATP2/FBA1/CAALFM_C402100CA/IDI1/PDB1/CAALFM_C404160WA/SSK2/CAALFM_C405210WA/GUT2/PDA1/AFL1/CAALFM_C500260WA/CLN3/YNK1/GUK1/URA7/CAALFM_C505040WA/CDC14/HAL22/CAALFM_C601340CA/CAALFM_C602190CA/APA2/LAT1/BCK1/CAALFM_CR00350WA/CAALFM_CR00570WA/CWH43/CAALFM_CR01430WA/TAL1/ADE17/HXK2/UGP1/ADE6/VMA2/ADE13/PGI1/LSC2/SIW14/PTP1/CAALFM_CR08430WA/ERG13/PTP3",107
"C1","GO:1902652","secondary alcohol metabolic process","17/1068","38/6161",0.447368421052632,2.58074610684013,4.47569964072837,7.53155357269022e-05,0.00108436223124877,0.000860612526188192,"ERG3/UPC2/ERG1/ERG12/IDH2/ERG10/IDP1/ERG9/ERG24/ERG6/CAS5/ERG11/CYB5/ERG5/ERG25/CAALFM_CR09110CA/ERG13",17
"C1","GO:0010608","post-transcriptional regulation of gene expression","22/1068","56/6161",0.392857142857143,2.26628544676297,4.35885015368754,7.8625513230165e-05,0.0011063843674299,0.000878090566002498,"RPL16A/CAALFM_C101580WA/CAALFM_C102850WA/CAALFM_C103370WA/CAALFM_C111900CA/MPT5/NOT3/HOG1/CAALFM_C205160CA/CAALFM_C206200CA/GCN1/CAALFM_C300730WA/DCR1/OFD1/CAALFM_C500030WA/GIS2/CAALFM_C603380WA/POP2/CDC39/YML6/ASC1/CAALFM_CR03350CA",22
"C1","GO:0009308","amine metabolic process","13/1068","25/6161",0.52,2.99973782771536,4.5876421593613,7.86967960096579e-05,0.0011063843674299,0.000878090566002498,"CAALFM_C100470CA/SPE1/CAALFM_C108490WA/TRP3/PRS1/AMO1/SPE3/BNA4/CAALFM_C302180CA/TRP5/TRP4/SPE2/TRP2",13
"C1","GO:0006626","protein targeting to mitochondrion","15/1068","32/6161",0.46875,2.70409058988764,4.4254964944981,0.000103731478772115,0.00140862633105315,0.00111796725327363,"TOM20/TIM50/PAM16/TIM17/MDJ2/TIM22/TIM23/TIM44/PAM17/PAM18/TIM12/TOM40/TOM70/MGE1/HSP60",15
"C1","GO:0008204","ergosterol metabolic process","15/1068","32/6161",0.46875,2.70409058988764,4.4254964944981,0.000103731478772115,0.00140862633105315,0.00111796725327363,"ERG3/UPC2/ERG1/ERG12/ERG10/ERG9/ERG24/ERG6/CAS5/ERG11/CYB5/ERG5/ERG25/CAALFM_CR09110CA/ERG13",15
"C1","GO:0016128","phytosteroid metabolic process","15/1068","32/6161",0.46875,2.70409058988764,4.4254964944981,0.000103731478772115,0.00140862633105315,0.00111796725327363,"ERG3/UPC2/ERG1/ERG12/ERG10/ERG9/ERG24/ERG6/CAS5/ERG11/CYB5/ERG5/ERG25/CAALFM_CR09110CA/ERG13",15
"C1","GO:1902653","secondary alcohol biosynthetic process","14/1068","29/6161",0.482758620689655,2.78490249257394,4.41165524178181,0.000118716261162513,0.00156245211031026,0.00124005228045765,"ERG3/ERG1/ERG12/ERG10/ERG9/ERG24/ERG6/CAS5/ERG11/CYB5/ERG5/ERG25/CAALFM_CR09110CA/ERG13",14
"C1","GO:0009127","purine nucleoside monophosphate biosynthetic process","9/1068","14/6161",0.642857142857143,3.70846709470305,4.64563536709444,0.000118981708818606,0.00156245211031026,0.00124005228045765,"ADE5%2C7/GUA1/ADE12/ADE8/IMH3/ADE2/ADE17/ADE6/ADE13",9
"C1","GO:0009168","purine ribonucleoside monophosphate biosynthetic process","9/1068","14/6161",0.642857142857143,3.70846709470305,4.64563536709444,0.000118981708818606,0.00156245211031026,0.00124005228045765,"ADE5%2C7/GUA1/ADE12/ADE8/IMH3/ADE2/ADE17/ADE6/ADE13",9
"C1","GO:0006066","alcohol metabolic process","26/1068","73/6161",0.356164383561644,2.05461495048997,4.15056458618929,0.000127320595900299,0.00165378382718324,0.00131253840853741,"CAALFM_C100470CA/CWH8/ERG3/UPC2/ERG1/ERG12/LCB2/IDH2/HOG1/ERG10/IDP1/ERG9/ERG24/ERG6/CAS5/AFL1/ERG11/CAALFM_C504720CA/DES1/CAALFM_C602480WA/CYB5/ERG5/ERG25/CAALFM_CR08640CA/CAALFM_CR09110CA/ERG13",26
"C1","GO:0042254","ribosome biogenesis","51/1068","181/6161",0.281767955801105,1.62544229933578,3.91079534418593,0.000161493689475191,0.00207510708519197,0.00164692489210127,"RPS21B/RPS16A/TSR2/CAALFM_C105720WA/RPS14B/CAALFM_C106540CA/RIA1/DIP2/JIP5/YTM1/DBP3/CAALFM_C110970WA/RPL82/RPL37B/NEP1/GAR1/RPL14/CAALFM_C114080WA/RPS9B/RPF2/CAALFM_C205710CA/GSP1/NSA1/RPS7A/RPL35/CAALFM_C305160CA/RPS19A/RPL8B/YST1/RPS12/DCR1/CAALFM_C406210CA/NOP1/UBI3/CAALFM_C501940WA/RPS13/CAALFM_C602380WA/MRT4/RPS28B/RPP0/RPL5/UTP18/CAALFM_CR04140WA/CAALFM_CR04170WA/NHP2/NOC2/NMD3/CAALFM_CR07080WA/RPS27/TSR1/UTP5",51
"C1","GO:0006091","generation of precursor metabolites and energy","41/1068","137/6161",0.299270072992701,1.72640722819104,3.93719661771747,0.000172089419742317,0.0021877325169369,0.00173631094275283,"LSC1/TKL1/GCR3/ENO1/CAALFM_C108690WA/CAALFM_C109020WA/MRPS9/GND1/COX4/CAALFM_C201690WA/IDH2/GPM1/HOG1/NDH51/CYT1/CDC19/IDP1/CYC1/KGD1/YAH1/CAALFM_C304080WA/RIP1/FESUR1/FUM12/ATP2/FBA1/MDH1-1/SDH12/CAALFM_C501960CA/QCR2/CAALFM_C505230CA/SDH4/CAALFM_C600340CA/CAALFM_C604250WA/NUC2/TAL1/HXK2/UGP1/PGI1/LSC2/ACO1",41
"C1","GO:0046390","ribose phosphate biosynthetic process","18/1068","44/6161",0.409090909090909,2.35993360572012,4.14537618645144,0.000190376153279273,0.00239473161230243,0.00190059738620083,"ATP1/ADE5%2C7/GUA1/ADE12/URA1/PRS1/ADE8/IMH3/CAALFM_C207420WA/PRS5/ADE2/ATP2/CAALFM_C500260WA/YNK1/URA7/ADE17/ADE6/ADE13",18
"C1","GO:0009150","purine ribonucleotide metabolic process","22/1068","59/6161",0.372881355932203,2.15105059353774,4.06792991157296,0.000194252125862874,0.0024180342750639,0.00191909172590405,"ATP1/ADE5%2C7/GCR3/ENO1/GUA1/ADE12/GND1/ADE8/GPM1/CDC19/IMH3/TFP1/ADE2/ATP2/FBA1/YNK1/ADE17/HXK2/ADE6/VMA2/ADE13/PGI1",22
"C1","GO:0009309","amine biosynthetic process","8/1068","12/6161",0.666666666666667,3.8458177278402,4.51839923280838,0.000203614012316063,0.00248284433385403,0.0019705287335851,"SPE1/TRP3/PRS1/SPE3/TRP5/TRP4/SPE2/TRP2",8
"C1","GO:0042401","biogenic amine biosynthetic process","8/1068","12/6161",0.666666666666667,3.8458177278402,4.51839923280838,0.000203614012316063,0.00248284433385403,0.0019705287335851,"SPE1/TRP3/PRS1/SPE3/TRP5/TRP4/SPE2/TRP2",8
"C1","GO:0006164","purine nucleotide biosynthetic process","20/1068","52/6161",0.384615384615385,2.21874099683088,4.04126355266507,0.000231789148299269,0.0027844307624842,0.00220988515040587,"ATP1/ADE4/ADE5%2C7/CAALFM_C108490WA/GUA1/ADE12/PRS1/ADE8/IMH3/PRS5/BNA4/ADE2/CAALFM_C306110CA/ATP2/CAALFM_C500260WA/YNK1/CAALFM_CR00350WA/ADE17/ADE6/ADE13",20
"C1","GO:0072594","establishment of protein localization to organelle","44/1068","152/6161",0.289473684210526,1.66989453972009,3.82927251179039,0.000233006758366879,0.0027844307624842,0.00220988515040587,"CAALFM_C102240WA/TOM20/SEC62/CAALFM_C103400WA/SSH1/CAALFM_C105630CA/CAALFM_C105660CA/SEC34/CAALFM_C108110WA/NUP188/TIM50/PAM16/KAR2/ROD1/HOG1/TIM17/CAALFM_C205220CA/MDJ2/GSP1/TIM22/TIM23/TIM44/PAM17/NUP85/CAALFM_C306050CA/CAALFM_C306750WA/SEC61/PAM18/NMD5/TIM12/CAALFM_C500150CA/VPS1/CAALFM_C503550WA/CAALFM_C602470WA/CAALFM_C701600WA/TOM40/TOM70/CAALFM_C703830CA/MGE1/CAALFM_CR01490CA/CAALFM_CR04080CA/CAALFM_CR05970CA/HSP60/CAALFM_CR08330WA",44
"C1","GO:0010629","negative regulation of gene expression","38/1068","126/6161",0.301587301587302,1.7397746864039,3.84180437020951,0.000247492840243295,0.00292123523441873,0.00231846108452876,"RPL16A/CAALFM_C101580WA/CAALFM_C101590CA/CAALFM_C102850WA/CAALFM_C103370WA/HTA2/HHT21/CAALFM_C106540CA/CAALFM_C108160WA/GCR3/SKI3/CAALFM_C111900CA/CAALFM_C112350WA/NOT3/POB3/HOG1/GCN1/CAALFM_C302490CA/CAALFM_C302760CA/HTA1/DCR1/CDC68/PAP1/SSD1/CAALFM_C602580WA/MRT4/CAALFM_C603380WA/POP2/CDC39/GBP2/ASC1/HSP90/RTT109/CAALFM_CR03350CA/YDJ1/HHT2/SKI2/CAALFM_CR09330CA",38
"C1","GO:0009126","purine nucleoside monophosphate metabolic process","9/1068","15/6161",0.6,3.46123595505618,4.37010374156906,0.000251788476272075,0.00292123523441873,0.00231846108452876,"ADE5%2C7/GUA1/ADE12/ADE8/IMH3/ADE2/ADE17/ADE6/ADE13",9
"C1","GO:0009167","purine ribonucleoside monophosphate metabolic process","9/1068","15/6161",0.6,3.46123595505618,4.37010374156906,0.000251788476272075,0.00292123523441873,0.00231846108452876,"ADE5%2C7/GUA1/ADE12/ADE8/IMH3/ADE2/ADE17/ADE6/ADE13",9
"C1","GO:0022613","ribonucleoprotein complex biogenesis","59/1068","221/6161",0.266968325791855,1.5400672801532,3.74403521712134,0.000257685076561068,0.0029609006393315,0.00234994184191824,"RPS21B/RPS16A/TSR2/CAALFM_C105720WA/RPS14B/CAALFM_C106540CA/RIA1/DIP2/JIP5/YTM1/DBP3/CAALFM_C110970WA/RPL82/RPL37B/NEP1/GAR1/RPL14/CAALFM_C114080WA/CAALFM_C202770WA/RPS9B/RPF2/CAALFM_C205710CA/GSP1/NSA1/RPS7A/RPL35/CAALFM_C305160CA/RPS19A/RPL8B/YST1/RPS12/DCR1/CAALFM_C406210CA/NOP1/UBI3/CAALFM_C501940WA/GCD11/TIF5/RPS13/TIF3/CAALFM_C602380WA/MRT4/RPS28B/RPP0/RPL5/RVB2/SUI3/UTP18/ARC1/PRP42/CAALFM_CR04140WA/CAALFM_CR04170WA/NHP2/NOC2/NMD3/CAALFM_CR07080WA/RPS27/TSR1/UTP5",59
"C1","GO:0070972","protein localization to endoplasmic reticulum","13/1068","28/6161",0.464285714285714,2.67833734617443,4.07578189892503,0.000339038705055312,0.00373297981934884,0.00296270849348893,"SEC62/SSH1/KAR2/CAALFM_C205290CA/CAALFM_C306750WA/SEC61/CAALFM_C402460WA/CAALFM_C503140CA/CAALFM_C602470WA/CAALFM_C703830CA/CAALFM_CR01490CA/CAALFM_CR04080CA/EMP24",13
"C1","GO:0006620","post-translational protein targeting to endoplasmic reticulum membrane","7/1068","10/6161",0.7,4.03810861423221,4.40270489935229,0.000340497740844372,0.00373297981934884,0.00296270849348893,"SEC62/SSH1/CAALFM_C306750WA/SEC61/CAALFM_C703830CA/CAALFM_CR01490CA/CAALFM_CR04080CA",7
"C1","GO:0009086","methionine biosynthetic process","7/1068","10/6161",0.7,4.03810861423221,4.40270489935229,0.000340497740844372,0.00373297981934884,0.00296270849348893,"HOM6/HOM2/MET1/CAALFM_C210460CA/MET15/CAALFM_C700520WA/MET2",7
"C1","GO:0046653","tetrahydrofolate metabolic process","7/1068","10/6161",0.7,4.03810861423221,4.40270489935229,0.000340497740844372,0.00373297981934884,0.00296270849348893,"CAALFM_C102020WA/CAALFM_C210460CA/CAALFM_C504720CA/SHM2/SHM1/MIS12/MIS11",7
"C1","GO:0071265","L-methionine biosynthetic process","7/1068","10/6161",0.7,4.03810861423221,4.40270489935229,0.000340497740844372,0.00373297981934884,0.00296270849348893,"HOM6/HOM2/MET1/CAALFM_C210460CA/MET15/CAALFM_C700520WA/MET2",7
"C1","GO:0016125","sterol metabolic process","16/1068","39/6161",0.41025641025641,2.36665706328628,3.92043570181273,0.000413720640251024,0.00449451059181794,0.00356710331929352,"MVD/ERG3/UPC2/ERG1/ERG12/ERG10/ERG9/ERG24/ERG6/CAS5/ERG11/CYB5/ERG5/ERG25/CAALFM_CR09110CA/ERG13",16
"C1","GO:0033036","macromolecule localization","99/1068","419/6161",0.236276849642005,1.36301654554718,3.52444697864586,0.00041869298001426,0.00450755055060397,0.00357745258409529,"CDC5/CAALFM_C102240WA/TOM20/CDC12/BMH1/SEC62/CAALFM_C103400WA/SEC21/SSH1/CAALFM_C105630CA/CAALFM_C105660CA/PGA63/SEC34/CAALFM_C107590CA/CAALFM_C108110WA/GCR3/CDC42/SEC24/NUP188/CBK1/CDC48/ERP5/TIM50/CAALFM_C111250WA/CDC6/PAM16/NPL3/GDI1/KAR2/ROD1/HOG1/TIM17/CAALFM_C204870CA/CAALFM_C205220CA/CAALFM_C205290CA/MDJ2/CAALFM_C205530CA/GSP1/SPF1/RCK2/TIM22/SSO2/TIM23/TIM44/CAALFM_C301720CA/DBP5/APL2/PAM17/EGD2/NUP85/CAALFM_C304590WA/CAALFM_C306050CA/CAALFM_C306750WA/SEC61/SUB2/PAM18/NMD5/TIM12/BFR1/CAALFM_C402460WA/EMP70/SEC23/CAALFM_C406130WA/CDC11/CAALFM_C500150CA/VPS1/MAS2/CAALFM_C503140CA/CAALFM_C503550WA/CAALFM_C505230CA/APM1/HET1/CAALFM_C600340CA/CDC14/CAALFM_C601210WA/CHC1/SEC27/CAALFM_C602470WA/CDC50/GBP2/CAALFM_C701600WA/TOM40/TOM70/CAALFM_C703010WA/CAALFM_C703830CA/CAALFM_C704200CA/SYS1/MGE1/CAALFM_CR01490CA/MEX67/CAALFM_CR04080CA/YDJ1/SEC26/CDC10/CAALFM_CR05310WA/CAALFM_CR05970CA/HSP60/EMP24/CAALFM_CR08330WA",99
"C1","GO:0042775","mitochondrial ATP synthesis coupled electron transport","14/1068","32/6161",0.4375,2.52381788389513,3.95733110871533,0.000431002476044998,0.0045986424899444,0.00364974841086977,"CAALFM_C108690WA/CAALFM_C109020WA/COX4/CAALFM_C201690WA/CYT1/CYC1/CAALFM_C304080WA/RIP1/SDH12/QCR2/SDH4/CAALFM_C600340CA/CAALFM_C604250WA/NUC2",14
"C1","GO:0006090","pyruvate metabolic process","13/1068","29/6161",0.448275862068966,2.58598088596151,3.91999054179596,0.000518050690718211,0.00547850066732975,0.00434805470272108,"GCR3/ENO1/PDX1/GND1/GPM1/CDC19/FBA1/PDB1/PDA1/LAT1/HXK2/PGI1/LPD1",13
"C1","GO:0051649","establishment of localization in cell","92/1068","387/6161",0.237726098191214,1.37137686419108,3.45558103561703,0.000540161743143256,0.00566222178119466,0.00449386639494066,"VPS53/TUB2/CDC5/CAALFM_C102240WA/TOM20/SEC62/HHT21/SEC21/SSH1/CAALFM_C105630CA/CAALFM_C105660CA/PGA63/SEC34/CAALFM_C107590CA/CAALFM_C108110WA/GCR3/CDC42/SEC24/NUP188/CDC48/CAALFM_C110840CA/ERP5/CAALFM_C111250WA/CTA3/KIP4/FTR1/NPL3/KAR2/HOG1/CAALFM_C203340WA/CAALFM_C203530WA/CAALFM_C204870CA/CAALFM_C205220CA/CAALFM_C205290CA/CAALFM_C205530CA/GSP1/TIM22/SSO2/GLO3/CAALFM_C301720CA/DBP5/APL2/CAALFM_C303060WA/NUP85/CAALFM_C304590WA/CAALFM_C304780CA/CAALFM_C306050CA/CAALFM_C306750WA/CAALFM_C307350WA/SEC61/SUB2/NMD5/TIM12/EMP70/SEC23/CDC11/CAALFM_C500080CA/CAALFM_C500150CA/ERV46/VPS1/CAALFM_C502050WA/RET2/CAALFM_C503140CA/CAALFM_C503550WA/APM1/FET34/FET3/FET31/CDC14/SEC12/CHC1/SEC27/GBP2/CAALFM_C701600WA/TOM70/CAALFM_C704200CA/SYS1/YRB1/CAALFM_CR01490CA/MEX67/SEC26/CDC10/CAALFM_CR05310WA/CAALFM_CR05970CA/NMD3/HHT2/CAALFM_CR07080WA/EMP46/EMP24/GLC7/CAALFM_CR08330WA/TUB1",92
"C1","GO:0022900","electron transport chain","16/1068","40/6161",0.4,2.30749063670412,3.79880094794152,0.000580189880988477,0.00602892963288026,0.0047849069361155,"CAALFM_C108690WA/CAALFM_C109020WA/COX4/CAALFM_C201690WA/CYT1/CYC1/YAH1/CAALFM_C304080WA/RIP1/SDH12/CAALFM_C501960CA/QCR2/SDH4/CAALFM_C600340CA/CAALFM_C604250WA/NUC2",16
"C1","GO:0045333","cellular respiration","28/1068","88/6161",0.318181818181818,1.8355039155601,3.61474220109617,0.000615715376776024,0.00634292995902886,0.00503411573933936,"LSC1/CAALFM_C108690WA/CAALFM_C109020WA/MRPS9/COX4/CAALFM_C201690WA/IDH2/HOG1/NDH51/CYT1/IDP1/CYC1/KGD1/CAALFM_C304080WA/RIP1/FESUR1/FUM12/ATP2/MDH1-1/SDH12/QCR2/CAALFM_C505230CA/SDH4/CAALFM_C600340CA/CAALFM_C604250WA/NUC2/LSC2/ACO1",28
"C1","GO:0042773","ATP synthesis coupled electron transport","14/1068","33/6161",0.424242424242424,2.44733855408013,3.81730505069012,0.00063067963086753,0.00644155691356153,0.00511239178957845,"CAALFM_C108690WA/CAALFM_C109020WA/COX4/CAALFM_C201690WA/CYT1/CYC1/CAALFM_C304080WA/RIP1/SDH12/QCR2/SDH4/CAALFM_C600340CA/CAALFM_C604250WA/NUC2",14
"C1","GO:0009892","negative regulation of metabolic process","51/1068","191/6161",0.267015706806283,1.54034060827107,3.47365169818328,0.000660364349481438,0.00668758811551117,0.0053076563682674,"RPL16A/CAALFM_C101580WA/CAALFM_C101590CA/SWI4/CAALFM_C102850WA/CAALFM_C103370WA/HTA2/HHT21/SIT4/CAALFM_C106540CA/CAALFM_C108160WA/GCR3/UPC2/SKI3/CAALFM_C111900CA/CAALFM_C112350WA/NOT3/POB3/HOG1/CAALFM_C204130WA/PMT4/GCN1/CAALFM_C302490CA/CAALFM_C302760CA/HTA1/TSA1/SSN6/TCC1/DCR1/CDC68/PAP1/SSD1/CAALFM_C602580WA/CAALFM_C602690CA/MRT4/CAALFM_C603380WA/POP2/CDC39/GBP2/ASC1/HSP90/PMT1/HHO1/SWC4/RTT109/TMA19/CAALFM_CR03350CA/YDJ1/HHT2/SKI2/CAALFM_CR09330CA",51
"C1","GO:0045184","establishment of protein localization","69/1068","277/6161",0.249097472924188,1.43697521599805,3.40760700661175,0.000706606631336142,0.00709575566761924,0.0056316017234309,"CDC5/CAALFM_C102240WA/TOM20/SEC62/CAALFM_C103400WA/SEC21/SSH1/CAALFM_C105630CA/CAALFM_C105660CA/PGA63/SEC34/CAALFM_C107590CA/CAALFM_C108110WA/CDC42/SEC24/NUP188/CDC48/ERP5/TIM50/PAM16/GDI1/KAR2/ROD1/HOG1/TIM17/CAALFM_C205220CA/CAALFM_C205290CA/MDJ2/CAALFM_C205530CA/GSP1/SPF1/TIM22/SSO2/TIM23/TIM44/CAALFM_C301720CA/APL2/PAM17/EGD2/NUP85/CAALFM_C306050CA/CAALFM_C306750WA/SEC61/PAM18/NMD5/TIM12/SEC23/CAALFM_C500150CA/VPS1/CAALFM_C503550WA/APM1/CAALFM_C601210WA/CHC1/SEC27/CAALFM_C602470WA/CAALFM_C701600WA/TOM40/TOM70/CAALFM_C703830CA/SYS1/MGE1/CAALFM_CR01490CA/CAALFM_CR04080CA/SEC26/CAALFM_CR05310WA/CAALFM_CR05970CA/HSP60/EMP24/CAALFM_CR08330WA",69
"C1","GO:0006119","oxidative phosphorylation","15/1068","37/6161",0.405405405405405,2.33867294260553,3.73978728606971,0.000725379290881803,0.00722356877169795,0.00573304158846056,"CAALFM_C108690WA/CAALFM_C109020WA/COX4/CAALFM_C201690WA/CYT1/CYC1/CAALFM_C304080WA/RIP1/ATP2/SDH12/QCR2/SDH4/CAALFM_C600340CA/CAALFM_C604250WA/NUC2",15
"C1","GO:0006555","methionine metabolic process","7/1068","11/6161",0.636363636363636,3.67100783112019,4.05997248545725,0.000796282760037169,0.00784354573206859,0.0062250911293493,"HOM6/HOM2/MET1/CAALFM_C210460CA/MET15/CAALFM_C700520WA/MET2",7
"C1","GO:0008202","steroid metabolic process","16/1068","41/6161",0.390243902439024,2.25121037727231,3.68074473302499,0.000800763664696542,0.00784354573206859,0.0062250911293493,"MVD/ERG3/UPC2/ERG1/ERG12/ERG10/ERG9/ERG24/ERG6/CAS5/ERG11/CYB5/ERG5/ERG25/CAALFM_CR09110CA/ERG13",16
"C1","GO:0006084","acetyl-CoA metabolic process","9/1068","17/6161",0.529411764705882,3.05403172504957,3.88324819115731,0.000877250625814701,0.00845414917619813,0.00670970130610395,"MVD/ACS2/SIT4/ERG12/PDX1/PDB1/PDA1/LAT1/ERG13",9
"C1","GO:0046112","nucleobase biosynthetic process","9/1068","17/6161",0.529411764705882,3.05403172504957,3.88324819115731,0.000877250625814701,0.00845414917619813,0.00670970130610395,"ADE4/ADE5%2C7/URA1/PRS1/ADE8/ADE2/URA7/MIS11/URA2",9
"C1","GO:0046496","nicotinamide nucleotide metabolic process","18/1068","49/6161",0.36734693877551,2.11912405411603,3.6014197509697,0.000896457888402287,0.00857013741312586,0.00680175627326704,"TKL1/GCR3/CAALFM_C108490WA/ENO1/AGC1/GND1/PRS1/GPM1/CDC19/IDP1/BNA4/CAALFM_C306110CA/FBA1/GUT2/CAALFM_CR00350WA/TAL1/HXK2/PGI1",18
"C1","GO:0009890","negative regulation of biosynthetic process","47/1068","176/6161",0.267045454545455,1.54051221484508,3.33133964905025,0.0010569745100539,0.0100244804723366,0.00795600696373069,"RPL16A/CAALFM_C101580WA/CAALFM_C101590CA/SWI4/CAALFM_C102850WA/CAALFM_C103370WA/HTA2/HHT21/SIT4/CAALFM_C106540CA/CAALFM_C108160WA/GCR3/UPC2/SKI3/CAALFM_C111900CA/CAALFM_C112350WA/NOT3/POB3/HOG1/CAALFM_C204130WA/GCN1/CAALFM_C302490CA/CAALFM_C302760CA/HTA1/TSA1/SSN6/TCC1/DCR1/CDC68/PAP1/SSD1/CAALFM_C602580WA/CAALFM_C602690CA/MRT4/CAALFM_C603380WA/POP2/CDC39/GBP2/ASC1/HSP90/SWC4/RTT109/CAALFM_CR03350CA/YDJ1/HHT2/SKI2/CAALFM_CR09330CA",47
"C1","GO:0006417","regulation of translation","13/1068","31/6161",0.419354838709677,2.41914340944787,3.62715436430665,0.00111976445342173,0.0105363663136927,0.00836226914656428,"RPL16A/CAALFM_C101580WA/CAALFM_C111900CA/HOG1/CAALFM_C205160CA/CAALFM_C206200CA/GCN1/OFD1/CAALFM_C500030WA/GIS2/CDC39/YML6/ASC1",13
"C1","GO:0006457","protein folding","23/1068","70/6161",0.328571428571429,1.89543873729267,3.45008458672133,0.00112897233090511,0.0105400151205594,0.00836516505053867,"CCT8/SSA2/MSI3/TCP1/CAALFM_C114090WA/KAR2/CPR3/CCT5/SSC1/CCT2/CAALFM_C402780WA/ZUO1/SSZ1/CCT6/CCT3/HCH1/HSP90/CYP1/PDI1/MGE1/YDJ1/HSP60/SSB1",23
"C1","GO:0051604","protein maturation","41/1068","149/6161",0.275167785234899,1.58736771988035,3.32340193045326,0.00115526964296628,0.0107019164600365,0.00849365930895648,"CCT8/SSA2/MSI3/GPI8/DPM1/TCP1/KEX2/MCD4/CAALFM_C114090WA/CAALFM_C200700WA/KAR2/CPR3/SMP3/GPI13/GWT1/CCT5/SSC1/CCT2/CAALFM_C302030WA/STE24/CAALFM_C402100CA/CAALFM_C402780WA/ZUO1/RCE1/SSZ1/CCT6/CAALFM_C503120WA/CAALFM_C505040WA/CCT3/HCH1/HSP90/CYP1/PDI1/CWH43/MGE1/CAALFM_CR01430WA/YDJ1/STE13/HSP60/CAALFM_CR07670WA/SSB1",41
"C1","GO:0009141","nucleoside triphosphate metabolic process","18/1068","50/6161",0.36,2.07674157303371,3.50049519744535,0.00117789809776265,0.0107449482963845,0.00852781186086096,"DUT1/ATP1/GCR3/ENO1/CAALFM_C111790WA/GND1/RNR1/GPM1/CDC19/IMH3/TFP1/ATP2/FBA1/YNK1/URA7/HXK2/VMA2/PGI1",18
"C1","GO:0019362","pyridine nucleotide metabolic process","18/1068","50/6161",0.36,2.07674157303371,3.50049519744535,0.00117789809776265,0.0107449482963845,0.00852781186086096,"TKL1/GCR3/CAALFM_C108490WA/ENO1/AGC1/GND1/PRS1/GPM1/CDC19/IDP1/BNA4/CAALFM_C306110CA/FBA1/GUT2/CAALFM_CR00350WA/TAL1/HXK2/PGI1",18
"C1","GO:0010605","negative regulation of macromolecule metabolic process","49/1068","187/6161",0.262032085561497,1.51159145987302,3.25312405140823,0.00130684339289718,0.0118308928372131,0.00938968019936488,"RPL16A/CAALFM_C101580WA/CAALFM_C101590CA/SWI4/CAALFM_C102850WA/CAALFM_C103370WA/HTA2/HHT21/CAALFM_C106540CA/CAALFM_C108160WA/GCR3/UPC2/SKI3/CAALFM_C111900CA/CAALFM_C112350WA/NOT3/POB3/HOG1/CAALFM_C204130WA/PMT4/GCN1/CAALFM_C302490CA/CAALFM_C302760CA/HTA1/TSA1/SSN6/TCC1/DCR1/CDC68/PAP1/SSD1/CAALFM_C602580WA/CAALFM_C602690CA/MRT4/CAALFM_C603380WA/POP2/CDC39/GBP2/ASC1/HSP90/PMT1/HHO1/SWC4/RTT109/CAALFM_CR03350CA/YDJ1/HHT2/SKI2/CAALFM_CR09330CA",49
"C1","GO:0009132","nucleoside diphosphate metabolic process","12/1068","28/6161",0.428571428571429,2.4723113964687,3.57545528792905,0.00137869827709183,0.0123875521889078,0.00983147722722388,"GCR3/ENO1/CAALFM_C111790WA/GND1/RNR21/RNR1/GPM1/CDC19/GDA1/FBA1/HXK2/PGI1",12
"C1","GO:0015031","protein transport","61/1068","245/6161",0.248979591836735,1.4362951922342,3.19108616558415,0.00143562198894528,0.0128027483342508,0.0101610008801233,"CDC5/CAALFM_C102240WA/TOM20/SEC62/CAALFM_C103400WA/SEC21/SSH1/CAALFM_C105630CA/CAALFM_C105660CA/PGA63/SEC34/CAALFM_C107590CA/CAALFM_C108110WA/CDC42/SEC24/NUP188/CDC48/ERP5/TIM50/PAM16/GDI1/KAR2/ROD1/HOG1/TIM17/CAALFM_C205220CA/CAALFM_C205290CA/MDJ2/CAALFM_C205530CA/GSP1/SPF1/TIM22/SSO2/TIM23/TIM44/CAALFM_C301720CA/APL2/PAM17/NUP85/CAALFM_C306750WA/SEC61/PAM18/NMD5/TIM12/SEC23/CAALFM_C500150CA/VPS1/CAALFM_C503550WA/APM1/CHC1/SEC27/TOM40/TOM70/SYS1/MGE1/CAALFM_CR01490CA/SEC26/CAALFM_CR05310WA/HSP60/EMP24/CAALFM_CR08330WA",61
"C1","GO:0019646","aerobic electron transport chain","13/1068","32/6161",0.40625,2.34354517790262,3.48916572293256,0.00159102264846897,0.0137807993842683,0.0109372387097342,"CAALFM_C108690WA/CAALFM_C109020WA/COX4/CAALFM_C201690WA/CYT1/CYC1/CAALFM_C304080WA/RIP1/SDH12/QCR2/SDH4/CAALFM_C604250WA/NUC2",13
"C1","GO:0006568","L-tryptophan metabolic process","7/1068","12/6161",0.583333333333333,3.36509051186018,3.75513268111578,0.00162601900684671,0.0137807993842683,0.0109372387097342,"CAALFM_C108490WA/TRP3/PRS1/BNA4/TRP5/TRP4/TRP2",7
"C1","GO:0006586","indolalkylamine metabolic process","7/1068","12/6161",0.583333333333333,3.36509051186018,3.75513268111578,0.00162601900684671,0.0137807993842683,0.0109372387097342,"CAALFM_C108490WA/TRP3/PRS1/BNA4/TRP5/TRP4/TRP2",7
"C1","GO:0006760","folic acid-containing compound metabolic process","7/1068","12/6161",0.583333333333333,3.36509051186018,3.75513268111578,0.00162601900684671,0.0137807993842683,0.0109372387097342,"CAALFM_C102020WA/CAALFM_C210460CA/CAALFM_C504720CA/SHM2/SHM1/MIS12/MIS11",7
"C1","GO:0006779","porphyrin-containing compound biosynthetic process","7/1068","12/6161",0.583333333333333,3.36509051186018,3.75513268111578,0.00162601900684671,0.0137807993842683,0.0109372387097342,"MET1/HEM2/HEM15/CAALFM_C210860CA/HEM13/CAALFM_C502040WA/COX15",7
"C1","GO:0033014","tetrapyrrole biosynthetic process","7/1068","12/6161",0.583333333333333,3.36509051186018,3.75513268111578,0.00162601900684671,0.0137807993842683,0.0109372387097342,"MET1/HEM2/HEM15/CAALFM_C210860CA/HEM13/CAALFM_C502040WA/COX15",7
"C1","GO:0042430","indole-containing compound metabolic process","7/1068","12/6161",0.583333333333333,3.36509051186018,3.75513268111578,0.00162601900684671,0.0137807993842683,0.0109372387097342,"CAALFM_C108490WA/TRP3/PRS1/BNA4/TRP5/TRP4/TRP2",7
"C1","GO:0010558","negative regulation of macromolecule biosynthetic process","46/1068","175/6161",0.262857142857143,1.51635098983414,3.17310779769142,0.00169339822810325,0.0142507808632633,0.01131024316917,"RPL16A/CAALFM_C101580WA/CAALFM_C101590CA/SWI4/CAALFM_C102850WA/CAALFM_C103370WA/HTA2/HHT21/CAALFM_C106540CA/CAALFM_C108160WA/GCR3/UPC2/SKI3/CAALFM_C111900CA/CAALFM_C112350WA/NOT3/POB3/HOG1/CAALFM_C204130WA/GCN1/CAALFM_C302490CA/CAALFM_C302760CA/HTA1/TSA1/SSN6/TCC1/DCR1/CDC68/PAP1/SSD1/CAALFM_C602580WA/CAALFM_C602690CA/MRT4/CAALFM_C603380WA/POP2/CDC39/GBP2/ASC1/HSP90/SWC4/RTT109/CAALFM_CR03350CA/YDJ1/HHT2/SKI2/CAALFM_CR09330CA",46
"C1","GO:0034504","protein localization to nucleus","14/1068","36/6161",0.388888888888889,2.24339367457345,3.42606818438134,0.00175086646538763,0.0146313666163512,0.011612298014827,"CAALFM_C102240WA/CAALFM_C105630CA/CAALFM_C105660CA/CAALFM_C108110WA/NUP188/HOG1/CAALFM_C205220CA/GSP1/RCK2/NUP85/NMD5/CAALFM_C500150CA/CAALFM_C503550WA/CAALFM_CR08330WA",14
"C1","GO:0006913","nucleocytoplasmic transport","27/1068","90/6161",0.3,1.73061797752809,3.19720612908404,0.00204478731390266,0.016851867862853,0.0133746161148915,"CDC5/CAALFM_C102240WA/CAALFM_C105630CA/CAALFM_C105660CA/CAALFM_C108110WA/GCR3/NUP188/NPL3/HOG1/CAALFM_C204870CA/CAALFM_C205220CA/CAALFM_C205530CA/GSP1/DBP5/NUP85/CAALFM_C304590WA/SUB2/NMD5/CAALFM_C500150CA/CAALFM_C503550WA/GBP2/CAALFM_C704200CA/YRB1/MEX67/NMD3/CAALFM_CR07080WA/CAALFM_CR08330WA",27
"C1","GO:0051169","nuclear transport","27/1068","90/6161",0.3,1.73061797752809,3.19720612908404,0.00204478731390266,0.016851867862853,0.0133746161148915,"CDC5/CAALFM_C102240WA/CAALFM_C105630CA/CAALFM_C105660CA/CAALFM_C108110WA/GCR3/NUP188/NPL3/HOG1/CAALFM_C204870CA/CAALFM_C205220CA/CAALFM_C205530CA/GSP1/DBP5/NUP85/CAALFM_C304590WA/SUB2/NMD5/CAALFM_C500150CA/CAALFM_C503550WA/GBP2/CAALFM_C704200CA/YRB1/MEX67/NMD3/CAALFM_CR07080WA/CAALFM_CR08330WA",27
"C1","GO:0022904","respiratory electron transport chain","14/1068","37/6161",0.378378378378378,2.18276141309849,3.30422462005569,0.00237507604986943,0.0194398347917395,0.0154285762143645,"CAALFM_C108690WA/CAALFM_C109020WA/COX4/CAALFM_C201690WA/CYT1/CYC1/CAALFM_C304080WA/RIP1/SDH12/QCR2/SDH4/CAALFM_C600340CA/CAALFM_C604250WA/NUC2",14
"C1","GO:0006643","membrane lipid metabolic process","20/1068","61/6161",0.327868852459016,1.89138576779026,3.20372212160968,0.00239278755549866,0.0194515723049041,0.0154378917830598,"CAALFM_C101050CA/DPM1/MTS1/CAALFM_C110960WA/MCD4/LCB2/FTR1/SMP3/FEN12/GPI13/GWT1/CAALFM_C305280CA/CAALFM_C402100CA/CAALFM_C505040WA/DES1/CAALFM_C703050WA/LAG1/CWH43/CAALFM_CR01430WA/CAALFM_CR08640CA",20
"C1","GO:0006888","endoplasmic reticulum to Golgi vesicle-mediated transport","19/1068","57/6161",0.333333333333333,1.9229088639201,3.20536969662362,0.00246069310223787,0.0196411336637386,0.0155883386311636,"SEC21/PGA63/SEC24/ERP5/CAALFM_C205290CA/CAALFM_C301720CA/CAALFM_C303060WA/CAALFM_C304780CA/CAALFM_C307350WA/SEC23/CAALFM_C500080CA/ERV46/RET2/CAALFM_C503140CA/SEC12/SEC27/SEC26/EMP46/EMP24",19
"C1","GO:0006637","acyl-CoA metabolic process","11/1068","26/6161",0.423076923076923,2.44061509651397,3.37067202274616,0.00246541426741488,0.0196411336637386,0.0155883386311636,"MVD/ACS2/SIT4/ERG12/PDX1/PDB1/CAALFM_C404160WA/PDA1/LAT1/LSC2/ERG13",11
"C1","GO:0035383","thioester metabolic process","11/1068","26/6161",0.423076923076923,2.44061509651397,3.37067202274616,0.00246541426741488,0.0196411336637386,0.0155883386311636,"MVD/ACS2/SIT4/ERG12/PDX1/PDB1/CAALFM_C404160WA/PDA1/LAT1/LSC2/ERG13",11
"C1","GO:0044419","biological process involved in interspecies interaction between organisms","79/1068","340/6161",0.232352941176471,1.34038059043842,2.95661373785518,0.0026091070390793,0.0206482312033097,0.0163876294333249,"PHR2/ECM33/BMH1/MSB1/SSA2/SIT4/ERG3/PGA26/MSI3/ADE5%2C7/MLT1/CDC42/ENO1/KEX2/MTS1/SWE1/CLA4/MNN2/PLD1/MCD4/CHS3/RBE1/FTR1/RAD23/GPM1/HOG1/GNA1/CRK1/CDC19/PMT4/IMH3/SPF1/RCK2/YVC1/TEF1/YWP1/ERG24/MP65/TFP1/MNT1/ADE2/FAS2/TSA1/SSN6/TCC1/MRR2/HIS4/NMD5/CAS5/FBA1/BGL2/RBT1/PMT6/CWH41/CDC11/CDC24/CHT2/SSD1/HET1/FET34/SUN41/TOP1/POP2/LEU2/ASC1/VMA11/HSP90/CHS1/PMT1/CAALFM_C703010WA/RTT109/MET6/CDC10/PST3/VMA2/SSB1/ACO1/ALO1/FDH3",79
"C1","GO:0046907","intracellular transport","79/1068","341/6161",0.231671554252199,1.3364498555691,2.92701661523285,0.00283867048701104,0.0222465100643275,0.0176561158933795,"VPS53/TUB2/CDC5/CAALFM_C102240WA/TOM20/SEC62/SEC21/SSH1/CAALFM_C105630CA/CAALFM_C105660CA/PGA63/SEC34/CAALFM_C107590CA/CAALFM_C108110WA/GCR3/CDC42/SEC24/NUP188/CDC48/CAALFM_C110840CA/ERP5/CAALFM_C111250WA/CTA3/KIP4/NPL3/KAR2/HOG1/CAALFM_C203340WA/CAALFM_C204870CA/CAALFM_C205220CA/CAALFM_C205290CA/CAALFM_C205530CA/GSP1/TIM22/SSO2/CAALFM_C301720CA/DBP5/APL2/CAALFM_C303060WA/NUP85/CAALFM_C304590WA/CAALFM_C304780CA/CAALFM_C306750WA/CAALFM_C307350WA/SEC61/SUB2/NMD5/TIM12/EMP70/SEC23/CDC11/CAALFM_C500080CA/CAALFM_C500150CA/ERV46/VPS1/CAALFM_C502050WA/RET2/CAALFM_C503140CA/CAALFM_C503550WA/APM1/SEC12/CHC1/SEC27/GBP2/TOM70/CAALFM_C704200CA/SYS1/YRB1/CAALFM_CR01490CA/MEX67/SEC26/CDC10/CAALFM_CR05310WA/NMD3/CAALFM_CR07080WA/EMP46/EMP24/CAALFM_CR08330WA/TUB1",79
"C1","GO:0034220","monoatomic ion transmembrane transport","21/1068","66/6161",0.318181818181818,1.8355039155601,3.12480374671987,0.00284829794129047,0.0222465100643275,0.0176561158933795,"ATP1/MNN2/FTR1/FTR2/SMF3/ZRT2/YVC1/MRS4/PMA1/TFP1/FESUR1/ATP2/CAALFM_C400820WA/SUL2/FET34/FET3/CAALFM_C700270WA/PMR1/VMA11/VMA2/CAALFM_CR10800CA",21
"C1","GO:0098660","inorganic ion transmembrane transport","24/1068","79/6161",0.30379746835443,1.75252453420566,3.08247913569162,0.00295143994481729,0.0222607881200277,0.0176674477834353,"ATP1/CAALFM_C107210CA/MIR1/MNN2/FTR1/FTR2/SMF3/ZRT2/CAALFM_C204500WA/YVC1/MRS4/PMA1/TFP1/FESUR1/ATP2/CAALFM_C400820WA/SUL2/FET34/FET3/CAALFM_C700270WA/PMR1/VMA11/VMA2/CAALFM_CR10800CA",24
"C1","GO:0006783","heme biosynthetic process","6/1068","10/6161",0.6,3.46123595505618,3.56672422671971,0.00298035993769455,0.0222607881200277,0.0176674477834353,"MET1/HEM2/HEM15/CAALFM_C210860CA/CAALFM_C502040WA/COX15",6
"C1","GO:0051646","mitochondrion localization","6/1068","10/6161",0.6,3.46123595505618,3.56672422671971,0.00298035993769455,0.0222607881200277,0.0176674477834353,"TUB2/CAALFM_C104970WA/DNM1/CAALFM_C406130WA/CAALFM_CR05730CA/TUB1",6
"C1","GO:1902223","erythrose 4-phosphate/phosphoenolpyruvate family amino acid biosynthetic process","6/1068","10/6161",0.6,3.46123595505618,3.56672422671971,0.00298035993769455,0.0222607881200277,0.0176674477834353,"TRP3/ARO8/PRS1/TRP5/TRP4/TRP2",6
"C1","GO:0006221","pyrimidine nucleotide biosynthetic process","7/1068","13/6161",0.538461538461538,3.10623739556324,3.48097745346922,0.00299915220696608,0.0222607881200277,0.0176674477834353,"DUT1/URA1/CAALFM_C111790WA/RNR21/RNR1/YNK1/URA7",7
"C1","GO:0006778","porphyrin-containing compound metabolic process","7/1068","13/6161",0.538461538461538,3.10623739556324,3.48097745346922,0.00299915220696608,0.0222607881200277,0.0176674477834353,"MET1/HEM2/HEM15/CAALFM_C210860CA/HEM13/CAALFM_C502040WA/COX15",7
"C1","GO:0033013","tetrapyrrole metabolic process","7/1068","13/6161",0.538461538461538,3.10623739556324,3.48097745346922,0.00299915220696608,0.0222607881200277,0.0176674477834353,"MET1/HEM2/HEM15/CAALFM_C210860CA/HEM13/CAALFM_C502040WA/COX15",7
"C1","GO:0042558","pteridine-containing compound metabolic process","7/1068","13/6161",0.538461538461538,3.10623739556324,3.48097745346922,0.00299915220696608,0.0222607881200277,0.0176674477834353,"CAALFM_C102020WA/CAALFM_C210460CA/CAALFM_C504720CA/SHM2/SHM1/MIS12/MIS11",7
"C1","GO:0044743","protein transmembrane import into intracellular organelle","13/1068","34/6161",0.382352941176471,2.20568957920247,3.22804938322209,0.00302729134651213,0.0223309454264321,0.0177231286758117,"TOM20/TIM50/PAM16/TIM17/MDJ2/TIM23/TIM44/PAM17/PAM18/TOM40/TOM70/MGE1/HSP60",13
"C1","GO:0072524","pyridine-containing compound metabolic process","19/1068","58/6161",0.327586206896552,1.88975526281803,3.1174681247895,0.00307795903942861,0.0225654052277128,0.0179092095222808,"BUD16/TKL1/GCR3/CAALFM_C108490WA/ENO1/AGC1/GND1/PRS1/GPM1/CDC19/IDP1/BNA4/CAALFM_C306110CA/FBA1/GUT2/CAALFM_CR00350WA/TAL1/HXK2/PGI1",19
"C1","GO:0009260","ribonucleotide biosynthetic process","14/1068","38/6161",0.368421052631579,2.12532032328011,3.18621424706661,0.00317177398662742,0.0231114019147547,0.0183425440433332,"ATP1/ADE5%2C7/GUA1/ADE12/URA1/ADE8/IMH3/ADE2/ATP2/YNK1/URA7/ADE17/ADE6/ADE13",14
"C1","GO:0046467","membrane lipid biosynthetic process","17/1068","50/6161",0.34,1.9613670411985,3.12541170042874,0.00323130884592862,0.0234025095205134,0.0185735838608082,"DPM1/MTS1/MCD4/LCB2/SMP3/FEN12/GPI13/GWT1/CAALFM_C305280CA/CAALFM_C402100CA/CAALFM_C505040WA/DES1/CAALFM_C703050WA/LAG1/CWH43/CAALFM_CR01430WA/CAALFM_CR08640CA",17
"C1","GO:0006605","protein targeting","27/1068","93/6161",0.290322580645161,1.67479159115622,3.00246182743477,0.00342485688703257,0.0246548432530356,0.0195675082765779,"TOM20/SEC62/SSH1/SEC34/TIM50/PAM16/KAR2/TIM17/MDJ2/TIM22/TIM23/TIM44/PAM17/EGD2/CAALFM_C306750WA/SEC61/PAM18/TIM12/VPS1/CAALFM_C602470WA/TOM40/TOM70/CAALFM_C703830CA/MGE1/CAALFM_CR01490CA/CAALFM_CR04080CA/HSP60",27
"C1","GO:0071705","nitrogen compound transport","89/1068","394/6161",0.225888324873096,1.30308798646362,2.84728540575317,0.00344563195419763,0.0246558693728513,0.0195683226645576,"CDC5/CAALFM_C102240WA/TOM20/SEC62/CAALFM_C103400WA/SSA2/SEC21/SSH1/CAALFM_C105630CA/CAALFM_C105660CA/PGA63/YMC1/CAALFM_C107210CA/SEC34/CAALFM_C107590CA/VRG4/CAALFM_C108110WA/GCR3/CDC42/SEC24/YMC2/NUP188/CDC48/ERP5/TIM50/AGC1/PAM16/NPL3/GDI1/KAR2/ROD1/HOG1/TIM17/CAALFM_C204870CA/CAALFM_C205220CA/CAALFM_C205290CA/MDJ2/CAALFM_C205530CA/GSP1/AVT1/SPF1/FLC3/TIM22/CAALFM_C209610WA/SSO2/TIM23/TIM44/CAALFM_C301720CA/DBP5/APL2/PAM17/FCY2/NUP85/CAALFM_C304590WA/RHB1/CAALFM_C306750WA/SEC61/SUB2/PAM18/NMD5/ARO1/TIM12/CAALFM_C402080WA/SEC23/CAALFM_C500150CA/PET9/VPS1/CAALFM_C503550WA/APM1/HET1/CAALFM_C601780CA/CHC1/SEC27/MDL2/CAALFM_C700230WA/GBP2/TOM40/TOM70/CAALFM_C704200CA/SYS1/MGE1/CAALFM_CR01490CA/CAALFM_CR03270WA/MEX67/SEC26/CAALFM_CR05310WA/HSP60/EMP24/CAALFM_CR08330WA",89
"C1","GO:0006606","protein import into nucleus","13/1068","35/6161",0.371428571428571,2.14266987693954,3.10424113065998,0.00406617781909679,0.0287519674190572,0.0228192227655323,"CAALFM_C102240WA/CAALFM_C105630CA/CAALFM_C105660CA/CAALFM_C108110WA/NUP188/HOG1/CAALFM_C205220CA/GSP1/NUP85/NMD5/CAALFM_C500150CA/CAALFM_C503550WA/CAALFM_CR08330WA",13
"C1","GO:0051170","import into nucleus","13/1068","35/6161",0.371428571428571,2.14266987693954,3.10424113065998,0.00406617781909679,0.0287519674190572,0.0228192227655323,"CAALFM_C102240WA/CAALFM_C105630CA/CAALFM_C105660CA/CAALFM_C108110WA/NUP188/HOG1/CAALFM_C205220CA/GSP1/NUP85/NMD5/CAALFM_C500150CA/CAALFM_C503550WA/CAALFM_CR08330WA",13
"C1","GO:1902221","erythrose 4-phosphate/phosphoenolpyruvate family amino acid metabolic process","8/1068","17/6161",0.470588235294118,2.71469486671073,3.24171513922477,0.00441037214523608,0.0310023218444536,0.0246052340734223,"CAALFM_C108490WA/TRP3/ARO8/PRS1/BNA4/TRP5/TRP4/TRP2",8
"C1","GO:0180046","GPI anchored protein biosynthesis","11/1068","28/6161",0.392857142857143,2.26628544676297,3.07512867693307,0.00490367016015449,0.0342683382537112,0.0271973334213555,"GPI8/DPM1/MCD4/SMP3/GPI13/GWT1/CAALFM_C402100CA/CAALFM_C503120WA/CAALFM_C505040WA/CWH43/CAALFM_CR01430WA",11
"C1","GO:0006220","pyrimidine nucleotide metabolic process","7/1068","14/6161",0.5,2.88436329588015,3.23211043948653,0.00510916874328666,0.0352916569261709,0.0280094982519092,"DUT1/URA1/CAALFM_C111790WA/RNR21/RNR1/YNK1/URA7",7
"C1","GO:0034755","iron ion transmembrane transport","7/1068","14/6161",0.5,2.88436329588015,3.23211043948653,0.00510916874328666,0.0352916569261709,0.0280094982519092,"MNN2/FTR1/FTR2/SMF3/MRS4/FET34/FET3",7
"C1","GO:0034655","nucleobase-containing compound catabolic process","33/1068","123/6161",0.268292682926829,1.54770713437471,2.80959385108875,0.00516633870620112,0.035481464102933,0.0281601401953249,"DUT1/CAALFM_C102850WA/CAALFM_C103370WA/CAALFM_C106540CA/GCR3/ENO1/SKI3/CAALFM_C111900CA/CAALFM_C112350WA/GND1/NOT3/GPM1/CDC19/GDA1/FBA1/CAALFM_C500280CA/PAP1/SSD1/CAALFM_C602580WA/MRT4/RNH1/CAALFM_C602880WA/CAALFM_C603380WA/APA2/POP2/CDC39/GBP2/MAM33/CAALFM_CR03350CA/HXK2/PGI1/SKI2/CAALFM_CR09330CA",33
"C1","GO:0009199","ribonucleoside triphosphate metabolic process","15/1068","44/6161",0.340909090909091,1.9666113381001,2.94644356581829,0.00537496409865973,0.0359865419263746,0.0285609991417428,"ATP1/GCR3/ENO1/GND1/GPM1/CDC19/IMH3/TFP1/ATP2/FBA1/YNK1/URA7/HXK2/VMA2/PGI1",15
"C1","GO:0015980","energy derivation by oxidation of organic compounds","29/1068","105/6161",0.276190476190476,1.59326734439094,2.80763924591693,0.00545779198801038,0.0359865419263746,0.0285609991417428,"LSC1/CAALFM_C108690WA/CAALFM_C109020WA/MRPS9/COX4/CAALFM_C201690WA/IDH2/HOG1/NDH51/CYT1/IDP1/CYC1/KGD1/CAALFM_C304080WA/RIP1/FESUR1/FUM12/ATP2/MDH1-1/SDH12/QCR2/CAALFM_C505230CA/SDH4/CAALFM_C600340CA/CAALFM_C604250WA/NUC2/UGP1/LSC2/ACO1",29
"C1","GO:0045047","protein targeting to ER","9/1068","21/6161",0.428571428571429,2.4723113964687,3.09466953720815,0.00548318194409654,0.0359865419263746,0.0285609991417428,"SEC62/SSH1/KAR2/CAALFM_C306750WA/SEC61/CAALFM_C602470WA/CAALFM_C703830CA/CAALFM_CR01490CA/CAALFM_CR04080CA",9
"C1","GO:0072599","establishment of protein localization to endoplasmic reticulum","9/1068","21/6161",0.428571428571429,2.4723113964687,3.09466953720815,0.00548318194409654,0.0359865419263746,0.0285609991417428,"SEC62/SSH1/KAR2/CAALFM_C306750WA/SEC61/CAALFM_C602470WA/CAALFM_C703830CA/CAALFM_CR01490CA/CAALFM_CR04080CA",9
"C1","GO:0006534","cysteine metabolic process","6/1068","11/6161",0.545454545454545,3.14657814096016,3.26283138845282,0.00560125255088341,0.0359865419263746,0.0285609991417428,"CYS4/STR2/MET15/CAALFM_C602960WA/CAALFM_C704210CA/CYS3",6
"C1","GO:0009225","nucleotide-sugar metabolic process","6/1068","11/6161",0.545454545454545,3.14657814096016,3.26283138845282,0.00560125255088341,0.0359865419263746,0.0285609991417428,"PMM1/AGM1/GNA1/PMI1/SRB1/UGP1",6
"C1","GO:0017148","negative regulation of translation","6/1068","11/6161",0.545454545454545,3.14657814096016,3.26283138845282,0.00560125255088341,0.0359865419263746,0.0285609991417428,"RPL16A/CAALFM_C101580WA/HOG1/GCN1/CDC39/ASC1",6
"C1","GO:0035268","protein mannosylation","6/1068","11/6161",0.545454545454545,3.14657814096016,3.26283138845282,0.00560125255088341,0.0359865419263746,0.0285609991417428,"DPM1/PMT4/MNT1/PMT2/PMT6/PMT1",6
"C1","GO:0035269","protein O-linked mannosylation","6/1068","11/6161",0.545454545454545,3.14657814096016,3.26283138845282,0.00560125255088341,0.0359865419263746,0.0285609991417428,"DPM1/PMT4/MNT1/PMT2/PMT6/PMT1",6
"C1","GO:0042168","heme metabolic process","6/1068","11/6161",0.545454545454545,3.14657814096016,3.26283138845282,0.00560125255088341,0.0359865419263746,0.0285609991417428,"MET1/HEM2/HEM15/CAALFM_C210860CA/CAALFM_C502040WA/COX15",6
"C1","GO:0046148","pigment biosynthetic process","6/1068","11/6161",0.545454545454545,3.14657814096016,3.26283138845282,0.00560125255088341,0.0359865419263746,0.0285609991417428,"MET1/HEM2/HEM15/CAALFM_C210860CA/CAALFM_C502040WA/COX15",6
"C1","GO:0097502","mannosylation","6/1068","11/6161",0.545454545454545,3.14657814096016,3.26283138845282,0.00560125255088341,0.0359865419263746,0.0285609991417428,"DPM1/PMT4/MNT1/PMT2/PMT6/PMT1",6
"C1","GO:0051668","localization within membrane","28/1068","101/6161",0.277227722772277,1.59925093632959,2.78049578103543,0.00592193361783231,0.0378433725845434,0.0300346872483361,"SEC62/SSH1/CAALFM_C105660CA/CDC42/ERG1/ACT1/KAR2/TIM22/APL2/EGD2/CAALFM_C306050CA/CAALFM_C306750WA/SEC61/TIM12/EMP70/SEC10/ERG11/APM1/CAALFM_C601210WA/CAALFM_C602470WA/CAALFM_C701600WA/TOM70/CAALFM_C703830CA/SYS1/CAALFM_CR01490CA/CAALFM_CR04080CA/CAALFM_CR05310WA/CAALFM_CR05970CA",28
"C1","GO:0090150","establishment of protein localization to membrane","21/1068","70/6161",0.3,1.73061797752809,2.81503772181267,0.00615732776807068,0.0391383334193855,0.0310624429956981,"SEC62/SSH1/KAR2/TIM22/APL2/EGD2/CAALFM_C306050CA/CAALFM_C306750WA/SEC61/TIM12/APM1/CAALFM_C601210WA/CAALFM_C602470WA/CAALFM_C701600WA/TOM70/CAALFM_C703830CA/SYS1/CAALFM_CR01490CA/CAALFM_CR04080CA/CAALFM_CR05310WA/CAALFM_CR05970CA",21
"C1","GO:0098662","inorganic cation transmembrane transport","20/1068","66/6161",0.303030303030303,1.74809896720009,2.79790724147237,0.00656277674460376,0.0414948053428651,0.0329326752820272,"ATP1/CAALFM_C107210CA/MNN2/FTR1/FTR2/SMF3/ZRT2/YVC1/MRS4/PMA1/TFP1/FESUR1/ATP2/CAALFM_C400820WA/FET34/FET3/PMR1/VMA11/VMA2/CAALFM_CR10800CA",20
"C1","GO:0009152","purine ribonucleotide biosynthetic process","12/1068","33/6161",0.363636363636364,2.09771876064011,2.89519501668495,0.00692757162685912,0.0435707794426139,0.034580288286981,"ATP1/ADE5%2C7/GUA1/ADE12/ADE8/IMH3/ADE2/ATP2/YNK1/ADE17/ADE6/ADE13",12
"C1","GO:0098655","monoatomic cation transmembrane transport","19/1068","62/6161",0.306451612903226,1.76783556844267,2.78242776567977,0.00697451112666106,0.043636339247958,0.034632320336851,"ATP1/MNN2/FTR1/FTR2/SMF3/ZRT2/YVC1/MRS4/PMA1/TFP1/FESUR1/ATP2/CAALFM_C400820WA/FET34/FET3/PMR1/VMA11/VMA2/CAALFM_CR10800CA",19
"C1","GO:0006364","rRNA processing","35/1068","135/6161",0.259259259259259,1.49559578304897,2.66605477128371,0.00725603323378471,0.045161248512358,0.0358425764453949,"RPS21B/RPS16A/TSR2/CAALFM_C105720WA/CAALFM_C106540CA/DIP2/JIP5/DBP3/CAALFM_C110970WA/RPL82/RPL37B/GAR1/CAALFM_C114080WA/RPF2/GSP1/RPS7A/RPL35/CAALFM_C305160CA/RPS19A/RPL8B/DCR1/CAALFM_C406210CA/NOP1/CAALFM_C501940WA/RPS13/CAALFM_C602380WA/MRT4/RPS28B/UTP18/CAALFM_CR04170WA/NHP2/CAALFM_CR07080WA/RPS27/TSR1/UTP5",35
"C1","GO:0071554","cell wall organization or biogenesis","57/1068","242/6161",0.235537190082645,1.35874965177825,2.60713875553579,0.00731768253620076,0.0452952309295088,0.03594891263377,"PHR2/CWH8/ECM33/HHT21/PGA26/RAC1/DPM1/CDC42/ENO1/CBK1/FGR41/MNN2/CAALFM_C111990WA/SIM1/SMP3/FEN12/HOG1/HYM1/PMT4/SPF1/RCK2/FLC3/PMI1/MP65/MNT1/KRE9/RHB1/MNN9/PBS2/GDA1/TSA1/VAN1/SRB1/CAS5/DPM3/CAALFM_C402100CA/BGL2/PGA59/CRH11/RBT1/CWH41/CAALFM_C406130WA/SCW11/DPM2/SUN41/BMT4/POP2/PMR1/SSR1/BEM2/PMT1/CAALFM_C703010WA/MNN26/CWH43/RHO1/CDC10/CHT3",57
"C1","GO:0043603","amide metabolic process","21/1068","71/6161",0.295774647887324,1.70624307643614,2.74071499353355,0.00735336803374452,0.0452952309295088,0.03594891263377,"MVD/CAALFM_C100470CA/ACS2/SIT4/CAALFM_C105930CA/ERG12/MTS1/PDX1/LCB2/ASN1/CAALFM_C305970CA/PDB1/CAALFM_C404160WA/PDA1/DES1/LAT1/LAG1/CAALFM_CR03270WA/LSC2/CAALFM_CR08640CA/ERG13",21
"C1","GO:0072657","protein localization to membrane","23/1068","80/6161",0.2875,1.65850889513109,2.71461523372211,0.00752661725978321,0.0461246544894407,0.0366071910988646,"SEC62/SSH1/CAALFM_C105660CA/KAR2/TIM22/APL2/EGD2/CAALFM_C306050CA/CAALFM_C306750WA/SEC61/TIM12/EMP70/APM1/CAALFM_C601210WA/CAALFM_C602470WA/CAALFM_C701600WA/TOM70/CAALFM_C703830CA/SYS1/CAALFM_CR01490CA/CAALFM_CR04080CA/CAALFM_CR05310WA/CAALFM_CR05970CA",23
"C1","GO:0008299","isoprenoid biosynthetic process","7/1068","15/6161",0.466666666666667,2.69207240948814,3.00439783212134,0.00816435048747432,0.0497775450639378,0.039506336139712,"MVD/CWH8/SIT4/ERG12/IDI1/CAALFM_CR00570WA/ERG13",7
"C2","GO:0006260","DNA replication","49/753","93/6161",0.526881720430108,4.31091404989361,12.004279472433,1.66004251520076e-21,9.91458851657881e-19,8.57683064017918e-19,"CAALFM_C101000CA/ORC1/HFL1/PSF2/CAALFM_C105800CA/POL32/CAALFM_C106630WA/CAALFM_C107260CA/CAALFM_C107490CA/CAALFM_C109670CA/CDC54/RFA1/DPB4/CSM3/CAALFM_C208380CA/CDC47/SGS1/CAALFM_C300830CA/RAD50/POL1/CAALFM_C304740CA/MPH1/PRI2/YBL053/CAC2/RFC3/HYS2/DNA2/RAD52/CAALFM_C600540WA/CAALFM_C600770CA/RFC2/PSF1/RNH35/POL3/CAALFM_CR00060CA/MMS22/CTF18/MCM6/RAD51/SSU72/CAALFM_CR03340CA/MCM2/POL2/PIF1/CDC45/DPB2/CAALFM_CR10180WA/RFC4",49
"C2","GO:0006261","DNA-templated DNA replication","46/753","83/6161",0.55421686746988,4.53456855309685,12.096635938292,1.80265245755978e-21,9.91458851657881e-19,8.57683064017918e-19,"ORC1/HFL1/PSF2/CAALFM_C105800CA/POL32/CAALFM_C106630WA/CAALFM_C107260CA/CAALFM_C107490CA/CDC54/RFA1/DPB4/CSM3/CAALFM_C208380CA/CDC47/CAALFM_C300830CA/RAD50/POL1/CAALFM_C304740CA/MPH1/PRI2/YBL053/CAC2/RFC3/HYS2/DNA2/RAD52/CAALFM_C600540WA/CAALFM_C600770CA/RFC2/PSF1/RNH35/POL3/CAALFM_CR00060CA/MMS22/CTF18/MCM6/RAD51/SSU72/CAALFM_CR03340CA/MCM2/POL2/PIF1/CDC45/DPB2/CAALFM_CR10180WA/RFC4",46
"C2","GO:0022402","cell cycle process","94/753","330/6161",0.284848484848485,2.33061290192764,9.27057522084161,2.05951534940597e-16,7.32118607212438e-14,6.33335139636405e-14,"ESP1/SEP7/ORC1/CDC3/PSF2/CAALFM_C105800CA/POL32/CAALFM_C106630WA/CAALFM_C107490CA/SWI6/DAM1/BUD31/CAALFM_C110630CA/GIN4/GIN1/CDC54/SPA2/CAALFM_C112660WA/MYO2/IRR1/RFA1/ESC4/BUB2/CAALFM_C204730WA/SGO1/CSM3/DBF2/PDS5/CAALFM_C208380CA/CDC47/KAR3/SGS1/CAALFM_C300830CA/RAD50/YCG1/SMC3/RAD53/POL1/CAALFM_C304740CA/DYN1/AHR1/DOT1/ASK1/CAALFM_C402700WA/BUB1/DUO1/ZDS1/SPC34/TUB4/BRN1/MPH1/PRI2/TOP2/SMC4/YBL053/MYO1/CCN1/INT1/HSL1/CAC2/HYS2/CAALFM_C504790CA/CAALFM_C504890CA/PGA4/DNA2/RAD52/CAALFM_C600540WA/CAALFM_C600770CA/GLE2/DCC1/RFC2/CAALFM_C701270CA/PSF1/POL3/CLB4/CAALFM_CR01070WA/MCM6/RAD51/CAALFM_CR02210WA/SSU72/CAALFM_CR03340CA/SMC1/MCM2/CAALFM_CR06740WA/CAALFM_CR06920WA/POL2/PIF1/YPT31/CDC45/DAD4/MPS1/DPB2/CAALFM_CR10180WA/MCD1",94
"C2","GO:0007049","cell cycle","99/753","358/6161",0.276536312849162,2.26260321841127,9.1844176134416,2.6622494807725e-16,7.32118607212438e-14,6.33335139636405e-14,"NRM1/ESP1/SEP7/ORC1/CDC3/PSF2/CAALFM_C105800CA/POL32/CAALFM_C106630WA/CAALFM_C107490CA/SWI6/DAM1/BUD31/CAALFM_C110630CA/GIN4/GIN1/CDC54/SPA2/CAALFM_C112660WA/MYO2/IRR1/RFA1/ESC4/BUB2/CAALFM_C204730WA/SGO1/CSM3/DBF2/PDS5/CAALFM_C208380CA/CDC47/KAR3/SGS1/CAALFM_C300790WA/CAALFM_C300830CA/RAD50/YCG1/SMC3/RAD53/POL1/CAALFM_C304740CA/DYN1/AHR1/DOT1/ASK1/CAALFM_C402700WA/BUB1/DUO1/ZDS1/SPC34/TUB4/BRN1/MPH1/PRI2/CAALFM_C406590WA/TOP2/SMC4/YBL053/MYO1/CCN1/INT1/HSL1/CAC2/HYS2/CAALFM_C504790CA/CAALFM_C504890CA/PGA4/DNA2/RAD52/CAALFM_C600540WA/CAALFM_C600770CA/GLE2/DCC1/RFC2/CAALFM_C701270CA/PSF1/POL3/CLB4/CAALFM_CR01070WA/MCM6/RAD51/CAALFM_CR02210WA/SSU72/CAALFM_CR03340CA/SMC1/MCM2/CAALFM_CR05100WA/CAALFM_CR06740WA/CAALFM_CR06920WA/POL2/PIF1/YPT31/CDC45/DAD4/MPS1/NUO1/DPB2/CAALFM_CR10180WA/MCD1",99
"C2","GO:0006259","DNA metabolic process","73/753","227/6161",0.3215859030837,2.63119621367686,9.34361348986856,5.71043720996152e-16,1.25629618619153e-13,1.08678636585373e-13,"CAALFM_C101000CA/ORC1/HFL1/PSF2/CAALFM_C105800CA/POL32/CAALFM_C106630WA/CAALFM_C107260CA/CAALFM_C107490CA/CAALFM_C109670CA/APN2/CDC54/MSH6/RFA1/DPB4/ESC4/TBF1/CSM3/CAALFM_C208380CA/CDC47/CAALFM_C209480WA/RAP1/SGS1/CAALFM_C300830CA/RAD50/POL1/CAALFM_C304740CA/MMS21/DOT1/CAALFM_C306400CA/CAALFM_C400800WA/CAALFM_C402700WA/CAALFM_C403170WA/MPH1/PRI2/TOP2/MSH2/EXO1/YBL053/CAC2/RFC3/HYS2/CAALFM_C504790CA/EST1/DNA2/RAD52/CAALFM_C600540WA/CAALFM_C600770CA/RAD18/RFC2/PSF1/RNH35/POL3/CAALFM_CR00060CA/MMS22/CTF18/MCM6/RAD51/SMC5/SSU72/CAALFM_CR03340CA/PPH3/MCM2/CAALFM_CR04560CA/POL2/PIF1/CDC45/CAALFM_CR08560CA/DPB2/CAALFM_CR10180WA/SLD5/MCD1/RFC4",73
"C2","GO:0033260","nuclear DNA replication","29/753","50/6161",0.58,4.74552456839309,9.92226937124414,1.10031698295735e-14,1.72906954464726e-12,1.49576925202021e-12,"ORC1/PSF2/CAALFM_C105800CA/POL32/CAALFM_C106630WA/CAALFM_C107490CA/CDC54/RFA1/CDC47/CAALFM_C300830CA/RAD50/POL1/CAALFM_C304740CA/PRI2/CAC2/HYS2/DNA2/RAD52/PSF1/POL3/MCM6/RAD51/SSU72/CAALFM_CR03340CA/MCM2/POL2/PIF1/CDC45/DPB2",29
"C2","GO:0044786","cell cycle DNA replication","29/753","50/6161",0.58,4.74552456839309,9.92226937124414,1.10031698295735e-14,1.72906954464726e-12,1.49576925202021e-12,"ORC1/PSF2/CAALFM_C105800CA/POL32/CAALFM_C106630WA/CAALFM_C107490CA/CDC54/RFA1/CDC47/CAALFM_C300830CA/RAD50/POL1/CAALFM_C304740CA/PRI2/CAC2/HYS2/DNA2/RAD52/PSF1/POL3/MCM6/RAD51/SSU72/CAALFM_CR03340CA/MCM2/POL2/PIF1/CDC45/DPB2",29
"C2","GO:1902969","mitotic DNA replication","25/753","39/6161",0.641025641025641,5.24483263527088,9.92237679908839,2.93156177652483e-14,4.03089744272165e-12,3.48701558681375e-12,"ORC1/PSF2/CAALFM_C105800CA/CAALFM_C106630WA/CAALFM_C107490CA/CDC54/RFA1/CAALFM_C300830CA/RAD50/POL1/CAALFM_C304740CA/PRI2/CAC2/DNA2/RAD52/PSF1/POL3/MCM6/RAD51/CAALFM_CR03340CA/MCM2/POL2/PIF1/CDC45/DPB2",25
"C2","GO:1903047","mitotic cell cycle process","71/753","243/6161",0.292181069958848,2.39060766536051,8.25258066596861,3.45096672398702e-13,4.21784821820636e-11,3.6487414251278e-11,"ESP1/SEP7/ORC1/PSF2/CAALFM_C105800CA/CAALFM_C106630WA/CAALFM_C107490CA/SWI6/DAM1/BUD31/GIN4/GIN1/CDC54/SPA2/CAALFM_C112660WA/MYO2/RFA1/BUB2/SGO1/DBF2/CAALFM_C208380CA/KAR3/CAALFM_C300830CA/RAD50/YCG1/RAD53/POL1/CAALFM_C304740CA/DYN1/AHR1/ASK1/CAALFM_C402700WA/BUB1/DUO1/ZDS1/SPC34/TUB4/BRN1/PRI2/TOP2/SMC4/MYO1/CCN1/INT1/HSL1/CAC2/CAALFM_C504890CA/DNA2/RAD52/CAALFM_C600540WA/CAALFM_C600770CA/GLE2/RFC2/PSF1/POL3/CLB4/CAALFM_CR01070WA/MCM6/RAD51/CAALFM_CR02210WA/CAALFM_CR03340CA/MCM2/CAALFM_CR06740WA/CAALFM_CR06920WA/POL2/PIF1/YPT31/CDC45/DAD4/MPS1/DPB2",71
"C2","GO:0006281","DNA repair","53/753","156/6161",0.33974358974359,2.77976129669357,8.4011174099838,6.01969196149284e-13,6.62166115764212e-11,5.7282121401995e-11,"PSF2/POL32/CAALFM_C106630WA/CAALFM_C109670CA/APN2/CDC54/MSH6/RFA1/ESC4/CDC47/CAALFM_C209480WA/SGS1/CAALFM_C300830CA/RAD50/POL1/CAALFM_C304740CA/MMS21/DOT1/CAALFM_C306400CA/CAALFM_C400800WA/CAALFM_C402700WA/CAALFM_C403170WA/MPH1/MSH2/EXO1/YBL053/RFC3/HYS2/CAALFM_C504790CA/RAD52/CAALFM_C600540WA/CAALFM_C600770CA/RAD18/RFC2/RNH35/POL3/CAALFM_CR00060CA/MCM6/RAD51/SMC5/CAALFM_CR03340CA/PPH3/MCM2/CAALFM_CR04560CA/POL2/PIF1/CDC45/CAALFM_CR08560CA/DPB2/CAALFM_CR10180WA/SLD5/MCD1/RFC4",53
"C2","GO:0006271","DNA strand elongation involved in DNA replication","17/753","21/6161",0.80952380952381,6.62347435654209,9.63162762276599,9.56300643809028e-13,8.76608923491609e-11,7.58329633336282e-11,"POL32/CAALFM_C106630WA/CDC54/DPB4/CDC47/CAALFM_C300830CA/POL1/RFC3/HYS2/DNA2/RFC2/PSF1/POL3/POL2/PIF1/DPB2/RFC4",17
"C2","GO:0022616","DNA strand elongation","17/753","21/6161",0.80952380952381,6.62347435654209,9.63162762276599,9.56300643809028e-13,8.76608923491609e-11,7.58329633336282e-11,"POL32/CAALFM_C106630WA/CDC54/DPB4/CDC47/CAALFM_C300830CA/POL1/RFC3/HYS2/DNA2/RFC2/PSF1/POL3/POL2/PIF1/DPB2/RFC4",17
"C2","GO:0000278","mitotic cell cycle","72/753","255/6161",0.282352941176471,2.31019451605343,7.97312639646376,1.50577778453507e-12,1.27411966383737e-10,1.10220495321434e-10,"ESP1/SEP7/ORC1/PSF2/CAALFM_C105800CA/CAALFM_C106630WA/CAALFM_C107490CA/SWI6/DAM1/BUD31/GIN4/GIN1/CDC54/SPA2/CAALFM_C112660WA/MYO2/RFA1/BUB2/SGO1/DBF2/CAALFM_C208380CA/KAR3/CAALFM_C300830CA/RAD50/YCG1/RAD53/POL1/CAALFM_C304740CA/DYN1/AHR1/ASK1/CAALFM_C402700WA/BUB1/DUO1/ZDS1/SPC34/TUB4/BRN1/PRI2/TOP2/SMC4/MYO1/CCN1/INT1/HSL1/CAC2/CAALFM_C504890CA/DNA2/RAD52/CAALFM_C600540WA/CAALFM_C600770CA/GLE2/RFC2/PSF1/POL3/CLB4/CAALFM_CR01070WA/MCM6/RAD51/CAALFM_CR02210WA/CAALFM_CR03340CA/MCM2/CAALFM_CR06740WA/CAALFM_CR06920WA/POL2/PIF1/YPT31/CDC45/DAD4/MPS1/NUO1/DPB2",72
"C2","GO:0006974","DNA damage response","63/753","209/6161",0.301435406698565,2.4663260832269,8.04714347262943,1.75809663905329e-12,1.38136164497044e-10,1.19497696368735e-10,"PSF2/POL32/CAALFM_C106630WA/CAALFM_C109670CA/APN2/GIN1/CDC54/MSH6/RFA1/DPB4/ESC4/CSM3/CAALFM_C208380CA/CDC47/CAALFM_C209480WA/SGS1/CAALFM_C300830CA/RAD50/CAALFM_C302160CA/RAD53/POL1/CAALFM_C304740CA/MMS21/DOT1/CAALFM_C306400CA/CAALFM_C400800WA/CAALFM_C402700WA/CAALFM_C403170WA/MPH1/MSH2/EXO1/YBL053/RFC3/HYS2/CAALFM_C504790CA/DNA2/RAD52/CAALFM_C600540WA/CAALFM_C600770CA/TRA1/RAD18/RFC2/CAALFM_C701270CA/RNH35/POL3/CAALFM_CR00060CA/MMS22/MCM6/RAD51/SMC5/CAALFM_CR03340CA/PPH3/MCM2/CAALFM_CR04560CA/POL2/PIF1/CDC45/CAALFM_CR08560CA/DPB2/CAALFM_CR10180WA/SLD5/MCD1/RFC4",63
"C2","GO:0045005","DNA-templated DNA replication maintenance of fidelity","17/753","24/6161",0.708333333333333,5.79554006197433,8.78283219864943,3.85937471292062e-11,2.83020812280845e-09,2.4483331512142e-09,"CSM3/RAD50/MPH1/YBL053/CAC2/DNA2/RAD52/CAALFM_C600540WA/CAALFM_C600770CA/RNH35/CAALFM_CR00060CA/MMS22/CTF18/RAD51/POL2/PIF1/CAALFM_CR10180WA",17
"C2","GO:0006310","DNA recombination","28/753","71/6161",0.394366197183099,3.2266801339244,7.04121921062461,4.44633735995464e-09,2.92823907759201e-07,2.53313696281644e-07,"PSF2/CAALFM_C109670CA/CDC54/RFA1/CDC47/SGS1/RAD50/POL1/CAALFM_C304740CA/MMS21/MPH1/TOP2/MSH2/YBL053/CAALFM_C504790CA/RAD52/CAALFM_C600540WA/CAALFM_C600770CA/MCM6/RAD51/SMC5/CAALFM_CR03340CA/PPH3/MCM2/CDC45/CAALFM_CR10180WA/SLD5/MCD1",28
"C2","GO:0051276","chromosome organization","44/753","146/6161",0.301369863013699,2.46578980880132,6.68805464119801,4.5254603926422e-09,2.92823907759201e-07,2.53313696281644e-07,"ESP1/CHL4/DAM1/CAALFM_C110630CA/CAALFM_C112660WA/MSH6/IRR1/RFA1/BUB2/TBF1/SGO1/DBF2/PDS5/SMC2/KAR3/RAP1/RAD50/YCG1/SMC3/CAALFM_C304740CA/BUB1/TUB4/BRN1/CAALFM_C406450WA/TOP2/MSH2/SMC4/CAC2/EST1/RAD52/GLE2/DCC1/CAALFM_CR00060CA/RAD51/SSU72/SMC1/MCM2/CAALFM_CR06740WA/CAALFM_CR06920WA/POL2/PIF1/MPS1/CAALFM_CR10180WA/MCD1",44
"C2","GO:0031297","replication fork processing","13/753","18/6161",0.722222222222222,5.90917810240519,7.78259240640515,5.87385720562453e-09,3.58957940343722e-07,3.10524380928923e-07,"CSM3/RAD50/MPH1/CAC2/DNA2/RAD52/CAALFM_C600540WA/CAALFM_C600770CA/CAALFM_CR00060CA/MMS22/RAD51/PIF1/CAALFM_CR10180WA",13
"C2","GO:0000724","double-strand break repair via homologous recombination","19/753","38/6161",0.5,4.09096945551129,7.13138502543281,1.33078924281575e-08,7.70456930051225e-07,6.66500540446227e-07,"PSF2/CDC54/RFA1/CDC47/SGS1/MMS21/MPH1/CAALFM_C504790CA/RAD52/CAALFM_C600540WA/MCM6/RAD51/SMC5/CAALFM_CR03340CA/PPH3/MCM2/CDC45/SLD5/MCD1",19
"C2","GO:0065003","protein-containing complex assembly","56/753","219/6161",0.255707762557078,2.09218529231627,6.1407520276731,2.7483763392815e-08,1.51160698660483e-06,1.30764853195288e-06,"CHL4/CAALFM_C108660CA/CAALFM_C108910CA/CAALFM_C109620CA/GIN4/CAALFM_C112670CA/RPG1A/CAALFM_C200810CA/PRP39/SAM37/MDM10/SGO1/SMD2/CAALFM_C206950CA/CAALFM_C207800WA/CAALFM_C209290WA/CAALFM_C209360WA/CAALFM_C300960WA/CAALFM_C307630CA/MDN1/CAALFM_C401990WA/CAALFM_C402600CA/CAALFM_C403150WA/TUB4/CAALFM_C406410WA/CAALFM_C406450WA/CAALFM_C406800WA/CAALFM_C407100CA/CAALFM_C501140CA/CAC2/CAALFM_C600090WA/CAALFM_C601200WA/CAALFM_C701350CA/CAALFM_C702510WA/ISY1/CAALFM_CR01070WA/SEC65/RAD51/CAALFM_CR03340CA/CAALFM_CR03430WA/MCM2/CAALFM_CR04410WA/CAALFM_CR04650WA/BRF1/CAALFM_CR06740WA/POL2/CDC45/ASF1/CAALFM_CR08130WA/NUO1/DPB2/CAALFM_CR10180WA/CAALFM_CR10260WA/CAALFM_CR10280WA/CAALFM_CR10760CA/CAALFM_CR10820WA",56
"C2","GO:0000075","cell cycle checkpoint signaling","22/753","52/6161",0.423076923076923,3.46158953927878,6.65122668604363,4.55482045273823e-08,2.38585833238669e-06,2.0639386913661e-06,"ORC1/GIN4/GIN1/CAALFM_C112660WA/BUB2/SGO1/CSM3/DBF2/CAALFM_C208380CA/RAD50/RAD53/DOT1/CAALFM_C402700WA/BUB1/YBL053/CAALFM_C600540WA/CAALFM_C600770CA/GLE2/RFC2/CAALFM_C701270CA/CDC45/MPS1",22
"C2","GO:0006302","double-strand break repair","23/753","57/6161",0.403508771929825,3.30148412199157,6.51339851948838,6.54619841732245e-08,3.27309920866123e-06,2.83146572691842e-06,"PSF2/CDC54/RFA1/ESC4/CDC47/SGS1/RAD50/MMS21/MPH1/EXO1/CAALFM_C504790CA/RAD52/CAALFM_C600540WA/CAALFM_C600770CA/MCM6/RAD51/SMC5/CAALFM_CR03340CA/PPH3/MCM2/CDC45/SLD5/MCD1",23
"C2","GO:0000725","recombinational repair","19/753","42/6161",0.452380952380952,3.70135331689117,6.55443576603433,1.04104787297028e-07,4.97892460985788e-06,4.3071271266139e-06,"PSF2/CDC54/RFA1/CDC47/SGS1/MMS21/MPH1/CAALFM_C504790CA/RAD52/CAALFM_C600540WA/MCM6/RAD51/SMC5/CAALFM_CR03340CA/PPH3/MCM2/CDC45/SLD5/MCD1",19
"C2","GO:0000727","double-strand break repair via break-induced replication","9/753","11/6161",0.818181818181818,6.69431365447302,7.05293161090817,2.54870911416004e-07,1.16815834399002e-05,1.01054080666696e-05,"PSF2/CDC54/CDC47/CAALFM_C600540WA/MCM6/CAALFM_CR03340CA/MCM2/CDC45/SLD5",9
"C2","GO:0043933","protein-containing complex organization","59/753","251/6161",0.235059760956175,1.923244604583,5.57223471176237,2.9034659610535e-07,1.27752502286354e-05,1.10515083317573e-05,"CHL4/CAALFM_C105400CA/CAALFM_C108660CA/CAALFM_C108910CA/CAALFM_C109620CA/GIN4/CAALFM_C112670CA/RPG1A/POM152/CAALFM_C200810CA/PRP39/SAM37/MDM10/SGO1/SMD2/CAALFM_C206950CA/CAALFM_C207800WA/CAALFM_C209290WA/CAALFM_C209360WA/CAALFM_C300960WA/CAALFM_C307630CA/MDN1/CAALFM_C401990WA/CAALFM_C402600CA/CAALFM_C403150WA/TUB4/CAALFM_C406410WA/CAALFM_C406450WA/CAALFM_C406800WA/CAALFM_C407100CA/CAALFM_C501140CA/CAC2/CAALFM_C600090WA/CAALFM_C601200WA/CAALFM_C701350CA/CAALFM_C702510WA/ISY1/SPT6/CAALFM_CR01070WA/SEC65/RAD51/CAALFM_CR03340CA/CAALFM_CR03430WA/MCM2/CAALFM_CR04410WA/CAALFM_CR04650WA/BRF1/CAALFM_CR06740WA/POL2/CDC45/ASF1/CAALFM_CR08130WA/NUO1/DPB2/CAALFM_CR10180WA/CAALFM_CR10260WA/CAALFM_CR10280WA/CAALFM_CR10760CA/CAALFM_CR10820WA",59
"C2","GO:0006270","DNA replication initiation","15/753","31/6161",0.483870967741935,3.95900269888189,6.16262120044238,8.01946057299122e-07,3.39284870395782e-05,2.93505763481136e-05,"ORC1/CAALFM_C107260CA/CAALFM_C107490CA/CDC54/CAALFM_C208380CA/CDC47/POL1/PRI2/PSF1/MCM6/CAALFM_CR03340CA/MCM2/POL2/CDC45/DPB2",15
"C2","GO:0007093","mitotic cell cycle checkpoint signaling","18/753","43/6161",0.418604651162791,3.42499768368387,5.9540204544495,9.3834661478872e-07,3.8228936158059e-05,3.3070773480273e-05,"ORC1/GIN4/GIN1/CAALFM_C112660WA/BUB2/SGO1/DBF2/CAALFM_C208380CA/RAD50/RAD53/CAALFM_C402700WA/BUB1/CAALFM_C600540WA/CAALFM_C600770CA/GLE2/RFC2/CDC45/MPS1",18
"C2","GO:1901988","negative regulation of cell cycle phase transition","23/753","65/6161",0.353846153846154,2.89514761466953,5.73121558376417,1.06806943497574e-06,4.19598706597611e-05,3.62982995946641e-05,"ORC1/GIN4/GIN1/CAALFM_C112660WA/BUB2/SGO1/CSM3/DBF2/CAALFM_C208380CA/RAD50/RAD53/AHR1/DOT1/CAALFM_C402700WA/BUB1/YBL053/CAALFM_C600540WA/CAALFM_C600770CA/GLE2/RFC2/CAALFM_C701270CA/CDC45/MPS1",23
"C2","GO:0006526","L-arginine biosynthetic process","8/753","10/6161",0.8,6.54555112881806,6.54849277899418,1.72702875511229e-06,6.55079872628798e-05,5.66691105125773e-05,"ARG5%2C6/CPA1/ARG8/ARG3/ECM42/ARG4/ARG1/CPA2",8
"C2","GO:0010948","negative regulation of cell cycle process","23/753","71/6161",0.323943661971831,2.65048725286647,5.21917916036386,6.05762727479804e-06,0.000222113000075928,0.000192143686190085,"ORC1/GIN4/GIN1/CAALFM_C112660WA/BUB2/SGO1/CSM3/DBF2/CAALFM_C208380CA/RAD50/RAD53/AHR1/DOT1/CAALFM_C402700WA/BUB1/YBL053/CAALFM_C600540WA/CAALFM_C600770CA/GLE2/RFC2/CAALFM_C701270CA/CDC45/MPS1",23
"C2","GO:0000076","DNA replication checkpoint signaling","9/753","14/6161",0.642857142857143,5.25981787137166,5.95378222590051,6.57379850478798e-06,0.000233263817911832,0.000201789943916073,"ORC1/GIN1/CSM3/CAALFM_C208380CA/RAD53/CAALFM_C402700WA/YBL053/CAALFM_C600540WA/RFC2",9
"C2","GO:0045786","negative regulation of cell cycle","23/753","73/6161",0.315068493150685,2.57787116374684,5.06017049762976,1.02192825116615e-05,0.000351287836338362,0.000303889190478354,"ORC1/GIN4/GIN1/CAALFM_C112660WA/BUB2/SGO1/CSM3/DBF2/CAALFM_C208380CA/RAD50/RAD53/AHR1/DOT1/CAALFM_C402700WA/BUB1/YBL053/CAALFM_C600540WA/CAALFM_C600770CA/GLE2/RFC2/CAALFM_C701270CA/CDC45/MPS1",23
"C2","GO:0008380","RNA splicing","28/753","99/6161",0.282828282828283,2.31408373241043,4.91815456087959,1.17504894844865e-05,0.000391682982816218,0.000338833891354891,"SEN15/CAALFM_C104120CA/CAALFM_C104790WA/CAALFM_C108660CA/BUD31/CAALFM_C111680CA/CAALFM_C112630CA/CAALFM_C112670CA/CAALFM_C114410WA/PRP39/CAALFM_C205540CA/CAALFM_C205670CA/SMD2/CAALFM_C206790WA/TPT1/CAALFM_C305150WA/CAALFM_C305800WA/CAALFM_C403150WA/CAALFM_C406410WA/CAALFM_C407100CA/CAALFM_C500920WA/CAALFM_C601200WA/CAALFM_C702510WA/ISY1/SNP3/CAALFM_CR07510WA/PRP8/CAALFM_CR10820WA",28
"C2","GO:0031570","DNA integrity checkpoint signaling","14/753","33/6161",0.424242424242424,3.47112559861564,5.31082405831762,1.28554002971822e-05,0.000415910009614718,0.000359792008317422,"ORC1/GIN1/CSM3/CAALFM_C208380CA/RAD50/RAD53/DOT1/CAALFM_C402700WA/YBL053/CAALFM_C600540WA/CAALFM_C600770CA/RFC2/CAALFM_C701270CA/CDC45",14
"C2","GO:1901987","regulation of cell cycle phase transition","25/753","85/6161",0.294117647058824,2.40645262088899,4.8718643743663,1.64109468001728e-05,0.000515772613719718,0.00044618032804079,"ORC1/GIN4/GIN1/CAALFM_C112660WA/BUB2/SGO1/CSM3/DBF2/CAALFM_C208380CA/RAD50/RAD53/AHR1/DOT1/CAALFM_C402700WA/BUB1/ZDS1/YBL053/CCN1/CAALFM_C600540WA/CAALFM_C600770CA/GLE2/RFC2/CAALFM_C701270CA/CDC45/MPS1",25
"C2","GO:0022607","cellular component assembly","71/753","360/6161",0.197222222222222,1.61366017411834,4.47710478825758,1.83635405660912e-05,0.000561108183963899,0.000485398850051067,"LRO1/SEP7/CHL4/CAALFM_C108660CA/CAALFM_C108910CA/CAALFM_C109620CA/GIN4/CAALFM_C112670CA/RPG1A/MYO2/CAALFM_C200810CA/PRP39/SAM37/BUB2/CAALFM_C204730WA/MDM10/SGO1/SMD2/DBF2/CAALFM_C206950CA/CAALFM_C207800WA/CAALFM_C209290WA/CAALFM_C209360WA/KAR3/CAALFM_C209920WA/CAALFM_C210470CA/CAALFM_C300960WA/RAD53/CAALFM_C307630CA/MDN1/BEM1/CAALFM_C401990WA/CAALFM_C402600CA/CAALFM_C403150WA/EDC3/TUB4/CAALFM_C406410WA/CAALFM_C406450WA/CAALFM_C406800WA/CAALFM_C407100CA/CAALFM_C501140CA/CAC2/PGA4/CAALFM_C600090WA/CAALFM_C601200WA/CAALFM_C701350CA/CAALFM_C702510WA/ISY1/CAALFM_CR01070WA/SEC65/RAD51/CAALFM_CR03340CA/CAALFM_CR03430WA/MCM2/CAALFM_CR04410WA/CAALFM_CR04650WA/BRF1/CAALFM_CR06520CA/CAALFM_CR06740WA/POL2/YPT31/CDC45/ASF1/CAALFM_CR08130WA/NUO1/DPB2/CAALFM_CR10180WA/CAALFM_CR10260WA/CAALFM_CR10280WA/CAALFM_CR10760CA/CAALFM_CR10820WA",71
"C2","GO:0000280","nuclear division","30/753","113/6161",0.265486725663717,2.17219617106794,4.69248757829174,2.26197188758876e-05,0.000672478128742604,0.000581741845342884,"ESP1/SEP7/DAM1/GIN4/CAALFM_C112660WA/BUB2/SGO1/DBF2/PDS5/KAR3/RAD50/YCG1/BUB1/TUB4/BRN1/MPH1/TOP2/SMC4/INT1/CAC2/CAALFM_C504790CA/CAALFM_C600540WA/CAALFM_C600770CA/GLE2/RAD51/CAALFM_CR02210WA/CAALFM_CR06740WA/CAALFM_CR06920WA/MPS1/CAALFM_CR10180WA",30
"C2","GO:0051726","regulation of cell cycle","35/753","141/6161",0.24822695035461,2.03097774387085,4.62093759529272,2.34881838706408e-05,0.000679921112044865,0.000588180560084745,"NRM1/ESP1/ORC1/GIN4/GIN1/CAALFM_C112660WA/BUB2/SGO1/CSM3/DBF2/CAALFM_C208380CA/CAALFM_C300790WA/RAD50/RAD53/AHR1/DOT1/CAALFM_C402700WA/BUB1/ZDS1/CAALFM_C406590WA/YBL053/CCN1/HSL1/CAALFM_C600540WA/CAALFM_C600770CA/GLE2/RFC2/CAALFM_C701270CA/CLB4/CAALFM_CR02210WA/SSU72/CAALFM_CR05100WA/YPT31/CDC45/MPS1",35
"C2","GO:0006525","arginine metabolic process","8/753","13/6161",0.615384615384615,5.03503932986005,5.43402987377598,3.51531881064922e-05,0.000975163366660524,0.000843586299962789,"ARG5%2C6/CPA1/ARG8/ARG3/ECM42/ARG4/ARG1/CPA2",8
"C2","GO:0048285","organelle fission","31/753","121/6161",0.256198347107438,2.09619922513802,4.5439464991916,3.54604860603827e-05,0.000975163366660524,0.000843586299962789,"ESP1/SEP7/DAM1/GIN4/CAALFM_C112660WA/BUB2/SGO1/DBF2/PDS5/KAR3/RAD50/YCG1/CAALFM_C302270WA/BUB1/TUB4/BRN1/MPH1/TOP2/SMC4/INT1/CAC2/CAALFM_C504790CA/CAALFM_C600540WA/CAALFM_C600770CA/GLE2/RAD51/CAALFM_CR02210WA/CAALFM_CR06740WA/CAALFM_CR06920WA/MPS1/CAALFM_CR10180WA",31
"C2","GO:0045930","negative regulation of mitotic cell cycle","19/753","60/6161",0.316666666666667,2.59094732182382,4.62062172033362,5.53934705878562e-05,0.00146544952714939,0.0012677190167876,"ORC1/GIN4/GIN1/CAALFM_C112660WA/BUB2/SGO1/DBF2/CAALFM_C208380CA/RAD50/RAD53/AHR1/CAALFM_C402700WA/BUB1/CAALFM_C600540WA/CAALFM_C600770CA/GLE2/RFC2/CDC45/MPS1",19
"C2","GO:0044770","cell cycle phase transition","28/753","107/6161",0.261682242990654,2.1410681262489,4.44274879267828,5.59535274002494e-05,0.00146544952714939,0.0012677190167876,"ORC1/SWI6/GIN4/GIN1/CAALFM_C112660WA/BUB2/SGO1/CSM3/DBF2/CAALFM_C208380CA/RAD50/RAD53/AHR1/DOT1/CAALFM_C402700WA/BUB1/ZDS1/YBL053/CCN1/HSL1/CAALFM_C600540WA/CAALFM_C600770CA/GLE2/RFC2/CAALFM_C701270CA/CLB4/CDC45/MPS1",28
"C2","GO:1903046","meiotic cell cycle process","24/753","87/6161",0.275862068965517,2.25708659614416,4.4061261887961,7.6251620182232e-05,0.00195062284187105,0.00168742875507314,"ESP1/CDC54/RFA1/PDS5/CDC47/KAR3/RAD50/RAD53/BUB1/TUB4/MPH1/TOP2/HYS2/CAALFM_C504790CA/PGA4/CAALFM_C600540WA/CAALFM_C600770CA/MCM6/RAD51/MCM2/POL2/YPT31/MPS1/CAALFM_CR10180WA",24
"C2","GO:0000377","RNA splicing, via transesterification reactions with bulged adenosine as nucleophile","24/753","89/6161",0.269662921348315,2.2063655490398,4.27737720705607,0.000112934527401023,0.00276062178091389,0.00238813597124034,"CAALFM_C104120CA/CAALFM_C104790WA/CAALFM_C108660CA/BUD31/CAALFM_C111680CA/CAALFM_C112630CA/CAALFM_C112670CA/CAALFM_C114410WA/PRP39/CAALFM_C205540CA/SMD2/CAALFM_C206790WA/CAALFM_C305150WA/CAALFM_C403150WA/CAALFM_C406410WA/CAALFM_C407100CA/CAALFM_C500920WA/CAALFM_C601200WA/CAALFM_C702510WA/ISY1/SNP3/CAALFM_CR07510WA/PRP8/CAALFM_CR10820WA",24
"C2","GO:0000398","mRNA splicing, via spliceosome","24/753","89/6161",0.269662921348315,2.2063655490398,4.27737720705607,0.000112934527401023,0.00276062178091389,0.00238813597124034,"CAALFM_C104120CA/CAALFM_C104790WA/CAALFM_C108660CA/BUD31/CAALFM_C111680CA/CAALFM_C112630CA/CAALFM_C112670CA/CAALFM_C114410WA/PRP39/CAALFM_C205540CA/SMD2/CAALFM_C206790WA/CAALFM_C305150WA/CAALFM_C403150WA/CAALFM_C406410WA/CAALFM_C407100CA/CAALFM_C500920WA/CAALFM_C601200WA/CAALFM_C702510WA/ISY1/SNP3/CAALFM_CR07510WA/PRP8/CAALFM_CR10820WA",24
"C2","GO:0010564","regulation of cell cycle process","29/753","117/6161",0.247863247863248,2.02800195230474,4.18884359906579,0.000119628092720273,0.0028606717824413,0.00247468640318367,"ESP1/ORC1/GIN4/GIN1/CAALFM_C112660WA/BUB2/SGO1/CSM3/DBF2/CAALFM_C208380CA/RAD50/RAD53/AHR1/DOT1/CAALFM_C402700WA/BUB1/ZDS1/YBL053/CCN1/CAALFM_C600540WA/CAALFM_C600770CA/GLE2/RFC2/CAALFM_C701270CA/CAALFM_CR02210WA/SSU72/YPT31/CDC45/MPS1",29
"C2","GO:0000375","RNA splicing, via transesterification reactions","24/753","90/6161",0.266666666666667,2.18185037627269,4.21427759069064,0.000136598502994587,0.00318382188891729,0.00275423443787677,"CAALFM_C104120CA/CAALFM_C104790WA/CAALFM_C108660CA/BUD31/CAALFM_C111680CA/CAALFM_C112630CA/CAALFM_C112670CA/CAALFM_C114410WA/PRP39/CAALFM_C205540CA/SMD2/CAALFM_C206790WA/CAALFM_C305150WA/CAALFM_C403150WA/CAALFM_C406410WA/CAALFM_C407100CA/CAALFM_C500920WA/CAALFM_C601200WA/CAALFM_C702510WA/ISY1/SNP3/CAALFM_CR07510WA/PRP8/CAALFM_CR10820WA",24
"C2","GO:0009084","glutamine family amino acid biosynthetic process","8/753","15/6161",0.533333333333333,4.36370075254537,4.86671827683705,0.000140234091124439,0.00318382188891729,0.00275423443787677,"ARG5%2C6/CPA1/ARG8/ARG3/ECM42/ARG4/ARG1/CPA2",8
"C2","GO:1901991","negative regulation of mitotic cell cycle phase transition","16/753","49/6161",0.326530612244898,2.67165352196656,4.38351137244643,0.000141824793233588,0.00318382188891729,0.00275423443787677,"ORC1/GIN4/GIN1/CAALFM_C112660WA/BUB2/SGO1/DBF2/CAALFM_C208380CA/RAD53/AHR1/CAALFM_C402700WA/BUB1/CAALFM_C600540WA/GLE2/RFC2/MPS1",16
"C2","GO:0051321","meiotic cell cycle","25/753","96/6161",0.260416666666667,2.1307132580788,4.16622001621974,0.000150690274511977,0.0033151860392635,0.00286787385597532,"ESP1/CDC54/RFA1/PDS5/CDC47/KAR3/RAD50/RAD53/BUB1/TUB4/MPH1/TOP2/HYS2/CAALFM_C504790CA/PGA4/CAALFM_C600540WA/CAALFM_C600770CA/MCM6/RAD51/MCM2/CAALFM_CR06740WA/POL2/YPT31/MPS1/CAALFM_CR10180WA",25
"C2","GO:0033314","mitotic DNA replication checkpoint signaling","7/753","12/6161",0.583333333333333,4.7727976980965,4.88114150001516,0.000180095310004845,0.00388440864716332,0.00336029226510588,"ORC1/GIN1/CAALFM_C208380CA/RAD53/CAALFM_C402700WA/CAALFM_C600540WA/RFC2",7
"C2","GO:0016071","mRNA metabolic process","38/753","173/6161",0.219653179190751,1.79718889375062,3.96837676379663,0.00018473489293301,0.00390785350435214,0.00338057374921946,"CAALFM_C101470WA/RPB7/CAALFM_C104120CA/CAALFM_C104790WA/CAALFM_C108660CA/CAALFM_C109790CA/BUD31/CAALFM_C111090CA/CAALFM_C111680CA/CAALFM_C112630CA/CAALFM_C112670CA/CAALFM_C114410WA/PRP39/CAALFM_C205540CA/SMD2/CAALFM_C206790WA/MSU1/CAALFM_C302160CA/CAALFM_C305150WA/CAALFM_C403150WA/RRP42/EDC3/CAALFM_C406410WA/CAALFM_C407100CA/CAALFM_C500920WA/CAALFM_C601200WA/CAALFM_C602350CA/CAALFM_C700250CA/CAALFM_C702510WA/ISY1/CAALFM_C703840WA/SSU72/SNP3/CAALFM_CR05160CA/CAALFM_CR06680CA/CAALFM_CR07510WA/PRP8/CAALFM_CR10820WA",38
"C2","GO:0006397","mRNA processing","26/753","103/6161",0.252427184466019,2.0653438027824,4.0683027518969,0.000193866488683659,0.00402364410475518,0.00348074092889826,"CAALFM_C104120CA/CAALFM_C104790WA/CAALFM_C108660CA/BUD31/CAALFM_C111090CA/CAALFM_C111680CA/CAALFM_C112630CA/CAALFM_C112670CA/CAALFM_C114410WA/PRP39/CAALFM_C205540CA/SMD2/CAALFM_C206790WA/CAALFM_C305150WA/CAALFM_C403150WA/CAALFM_C406410WA/CAALFM_C407100CA/CAALFM_C500920WA/CAALFM_C601200WA/CAALFM_C702510WA/ISY1/SSU72/SNP3/CAALFM_CR07510WA/PRP8/CAALFM_CR10820WA",26
"C2","GO:0007346","regulation of mitotic cell cycle","23/753","87/6161",0.264367816091954,2.16304132130482,4.07649468236436,0.000215537685416164,0.00439058248069963,0.00379816895938035,"ORC1/GIN4/GIN1/CAALFM_C112660WA/BUB2/SGO1/DBF2/CAALFM_C208380CA/RAD50/RAD53/AHR1/CAALFM_C402700WA/BUB1/ZDS1/CCN1/CAALFM_C600540WA/CAALFM_C600770CA/GLE2/RFC2/CLB4/CAALFM_CR02210WA/CDC45/MPS1",23
"C2","GO:1902975","mitotic DNA replication initiation","8/753","16/6161",0.5,4.09096945551129,4.61916274559525,0.000250590088790052,0.00501180177580104,0.00433556823475995,"CAALFM_C107490CA/CDC54/POL1/PRI2/PSF1/MCM2/POL2/DPB2",8
"C2","GO:0044774","mitotic DNA integrity checkpoint signaling","10/753","24/6161",0.416666666666667,3.40914121292607,4.41224194616972,0.000274467888117621,0.00539133351659613,0.00466389042966785,"ORC1/GIN1/CAALFM_C208380CA/RAD50/RAD53/CAALFM_C402700WA/CAALFM_C600540WA/CAALFM_C600770CA/RFC2/CDC45",10
"C2","GO:0000819","sister chromatid segregation","19/753","67/6161",0.283582089552239,2.32025133297655,4.0542665083377,0.00028445674135494,0.00548951606123569,0.00474882537737518,"ESP1/DAM1/CAALFM_C112660WA/BUB2/SGO1/DBF2/PDS5/KAR3/YCG1/BUB1/TUB4/BRN1/TOP2/SMC4/CAC2/GLE2/CAALFM_CR06740WA/CAALFM_CR06920WA/MPS1",19
"C2","GO:0007017","microtubule-based process","21/753","78/6161",0.269230769230769,2.20282970681377,3.98898167633168,0.000305905483250165,0.00580165571681347,0.00501884858181758,"ESP1/DAM1/CAALFM_C112660WA/CAALFM_C204730WA/DBF2/KAR3/KIP2/DYN1/CAALFM_C307770CA/ASK1/DUO1/SPC34/TUB4/MYO1/CAALFM_C504890CA/CAALFM_CR01070WA/CAALFM_CR02690WA/CAALFM_CR06740WA/YPT31/DAD4/CAALFM_CR10530WA",21
"C2","GO:0000070","mitotic sister chromatid segregation","18/753","63/6161",0.285714285714286,2.33769683172074,3.98202301581079,0.000369415062320486,0.0066692870072569,0.00576941191823946,"ESP1/DAM1/CAALFM_C112660WA/BUB2/SGO1/DBF2/KAR3/YCG1/BUB1/TUB4/BRN1/TOP2/SMC4/CAC2/GLE2/CAALFM_CR06740WA/CAALFM_CR06920WA/MPS1",18
"C2","GO:0051656","establishment of organelle localization","18/753","63/6161",0.285714285714286,2.33769683172074,3.98202301581079,0.000369415062320486,0.0066692870072569,0.00576941191823946,"DAM1/CAALFM_C112660WA/MYO2/MDM10/SGO1/DBF2/PDS5/KAR3/MTR2/DYN1/ASK1/BUB1/SPC34/BRN1/MYO1/CAALFM_CR01070WA/CAALFM_CR06740WA/CAALFM_CR06920WA",18
"C2","GO:0098813","nuclear chromosome segregation","21/753","79/6161",0.265822784810127,2.17494578647436,3.9217298031332,0.000369842279493337,0.0066692870072569,0.00576941191823946,"ESP1/DAM1/CAALFM_C112660WA/BUB2/SGO1/DBF2/PDS5/KAR3/YCG1/ASK1/BUB1/SPC34/TUB4/BRN1/TOP2/SMC4/CAC2/GLE2/CAALFM_CR06740WA/CAALFM_CR06920WA/MPS1",21
"C2","GO:0071897","DNA biosynthetic process","9/753","21/6161",0.428571428571429,3.5065452475811,4.29309514254816,0.000434285320091054,0.00770506213064774,0.00666543173790005,"POL32/RFA1/CAALFM_C300830CA/RAD50/POL1/HYS2/EST1/POL3/DPB2",9
"C2","GO:0071824","protein-DNA complex organization","16/753","54/6161",0.296296296296296,2.42427819585854,3.92235816699273,0.000495466337248447,0.00863110105173991,0.00746652186676831,"CHL4/SGO1/CAALFM_C307630CA/CAALFM_C402600CA/CAALFM_C406450WA/CAC2/SPT6/RAD51/CAALFM_CR03340CA/MCM2/BRF1/POL2/CDC45/ASF1/DPB2/CAALFM_CR10180WA",16
"C2","GO:0065004","protein-DNA complex assembly","15/753","49/6161",0.306122448979592,2.50467517684365,3.94565061650612,0.000502173152101231,0.00863110105173991,0.00746652186676831,"CHL4/SGO1/CAALFM_C307630CA/CAALFM_C402600CA/CAALFM_C406450WA/CAC2/RAD51/CAALFM_CR03340CA/MCM2/BRF1/POL2/CDC45/ASF1/DPB2/CAALFM_CR10180WA",15
"C2","GO:0042770","signal transduction in response to DNA damage","11/753","30/6161",0.366666666666667,3.00004426737494,4.09735959181079,0.000510932794941664,0.00864655499132047,0.00747989063363991,"GIN1/CAALFM_C208380CA/RAD50/CAALFM_C302160CA/RAD53/DOT1/CAALFM_C402700WA/CAALFM_C600540WA/CAALFM_C600770CA/CAALFM_C701270CA/CDC45",11
"C2","GO:0044818","mitotic G2/M transition checkpoint","7/753","14/6161",0.5,4.09096945551129,4.32012812770766,0.000625129863530415,0.0102633261176635,0.00887851369413189,"ORC1/GIN1/CAALFM_C208380CA/RAD53/CAALFM_C402700WA/CAALFM_C600540WA/RFC2",7
"C2","GO:0070914","UV-damage excision repair","7/753","14/6161",0.5,4.09096945551129,4.32012812770766,0.000625129863530415,0.0102633261176635,0.00887851369413189,"POL32/RFC3/HYS2/RFC2/POL3/CAALFM_CR04560CA/RFC4",7
"C2","GO:0035825","homologous recombination","11/753","31/6161",0.354838709677419,2.90326864584672,3.96387732646013,0.000705804817127205,0.011417430865293,0.00987689713131568,"RAD50/POL1/MPH1/TOP2/MSH2/YBL053/RAD52/CAALFM_C600540WA/CAALFM_C600770CA/RAD51/CAALFM_CR10180WA",11
"C2","GO:0006325","chromatin organization","28/753","124/6161",0.225806451612903,1.84753459281155,3.55735486635583,0.000802153400244935,0.0127879527575279,0.0110624969309141,"CHL4/CAALFM_C107340WA/NRP1/CAALFM_C113320CA/DPB4/CAALFM_C201570WA/SGO1/CAALFM_C205510CA/SMC2/SMC3/DOT1/CAALFM_C307630CA/CAALFM_C402600CA/CAALFM_C406450WA/CAALFM_C406800WA/CAALFM_C500950CA/CAALFM_C502780WA/CAC2/ASH2/TRA1/ARP4/SPT6/HDA1/SSU72/SMC1/MCM2/POL2/ASF1",28
"C2","GO:0140014","mitotic nuclear division","20/753","78/6161",0.256410256410256,2.09793305410835,3.64110963494451,0.000836502388498768,0.0127959103023279,0.0110693807782817,"ESP1/DAM1/GIN4/CAALFM_C112660WA/BUB2/SGO1/DBF2/KAR3/YCG1/BUB1/TUB4/BRN1/TOP2/SMC4/CAC2/GLE2/CAALFM_CR02210WA/CAALFM_CR06740WA/CAALFM_CR06920WA/MPS1",20
"C2","GO:0000723","telomere maintenance","10/753","27/6161",0.37037037037037,3.03034774482318,3.94502651412305,0.000837550492516008,0.0127959103023279,0.0110693807782817,"RFA1/TBF1/RAP1/RAD50/EST1/RAD52/CAALFM_CR00060CA/RAD51/SSU72/PIF1",10
"C2","GO:0032200","telomere organization","10/753","27/6161",0.37037037037037,3.03034774482318,3.94502651412305,0.000837550492516008,0.0127959103023279,0.0110693807782817,"RFA1/TBF1/RAP1/RAD50/EST1/RAD52/CAALFM_CR00060CA/RAD51/SSU72/PIF1",10
"C2","GO:0007059","chromosome segregation","22/753","90/6161",0.244444444444444,2.0000295115833,3.56593528699136,0.000944070797312257,0.0142257243430614,0.0123062725417488,"ESP1/DAM1/CAALFM_C112660WA/BUB2/SGO1/DBF2/PDS5/KAR3/YCG1/ASK1/BUB1/SPC34/TUB4/BRN1/TOP2/SMC4/CAC2/GLE2/CAALFM_CR01070WA/CAALFM_CR06740WA/CAALFM_CR06920WA/MPS1",22
"C2","GO:0140053","mitochondrial gene expression","15/753","52/6161",0.288461538461538,2.3601746858719,3.67519849430413,0.00100473233305667,0.0146323650115749,0.0126580459047499,"HFL1/CAALFM_C105400CA/MTO1/CAALFM_C108910CA/CAALFM_C112610WA/CAALFM_C202120WA/MSU1/CAALFM_C209360WA/CAALFM_C400810CA/CAALFM_C501140CA/CAALFM_C503290CA/CAALFM_C504710WA/CAALFM_C603200WA/NAM2/CAALFM_CR03400WA",15
"C2","GO:0050000","chromosome localization","12/753","37/6161",0.324324324324324,2.6536018089803,3.7642955340148,0.00102535979101395,0.0146323650115749,0.0126580459047499,"DAM1/CAALFM_C112660WA/ESC4/SGO1/PDS5/KAR3/ASK1/BUB1/SPC34/BRN1/CAALFM_CR01070WA/CAALFM_CR06920WA",12
"C2","GO:0007533","mating type switching","7/753","15/6161",0.466666666666667,3.8182381584772,4.07752418046158,0.00104941366438564,0.0146323650115749,0.0126580459047499,"CAALFM_C105800CA/RAD50/POL1/MSH2/YBL053/RAD52/RAD51",7
"C2","GO:0007062","sister chromatid cohesion","8/753","19/6161",0.421052631578947,3.44502690990424,3.98267658217082,0.00105086985083129,0.0146323650115749,0.0126580459047499,"CAALFM_C110630CA/IRR1/PDS5/SMC3/BUB1/DCC1/SMC1/MCD1",8
"C2","GO:1902292","cell cycle DNA replication initiation","8/753","19/6161",0.421052631578947,3.44502690990424,3.98267658217082,0.00105086985083129,0.0146323650115749,0.0126580459047499,"CAALFM_C107490CA/CDC54/POL1/PRI2/PSF1/MCM2/POL2/DPB2",8
"C2","GO:1902315","nuclear cell cycle DNA replication initiation","8/753","19/6161",0.421052631578947,3.44502690990424,3.98267658217082,0.00105086985083129,0.0146323650115749,0.0126580459047499,"CAALFM_C107490CA/CDC54/POL1/PRI2/PSF1/MCM2/POL2/DPB2",8
"C2","GO:0000077","DNA damage checkpoint signaling","10/753","28/6161",0.357142857142857,2.92212103965092,3.80358186959031,0.0011623209140189,0.0157846050051949,0.0136548161958815,"GIN1/CAALFM_C208380CA/RAD50/RAD53/DOT1/CAALFM_C402700WA/CAALFM_C600540WA/CAALFM_C600770CA/CAALFM_C701270CA/CDC45",10
"C2","GO:0051310","metaphase chromosome alignment","10/753","28/6161",0.357142857142857,2.92212103965092,3.80358186959031,0.0011623209140189,0.0157846050051949,0.0136548161958815,"DAM1/CAALFM_C112660WA/SGO1/PDS5/KAR3/ASK1/BUB1/SPC34/BRN1/CAALFM_CR06920WA",10
"C2","GO:0006399","tRNA metabolic process","28/753","127/6161",0.220472440944882,1.80389204337506,3.41559556106483,0.00118951415270933,0.015956897170491,0.0138038612843291,"SEN15/CAALFM_C104030WA/MTO1/CAALFM_C108140WA/CAALFM_C109790CA/UBA4/CAALFM_C111160CA/CAALFM_C201510CA/CAALFM_C202420CA/CAALFM_C205670CA/VAS1/TPT1/CAALFM_C302840WA/CAALFM_C305800WA/CAALFM_C400810CA/RRP42/CAALFM_C500620WA/SNM1/CAALFM_C502440CA/CAALFM_C504710WA/CAALFM_C602350CA/NAM2/ALA1/GLN4/CAALFM_C703990CA/CAALFM_CR03160WA/CAALFM_CR03400WA/CAALFM_CR08940WA",28
"C2","GO:1901990","regulation of mitotic cell cycle phase transition","18/753","69/6161",0.260869565217391,2.13441884635372,3.53579871530538,0.00120926791673856,0.0160264422700291,0.0138640227867046,"ORC1/GIN4/GIN1/CAALFM_C112660WA/BUB2/SGO1/DBF2/CAALFM_C208380CA/RAD53/AHR1/CAALFM_C402700WA/BUB1/ZDS1/CCN1/CAALFM_C600540WA/GLE2/RFC2/MPS1",18
"C2","GO:0008608","attachment of spindle microtubules to kinetochore","9/753","24/6161",0.375,3.06822709163347,3.78787191010119,0.00137529216597848,0.0180097783640039,0.0155797508526885,"DAM1/CAALFM_C112660WA/SGO1/PDS5/ASK1/BUB1/SPC34/BRN1/CAALFM_CR06920WA",9
"C2","GO:0031573","mitotic intra-S DNA damage checkpoint signaling","6/753","12/6161",0.5,4.09096945551129,3.99901094410324,0.0015720506319305,0.0203441846485124,0.0175991798299093,"RAD50/RAD53/CAALFM_C402700WA/CAALFM_C600540WA/CAALFM_C600770CA/CDC45",6
"C2","GO:0048519","negative regulation of biological process","62/753","353/6161",0.175637393767705,1.43705442629858,3.15557912559163,0.00163963947523181,0.0209721328227324,0.0181424000686604,"CAALFM_C101470WA/RPB7/ORC1/CAALFM_C107340WA/NRP1/CAT8/CAALFM_C109790CA/SFU1/GIN4/GIN1/CAALFM_C112660WA/CAALFM_C113320CA/DPB4/BUB2/CAK1/SGO1/CSM3/DBF2/RHO2/CAALFM_C208380CA/MSU1/RAP1/RAD50/CAALFM_C302160CA/RAD53/PKC1/WOR2/AHR1/DOT1/CAALFM_C402700WA/BUB1/RRP42/SOH1/EDC3/GAT1/CAALFM_C500950CA/YBL053/CCN1/CAALFM_C502780WA/HSL1/ASH2/RAD52/CAALFM_C600540WA/CAALFM_C600770CA/TRA1/GLE2/CAALFM_C700250CA/RFC2/CAALFM_C701270CA/CAALFM_C702510WA/CAALFM_C702670WA/CAALFM_C703840WA/LRG1/HDA1/RAD51/CAALFM_CR02210WA/SSU72/CAALFM_CR05160CA/CAALFM_CR06680CA/POL2/CDC45/MPS1",62
"C2","GO:0000226","microtubule cytoskeleton organization","17/753","66/6161",0.257575757575758,2.10746911344521,3.37509684041473,0.00190428018223294,0.0240771057523705,0.0208284244977444,"ESP1/DAM1/CAALFM_C204730WA/DBF2/KAR3/DYN1/CAALFM_C307770CA/ASK1/DUO1/SPC34/TUB4/CAALFM_C504890CA/CAALFM_CR01070WA/CAALFM_CR02690WA/CAALFM_CR06740WA/YPT31/DAD4",17
"C2","GO:0044180","filamentous growth of a unicellular organism","21/753","89/6161",0.235955056179775,1.93056985540982,3.29949598798774,0.00196918183732481,0.0246147729665601,0.0212935452265745,"CAALFM_C108660CA/CAALFM_C109670CA/BUD31/GIN4/CAALFM_C114410WA/CAALFM_C202900WA/CAALFM_C205540CA/SMD2/RAD53/ZFU2/CAALFM_C406410WA/CAALFM_C407100CA/CAALFM_C502440CA/CAALFM_C503400CA/CAALFM_C702510WA/CAALFM_CR01700CA/CAALFM_CR02210WA/SNP3/CAALFM_CR07510WA/PRP8/CAALFM_CR10820WA",21
"C2","GO:0008033","tRNA processing","18/753","72/6161",0.25,2.04548472775564,3.32951102272344,0.00204087174862515,0.0252242575672771,0.0218207931491086,"SEN15/MTO1/CAALFM_C108140WA/UBA4/CAALFM_C111160CA/CAALFM_C201510CA/CAALFM_C202420CA/CAALFM_C205670CA/TPT1/CAALFM_C302840WA/CAALFM_C305800WA/CAALFM_C400810CA/CAALFM_C500620WA/SNM1/CAALFM_C602350CA/CAALFM_C703990CA/CAALFM_CR03160WA/CAALFM_CR08940WA",18
"C2","GO:1902850","microtubule cytoskeleton organization involved in mitosis","13/753","45/6161",0.288888888888889,2.36367124096208,3.42571873503915,0.00211747471193704,0.025613739637752,0.022157723093328,"ESP1/DAM1/DBF2/KAR3/DYN1/ASK1/DUO1/SPC34/TUB4/CAALFM_C504890CA/CAALFM_CR01070WA/CAALFM_CR06740WA/DAD4",13
"C2","GO:0051303","establishment of chromosome localization","10/753","30/6161",0.333333333333333,2.72731297034086,3.53863286054884,0.00211895482457766,0.025613739637752,0.022157723093328,"DAM1/CAALFM_C112660WA/SGO1/PDS5/KAR3/ASK1/BUB1/SPC34/BRN1/CAALFM_CR06920WA",10
"C2","GO:0051640","organelle localization","19/753","78/6161",0.243589743589744,1.99303640140294,3.29323759355734,0.00214749552713084,0.0256765769548252,0.0222120818824517,"DAM1/CAALFM_C112660WA/MYO2/ESC4/MDM10/SGO1/DBF2/PDS5/KAR3/MTR2/DYN1/ASK1/BUB1/SPC34/BRN1/MYO1/CAALFM_CR01070WA/CAALFM_CR06740WA/CAALFM_CR06920WA",19
"C2","GO:0009411","response to UV","8/753","21/6161",0.380952380952381,3.11692910896098,3.62577858252093,0.00226260556997749,0.0259256888226587,0.0224275815269698,"POL32/RFC3/HYS2/RAD52/RFC2/POL3/CAALFM_CR04560CA/RFC4",8
"C2","GO:0034644","cellular response to UV","8/753","21/6161",0.380952380952381,3.11692910896098,3.62577858252093,0.00226260556997749,0.0259256888226587,0.0224275815269698,"POL32/RFC3/HYS2/RAD52/RFC2/POL3/CAALFM_CR04560CA/RFC4",8
"C2","GO:0044773","mitotic DNA damage checkpoint signaling","8/753","21/6161",0.380952380952381,3.11692910896098,3.62577858252093,0.00226260556997749,0.0259256888226587,0.0224275815269698,"GIN1/CAALFM_C208380CA/RAD50/RAD53/CAALFM_C402700WA/CAALFM_C600540WA/CAALFM_C600770CA/CDC45",8
"C2","GO:0071482","cellular response to light stimulus","8/753","21/6161",0.380952380952381,3.11692910896098,3.62577858252093,0.00226260556997749,0.0259256888226587,0.0224275815269698,"POL32/RFC3/HYS2/RAD52/RFC2/POL3/CAALFM_CR04560CA/RFC4",8
"C2","GO:0007530","sex determination","7/753","17/6161",0.411764705882353,3.36903366924459,3.64955231052661,0.00254413022043336,0.026442517237165,0.0228746751984662,"CAALFM_C105800CA/RAD50/POL1/MSH2/YBL053/RAD52/RAD51",7
"C2","GO:0007531","mating type determination","7/753","17/6161",0.411764705882353,3.36903366924459,3.64955231052661,0.00254413022043336,0.026442517237165,0.0228746751984662,"CAALFM_C105800CA/RAD50/POL1/MSH2/YBL053/RAD52/RAD51",7
"C2","GO:0006312","mitotic recombination","6/753","13/6161",0.461538461538462,3.77627949739504,3.7388447778326,0.00262021307168272,0.026442517237165,0.0228746751984662,"RAD50/POL1/MSH2/YBL053/RAD52/RAD51",6
"C2","GO:0007094","mitotic spindle assembly checkpoint signaling","6/753","13/6161",0.461538461538462,3.77627949739504,3.7388447778326,0.00262021307168272,0.026442517237165,0.0228746751984662,"CAALFM_C112660WA/BUB2/SGO1/BUB1/GLE2/MPS1",6
"C2","GO:0033046","negative regulation of sister chromatid segregation","6/753","13/6161",0.461538461538462,3.77627949739504,3.7388447778326,0.00262021307168272,0.026442517237165,0.0228746751984662,"CAALFM_C112660WA/BUB2/SGO1/BUB1/GLE2/MPS1",6
"C2","GO:0033048","negative regulation of mitotic sister chromatid segregation","6/753","13/6161",0.461538461538462,3.77627949739504,3.7388447778326,0.00262021307168272,0.026442517237165,0.0228746751984662,"CAALFM_C112660WA/BUB2/SGO1/BUB1/GLE2/MPS1",6
"C2","GO:0045839","negative regulation of mitotic nuclear division","6/753","13/6161",0.461538461538462,3.77627949739504,3.7388447778326,0.00262021307168272,0.026442517237165,0.0228746751984662,"CAALFM_C112660WA/BUB2/SGO1/BUB1/GLE2/MPS1",6
"C2","GO:0045841","negative regulation of mitotic metaphase/anaphase transition","6/753","13/6161",0.461538461538462,3.77627949739504,3.7388447778326,0.00262021307168272,0.026442517237165,0.0228746751984662,"CAALFM_C112660WA/BUB2/SGO1/BUB1/GLE2/MPS1",6
"C2","GO:0071173","spindle assembly checkpoint signaling","6/753","13/6161",0.461538461538462,3.77627949739504,3.7388447778326,0.00262021307168272,0.026442517237165,0.0228746751984662,"CAALFM_C112660WA/BUB2/SGO1/BUB1/GLE2/MPS1",6
"C2","GO:1902100","negative regulation of metaphase/anaphase transition of cell cycle","6/753","13/6161",0.461538461538462,3.77627949739504,3.7388447778326,0.00262021307168272,0.026442517237165,0.0228746751984662,"CAALFM_C112660WA/BUB2/SGO1/BUB1/GLE2/MPS1",6
"C2","GO:1905819","negative regulation of chromosome separation","6/753","13/6161",0.461538461538462,3.77627949739504,3.7388447778326,0.00262021307168272,0.026442517237165,0.0228746751984662,"CAALFM_C112660WA/BUB2/SGO1/BUB1/GLE2/MPS1",6
"C2","GO:2000816","negative regulation of mitotic sister chromatid separation","6/753","13/6161",0.461538461538462,3.77627949739504,3.7388447778326,0.00262021307168272,0.026442517237165,0.0228746751984662,"CAALFM_C112660WA/BUB2/SGO1/BUB1/GLE2/MPS1",6
"C2","GO:2001251","negative regulation of chromosome organization","6/753","13/6161",0.461538461538462,3.77627949739504,3.7388447778326,0.00262021307168272,0.026442517237165,0.0228746751984662,"CAALFM_C112660WA/BUB2/SGO1/BUB1/GLE2/MPS1",6
"C2","GO:0044772","mitotic cell cycle phase transition","21/753","92/6161",0.228260869565217,1.8676164905595,3.12847468847903,0.00303154779719351,0.0303154779719351,0.0262250641977314,"ORC1/SWI6/GIN4/GIN1/CAALFM_C112660WA/BUB2/SGO1/DBF2/CAALFM_C208380CA/RAD53/AHR1/CAALFM_C402700WA/BUB1/ZDS1/CCN1/HSL1/CAALFM_C600540WA/GLE2/RFC2/CLB4/MPS1",21
"C2","GO:0033047","regulation of mitotic sister chromatid segregation","8/753","22/6161",0.363636363636364,2.97525051309912,3.46301370045944,0.0031805941924193,0.0312379786755467,0.02702309351454,"ESP1/CAALFM_C112660WA/BUB2/SGO1/DBF2/BUB1/GLE2/MPS1",8
"C2","GO:0071478","cellular response to radiation","8/753","22/6161",0.363636363636364,2.97525051309912,3.46301370045944,0.0031805941924193,0.0312379786755467,0.02702309351454,"POL32/RFC3/HYS2/RAD52/RFC2/POL3/CAALFM_CR04560CA/RFC4",8
"C2","GO:0006338","chromatin remodeling","24/753","111/6161",0.216216216216216,1.76906787265353,3.05082975976778,0.00340406413897175,0.0331369075475126,0.0286658032755516,"CHL4/CAALFM_C107340WA/NRP1/CAALFM_C113320CA/DPB4/SGO1/CAALFM_C205510CA/DOT1/CAALFM_C307630CA/CAALFM_C402600CA/CAALFM_C406450WA/CAALFM_C406800WA/CAALFM_C500950CA/CAALFM_C502780WA/CAC2/ASH2/TRA1/ARP4/SPT6/HDA1/SSU72/MCM2/POL2/ASF1",24
"C2","GO:0007018","microtubule-based movement","9/753","27/6161",0.333333333333333,2.72731297034086,3.35622086588757,0.00351516039237989,0.0333334175139473,0.0288357985001037,"CAALFM_C112660WA/DBF2/KAR3/KIP2/DYN1/MYO1/CAALFM_CR01070WA/CAALFM_CR06740WA/CAALFM_CR10530WA",9
"C2","GO:0010972","negative regulation of G2/M transition of mitotic cell cycle","9/753","27/6161",0.333333333333333,2.72731297034086,3.35622086588757,0.00351516039237989,0.0333334175139473,0.0288357985001037,"ORC1/GIN4/GIN1/DBF2/CAALFM_C208380CA/RAD53/CAALFM_C402700WA/CAALFM_C600540WA/RFC2",9
"C2","GO:1902750","negative regulation of cell cycle G2/M phase transition","9/753","27/6161",0.333333333333333,2.72731297034086,3.35622086588757,0.00351516039237989,0.0333334175139473,0.0288357985001037,"ORC1/GIN4/GIN1/DBF2/CAALFM_C208380CA/RAD53/CAALFM_C402700WA/CAALFM_C600540WA/RFC2",9
"C2","GO:0048523","negative regulation of cellular process","54/753","309/6161",0.174757281553398,1.42985340192628,2.89279029551033,0.00359715834178664,0.0338194374014129,0.0292562405845715,"CAALFM_C101470WA/RPB7/ORC1/CAALFM_C107340WA/NRP1/CAALFM_C109790CA/SFU1/GIN4/GIN1/CAALFM_C112660WA/CAALFM_C113320CA/DPB4/BUB2/SGO1/CSM3/DBF2/RHO2/CAALFM_C208380CA/MSU1/RAP1/RAD50/CAALFM_C302160CA/RAD53/PKC1/AHR1/DOT1/CAALFM_C402700WA/BUB1/RRP42/EDC3/GAT1/CAALFM_C500950CA/YBL053/CAALFM_C502780WA/HSL1/ASH2/CAALFM_C600540WA/CAALFM_C600770CA/TRA1/GLE2/CAALFM_C700250CA/RFC2/CAALFM_C701270CA/CAALFM_C702510WA/CAALFM_C702670WA/CAALFM_C703840WA/LRG1/HDA1/SSU72/CAALFM_CR05160CA/CAALFM_CR06680CA/POL2/CDC45/MPS1",54
"C2","GO:0140013","meiotic nuclear division","13/753","48/6161",0.270833333333333,2.21594178840195,3.15555466230973,0.00395500905252355,0.0363392231566827,0.0314360361087475,"ESP1/PDS5/KAR3/RAD50/BUB1/MPH1/TOP2/CAALFM_C504790CA/CAALFM_C600540WA/CAALFM_C600770CA/RAD51/MPS1/CAALFM_CR10180WA",13
"C2","GO:0007064","mitotic sister chromatid cohesion","5/753","10/6161",0.5,4.09096945551129,3.64998729419727,0.0039973145472351,0.0363392231566827,0.0314360361087475,"CAALFM_C110630CA/PDS5/SMC3/DCC1/MCD1",5
"C2","GO:1902298","cell cycle DNA replication maintenance of fidelity","5/753","10/6161",0.5,4.09096945551129,3.64998729419727,0.0039973145472351,0.0363392231566827,0.0314360361087475,"RAD50/CAC2/RAD52/RAD51/PIF1",5
"C2","GO:1990505","mitotic DNA replication maintenance of fidelity","5/753","10/6161",0.5,4.09096945551129,3.64998729419727,0.0039973145472351,0.0363392231566827,0.0314360361087475,"RAD50/CAC2/RAD52/RAD51/PIF1",5
"C2","GO:0051985","negative regulation of chromosome segregation","6/753","14/6161",0.428571428571429,3.5065452475811,3.50330107861124,0.00411652547779693,0.0371162133243986,0.0321081883686663,"CAALFM_C112660WA/BUB2/SGO1/BUB1/GLE2/MPS1",6
"C2","GO:0009416","response to light stimulus","8/753","23/6161",0.347826086956522,2.84589179513829,3.30922440164909,0.0043635867954266,0.0390239469509696,0.0337585148743316,"POL32/RFC3/HYS2/RAD52/RFC2/POL3/CAALFM_CR04560CA/RFC4",8
"C2","GO:0007051","spindle organization","12/753","44/6161",0.272727272727273,2.23143788482434,3.05871569184395,0.00521306492730438,0.0462449308067324,0.0400051841619962,"ESP1/DAM1/DBF2/KAR3/ASK1/DUO1/SPC34/TUB4/CAALFM_C504890CA/CAALFM_CR06740WA/YPT31/DAD4",12
"C3","GO:0042254","ribosome biogenesis","88/309","181/6161",0.486187845303867,9.69386186057323,27.2783983895314,4.58237516341055e-69,2.36450558431984e-66,2.14648099759757e-66,"RRS1/CAALFM_C101160CA/CAALFM_C104040CA/ERB1/CAALFM_C104710CA/RRP6/REI1/NOP6/CAALFM_C107090CA/CAALFM_C107960WA/CAALFM_C109710CA/CAALFM_C110620WA/CAALFM_C110950CA/CSI2/CAALFM_C112680WA/DIM1/UTP21/CAALFM_C204120CA/CAALFM_C204570WA/CAALFM_C205750WA/CAALFM_C207040WA/RCL1/CAALFM_C208180CA/UTP15/CAALFM_C208840WA/CAALFM_C209160WA/PES1/RRP15/CAALFM_C209660WA/SOF1/BMS1/CAALFM_C302040CA/UTP4/CAALFM_C302350WA/HBR3/CAALFM_C304370CA/CAALFM_C304380CA/NOP14/CAALFM_C305860CA/NOG1/CAALFM_C306160CA/CAALFM_C306370CA/RLP24/SAS10/HCA4/NAN1/RPF1/ECM1/CAALFM_C405010WA/CAALFM_C405230CA/CAALFM_C405330CA/CAALFM_C405650WA/BUD23/UTP13/HAS1/CAALFM_C504910WA/CAALFM_C602230WA/CAALFM_C602250WA/NIP7/POP4/SPB1/DBP7/CAALFM_C703400CA/ENP2/ENP1/CAALFM_CR00460CA/BUD22/PWP2/CAALFM_CR02030CA/CAALFM_CR03200CA/SGD1/CAALFM_CR03940WA/CAALFM_CR04110WA/CAALFM_CR04240CA/DBP8/SDA1/RPL7/CAALFM_CR06450WA/CAALFM_CR06840WA/CAALFM_CR07030CA/CAALFM_CR07310WA/IMP4/NOP10/RIO2/SSF1/CAALFM_CR09740WA/LTV1/POP3",88
"C3","GO:0022613","ribonucleoprotein complex biogenesis","91/309","221/6161",0.411764705882353,8.20997525223682,25.0815357788698,1.98666468286178e-63,5.12559488178341e-61,4.6529778098605e-61,"RRS1/CAALFM_C101160CA/CAALFM_C104040CA/ERB1/CAALFM_C104710CA/RRP6/REI1/NOP6/CAALFM_C107090CA/CAALFM_C107960WA/CAALFM_C109710CA/CAALFM_C110620WA/CAALFM_C110950CA/CSI2/CAALFM_C112680WA/DIM1/UTP21/CAALFM_C204120CA/CAALFM_C204570WA/CAALFM_C205750WA/CAALFM_C205830CA/CAALFM_C207040WA/RCL1/CAALFM_C208180CA/UTP15/CAALFM_C208840WA/CAALFM_C209160WA/PES1/RRP15/CAALFM_C209660WA/SOF1/BMS1/CAALFM_C302040CA/UTP4/CAALFM_C302350WA/HBR3/CAALFM_C304370CA/CAALFM_C304380CA/NOP14/CAALFM_C305860CA/NOG1/CAALFM_C306160CA/CAALFM_C306370CA/RLP24/SAS10/HCA4/NAN1/RPF1/ECM1/CAALFM_C405010WA/CAALFM_C405230CA/CAALFM_C405330CA/CAALFM_C405650WA/BUD23/UTP13/CAALFM_C503110CA/HAS1/CAALFM_C504910WA/CAALFM_C600530CA/CAALFM_C602230WA/CAALFM_C602250WA/NIP7/POP4/SPB1/DBP7/CAALFM_C703400CA/ENP2/ENP1/CAALFM_CR00460CA/BUD22/PWP2/CAALFM_CR02030CA/CAALFM_CR03200CA/SGD1/CAALFM_CR03940WA/CAALFM_CR04110WA/CAALFM_CR04240CA/DBP8/SDA1/RPL7/CAALFM_CR06450WA/CAALFM_CR06840WA/CAALFM_CR07030CA/CAALFM_CR07310WA/IMP4/NOP10/RIO2/SSF1/CAALFM_CR09740WA/LTV1/POP3",91
"C3","GO:0006396","RNA processing","104/309","318/6161",0.327044025157233,6.52077099997965,23.2280518609947,2.57358377840503e-61,4.17367794503804e-59,3.78883452782931e-59,"RRS1/CAALFM_C101150CA/CAALFM_C101160CA/TRM2/CAALFM_C102090CA/ABP140/CAALFM_C102900CA/CAALFM_C104040CA/ERB1/RRP6/TRY2/CAALFM_C105220CA/FAL1/CAALFM_C107090CA/CAALFM_C107960WA/CAALFM_C109390WA/CAALFM_C109710CA/CAALFM_C110620WA/CAALFM_C110950CA/CSI2/CAALFM_C112440WA/DIM1/CAALFM_C200820WA/UTP21/PRP3/CAALFM_C204120CA/SUV3/CAALFM_C204570WA/CAALFM_C205750WA/CAALFM_C206480WA/CAALFM_C206660WA/CAALFM_C207040WA/RCL1/UTP15/CAALFM_C208840WA/CAALFM_C209160WA/PES1/RRP15/CAALFM_C209500WA/SOF1/CAALFM_C300660WA/BMS1/CAALFM_C302020WA/UTP4/CAALFM_C302350WA/HBR3/CAALFM_C304380CA/NOP14/CAALFM_C305860CA/CAALFM_C306160CA/CAALFM_C306370CA/CAALFM_C307800CA/CAALFM_C402090CA/SEN2/SAS10/HCA4/NAN1/RPF1/CAALFM_C405230CA/CAALFM_C405330CA/CAALFM_C405650WA/LEA1/FMT1/BUD23/PUS4/CAALFM_C501610WA/UTP13/CAALFM_C503110CA/HAS1/CAALFM_C504910WA/CAALFM_C600530CA/CAALFM_C602250WA/POP4/SPB1/CAALFM_C702340CA/CAALFM_C703400CA/ENP2/ENP1/CAALFM_CR00460CA/CAALFM_CR00670CA/BUD22/PWP2/TRM1/CAALFM_CR02030CA/CAALFM_CR02550CA/CAALFM_CR03200CA/NCS2/CAALFM_CR03660CA/CAALFM_CR03940WA/CAALFM_CR04240CA/RPR2/DBP8/RPL7/CAALFM_CR06450WA/CAALFM_CR06840WA/CAALFM_CR07030CA/CAALFM_CR07310WA/IMP4/NOP10/RIO2/TRM9/SSF1/CAALFM_CR09740WA/POP3",104
"C3","GO:0016072","rRNA metabolic process","78/309","159/6161",0.490566037735849,9.78115649996947,25.776249154727,3.23540925971941e-61,4.17367794503804e-59,3.78883452782931e-59,"RRS1/CAALFM_C101160CA/CAALFM_C104040CA/ERB1/RRP6/CAALFM_C107090CA/CAALFM_C107960WA/CAALFM_C109710CA/CAALFM_C110620WA/CAALFM_C110950CA/CSI2/CAALFM_C112820CA/DIM1/CAALFM_C201070WA/UTP21/CAALFM_C204120CA/CAALFM_C204570WA/CAALFM_C205750WA/CAALFM_C206660WA/CAALFM_C207040WA/RCL1/UTP15/CAALFM_C208840WA/CAALFM_C209160WA/PES1/RRP15/SOF1/BMS1/UTP4/CAALFM_C302350WA/HBR3/CAALFM_C304380CA/NOP14/CAALFM_C305860CA/CAALFM_C306160CA/CAALFM_C306370CA/PWP1/CAALFM_C402090CA/SAS10/HCA4/NAN1/RPF1/CAALFM_C405230CA/CAALFM_C405330CA/CAALFM_C405650WA/BUD23/UTP13/HAS1/CAALFM_C504910WA/CAALFM_C602250WA/POP4/SPB1/CAALFM_C703400CA/ENP2/ENP1/CAALFM_CR00460CA/BUD22/PWP2/CAALFM_CR01950WA/CAALFM_CR02030CA/RPC19/CAALFM_CR02550CA/CAALFM_CR03200CA/CAALFM_CR03940WA/CAALFM_CR04240CA/DBP8/RPL7/CAALFM_CR06450WA/RRN11/CAALFM_CR06840WA/CAALFM_CR07030CA/CAALFM_CR07310WA/IMP4/NOP10/RIO2/SSF1/CAALFM_CR09740WA/POP3",78
"C3","GO:0006364","rRNA processing","69/309","135/6161",0.511111111111111,10.1907946781733,24.8097747757384,1.71635942596329e-55,1.77128292759412e-53,1.60795777800772e-53,"RRS1/CAALFM_C101160CA/CAALFM_C104040CA/ERB1/RRP6/CAALFM_C107090CA/CAALFM_C107960WA/CAALFM_C109710CA/CAALFM_C110620WA/CAALFM_C110950CA/CSI2/DIM1/UTP21/CAALFM_C204120CA/CAALFM_C204570WA/CAALFM_C205750WA/CAALFM_C207040WA/RCL1/UTP15/CAALFM_C208840WA/CAALFM_C209160WA/PES1/RRP15/SOF1/BMS1/UTP4/CAALFM_C302350WA/HBR3/CAALFM_C304380CA/NOP14/CAALFM_C305860CA/CAALFM_C306160CA/CAALFM_C306370CA/SAS10/HCA4/NAN1/RPF1/CAALFM_C405230CA/CAALFM_C405330CA/CAALFM_C405650WA/BUD23/UTP13/HAS1/CAALFM_C504910WA/CAALFM_C602250WA/POP4/SPB1/CAALFM_C703400CA/ENP2/ENP1/CAALFM_CR00460CA/BUD22/PWP2/CAALFM_CR02030CA/CAALFM_CR03200CA/CAALFM_CR03940WA/CAALFM_CR04240CA/DBP8/RPL7/CAALFM_CR06450WA/CAALFM_CR06840WA/CAALFM_CR07030CA/CAALFM_CR07310WA/IMP4/NOP10/RIO2/SSF1/CAALFM_CR09740WA/POP3",69
"C3","GO:0042274","ribosomal small subunit biogenesis","32/309","60/6161",0.533333333333333,10.6338727076591,17.2303243739176,1.55882765048244e-26,1.3405917794149e-24,1.21697948151699e-24,"RRS1/CAALFM_C104040CA/NOP6/CAALFM_C109710CA/CAALFM_C110950CA/RCL1/CAALFM_C208180CA/CAALFM_C208840WA/SOF1/BMS1/UTP4/CAALFM_C302350WA/HBR3/CAALFM_C304380CA/NOP14/CAALFM_C306370CA/SAS10/CAALFM_C405650WA/UTP13/HAS1/CAALFM_C504910WA/ENP2/CAALFM_CR00460CA/BUD22/PWP2/CAALFM_CR03200CA/SGD1/CAALFM_CR04240CA/CAALFM_CR06840WA/CAALFM_CR07030CA/RIO2/LTV1",32
"C3","GO:0042273","ribosomal large subunit biogenesis","30/309","56/6161",0.535714285714286,10.6813453536755,16.7226203050472,5.26546530558409e-25,3.88140013954484e-23,3.52350685862394e-23,"RRS1/ERB1/CAALFM_C104710CA/REI1/CSI2/CAALFM_C204120CA/CAALFM_C204570WA/CAALFM_C205750WA/CAALFM_C207040WA/CAALFM_C208180CA/CAALFM_C208840WA/PES1/RRP15/CAALFM_C209660WA/CAALFM_C302040CA/NOG1/CAALFM_C306160CA/RLP24/RPF1/CAALFM_C405010WA/CAALFM_C405330CA/HAS1/CAALFM_C602250WA/NIP7/SPB1/SDA1/RPL7/CAALFM_CR06450WA/CAALFM_CR07310WA/SSF1",30
"C3","GO:0030490","maturation of SSU-rRNA","26/309","45/6161",0.577777777777778,11.5200287666307,16.2744710822452,5.92775016783079e-23,3.82339885825086e-21,3.4708537166904e-21,"RRS1/CAALFM_C104040CA/CAALFM_C109710CA/CAALFM_C110950CA/RCL1/CAALFM_C208840WA/SOF1/BMS1/UTP4/CAALFM_C302350WA/HBR3/CAALFM_C304380CA/NOP14/CAALFM_C306370CA/SAS10/CAALFM_C405650WA/UTP13/CAALFM_C504910WA/ENP2/BUD22/PWP2/CAALFM_CR03200CA/CAALFM_CR04240CA/CAALFM_CR06840WA/CAALFM_CR07030CA/RIO2",26
"C3","GO:0000462","maturation of SSU-rRNA from tricistronic rRNA transcript (SSU-rRNA, 5.8S rRNA, LSU-rRNA)","18/309","30/6161",0.6,11.9631067961165,13.8307601877464,1.24385300719618e-16,7.13142390792478e-15,6.47385483277545e-15,"RRS1/CAALFM_C104040CA/CAALFM_C109710CA/RCL1/SOF1/BMS1/UTP4/CAALFM_C302350WA/CAALFM_C306370CA/SAS10/CAALFM_C405650WA/UTP13/CAALFM_C504910WA/ENP2/PWP2/CAALFM_CR03200CA/CAALFM_CR06840WA/CAALFM_CR07030CA",18
"C3","GO:0009451","RNA modification","23/309","71/6161",0.323943661971831,6.45895437349013,10.6303467157301,1.69731323861303e-13,8.75813631124323e-12,7.95057253876629e-12,"CAALFM_C101150CA/ABP140/CAALFM_C109390WA/CAALFM_C110620WA/DIM1/CAALFM_C200820WA/CAALFM_C206480WA/CAALFM_C305860CA/FMT1/BUD23/PUS4/CAALFM_C501610WA/CAALFM_C602250WA/SPB1/CAALFM_C702340CA/CAALFM_CR00670CA/TRM1/CAALFM_CR02030CA/NCS2/CAALFM_CR04110WA/CAALFM_CR04240CA/NOP10/TRM9",23
"C3","GO:0000460","maturation of 5.8S rRNA","15/309","28/6161",0.535714285714286,10.6813453536755,11.7976547576451,4.74729548392504e-13,2.22691315427757e-11,2.02157558884846e-11,"RRS1/CAALFM_C101160CA/CAALFM_C104040CA/RRP6/CAALFM_C107960WA/RCL1/CAALFM_C209160WA/RRP15/CAALFM_C302350WA/CAALFM_C306160CA/RPF1/SPB1/CAALFM_C703400CA/CAALFM_CR03200CA/CAALFM_CR06450WA",15
"C3","GO:0000470","maturation of LSU-rRNA","15/309","29/6161",0.517241379310345,10.3130231001004,11.5506398602711,9.39289574290002e-13,4.03894516944701e-11,3.66652509262326e-11,"ERB1/CAALFM_C204120CA/CAALFM_C207040WA/CAALFM_C208840WA/PES1/RRP15/CAALFM_C306160CA/RPF1/CAALFM_C405330CA/HAS1/SPB1/RPL7/CAALFM_CR06450WA/CAALFM_CR07310WA/SSF1",15
"C3","GO:0006399","tRNA metabolic process","28/309","127/6161",0.220472440944882,4.39589226104018,8.88526833192685,1.43737054273834e-11,5.70525538502295e-10,5.1791894050086e-10,"CAALFM_C101150CA/CAALFM_C101160CA/ABP140/RRP6/CAALFM_C109390WA/CAALFM_C112820CA/CAALFM_C200820WA/CAALFM_C206480WA/CAALFM_C209160WA/CAALFM_C209500WA/RAT1/SEN2/RPC53/CAALFM_C403040WA/FMT1/PUS4/CAALFM_C501610WA/RPO26/POP4/CAALFM_C702340CA/CAALFM_CR00670CA/TRM1/CAALFM_CR03200CA/NCS2/CAALFM_CR04240CA/RPR2/TRM9/POP3",28
"C3","GO:0043414","macromolecule methylation","15/309","35/6161",0.428571428571429,8.54507628294036,10.2855281704354,2.98742395583046e-11,1.10107911514894e-09,9.99551624319213e-10,"CAALFM_C101150CA/ABP140/DIM1/CAALFM_C200820WA/CAALFM_C206480WA/CAALFM_C305860CA/BUD23/CAALFM_C602250WA/SPB1/CAALFM_C700490CA/CAALFM_C702340CA/CAALFM_CR00670CA/TRM1/CAALFM_CR02030CA/TRM9",15
"C3","GO:0001510","RNA methylation","14/309","31/6161",0.451612903225806,9.00448898632425,10.2660094127102,5.83858551270318e-11,2.00847341636989e-09,1.82327758115994e-09,"CAALFM_C101150CA/ABP140/DIM1/CAALFM_C200820WA/CAALFM_C206480WA/CAALFM_C305860CA/BUD23/CAALFM_C602250WA/SPB1/CAALFM_C702340CA/CAALFM_CR00670CA/TRM1/CAALFM_CR02030CA/TRM9",14
"C3","GO:0000463","maturation of LSU-rRNA from tricistronic rRNA transcript (SSU-rRNA, 5.8S rRNA, LSU-rRNA)","11/309","18/6161",0.611111111111111,12.1846458108594,10.919070438442,9.85769545342959e-11,3.17910678373104e-09,2.88597005051064e-09,"ERB1/CAALFM_C204120CA/CAALFM_C207040WA/PES1/CAALFM_C405330CA/HAS1/SPB1/RPL7/CAALFM_CR06450WA/CAALFM_CR07310WA/SSF1",11
"C3","GO:0008033","tRNA processing","20/309","72/6161",0.277777777777778,5.53847536857246,8.90062863240765,1.600610987486e-10,4.8583251149575e-09,4.41035225654037e-09,"CAALFM_C101150CA/ABP140/CAALFM_C109390WA/CAALFM_C200820WA/CAALFM_C206480WA/CAALFM_C209500WA/SEN2/FMT1/PUS4/CAALFM_C501610WA/POP4/CAALFM_C702340CA/CAALFM_CR00670CA/TRM1/CAALFM_CR03200CA/NCS2/CAALFM_CR04240CA/RPR2/TRM9/POP3",20
"C3","GO:0032259","methylation","15/309","39/6161",0.384615384615385,7.66865820263879,9.59934358549863,1.92502177009581e-10,5.51839574094132e-09,5.00955957714991e-09,"CAALFM_C101150CA/ABP140/DIM1/CAALFM_C200820WA/CAALFM_C206480WA/CAALFM_C305860CA/BUD23/CAALFM_C602250WA/SPB1/CAALFM_C700490CA/CAALFM_C702340CA/CAALFM_CR00670CA/TRM1/CAALFM_CR02030CA/TRM9",15
"C3","GO:0000466","maturation of 5.8S rRNA from tricistronic rRNA transcript (SSU-rRNA, 5.8S rRNA, LSU-rRNA)","10/309","19/6161",0.526315789473684,10.4939533299268,9.52327716034577,5.38798448016572e-09,1.4632631535608e-07,1.32833966408518e-07,"RRS1/CAALFM_C101160CA/CAALFM_C104040CA/RRP6/RCL1/CAALFM_C209160WA/CAALFM_C302350WA/SPB1/CAALFM_CR03200CA/CAALFM_CR06450WA",10
"C3","GO:0016073","snRNA metabolic process","9/309","16/6161",0.5625,11.2154126213592,9.40096418500158,1.50092268428661e-08,3.87238052545945e-07,3.51531891846074e-07,"CAALFM_C101160CA/RRP6/CAALFM_C110620WA/CAALFM_C206660WA/CAALFM_C209160WA/CAALFM_C402090CA/CAALFM_CR02550CA/CAALFM_CR05550CA/NOP10",9
"C3","GO:0006400","tRNA modification","14/309","48/6161",0.291666666666667,5.81539913700108,7.6956117391286,4.87980527976523e-08,1.19903786874231e-06,1.08847786942132e-06,"CAALFM_C101150CA/ABP140/CAALFM_C109390WA/CAALFM_C200820WA/CAALFM_C206480WA/FMT1/PUS4/CAALFM_C501610WA/CAALFM_C702340CA/CAALFM_CR00670CA/TRM1/NCS2/CAALFM_CR04240CA/TRM9",14
"C3","GO:0006383","transcription by RNA polymerase III","10/309","23/6161",0.434782608695652,8.66891796820037,8.46646281584996,5.57191746614143e-08,1.3068679147859e-06,1.18636520212102e-06,"CAALFM_C105230WA/CAALFM_C112820CA/RPC53/CAALFM_C403040WA/RPO26/CAALFM_C504990WA/CAALFM_C603210CA/RPC19/RPC31/CAALFM_CR05550CA",10
"C3","GO:0000479","endonucleolytic cleavage of tricistronic rRNA transcript (SSU-rRNA, 5.8S rRNA, LSU-rRNA)","8/309","14/6161",0.571428571428571,11.3934350439205,8.94558928100813,8.44487631523624e-08,1.89458964289648e-06,1.71989471866367e-06,"RRS1/CAALFM_C104040CA/RCL1/BMS1/CAALFM_C302350WA/UTP13/CAALFM_CR03200CA/CAALFM_CR06450WA",8
"C3","GO:0000154","rRNA modification","9/309","19/6161",0.473684210526316,9.44455799693408,8.47064057581985,1.05970359331508e-07,2.27836272562741e-06,2.06828113607548e-06,"CAALFM_C110620WA/DIM1/CAALFM_C305860CA/BUD23/CAALFM_C602250WA/SPB1/CAALFM_CR02030CA/CAALFM_CR04240CA/NOP10",9
"C3","GO:0043144","sno(s)RNA processing","7/309","11/6161",0.636363636363636,12.6881435716387,8.91500845479637,2.07131320914582e-07,4.27519046367697e-06,3.88098685503111e-06,"CAALFM_C101160CA/RRP6/CAALFM_C110620WA/CAALFM_C206660WA/CAALFM_C402090CA/CAALFM_CR02550CA/POP3",7
"C3","GO:0006360","transcription by RNA polymerase I","10/309","26/6161",0.384615384615385,7.66865820263879,7.82952267229321,2.26005412205566e-07,4.48533818069509e-06,4.07175742637559e-06,"CAALFM_C112820CA/CAALFM_C201070WA/UTP15/PWP1/NAN1/CAALFM_C403040WA/RPO26/CAALFM_CR01950WA/RPC19/RRN11",10
"C3","GO:0016074","sno(s)RNA metabolic process","7/309","12/6161",0.583333333333333,11.6307982740022,8.46977143811432,4.7581858654215e-07,9.09342187613886e-06,8.25494233962014e-06,"CAALFM_C101160CA/RRP6/CAALFM_C110620WA/CAALFM_C206660WA/CAALFM_C402090CA/CAALFM_CR02550CA/POP3",7
"C3","GO:0016180","snRNA processing","7/309","13/6161",0.538461538461538,10.7361214836943,8.0743611016066,9.86800678630094e-07,1.81853267918975e-05,1.65085075936238e-05,"CAALFM_C101160CA/CAALFM_C110620WA/CAALFM_C206660WA/CAALFM_C209160WA/CAALFM_C402090CA/CAALFM_CR02550CA/NOP10",7
"C3","GO:0016071","mRNA metabolic process","24/309","173/6161",0.138728323699422,2.76603625343734,5.41376259838669,4.53791143368869e-06,8.07435275787367e-05,7.32983879488736e-05,"CAALFM_C101160CA/CAALFM_C102090CA/CAALFM_C102900CA/RRP6/TRY2/CAALFM_C105220CA/FAL1/CAALFM_C106800WA/CAALFM_C110620WA/PRP3/CAALFM_C206660WA/CAALFM_C209160WA/CAALFM_C300660WA/CAALFM_C302020WA/CAALFM_C304380CA/RAT1/CAALFM_C402090CA/LEA1/NAM7/PUS4/CAALFM_C501610WA/CAALFM_C503110CA/CAALFM_C600530CA/CAALFM_CR02550CA",24
"C3","GO:0031123","RNA 3'-end processing","9/309","28/6161",0.321428571428571,6.40880721220527,6.59115420523999,5.30070386002074e-06,9.11721063923567e-05,8.27653760599729e-05,"CAALFM_C101160CA/RRP6/CAALFM_C107090CA/CAALFM_C110620WA/SUV3/CAALFM_C206660WA/CAALFM_C209160WA/CAALFM_C402090CA/CAALFM_CR02550CA",9
"C3","GO:0031167","rRNA methylation","6/309","11/6161",0.545454545454545,10.8755516328332,7.53247303670333,5.66068473216721e-06,9.12785413061962e-05,8.28619969017897e-05,"DIM1/CAALFM_C305860CA/BUD23/CAALFM_C602250WA/SPB1/CAALFM_CR02030CA",6
"C3","GO:0042790","nucleolar large rRNA transcription by RNA polymerase I","6/309","11/6161",0.545454545454545,10.8755516328332,7.53247303670333,5.66068473216721e-06,9.12785413061962e-05,8.28619969017897e-05,"CAALFM_C112820CA/CAALFM_C201070WA/PWP1/CAALFM_CR01950WA/RPC19/RRN11",6
"C3","GO:0030488","tRNA methylation","7/309","18/6161",0.388888888888889,7.75386551600144,6.59349742031012,1.47103857787584e-05,0.000230016941267859,0.000208807708821292,"CAALFM_C101150CA/ABP140/CAALFM_C200820WA/CAALFM_C206480WA/CAALFM_CR00670CA/TRM1/TRM9",7
"C3","GO:0042255","ribosome assembly","7/309","21/6161",0.333333333333333,6.64617044228695,5.95520728912285,4.71644767744241e-05,0.000695339143302938,0.000631223824499812,"CAALFM_C104710CA/CSI2/CAALFM_C205750WA/CAALFM_C405010WA/CAALFM_C602250WA/NIP7/PWP2",7
"C3","GO:0071025","RNA surveillance","7/309","21/6161",0.333333333333333,6.64617044228695,5.95520728912285,4.71644767744241e-05,0.000695339143302938,0.000631223824499812,"CAALFM_C101160CA/RRP6/CAALFM_C206660WA/CAALFM_C209160WA/RAT1/CAALFM_C402090CA/CAALFM_CR02550CA",7
"C3","GO:0034472","snRNA 3'-end processing","5/309","10/6161",0.5,9.96925566343042,6.5223030982777,6.28740701309605e-05,0.00087683838344799,0.000795987516593953,"CAALFM_C101160CA/CAALFM_C206660WA/CAALFM_C209160WA/CAALFM_C402090CA/CAALFM_CR02550CA",5
"C3","GO:0034475","U4 snRNA 3'-end processing","5/309","10/6161",0.5,9.96925566343042,6.5223030982777,6.28740701309605e-05,0.00087683838344799,0.000795987516593953,"CAALFM_C101160CA/CAALFM_C206660WA/CAALFM_C209160WA/CAALFM_C402090CA/CAALFM_CR02550CA",5
"C3","GO:0071826","protein-RNA complex organization","12/309","65/6161",0.184615384615385,3.68095593726662,4.99276715348738,7.48410776617979e-05,0.00101626305456547,0.000922556220484767,"CAALFM_C102900CA/CAALFM_C104710CA/CSI2/CAALFM_C205750WA/CAALFM_C205830CA/CAALFM_C207040WA/CAALFM_C405010WA/CAALFM_C503110CA/CAALFM_C600530CA/CAALFM_C602250WA/PWP2/CAALFM_CR04110WA",12
"C3","GO:0000027","ribosomal large subunit assembly","5/309","11/6161",0.454545454545455,9.06295969402766,6.14993761861028,0.000110551891296622,0.00139133599778187,0.00126304471442867,"CAALFM_C104710CA/CSI2/CAALFM_C205750WA/CAALFM_C405010WA/CAALFM_C602250WA",5
"C3","GO:0000054","ribosomal subunit export from nucleus","5/309","11/6161",0.454545454545455,9.06295969402766,6.14993761861028,0.000110551891296622,0.00139133599778187,0.00126304471442867,"CAALFM_C104040CA/ECM1/CAALFM_C602230WA/SDA1/LTV1",5
"C3","GO:0033750","ribosome localization","5/309","11/6161",0.454545454545455,9.06295969402766,6.14993761861028,0.000110551891296622,0.00139133599778187,0.00126304471442867,"CAALFM_C104040CA/ECM1/CAALFM_C602230WA/SDA1/LTV1",5
"C3","GO:0001522","pseudouridine synthesis","5/309","12/6161",0.416666666666667,8.30771305285868,5.82220240641781,0.000181770705881499,0.00223318295797271,0.00202726727110945,"CAALFM_C110620WA/PUS4/CAALFM_C501610WA/CAALFM_CR04110WA/NOP10",5
"C3","GO:0022618","protein-RNA complex assembly","11/309","62/6161",0.17741935483871,3.53747781605596,4.61409167718775,0.000215961928085761,0.00259154313702913,0.00235258403912273,"CAALFM_C104710CA/CSI2/CAALFM_C205750WA/CAALFM_C205830CA/CAALFM_C207040WA/CAALFM_C405010WA/CAALFM_C503110CA/CAALFM_C600530CA/CAALFM_C602250WA/PWP2/CAALFM_CR04110WA",11
"C3","GO:0071027","nuclear RNA surveillance","6/309","19/6161",0.315789473684211,6.29637199795606,5.31273082224209,0.000236035388510537,0.00276805137435084,0.00251281693510021,"CAALFM_C101160CA/RRP6/CAALFM_C206660WA/CAALFM_C209160WA/CAALFM_C402090CA/CAALFM_CR02550CA",6
"C3","GO:0009303","rRNA transcription","6/309","20/6161",0.3,5.98155339805825,5.12716951255633,0.000323118222730183,0.00370508895397276,0.00336345284479371,"CAALFM_C112820CA/CAALFM_C201070WA/PWP1/CAALFM_CR01950WA/RPC19/RRN11",6
"C3","GO:0006401","RNA catabolic process","12/309","83/6161",0.144578313253012,2.88267633641362,3.96781851214229,0.00079967881594412,0.00897031019624274,0.00814318245068956,"CAALFM_C101160CA/RRP6/CAALFM_C106800WA/PET127/SUV3/CAALFM_C206660WA/CAALFM_C209160WA/RAT1/CAALFM_C402090CA/NAM7/CAALFM_C703400CA/CAALFM_CR02550CA",12
"C3","GO:0071028","nuclear mRNA surveillance","5/309","16/6161",0.3125,6.23078478964401,4.81374784255669,0.000848784011114473,0.00931856488798017,0.00845932553070415,"RRP6/CAALFM_C206660WA/CAALFM_C209160WA/CAALFM_C402090CA/CAALFM_CR02550CA",5
"C3","GO:0141188","nucleic acid catabolic process","12/309","85/6161",0.141176470588235,2.81484865790977,3.87131430158274,0.000992956815940486,0.0106742857713602,0.00969003910292799,"CAALFM_C101160CA/RRP6/CAALFM_C106800WA/PET127/SUV3/CAALFM_C206660WA/CAALFM_C209160WA/RAT1/CAALFM_C402090CA/NAM7/CAALFM_C703400CA/CAALFM_CR02550CA",12
"C3","GO:0008380","RNA splicing","13/309","99/6161",0.131313131313131,2.61818835605243,3.72954747771966,0.00123509928740414,0.0130063516796027,0.0118070715981706,"CAALFM_C102090CA/CAALFM_C102900CA/TRY2/CAALFM_C105220CA/FAL1/PRP3/CAALFM_C300660WA/CAALFM_C302020WA/CAALFM_C304380CA/SEN2/LEA1/CAALFM_C503110CA/CAALFM_C600530CA",13
"C3","GO:0000956","nuclear-transcribed mRNA catabolic process","9/309","55/6161",0.163636363636364,3.26266548984996,3.87293969662368,0.0014745854417072,0.0148554757696551,0.0134856930181488,"CAALFM_C101160CA/RRP6/CAALFM_C106800WA/CAALFM_C206660WA/CAALFM_C209160WA/RAT1/CAALFM_C402090CA/NAM7/CAALFM_CR02550CA",9
"C3","GO:0000377","RNA splicing, via transesterification reactions with bulged adenosine as nucleophile","12/309","89/6161",0.134831460674157,2.68833860586888,3.68643100586051,0.00149706344965516,0.0148554757696551,0.0134856930181488,"CAALFM_C102090CA/CAALFM_C102900CA/TRY2/CAALFM_C105220CA/FAL1/PRP3/CAALFM_C300660WA/CAALFM_C302020WA/CAALFM_C304380CA/LEA1/CAALFM_C503110CA/CAALFM_C600530CA",12
"C3","GO:0000398","mRNA splicing, via spliceosome","12/309","89/6161",0.134831460674157,2.68833860586888,3.68643100586051,0.00149706344965516,0.0148554757696551,0.0134856930181488,"CAALFM_C102090CA/CAALFM_C102900CA/TRY2/CAALFM_C105220CA/FAL1/PRP3/CAALFM_C300660WA/CAALFM_C302020WA/CAALFM_C304380CA/LEA1/CAALFM_C503110CA/CAALFM_C600530CA",12
"C3","GO:0000375","RNA splicing, via transesterification reactions","12/309","90/6161",0.133333333333333,2.65846817691478,3.64179686687389,0.00165161139000646,0.0160798391932705,0.014597161242361,"CAALFM_C102090CA/CAALFM_C102900CA/TRY2/CAALFM_C105220CA/FAL1/PRP3/CAALFM_C300660WA/CAALFM_C302020WA/CAALFM_C304380CA/LEA1/CAALFM_C503110CA/CAALFM_C600530CA",12
"C3","GO:0031503","protein-containing complex localization","5/309","19/6161",0.263157894736842,5.24697666496338,4.26009423771617,0.0019954523877772,0.019067656149871,0.0173094797770147,"CAALFM_C104040CA/ECM1/CAALFM_C602230WA/SDA1/LTV1",5
"C3","GO:0000966","RNA 5'-end processing","4/309","12/6161",0.333333333333333,6.64617044228695,4.49841789056956,0.0022290197448091,0.0206046542545522,0.0187047554942385,"CAALFM_C104040CA/UTP13/POP4/CAALFM_CR03200CA",4
"C3","GO:0006354","DNA-templated transcription elongation","6/309","28/6161",0.214285714285714,4.27253814147018,3.98790392903744,0.00223616402762582,0.0206046542545522,0.0187047554942385,"CAALFM_C101860WA/CAALFM_C112820CA/CAALFM_C201070WA/CAALFM_CR01950WA/RPC19/CAALFM_CR05550CA",6
"C3","GO:0006397","mRNA processing","12/309","103/6161",0.116504854368932,2.32293335846922,3.11106713108029,0.00515379595354876,0.0466554160005467,0.0423534478177138,"CAALFM_C102090CA/CAALFM_C102900CA/TRY2/CAALFM_C105220CA/FAL1/PRP3/CAALFM_C300660WA/CAALFM_C302020WA/CAALFM_C304380CA/LEA1/CAALFM_C503110CA/CAALFM_C600530CA",12
"C3","GO:0006402","mRNA catabolic process","9/309","66/6161",0.136363636363636,2.7188879082083,3.22589410090729,0.00529601641401196,0.0471162839591408,0.0427718204035448,"CAALFM_C101160CA/RRP6/CAALFM_C106800WA/CAALFM_C206660WA/CAALFM_C209160WA/RAT1/CAALFM_C402090CA/NAM7/CAALFM_CR02550CA",9
"C4","GO:0048193","Golgi vesicle transport","37/673","123/6161",0.300813008130081,2.75380229285205,6.87982627335566,3.95219600102649e-09,3.66577586809146e-06,3.14691030066104e-06,"GGA2/ERD1/SFH5/ARL3/CAALFM_C111600WA/SEC18/CAALFM_C202000WA/ENT3/CAALFM_C202870WA/CAALFM_C203410WA/CAALFM_C203800CA/CHS5/CAALFM_C205800CA/CAALFM_C205850CA/CAALFM_C207810WA/APM4/AGE2/APL5/SEC13/VTI1/SEC7/ERV25/CAALFM_C400410WA/CSH3/SEC15/CAALFM_C406810CA/TIP1/CAALFM_C600430CA/SEC8/SAR1/CAALFM_C602680WA/CHS6/SEC4/APL4/CAALFM_CR03600CA/SEC22/BET2",37
"C4","GO:0015986","proton motive force-driven ATP synthesis","11/673","14/6161",0.785714285714286,7.19284652939928,8.12294599048147,6.54699246729896e-09,3.66577586809146e-06,3.14691030066104e-06,"ATP7/ATP19/ATP20/ATP18/ATP4/ATP14/ATP5/CAALFM_C603130WA/ATP17/ATP3/ATP16",11
"C4","GO:0006754","ATP biosynthetic process","12/673","17/6161",0.705882352941177,6.46202255047636,7.89665533613954,9.70637917411684e-09,3.66577586809146e-06,3.14691030066104e-06,"CAALFM_C106050CA/ATP7/ATP19/ATP20/ATP18/ATP4/ATP14/ATP5/CAALFM_C603130WA/ATP17/ATP3/ATP16",12
"C4","GO:0010498","proteasomal protein catabolic process","34/673","114/6161",0.298245614035088,2.73029900159016,6.52971814529644,2.17619258589593e-08,6.16406549955021e-06,5.29158407728378e-06,"UBP6/CAALFM_C101300WA/MNS1/RPT1/CAALFM_C114460WA/PR26/RPN10/PRE2/RPT6/CAALFM_C208930WA/CAALFM_C210850CA/SCL1/CDC53/PRE9/CAALFM_C304970CA/PRE3/ECM29/CAALFM_C404090CA/CAALFM_C406740CA/RPT5/RPN8/CAALFM_C502230WA/CAALFM_C502390CA/YUH2/PRE1/PRE10/PRE5/SHP1/RPT4/PRE6/CDC28/PUP2/CDC23/RPN7",34
"C4","GO:0009145","purine nucleoside triphosphate biosynthetic process","12/673","19/6161",0.631578947368421,5.78180965042621,7.30979193489849,6.41713669087558e-08,1.21176931179367e-05,1.04025163199457e-05,"CAALFM_C106050CA/ATP7/ATP19/ATP20/ATP18/ATP4/ATP14/ATP5/CAALFM_C603130WA/ATP17/ATP3/ATP16",12
"C4","GO:0009206","purine ribonucleoside triphosphate biosynthetic process","12/673","19/6161",0.631578947368421,5.78180965042621,7.30979193489849,6.41713669087558e-08,1.21176931179367e-05,1.04025163199457e-05,"CAALFM_C106050CA/ATP7/ATP19/ATP20/ATP18/ATP4/ATP14/ATP5/CAALFM_C603130WA/ATP17/ATP3/ATP16",12
"C4","GO:0016192","vesicle-mediated transport","60/673","277/6161",0.216606498194946,1.9829311075469,5.86161741825484,8.64703672107614e-08,1.39958465785418e-05,1.20148299703374e-05,"GGA2/ERD1/TVP18/SFH5/ARL3/CAALFM_C111600WA/CAALFM_C111800CA/CAALFM_C112920CA/MON2/SEC18/CAALFM_C200870WA/CAALFM_C201340WA/SLA1/CAALFM_C202000WA/ENT3/CAALFM_C202870WA/PAN1/CAALFM_C203410WA/CAALFM_C203800CA/CHS5/CAALFM_C205800CA/CAALFM_C205850CA/CAALFM_C207810WA/APM4/ABG1/AGE2/SEC6/END3/APL5/SEC13/VTI1/PEP8/SEC7/ERV25/HOF1/CAALFM_C400410WA/CLC1/CSH3/CAALFM_C403560WA/SEC15/CAALFM_C406810CA/CAALFM_C407240WA/OBPA/VPS4/TIP1/CAALFM_C600430CA/SEC8/ARC18/VPS15/ACF2/SAR1/CAALFM_C602680WA/VPS51/CHS6/SEC4/APL4/CAALFM_CR03600CA/SEC22/ARP2/BET2",60
"C4","GO:0009260","ribonucleotide biosynthetic process","17/673","38/6161",0.447368421052632,4.09544850238523,6.70230347844331,1.16209383327619e-07,1.6458153913774e-05,1.41286144993053e-05,"URA6/CAALFM_C106050CA/ATP7/ATP19/ATP20/ATP18/CAALFM_C203360WA/ATP4/ATP14/ATP5/ADK1/CAALFM_C603130WA/ATP17/ADE1/ATP3/CAALFM_CR03740CA/ATP16",17
"C4","GO:0009201","ribonucleoside triphosphate biosynthetic process","12/673","20/6161",0.6,5.4927191679049,7.04685862044508,1.44568987963296e-07,1.81996292624905e-05,1.56235958921738e-05,"CAALFM_C106050CA/ATP7/ATP19/ATP20/ATP18/ATP4/ATP14/ATP5/CAALFM_C603130WA/ATP17/ATP3/ATP16",12
"C4","GO:0030163","protein catabolic process","46/673","194/6161",0.237113402061856,2.17066221412049,5.80156661911229,1.91865339801361e-07,2.17383429994942e-05,1.86614288396271e-05,"UBP6/CAALFM_C101300WA/GGA2/RPN3/MNS1/RPT1/CAALFM_C106390WA/CAALFM_C114460WA/CAALFM_C201320WA/PR26/RPN10/PRE2/RPT6/CAALFM_C208930WA/CAALFM_C210670WA/CAALFM_C210850CA/SCL1/CDC53/RUB1/PRE9/CAALFM_C304970CA/PRE3/ECM29/CAALFM_C402470CA/CAALFM_C404090CA/CAALFM_C405740CA/CAALFM_C406740CA/RPT5/RPN8/CAALFM_C502230WA/CAALFM_C502390CA/VPS4/YUH2/PRE1/STE23/PRE10/PUP3/PRE5/SHP1/CAALFM_CR03860CA/RPT4/PRE6/CDC28/PUP2/CDC23/RPN7",46
"C4","GO:0046390","ribose phosphate biosynthetic process","18/673","44/6161",0.409090909090909,3.7450357962988,6.39876185276085,2.59982511352251e-07,2.65014008876812e-05,2.27503083757304e-05,"URA6/CAALFM_C106050CA/ATP7/ATP19/ATP20/ATP18/CAALFM_C203360WA/ATP4/ATP14/ATP5/CAALFM_C401820CA/ADK1/CAALFM_C603130WA/ATP17/ADE1/ATP3/CAALFM_CR03740CA/ATP16",18
"C4","GO:0051603","proteolysis involved in protein catabolic process","41/673","166/6161",0.246987951807229,2.2610590952219,5.7674750696082,2.80685622817453e-07,2.65014008876812e-05,2.27503083757304e-05,"UBP6/CAALFM_C101300WA/GGA2/RPN3/MNS1/RPT1/CAALFM_C114460WA/CAALFM_C201320WA/PR26/RPN10/PRE2/RPT6/CAALFM_C208930WA/CAALFM_C210670WA/CAALFM_C210850CA/SCL1/CDC53/RUB1/PRE9/CAALFM_C304970CA/PRE3/ECM29/CAALFM_C404090CA/CAALFM_C406740CA/RPT5/RPN8/CAALFM_C502230WA/CAALFM_C502390CA/VPS4/YUH2/PRE1/PRE10/PRE5/SHP1/CAALFM_CR03860CA/RPT4/PRE6/CDC28/PUP2/CDC23/RPN7",41
"C4","GO:0046907","intracellular transport","68/673","341/6161",0.19941348973607,1.82553716235354,5.49215976523385,3.37055110114162e-07,2.93756492122574e-05,2.52177264571244e-05,"CTA2/CAALFM_C102100WA/GGA2/CAALFM_C106590CA/ARL3/CAALFM_C111600WA/CAALFM_C111800CA/CAALFM_C111910WA/MON2/SEC18/CAALFM_C200870WA/CAALFM_C201340WA/ENT3/SAC3/CAALFM_C202870WA/NSP1/PAN1/CAALFM_C203410WA/CAALFM_C205800CA/CAALFM_C207810WA/APM4/CAALFM_C209040WA/AGE2/RAS1/END3/APL5/SEC13/VTI1/PEP8/SBP1/ERV25/CAALFM_C306440WA/CAALFM_C307050WA/NUP159/TLO9/CAALFM_C400020WA/CAALFM_C400410WA/MLP1/CLC1/CSH3/CAALFM_C403560WA/SEC15/CAALFM_C406810CA/CAALFM_C500560WA/SAM51/VPS4/TIP1/SRP101/CTA24/CAALFM_C600430CA/PEX7/VPS15/SAR1/VPS51/NUP82/CAALFM_C702780WA/TLO1/CRM1/SRP54/CAALFM_CR02610CA/APL4/CAALFM_CR03600CA/SEC22/MIM1/CAALFM_CR05900WA/CDC28/BET2/CTA26",68
"C4","GO:0009152","purine ribonucleotide biosynthetic process","15/673","33/6161",0.454545454545455,4.16115088477644,6.37578485988253,5.08102933558511e-07,4.11200445515566e-05,3.5299782752486e-05,"CAALFM_C106050CA/ATP7/ATP19/ATP20/ATP18/CAALFM_C203360WA/ATP4/ATP14/ATP5/ADK1/CAALFM_C603130WA/ATP17/ADE1/ATP3/ATP16",15
"C4","GO:0008154","actin polymerization or depolymerization","10/673","16/6161",0.625,5.72158246656761,6.62182141452611,9.83970260474452e-07,7.43225536745036e-05,6.38027032055013e-05,"ARC35/PFY1/SLA1/CAALFM_C206770WA/ARP3/CAALFM_C401950WA/ARC18/ARC19/CAALFM_CR01180WA/CAALFM_CR03520CA",10
"C4","GO:0009142","nucleoside triphosphate biosynthetic process","12/673","23/6161",0.521739130434783,4.77627753730861,6.35338565406752,1.13594710612222e-06,8.04392544522795e-05,6.90536267142716e-05,"CAALFM_C106050CA/ATP7/ATP19/ATP20/ATP18/ATP4/ATP14/ATP5/CAALFM_C603130WA/ATP17/ATP3/ATP16",12
"C4","GO:0043161","proteasome-mediated ubiquitin-dependent protein catabolic process","27/673","94/6161",0.287234042553192,2.62949321867788,5.57468488699755,1.42683830916745e-06,9.50945767227482e-05,8.16345880910664e-05,"UBP6/CAALFM_C101300WA/RPT1/CAALFM_C114460WA/PR26/RPN10/PRE2/RPT6/CAALFM_C208930WA/SCL1/CDC53/PRE9/PRE3/RPT5/RPN8/CAALFM_C502230WA/YUH2/PRE1/PRE10/PRE5/SHP1/RPT4/PRE6/CDC28/PUP2/CDC23/RPN7",27
"C4","GO:0022900","electron transport chain","16/673","40/6161",0.4,3.66181277860327,5.914079366299,1.74090365959414e-06,0.000109580213684453,9.40698819570167e-05,"CAALFM_C101010WA/CAALFM_C103940WA/SDH1/CAALFM_C106050CA/CAALFM_C108930CA/COX5/COX6/QCR8/COX8/QCR9/CAALFM_C602740WA/QCR7/MCI4/CAALFM_CR02620CA/SDH2/CAALFM_CR10140WA",16
"C4","GO:0009057","macromolecule catabolic process","59/673","295/6161",0.2,1.83090638930163,5.12133180330359,1.92513416286907e-06,0.000114798789817403,9.85498042377297e-05,"CAALFM_C100330CA/UBP6/CAALFM_C101300WA/GGA2/RPN3/MNS1/RPT1/CAALFM_C106390WA/NOT5/KEM1/CAALFM_C114460WA/CAALFM_C201320WA/CHT4/PR26/CAALFM_C203550CA/RPN10/PRE2/RPT6/CAALFM_C208930WA/CAALFM_C209650WA/CAALFM_C210670WA/CAALFM_C210850CA/SCL1/CDC53/RUB1/PRE9/SBP1/CAALFM_C304970CA/PRE3/ECM29/CAALFM_C400740WA/CAALFM_C402470CA/CAALFM_C404090CA/CAALFM_C404870CA/CAALFM_C405740CA/CAALFM_C406740CA/RPT5/RPN8/CAALFM_C502230WA/CAALFM_C502390CA/VPS4/YUH2/PRE1/STE23/CAALFM_C603260WA/CAALFM_C701190WA/PRE10/PUP3/PRE5/SHP1/CAALFM_CR03070WA/CAALFM_CR03860CA/RPT4/PRE6/CDC28/PUP2/CDC23/RPN7/CAALFM_CR08930CA",59
"C4","GO:0051649","establishment of localization in cell","72/673","387/6161",0.186046511627907,1.70316873423408,5.00342600635874,2.36605816848588e-06,0.000134037195244725,0.000115065144614787,"CTA2/CAALFM_C102100WA/GGA2/CAALFM_C106590CA/ARL3/CAALFM_C111600WA/CAALFM_C111800CA/CAALFM_C111910WA/MON2/SEC18/CAALFM_C200870WA/CAALFM_C201340WA/CLB2/ENT3/SAC3/CAALFM_C202870WA/NSP1/PAN1/CAALFM_C203410WA/CAALFM_C205800CA/CAALFM_C207810WA/APM4/CAALFM_C209040WA/AGE2/RAS1/CSE4/END3/APL5/SEC13/VTI1/PEP8/SBP1/ERV25/CAALFM_C306440WA/CAALFM_C307050WA/NUP159/TLO9/CAALFM_C400020WA/CAALFM_C400410WA/MLP1/CLC1/CSH3/CAALFM_C403560WA/SEC15/CAALFM_C406810CA/CAALFM_C407080CA/CAALFM_C500560WA/SAM51/VPS4/CAALFM_C504620CA/TIP1/SRP101/CTA24/CAALFM_C600430CA/PEX7/VPS15/SAR1/VPS51/NUP82/CAALFM_C702780WA/TLO1/CRM1/SRP54/CAALFM_CR02610CA/APL4/CAALFM_CR03600CA/SEC22/MIM1/CAALFM_CR05900WA/CDC28/BET2/CTA26",72
"C4","GO:0030041","actin filament polymerization","9/673","14/6161",0.642857142857143,5.88505625132668,6.40756199941542,2.53804947578611e-06,0.000136933812193603,0.000117551765194304,"ARC35/PFY1/SLA1/CAALFM_C206770WA/ARP3/CAALFM_C401950WA/ARC18/ARC19/CAALFM_CR01180WA",9
"C4","GO:0022904","respiratory electron transport chain","15/673","37/6161",0.405405405405405,3.71129673507088,5.79230149132956,3.01382806476555e-06,0.000149501504375455,0.000128340586280411,"CAALFM_C101010WA/CAALFM_C103940WA/SDH1/CAALFM_C106050CA/COX5/COX6/QCR8/COX8/QCR9/CAALFM_C602740WA/QCR7/MCI4/CAALFM_CR02620CA/SDH2/CAALFM_CR10140WA",15
"C4","GO:0007015","actin filament organization","17/673","46/6161",0.369565217391304,3.38319658892693,5.68108635247311,3.03489373401189e-06,0.000149501504375455,0.000128340586280411,"ARC35/PFY1/SLA1/CAALFM_C206770WA/ARP3/END3/CAALFM_C401950WA/CAALFM_C600660CA/ARC18/CRN1/BNR1/ARC19/CAALFM_CR01180WA/CAALFM_CR03520CA/ARC40/TPM2/ARP2",17
"C4","GO:0006892","post-Golgi vesicle-mediated transport","16/673","42/6161",0.380952380952381,3.48744074152692,5.66406200226347,3.73662288703381e-06,0.000176399738792055,0.000151431559106107,"GGA2/SFH5/ARL3/SEC18/CAALFM_C202000WA/ENT3/CHS5/APM4/APL5/VTI1/SEC15/CAALFM_C600430CA/SEC8/CHS6/SEC4/APL4",16
"C4","GO:0045184","establishment of protein localization","55/673","277/6161",0.1985559566787,1.81768684858466,4.87619878701727,5.48822126877515e-06,0.00024872618790089,0.000213520692730452,"CAALFM_C102760WA/MIA40/GGA2/SFH5/ARL3/CAALFM_C111800CA/SPC3/MON2/SEC18/CAALFM_C200320WA/CAALFM_C202000WA/ENT3/SGT2/NSP1/CAALFM_C203410WA/APM4/RAS1/IST1/APL5/SEC13/VTI1/PEP8/CUP5/ERV25/CAALFM_C306440WA/NUP159/CAALFM_C400410WA/SPC2/CLC1/CAALFM_C403560WA/SEC15/CAALFM_C406810CA/CAALFM_C500560WA/SAM51/CAALFM_C502210WA/VPS4/CAALFM_C504620CA/SRP101/CAALFM_C600430CA/PEX7/VPS15/SAR1/NUP82/CAALFM_C702780WA/CRM1/SRP54/SEC4/CAALFM_CR02610CA/CAALFM_CR02630CA/APL4/CAALFM_CR03600CA/MIM1/CAALFM_CR05900WA/CDC28/CAALFM_CR06850CA",55
"C4","GO:0033036","macromolecule localization","75/673","419/6161",0.178997613365155,1.63863936990003,4.74156754973622,6.41071277760787e-06,0.000279359137578066,0.00023981775734857,"CTA2/CAALFM_C102760WA/MIA40/GGA2/IMP1/CAALFM_C106590CA/SFH5/ARL3/CAALFM_C111800CA/CAALFM_C111910WA/SPC3/MON2/SEC18/CAALFM_C200320WA/CAALFM_C202000WA/ENT3/SAC3/SGT2/NSP1/CAALFM_C203410WA/APM4/CAALFM_C209040WA/RAS1/IST1/CAALFM_C302580CA/APL5/SEC13/VTI1/PEP8/SBP1/CUP5/ERV25/CAALFM_C306440WA/CAALFM_C307050WA/NUP159/TLO9/CAALFM_C400410WA/SPC2/MLP1/CLC1/CAALFM_C403560WA/SEC15/CAALFM_C406810CA/CAALFM_C500560WA/SAM51/CAALFM_C502210WA/VPS4/CAALFM_C504420WA/CAALFM_C504620CA/SRP101/CTA24/CAALFM_C600430CA/PEX7/VPS15/ACF2/SAR1/MOB1/CAALFM_C603470WA/NUP82/CAALFM_C702780WA/TLO1/CRM1/SRP54/CAALFM_CR01280CA/SEC4/CAALFM_CR02610CA/CAALFM_CR02630CA/APL4/CAALFM_CR03600CA/CAALFM_CR04020CA/MIM1/CAALFM_CR05900WA/CDC28/CAALFM_CR06850CA/CTA26",75
"C4","GO:0009165","nucleotide biosynthetic process","21/673","71/6161",0.295774647887324,2.70767846305171,5.06777664931782,1.28316655620883e-05,0.000538454706735038,0.00046224011615476,"URA6/CAALFM_C106050CA/ATP7/ATP19/ATP20/ATP18/CAALFM_C203360WA/ATP4/ATP14/ATP5/CAALFM_C401820CA/URA4/ADK1/CAALFM_C603130WA/PNC1/NPT1/ATP17/ADE1/ATP3/CAALFM_CR03740CA/ATP16",21
"C4","GO:0006405","RNA export from nucleus","16/673","46/6161",0.347826086956522,3.18418502487241,5.20668072190632,1.46123302770184e-05,0.000555521026129757,0.000476890814459883,"CTA2/CAALFM_C106590CA/CAALFM_C111910WA/SAC3/NSP1/CAALFM_C209040WA/SBP1/CAALFM_C306440WA/CAALFM_C307050WA/NUP159/TLO9/MLP1/CTA24/NUP82/TLO1/CTA26",16
"C4","GO:0034314","Arp2/3 complex-mediated actin nucleation","7/673","10/6161",0.7,6.40817236255572,5.99333423178133,1.60770879708255e-05,0.000555521026129757,0.000476890814459883,"ARC35/ARP3/CAALFM_C600660CA/ARC18/ARC19/ARC40/ARP2",7
"C4","GO:0045010","actin nucleation","7/673","10/6161",0.7,6.40817236255572,5.99333423178133,1.60770879708255e-05,0.000555521026129757,0.000476890814459883,"ARC35/ARP3/CAALFM_C600660CA/ARC18/ARC19/ARC40/ARP2",7
"C4","GO:0030029","actin filament-based process","23/673","83/6161",0.27710843373494,2.53679800927335,4.93589968195374,1.64880422522677e-05,0.000555521026129757,0.000476890814459883,"CMP1/ARC35/CAALFM_C106700WA/PFY1/SLA1/CAALFM_C206770WA/ARP3/END3/CAALFM_C401950WA/GVP36/CAALFM_C503370CA/CAALFM_C600660CA/ARC18/MOB1/CRN1/BNR1/KIN2/ARC19/CAALFM_CR01180WA/CAALFM_CR03520CA/ARC40/TPM2/ARP2",23
"C4","GO:0030036","actin cytoskeleton organization","23/673","83/6161",0.27710843373494,2.53679800927335,4.93589968195374,1.64880422522677e-05,0.000555521026129757,0.000476890814459883,"CMP1/ARC35/CAALFM_C106700WA/PFY1/SLA1/CAALFM_C206770WA/ARP3/END3/CAALFM_C401950WA/GVP36/CAALFM_C503370CA/CAALFM_C600660CA/ARC18/MOB1/CRN1/BNR1/KIN2/ARC19/CAALFM_CR01180WA/CAALFM_CR03520CA/ARC40/TPM2/ARP2",23
"C4","GO:0019941","modification-dependent protein catabolic process","33/673","142/6161",0.232394366197183,2.12746164954063,4.75964558964806,1.66428080716699e-05,0.000555521026129757,0.000476890814459883,"UBP6/CAALFM_C101300WA/GGA2/RPN3/RPT1/CAALFM_C114460WA/CAALFM_C201320WA/PR26/RPN10/PRE2/RPT6/CAALFM_C208930WA/CAALFM_C210670WA/SCL1/CDC53/RUB1/PRE9/PRE3/RPT5/RPN8/CAALFM_C502230WA/VPS4/YUH2/PRE1/PRE10/PRE5/SHP1/RPT4/PRE6/CDC28/PUP2/CDC23/RPN7",33
"C4","GO:0006119","oxidative phosphorylation","14/673","37/6161",0.378378378378378,3.46387695273282,5.26372416680307,1.66705338820933e-05,0.000555521026129757,0.000476890814459883,"CAALFM_C103940WA/SDH1/CAALFM_C106050CA/COX5/COX6/QCR8/COX8/ATP5/QCR9/CAALFM_C602740WA/CAALFM_C603130WA/QCR7/CAALFM_CR02620CA/CAALFM_CR10140WA",14
"C4","GO:0006164","purine nucleotide biosynthetic process","17/673","52/6161",0.326923076923077,2.99282775174306,5.05332474609514,2.02292023775837e-05,0.000654848179822924,0.000562158887124432,"CAALFM_C106050CA/ATP7/ATP19/ATP20/ATP18/CAALFM_C203360WA/ATP4/ATP14/ATP5/CAALFM_C401820CA/ADK1/CAALFM_C603130WA/NPT1/ATP17/ADE1/ATP3/ATP16",17
"C4","GO:0043632","modification-dependent macromolecule catabolic process","33/673","144/6161",0.229166666666667,2.09791357107479,4.66820834336082,2.26611808835257e-05,0.000713197720584294,0.000612249448432097,"UBP6/CAALFM_C101300WA/GGA2/RPN3/RPT1/CAALFM_C114460WA/CAALFM_C201320WA/PR26/RPN10/PRE2/RPT6/CAALFM_C208930WA/CAALFM_C210670WA/SCL1/CDC53/RUB1/PRE9/PRE3/RPT5/RPN8/CAALFM_C502230WA/VPS4/YUH2/PRE1/PRE10/PRE5/SHP1/RPT4/PRE6/CDC28/PUP2/CDC23/RPN7",33
"C4","GO:0050657","nucleic acid transport","16/673","48/6161",0.333333333333333,3.05151064883606,4.99640958987924,2.69374968729305e-05,0.00077383756532834,0.00066430613681738,"CTA2/CAALFM_C106590CA/CAALFM_C111910WA/SAC3/NSP1/CAALFM_C209040WA/SBP1/CAALFM_C306440WA/CAALFM_C307050WA/NUP159/TLO9/MLP1/CTA24/NUP82/TLO1/CTA26",16
"C4","GO:0050658","RNA transport","16/673","48/6161",0.333333333333333,3.05151064883606,4.99640958987924,2.69374968729305e-05,0.00077383756532834,0.00066430613681738,"CTA2/CAALFM_C106590CA/CAALFM_C111910WA/SAC3/NSP1/CAALFM_C209040WA/SBP1/CAALFM_C306440WA/CAALFM_C307050WA/NUP159/TLO9/MLP1/CTA24/NUP82/TLO1/CTA26",16
"C4","GO:0051236","establishment of RNA localization","16/673","48/6161",0.333333333333333,3.05151064883606,4.99640958987924,2.69374968729305e-05,0.00077383756532834,0.00066430613681738,"CTA2/CAALFM_C106590CA/CAALFM_C111910WA/SAC3/NSP1/CAALFM_C209040WA/SBP1/CAALFM_C306440WA/CAALFM_C307050WA/NUP159/TLO9/MLP1/CTA24/NUP82/TLO1/CTA26",16
"C4","GO:0006511","ubiquitin-dependent protein catabolic process","32/673","139/6161",0.23021582733813,2.10751814595872,4.62464831393797,2.73199493496325e-05,0.00077383756532834,0.00066430613681738,"UBP6/CAALFM_C101300WA/GGA2/RPN3/RPT1/CAALFM_C114460WA/CAALFM_C201320WA/PR26/RPN10/PRE2/RPT6/CAALFM_C208930WA/CAALFM_C210670WA/SCL1/CDC53/PRE9/PRE3/RPT5/RPN8/CAALFM_C502230WA/VPS4/YUH2/PRE1/PRE10/PRE5/SHP1/RPT4/PRE6/CDC28/PUP2/CDC23/RPN7",32
"C4","GO:0015031","protein transport","48/673","245/6161",0.195918367346939,1.79354095278527,4.43842760946329,3.18074249456239e-05,0.000878971035692485,0.00075455868163688,"MIA40/GGA2/SFH5/ARL3/CAALFM_C111800CA/MON2/SEC18/CAALFM_C202000WA/ENT3/NSP1/CAALFM_C203410WA/APM4/RAS1/IST1/APL5/SEC13/VTI1/PEP8/CUP5/ERV25/CAALFM_C306440WA/NUP159/CAALFM_C400410WA/CLC1/CAALFM_C403560WA/SEC15/CAALFM_C406810CA/CAALFM_C500560WA/SAM51/VPS4/SRP101/CAALFM_C600430CA/PEX7/VPS15/SAR1/NUP82/CAALFM_C702780WA/CRM1/SRP54/SEC4/CAALFM_CR02610CA/CAALFM_CR02630CA/APL4/CAALFM_CR03600CA/MIM1/CAALFM_CR05900WA/CDC28/CAALFM_CR06850CA",48
"C4","GO:0022607","cellular component assembly","64/673","360/6161",0.177777777777778,1.6274723460459,4.29620745960123,3.99054617581951e-05,0.00105513420222025,0.000905787153668895,"CMP1/CAALFM_C101010WA/ARP8/CAALFM_C102910CA/TEM1/HHF1/GIM5/ARC35/CAALFM_C106700WA/CAALFM_C107630WA/PFY1/CAALFM_C108470WA/CAALFM_C111150WA/KEM1/CAALFM_C113790CA/CDC55/SLA1/NCB2/CAALFM_C203880CA/CAALFM_C206770WA/CAALFM_C207220WA/ARP3/RAS1/CSE4/CAALFM_C302190CA/NUO2/HTA3/CAALFM_C303340CA/CAALFM_C303930WA/CAALFM_C305120CA/TAF60/CAALFM_C400020WA/CAALFM_C400770CA/CAALFM_C401950WA/CAALFM_C402950CA/CAALFM_C404130WA/YFH1/CAALFM_C404870CA/CAALFM_C406170CA/CAALFM_C406690CA/EXM2/SAM51/CAALFM_C502990WA/VPS4/CAALFM_C504620CA/CAALFM_C504640CA/SEC8/ARC18/SAR1/MOB1/CAALFM_C702480WA/CAALFM_C702780WA/CAALFM_C704010WA/BNR1/ARC19/CAALFM_CR01180WA/SHP1/RPT4/CAALFM_CR04020CA/MIM1/CAALFM_CR04720CA/CDC28/SMX4/ACE2",64
"C4","GO:0043254","regulation of protein-containing complex assembly","7/673","11/6161",0.636363636363636,5.82561123868702,5.60921327066778,4.00448108521367e-05,0.00105513420222025,0.000905787153668895,"PFY1/SLA1/CAALFM_C206770WA/CAALFM_C401950WA/ARC18/CAALFM_CR01180WA/RPT4",7
"C4","GO:0006403","RNA localization","16/673","50/6161",0.32,2.92945022288262,4.79681838833103,4.76893526544587e-05,0.00120891297247482,0.0010377995880213,"CTA2/CAALFM_C106590CA/CAALFM_C111910WA/SAC3/NSP1/CAALFM_C209040WA/SBP1/CAALFM_C306440WA/CAALFM_C307050WA/NUP159/TLO9/MLP1/CTA24/NUP82/TLO1/CTA26",16
"C4","GO:0044087","regulation of cellular component biogenesis","15/673","45/6161",0.333333333333333,3.05151064883606,4.83656613836219,4.80150783418948e-05,0.00120891297247482,0.0010377995880213,"CMP1/TEM1/PFY1/CDC55/SLA1/CAALFM_C206770WA/RAS1/CAALFM_C401950WA/ARC18/MOB1/CAALFM_C702780WA/CAALFM_CR01180WA/RPT4/CDC28/ACE2",15
"C4","GO:0006406","mRNA export from nucleus","13/673","36/6161",0.361111111111111,3.30580320290573,4.8586014877795,5.94581899870788e-05,0.0014644810707687,0.00125719376540185,"CTA2/CAALFM_C106590CA/CAALFM_C111910WA/SAC3/CAALFM_C209040WA/SBP1/CAALFM_C307050WA/TLO9/MLP1/CTA24/NUP82/TLO1/CTA26",13
"C4","GO:0006886","intracellular protein transport","39/673","192/6161",0.203125,1.85951430163447,4.23685663866805,7.80620917607421e-05,0.0018817946801047,0.00161543948011032,"GGA2/ARL3/CAALFM_C111800CA/MON2/ENT3/NSP1/CAALFM_C203410WA/APM4/RAS1/APL5/SEC13/VTI1/PEP8/ERV25/CAALFM_C306440WA/NUP159/CAALFM_C400410WA/CLC1/CAALFM_C403560WA/SEC15/CAALFM_C406810CA/CAALFM_C500560WA/SAM51/VPS4/SRP101/CAALFM_C600430CA/PEX7/VPS15/SAR1/NUP82/CAALFM_C702780WA/CRM1/SRP54/CAALFM_CR02610CA/APL4/CAALFM_CR03600CA/MIM1/CAALFM_CR05900WA/CDC28",39
"C4","GO:0051028","mRNA transport","13/673","37/6161",0.351351351351351,3.21645717039476,4.73514684227658,8.26348370439464e-05,0.00195052646605815,0.00167444275062734,"CTA2/CAALFM_C106590CA/CAALFM_C111910WA/SAC3/CAALFM_C209040WA/SBP1/CAALFM_C307050WA/TLO9/MLP1/CTA24/NUP82/TLO1/CTA26",13
"C4","GO:0110053","regulation of actin filament organization","7/673","12/6161",0.583333333333333,5.3401436354631,5.26966874369617,8.70636373592011e-05,0.0019728620225595,0.00169361686147162,"PFY1/SLA1/CAALFM_C206770WA/CAALFM_C401950WA/CAALFM_C600660CA/ARC18/CAALFM_CR01180WA",7
"C4","GO:1902903","regulation of supramolecular fiber organization","7/673","12/6161",0.583333333333333,5.3401436354631,5.26966874369617,8.70636373592011e-05,0.0019728620225595,0.00169361686147162,"PFY1/SLA1/CAALFM_C206770WA/CAALFM_C401950WA/CAALFM_C600660CA/ARC18/CAALFM_CR01180WA",7
"C4","GO:0008104","protein localization","60/673","341/6161",0.175953079178886,1.61076808442959,4.06333724532756,9.52403688565565e-05,0.00211583015518585,0.00181634883020554,"CAALFM_C102760WA/MIA40/GGA2/IMP1/SFH5/ARL3/CAALFM_C111800CA/SPC3/MON2/SEC18/CAALFM_C200320WA/CAALFM_C202000WA/ENT3/SGT2/NSP1/CAALFM_C203410WA/APM4/RAS1/IST1/CAALFM_C302580CA/APL5/SEC13/VTI1/PEP8/CUP5/ERV25/CAALFM_C306440WA/NUP159/CAALFM_C400410WA/SPC2/CLC1/CAALFM_C403560WA/SEC15/CAALFM_C406810CA/CAALFM_C500560WA/SAM51/CAALFM_C502210WA/VPS4/CAALFM_C504620CA/SRP101/CAALFM_C600430CA/PEX7/VPS15/ACF2/SAR1/MOB1/NUP82/CAALFM_C702780WA/CRM1/SRP54/SEC4/CAALFM_CR02610CA/CAALFM_CR02630CA/APL4/CAALFM_CR03600CA/CAALFM_CR04020CA/MIM1/CAALFM_CR05900WA/CDC28/CAALFM_CR06850CA",60
"C4","GO:0042773","ATP synthesis coupled electron transport","12/673","33/6161",0.363636363636364,3.32892070782115,4.69724411457289,0.000105882126301872,0.00227301082118063,0.00195128164516273,"CAALFM_C103940WA/SDH1/CAALFM_C106050CA/COX5/COX6/QCR8/COX8/QCR9/CAALFM_C602740WA/QCR7/CAALFM_CR02620CA/CAALFM_CR10140WA",12
"C4","GO:0016973","poly(A)+ mRNA export from nucleus","10/673","24/6161",0.416666666666667,3.81438831104507,4.83729322902389,0.000106327955447991,0.00227301082118063,0.00195128164516273,"CTA2/CAALFM_C106590CA/CAALFM_C111910WA/CAALFM_C209040WA/SBP1/CAALFM_C307050WA/TLO9/CTA24/TLO1/CTA26",10
"C4","GO:0070727","cellular macromolecule localization","60/673","344/6161",0.174418604651163,1.59672068834445,3.98833492321607,0.000122924581894551,0.00257913983863938,0.00221408018851005,"CAALFM_C102760WA/MIA40/GGA2/IMP1/SFH5/ARL3/CAALFM_C111800CA/SPC3/MON2/SEC18/CAALFM_C200320WA/CAALFM_C202000WA/ENT3/SGT2/NSP1/CAALFM_C203410WA/APM4/RAS1/IST1/CAALFM_C302580CA/APL5/SEC13/VTI1/PEP8/CUP5/ERV25/CAALFM_C306440WA/NUP159/CAALFM_C400410WA/SPC2/CLC1/CAALFM_C403560WA/SEC15/CAALFM_C406810CA/CAALFM_C500560WA/SAM51/CAALFM_C502210WA/VPS4/CAALFM_C504620CA/SRP101/CAALFM_C600430CA/PEX7/VPS15/ACF2/SAR1/MOB1/NUP82/CAALFM_C702780WA/CRM1/SRP54/SEC4/CAALFM_CR02610CA/CAALFM_CR02630CA/APL4/CAALFM_CR03600CA/CAALFM_CR04020CA/MIM1/CAALFM_CR05900WA/CDC28/CAALFM_CR06850CA",60
"C4","GO:0098876","vesicle-mediated transport to the plasma membrane","12/673","34/6161",0.352941176470588,3.23101127523818,4.56781094036174,0.000147606630189481,0.00304069658190331,0.00261030672335083,"GGA2/SFH5/ARL3/SEC18/CAALFM_C202000WA/ENT3/CHS5/SEC15/SEC8/CHS6/SEC4/APL4",12
"C4","GO:0097435","supramolecular fiber organization","17/673","60/6161",0.283333333333333,2.59378405151065,4.34405611023295,0.00015400456440425,0.00311584234767884,0.00267481611860013,"ARC35/PFY1/SLA1/CAALFM_C206770WA/ARP3/END3/CAALFM_C401950WA/CAALFM_C600660CA/ARC18/CRN1/BNR1/ARC19/CAALFM_CR01180WA/CAALFM_CR03520CA/ARC40/TPM2/ARP2",17
"C4","GO:0051258","protein polymerization","9/673","21/6161",0.428571428571429,3.92337083421779,4.69894334126614,0.000183345460214489,0.00356114425410381,0.00305708857787144,"ARC35/PFY1/SLA1/CAALFM_C206770WA/ARP3/CAALFM_C401950WA/ARC18/ARC19/CAALFM_CR01180WA",9
"C4","GO:0006766","vitamin metabolic process","11/673","30/6161",0.366666666666667,3.35666171371966,4.5308851370326,0.000188783379750596,0.00356114425410381,0.00305708857787144,"SNZ1/RIB4/CAALFM_C105990CA/CAALFM_C206080CA/CAALFM_C505140WA/RIB5/CAALFM_C601750CA/DFR1/PNC1/RIB1/CAALFM_CR03740CA",11
"C4","GO:0006767","water-soluble vitamin metabolic process","11/673","30/6161",0.366666666666667,3.35666171371966,4.5308851370326,0.000188783379750596,0.00356114425410381,0.00305708857787144,"SNZ1/RIB4/CAALFM_C105990CA/CAALFM_C206080CA/CAALFM_C505140WA/RIB5/CAALFM_C601750CA/DFR1/PNC1/RIB1/CAALFM_CR03740CA",11
"C4","GO:0007030","Golgi organization","8/673","17/6161",0.470588235294118,4.3080150336509,4.78252411558262,0.000192225892213331,0.00356114425410381,0.00305708857787144,"CAALFM_C202000WA/CAALFM_C205800CA/VTI1/ERV25/TIP1/SHP1/CAALFM_CR02630CA/SEC22",8
"C4","GO:0006913","nucleocytoplasmic transport","22/673","90/6161",0.244444444444444,2.23777447581311,4.14212783450435,0.000195168262195337,0.00356114425410381,0.00305708857787144,"CTA2/CAALFM_C106590CA/CAALFM_C111910WA/SAC3/NSP1/CAALFM_C209040WA/RAS1/SEC13/SBP1/CAALFM_C306440WA/CAALFM_C307050WA/NUP159/TLO9/MLP1/CTA24/NUP82/CAALFM_C702780WA/TLO1/CRM1/CAALFM_CR02610CA/CDC28/CTA26",22
"C4","GO:0051169","nuclear transport","22/673","90/6161",0.244444444444444,2.23777447581311,4.14212783450435,0.000195168262195337,0.00356114425410381,0.00305708857787144,"CTA2/CAALFM_C106590CA/CAALFM_C111910WA/SAC3/NSP1/CAALFM_C209040WA/RAS1/SEC13/SBP1/CAALFM_C306440WA/CAALFM_C307050WA/NUP159/TLO9/MLP1/CTA24/NUP82/CAALFM_C702780WA/TLO1/CRM1/CAALFM_CR02610CA/CDC28/CTA26",22
"C4","GO:0006367","transcription initiation at RNA polymerase II promoter","14/673","45/6161",0.311111111111111,2.84807660558032,4.35695751163679,0.000198015964703036,0.00356114425410381,0.00305708857787144,"ESS1/CAALFM_C106710WA/CAALFM_C110120CA/CAALFM_C200220CA/CAALFM_C201490CA/NCB2/TAF4/CAALFM_C303930WA/TAF60/CAALFM_C400390WA/CAALFM_C504640CA/CAALFM_CR01120CA/RPT4/CAALFM_CR05560WA",14
"C4","GO:0046034","ATP metabolic process","13/673","40/6161",0.325,2.97522288261516,4.38859749559307,0.000204578894009056,0.00358538295066304,0.00307789645228099,"CAALFM_C106050CA/ATP7/ATP19/ATP20/ATP18/ATP4/ATP14/ATP5/CAALFM_C603130WA/SNF4/ATP17/ATP3/ATP16",13
"C4","GO:0009259","ribonucleotide metabolic process","18/673","67/6161",0.26865671641791,2.45942649309175,4.20590287038041,0.000208857259261925,0.00358538295066304,0.00307789645228099,"URA6/CAALFM_C106050CA/ATP7/ATP19/ATP20/ATP18/CAALFM_C203360WA/ATP4/ATP14/ATP5/ADK1/CAALFM_C603130WA/SNF4/ATP17/ADE1/ATP3/CAALFM_CR03740CA/ATP16",18
"C4","GO:0051168","nuclear export","18/673","67/6161",0.26865671641791,2.45942649309175,4.20590287038041,0.000208857259261925,0.00358538295066304,0.00307789645228099,"CTA2/CAALFM_C106590CA/CAALFM_C111910WA/SAC3/NSP1/CAALFM_C209040WA/SBP1/CAALFM_C306440WA/CAALFM_C307050WA/NUP159/TLO9/MLP1/CTA24/NUP82/CAALFM_C702780WA/TLO1/CRM1/CTA26",18
"C4","GO:0000916","actomyosin contractile ring contraction","6/673","10/6161",0.6,5.4927191679049,4.97882940440531,0.000237104769294583,0.00367999593987346,0.00315911761828687,"CMP1/CAALFM_C106700WA/CAALFM_C401950WA/MOB1/CAALFM_CR01180WA/TPM2",6
"C4","GO:0008064","regulation of actin polymerization or depolymerization","6/673","10/6161",0.6,5.4927191679049,4.97882940440531,0.000237104769294583,0.00367999593987346,0.00315911761828687,"PFY1/SLA1/CAALFM_C206770WA/CAALFM_C401950WA/ARC18/CAALFM_CR01180WA",6
"C4","GO:0030832","regulation of actin filament length","6/673","10/6161",0.6,5.4927191679049,4.97882940440531,0.000237104769294583,0.00367999593987346,0.00315911761828687,"PFY1/SLA1/CAALFM_C206770WA/CAALFM_C401950WA/ARC18/CAALFM_CR01180WA",6
"C4","GO:0030833","regulation of actin filament polymerization","6/673","10/6161",0.6,5.4927191679049,4.97882940440531,0.000237104769294583,0.00367999593987346,0.00315911761828687,"PFY1/SLA1/CAALFM_C206770WA/CAALFM_C401950WA/ARC18/CAALFM_CR01180WA",6
"C4","GO:0032271","regulation of protein polymerization","6/673","10/6161",0.6,5.4927191679049,4.97882940440531,0.000237104769294583,0.00367999593987346,0.00315911761828687,"PFY1/SLA1/CAALFM_C206770WA/CAALFM_C401950WA/ARC18/CAALFM_CR01180WA",6
"C4","GO:0036213","contractile ring contraction","6/673","10/6161",0.6,5.4927191679049,4.97882940440531,0.000237104769294583,0.00367999593987346,0.00315911761828687,"CMP1/CAALFM_C106700WA/CAALFM_C401950WA/MOB1/CAALFM_CR01180WA/TPM2",6
"C4","GO:1902404","mitotic actomyosin contractile ring contraction","6/673","10/6161",0.6,5.4927191679049,4.97882940440531,0.000237104769294583,0.00367999593987346,0.00315911761828687,"CMP1/CAALFM_C106700WA/CAALFM_C401950WA/MOB1/CAALFM_CR01180WA/TPM2",6
"C4","GO:0019693","ribose phosphate metabolic process","19/673","74/6161",0.256756756756757,2.35048793221156,4.09256658098566,0.000267209854364989,0.0040624392032157,0.00348742864660316,"URA6/CAALFM_C106050CA/ATP7/ATP19/ATP20/ATP18/CAALFM_C203360WA/ATP4/ATP14/ATP5/CAALFM_C401820CA/ADK1/CAALFM_C603130WA/SNF4/ATP17/ADE1/ATP3/CAALFM_CR03740CA/ATP16",19
"C4","GO:0006888","endoplasmic reticulum to Golgi vesicle-mediated transport","16/673","57/6161",0.280701754385965,2.56969317796721,4.16903722573025,0.000269538735931256,0.0040624392032157,0.00348742864660316,"CAALFM_C111600WA/SEC18/CAALFM_C202870WA/CAALFM_C203410WA/CAALFM_C205800CA/CAALFM_C207810WA/AGE2/SEC13/ERV25/CAALFM_C400410WA/CSH3/CAALFM_C406810CA/TIP1/SAR1/SEC22/BET2",16
"C4","GO:0006508","proteolysis","44/673","238/6161",0.184873949579832,1.69243447750571,3.81493491523107,0.00027250254143371,0.0040624392032157,0.00348742864660316,"UBP6/CAALFM_C101300WA/GGA2/RPN3/IMP1/MNS1/RPT1/DDI1/CAALFM_C114460WA/CAALFM_C201320WA/PR26/RPN10/PRE2/RPT6/APE3/CAALFM_C208930WA/CAALFM_C210670WA/CAALFM_C210850CA/SCL1/CDC53/RUB1/PRE9/CAALFM_C304970CA/PRE3/ECM29/CAALFM_C404090CA/CAALFM_C406740CA/RPT5/RPN8/CAALFM_C502230WA/CAALFM_C502390CA/VPS4/YUH2/PRE1/PRE10/PRE5/SHP1/CAALFM_CR03860CA/RPT4/PRE6/CDC28/PUP2/CDC23/RPN7",44
"C4","GO:0006893","Golgi to plasma membrane transport","9/673","22/6161",0.409090909090909,3.7450357962988,4.51649332535598,0.000280515166906639,0.00407466261673361,0.00349792191932165,"SFH5/ARL3/SEC18/CAALFM_C202000WA/CHS5/SEC15/SEC8/CHS6/SEC4",9
"C4","GO:0036503","ERAD pathway","9/673","22/6161",0.409090909090909,3.7450357962988,4.51649332535598,0.000280515166906639,0.00407466261673361,0.00349792191932165,"UBP6/MNS1/CAALFM_C210850CA/CAALFM_C304970CA/ECM29/CAALFM_C404090CA/CAALFM_C406740CA/CAALFM_C502390CA/RPT4",9
"C4","GO:0072522","purine-containing compound biosynthetic process","18/673","69/6161",0.260869565217391,2.38813876865431,4.06039531937701,0.000311488232610443,0.00446729326009661,0.00383497837351165,"CAALFM_C106050CA/ATP7/ATP19/ATP20/ATP18/CAALFM_C203360WA/ATP4/ATP14/ATP5/CAALFM_C401820CA/CAALFM_C505130CA/ADK1/CAALFM_C603130WA/NPT1/ATP17/ADE1/ATP3/ATP16",18
"C4","GO:0065003","protein-containing complex assembly","41/673","219/6161",0.187214611872146,1.71386214523669,3.76669905655401,0.000333658460946384,0.00472543795315316,0.00405658444624288,"CAALFM_C101010WA/ARP8/HHF1/GIM5/ARC35/PFY1/CAALFM_C108470WA/CAALFM_C111150WA/SLA1/NCB2/CAALFM_C203880CA/CAALFM_C206770WA/CAALFM_C207220WA/ARP3/CSE4/CAALFM_C302190CA/NUO2/HTA3/CAALFM_C303340CA/CAALFM_C303930WA/CAALFM_C305120CA/TAF60/CAALFM_C400020WA/CAALFM_C400770CA/CAALFM_C401950WA/CAALFM_C404130WA/CAALFM_C406170CA/CAALFM_C406690CA/EXM2/SAM51/CAALFM_C502990WA/CAALFM_C504620CA/CAALFM_C504640CA/ARC18/SAR1/CAALFM_C702480WA/ARC19/CAALFM_CR01180WA/RPT4/MIM1/CAALFM_CR04720CA",41
"C4","GO:0009205","purine ribonucleoside triphosphate metabolic process","13/673","42/6161",0.30952380952381,2.83354560249062,4.17510085892915,0.00035280988692045,0.00490120042483195,0.00420746893904838,"CAALFM_C106050CA/ATP7/ATP19/ATP20/ATP18/ATP4/ATP14/ATP5/CAALFM_C603130WA/SNF4/ATP17/ATP3/ATP16",13
"C4","GO:0019646","aerobic electron transport chain","11/673","32/6161",0.34375,3.14687035661218,4.26360374248195,0.000363372317463269,0.00490120042483195,0.00420746893904838,"CAALFM_C103940WA/SDH1/CAALFM_C106050CA/COX5/COX6/QCR8/COX8/QCR9/CAALFM_C602740WA/QCR7/CAALFM_CR02620CA",11
"C4","GO:0034976","response to endoplasmic reticulum stress","11/673","32/6161",0.34375,3.14687035661218,4.26360374248195,0.000363372317463269,0.00490120042483195,0.00420746893904838,"UBP6/MNS1/CAALFM_C210850CA/CAALFM_C304970CA/ECM29/CAALFM_C404090CA/CAALFM_C406740CA/CAALFM_C502390CA/CAALFM_C704260WA/CAALFM_CR03070WA/RPT4",11
"C4","GO:0042775","mitochondrial ATP synthesis coupled electron transport","11/673","32/6161",0.34375,3.14687035661218,4.26360374248195,0.000363372317463269,0.00490120042483195,0.00420746893904838,"CAALFM_C103940WA/SDH1/CAALFM_C106050CA/COX5/COX6/QCR8/COX8/QCR9/CAALFM_C602740WA/QCR7/CAALFM_CR02620CA",11
"C4","GO:0045333","cellular respiration","21/673","88/6161",0.238636363636364,2.18460421450763,3.91925756928991,0.000386242210661495,0.00514838146681734,0.0044196631907272,"CAALFM_C101010WA/CAALFM_C103940WA/SDH1/CAALFM_C106050CA/CAALFM_C108050WA/COX5/IDH1/COX6/QCR8/COX8/ATP5/QCR9/CAALFM_C601000CA/CAALFM_C602740WA/CAALFM_C603130WA/QCR7/MCI4/CAALFM_CR02620CA/SDH2/KGD2/CAALFM_CR10140WA",21
"C4","GO:0009150","purine ribonucleotide metabolic process","16/673","59/6161",0.271186440677966,2.48258493464628,4.00682452845997,0.000414451658448737,0.00546015963979557,0.00468731129016686,"CAALFM_C106050CA/ATP7/ATP19/ATP20/ATP18/CAALFM_C203360WA/ATP4/ATP14/ATP5/ADK1/CAALFM_C603130WA/SNF4/ATP17/ADE1/ATP3/ATP16",16
"C4","GO:0051668","localization within membrane","23/673","101/6161",0.227722772277228,2.08469539375929,3.84877929492358,0.000428920276158236,0.00558582382629059,0.0047951885683026,"CAALFM_C102760WA/GGA2/SFH5/ARL3/SEC18/CAALFM_C200320WA/CAALFM_C202000WA/ENT3/SGT2/CHS5/RAS1/SEC15/SAM51/CAALFM_C502210WA/CAALFM_C504620CA/SRP101/SEC8/CHS6/SRP54/SEC4/CAALFM_CR02610CA/APL4/MIM1",23
"C4","GO:0006163","purine nucleotide metabolic process","22/673","95/6161",0.231578947368421,2.11999687182294,3.85228355003599,0.000443692306888842,0.00564835262589952,0.00484886684287747,"CAALFM_C106050CA/ATP7/ZWF1/ATP19/ATP20/ATP18/CAALFM_C203360WA/ATP4/ATP14/ATP5/RKI1/CAALFM_C401820CA/ADK1/CAALFM_C603130WA/SNF4/NPT1/ATP17/ADE1/ATP3/CAALFM_CR05480WA/SOL3/ATP16",22
"C4","GO:1901293","nucleoside phosphate biosynthetic process","22/673","95/6161",0.231578947368421,2.11999687182294,3.85228355003599,0.000443692306888842,0.00564835262589952,0.00484886684287747,"URA6/CAALFM_C106050CA/ATP7/ATP19/ATP20/ATP18/CAALFM_C203360WA/ATP4/ATP14/ATP5/CAALFM_C401820CA/URA4/CAALFM_C505130CA/ADK1/CAALFM_C603130WA/PNC1/NPT1/ATP17/ADE1/ATP3/CAALFM_CR03740CA/ATP16",22
"C4","GO:0009144","purine nucleoside triphosphate metabolic process","13/673","43/6161",0.302325581395349,2.76764919313038,4.07301873405425,0.000456077406953628,0.00574150780087179,0.00492883653830588,"CAALFM_C106050CA/ATP7/ATP19/ATP20/ATP18/ATP4/ATP14/ATP5/CAALFM_C603130WA/SNF4/ATP17/ATP3/ATP16",13
"C4","GO:1902410","mitotic cytokinetic process","10/673","28/6161",0.357142857142857,3.26947569518149,4.2146246824834,0.000473742228247146,0.00589835103960458,0.0050634796865282,"CMP1/TEM1/CAALFM_C106700WA/CAALFM_C401950WA/MOB1/BNR1/KIN2/CAALFM_CR01180WA/CDC28/TPM2",10
"C4","GO:0009117","nucleotide metabolic process","26/673","121/6161",0.214876033057851,1.96708950916705,3.76211203702767,0.000489047137685385,0.00602272181519066,0.00517024662724594,"URA6/CAALFM_C106050CA/ATP7/ZWF1/ATP19/ATP20/ATP18/CAALFM_C203360WA/ATP4/ATP14/ATP5/RKI1/CAALFM_C401820CA/URA4/ADK1/CAALFM_C603130WA/SNF4/PNC1/NPT1/ATP17/ADE1/ATP3/CAALFM_CR03740CA/CAALFM_CR05480WA/SOL3/ATP16",26
"C4","GO:0009199","ribonucleoside triphosphate metabolic process","13/673","44/6161",0.295454545454545,2.70474807510469,3.97381956412199,0.000583866729558876,0.00711312908161512,0.006106314183502,"CAALFM_C106050CA/ATP7/ATP19/ATP20/ATP18/ATP4/ATP14/ATP5/CAALFM_C603130WA/SNF4/ATP17/ATP3/ATP16",13
"C4","GO:0030866","cortical actin cytoskeleton organization","11/673","34/6161",0.323529411764706,2.961760335635,4.01654192560035,0.000656883439626548,0.00791754188400935,0.00679686784115264,"CMP1/ARC35/CAALFM_C106700WA/PFY1/SLA1/CAALFM_C401950WA/MOB1/BNR1/CAALFM_CR01180WA/ARC40/TPM2",11
"C4","GO:0072659","protein localization to plasma membrane","8/673","20/6161",0.4,3.66181277860327,4.17507029126383,0.000738740088797909,0.0088104475853477,0.00756338883157084,"GGA2/SFH5/ARL3/SEC18/CAALFM_C202000WA/ENT3/RAS1/APL4",8
"C4","GO:0015931","nucleobase-containing compound transport","17/673","68/6161",0.25,2.28863298662704,3.74161371157736,0.000773695422373351,0.00913121784946882,0.00783875625299317,"CTA2/CAALFM_C106590CA/CAALFM_C111910WA/SAC3/NSP1/CAALFM_C204180CA/CAALFM_C209040WA/SBP1/CAALFM_C306440WA/CAALFM_C307050WA/NUP159/TLO9/MLP1/CTA24/NUP82/TLO1/CTA26",17
"C4","GO:0009110","vitamin biosynthetic process","9/673","25/6161",0.36,3.29563150074294,4.02735896992773,0.000852022508641213,0.00980137855867735,0.00841406028542562,"SNZ1/RIB4/CAALFM_C105990CA/CAALFM_C206080CA/CAALFM_C505140WA/RIB5/CAALFM_C601750CA/RIB1/CAALFM_CR03740CA",9
"C4","GO:0042364","water-soluble vitamin biosynthetic process","9/673","25/6161",0.36,3.29563150074294,4.02735896992773,0.000852022508641213,0.00980137855867735,0.00841406028542562,"SNZ1/RIB4/CAALFM_C105990CA/CAALFM_C206080CA/CAALFM_C505140WA/RIB5/CAALFM_C601750CA/RIB1/CAALFM_CR03740CA",9
"C4","GO:0044396","actin cortical patch organization","6/673","12/6161",0.5,4.57726597325409,4.34340617972047,0.000860089801491835,0.00980137855867735,0.00841406028542562,"ARC35/PFY1/SLA1/CAALFM_C401950WA/CAALFM_CR01180WA/TPM2",6
"C4","GO:0030865","cortical cytoskeleton organization","11/673","35/6161",0.314285714285714,2.87713861175971,3.89971353475379,0.000865081955752634,0.00980137855867735,0.00841406028542562,"CMP1/ARC35/CAALFM_C106700WA/PFY1/SLA1/CAALFM_C401950WA/MOB1/BNR1/CAALFM_CR01180WA/ARC40/TPM2",11
"C4","GO:0043933","protein-containing complex organization","44/673","251/6161",0.175298804780877,1.60477850855123,3.42554996723286,0.000888032551631674,0.00996179090097709,0.00855176735495223,"CAALFM_C101010WA/ARP8/HHF1/GIM5/ARC35/PFY1/CAALFM_C108470WA/CAALFM_C111150WA/SLA1/NCB2/CAALFM_C203880CA/CAALFM_C206770WA/CAALFM_C207220WA/ARP3/CSE4/CAALFM_C302190CA/NUO2/HTA3/CAALFM_C303340CA/CAALFM_C303930WA/CAALFM_C305120CA/TAF60/CAALFM_C400020WA/CAALFM_C400770CA/CAALFM_C401950WA/CAALFM_C404130WA/CAALFM_C406170CA/CAALFM_C406690CA/EXM2/SAM51/CAALFM_C502990WA/CAALFM_C504620CA/CAALFM_C504640CA/CAALFM_C600560WA/ARC18/SAR1/CAALFM_C702480WA/ARC19/CAALFM_CR01180WA/CAALFM_CR02610CA/CAALFM_CR03520CA/RPT4/MIM1/CAALFM_CR04720CA",44
"C4","GO:0065008","regulation of biological quality","24/673","113/6161",0.212389380530973,1.94432536916988,3.54769131213657,0.000947945834258298,0.0105296336295554,0.00903923581893361,"CAALFM_C100330CA/PFY1/NOT5/SNL1/SLA1/VMA7/CAALFM_C206770WA/RAS1/NUO2/CAALFM_C302970CA/CUP5/CAALFM_C400020WA/CAALFM_C401950WA/CAALFM_C404870CA/VMA8/CAALFM_C503480CA/CAALFM_C504420WA/ARC18/CDC37/CAALFM_C701190WA/KIN2/CAALFM_CR01180WA/VMA13/CAALFM_CR08930CA",24
"C4","GO:0071705","nitrogen compound transport","63/673","394/6161",0.15989847715736,1.46379571733506,3.33189039184828,0.000973896507742097,0.0107128615851631,0.00919652910734489,"CTA2/MIA40/GGA2/CAALFM_C106590CA/SFH5/ARL3/CAALFM_C111800CA/CAALFM_C111910WA/MON2/SEC18/CAALFM_C202000WA/ENT3/SAC3/NSP1/CAALFM_C203410WA/CAALFM_C204180CA/APM4/CAALFM_C209040WA/RAS1/IST1/APL5/SEC13/VTI1/PEP8/SBP1/CUP5/ERV25/CAALFM_C306440WA/CAALFM_C307050WA/NUP159/TLO9/CAALFM_C400410WA/MLP1/CLC1/CAALFM_C403560WA/SEC15/CAALFM_C406810CA/CAALFM_C500560WA/SAM51/VPS4/CAALFM_C503480CA/SRP101/CTA24/CAALFM_C600430CA/PEX7/VPS15/SAR1/NUP82/CAALFM_C702780WA/TLO1/CRM1/SRP54/SEC4/CAALFM_CR02610CA/CAALFM_CR02630CA/APL4/CAALFM_CR03600CA/MIM1/CAALFM_CR05480WA/CAALFM_CR05900WA/CDC28/CAALFM_CR06850CA/CTA26",63
"C4","GO:0032506","cytokinetic process","12/673","41/6161",0.292682926829268,2.67937520385605,3.77793768874559,0.00103564320773632,0.0112825360996659,0.00968557008044902,"CMP1/TEM1/CAALFM_C106700WA/CDC55/CAALFM_C401950WA/MOB1/BNR1/KIN2/CAALFM_CR01180WA/CDC28/ACE2/TPM2",12
"C4","GO:1902600","proton transmembrane transport","8/673","21/6161",0.380952380952381,3.48744074152692,3.99824167785388,0.0010805213986954,0.0116593404259227,0.0100090403247574,"CAALFM_C110750CA/VMA7/VMA10/VMA5/CUP5/CAALFM_C400020WA/VMA4/VMA13",8
"C4","GO:0051493","regulation of cytoskeleton organization","10/673","31/6161",0.32258064516129,2.95307482145425,3.81733547023952,0.00118161002475541,0.0126298505476216,0.0108421813592255,"CMP1/PFY1/SLA1/CAALFM_C206770WA/CAALFM_C401950WA/CAALFM_C600660CA/ARC18/MOB1/CAALFM_C702780WA/CAALFM_CR01180WA",10
"C4","GO:0009060","aerobic respiration","17/673","71/6161",0.23943661971831,2.1919301843752,3.53722090351782,0.00130338525165675,0.0134700558539412,0.0115634613360354,"CAALFM_C103940WA/SDH1/CAALFM_C106050CA/COX5/IDH1/COX6/QCR8/COX8/ATP5/QCR9/CAALFM_C602740WA/CAALFM_C603130WA/QCR7/CAALFM_CR02620CA/SDH2/KGD2/CAALFM_CR10140WA",17
"C4","GO:0032535","regulation of cellular component size","7/673","17/6161",0.411764705882353,3.76951315444454,4.00399131044338,0.001307772413004,0.0134700558539412,0.0115634613360354,"PFY1/SLA1/CAALFM_C206770WA/NUO2/CAALFM_C401950WA/ARC18/CAALFM_CR01180WA",7
"C4","GO:0061951","establishment of protein localization to plasma membrane","7/673","17/6161",0.411764705882353,3.76951315444454,4.00399131044338,0.001307772413004,0.0134700558539412,0.0115634613360354,"GGA2/SFH5/ARL3/SEC18/CAALFM_C202000WA/ENT3/APL4",7
"C4","GO:0090066","regulation of anatomical structure size","7/673","17/6161",0.411764705882353,3.76951315444454,4.00399131044338,0.001307772413004,0.0134700558539412,0.0115634613360354,"PFY1/SLA1/CAALFM_C206770WA/NUO2/CAALFM_C401950WA/ARC18/CAALFM_CR01180WA",7
"C4","GO:1901698","response to nitrogen compound","9/673","27/6161",0.333333333333333,3.05151064883606,3.7408871631347,0.00159953050529338,0.0163267393017784,0.0140158007291711,"UBP6/MNS1/CAALFM_C210850CA/CAALFM_C304970CA/ECM29/CAALFM_C404090CA/CAALFM_C406740CA/CAALFM_C502390CA/RPT4",9
"C4","GO:0000910","cytokinesis","17/673","73/6161",0.232876712328767,2.13187730261149,3.40654630126624,0.00180556625054598,0.0182652371595411,0.015679917438952,"CMP1/TEM1/CYK3/CAALFM_C106700WA/CDC55/ARP3/HOF1/CAALFM_C401950WA/SEC15/CAALFM_C503370CA/MOB1/BNR1/KIN2/CAALFM_CR01180WA/CDC28/ACE2/TPM2",17
"C4","GO:0072657","protein localization to membrane","18/673","80/6161",0.225,2.05976968796434,3.34087188779025,0.0020293248485993,0.0203471243669293,0.0174671277140732,"CAALFM_C102760WA/GGA2/SFH5/ARL3/SEC18/CAALFM_C200320WA/CAALFM_C202000WA/ENT3/SGT2/RAS1/SAM51/CAALFM_C502210WA/CAALFM_C504620CA/SRP101/SRP54/CAALFM_CR02610CA/APL4/MIM1",18
"C4","GO:0051128","regulation of cellular component organization","25/673","126/6161",0.198412698412698,1.81637538621194,3.24210722801137,0.00207135322036134,0.0205863438479772,0.0176724873094541,"CMP1/TEM1/HAT1/RIM1/PFY1/CLB2/CDC55/SLA1/CAALFM_C206770WA/YPT72/RAS1/ASH1/CAALFM_C401950WA/HAP5/CAALFM_C600660CA/ARC18/MOB1/CAALFM_C702780WA/KIN2/CAALFM_CR01180WA/RPT4/HMO1/CDC28/ACE2/CDC23",25
"C4","GO:0006891","intra-Golgi vesicle-mediated transport","8/673","23/6161",0.347826086956522,3.18418502487241,3.67477487174942,0.00213552011470235,0.0208430887734211,0.0178928917421295,"SEC18/CAALFM_C202870WA/CAALFM_C203800CA/CAALFM_C205850CA/AGE2/VTI1/SEC7/CAALFM_CR03600CA",8
"C4","GO:0031032","actomyosin structure organization","8/673","23/6161",0.347826086956522,3.18418502487241,3.67477487174942,0.00213552011470235,0.0208430887734211,0.0178928917421295,"CMP1/CAALFM_C106700WA/CAALFM_C401950WA/CAALFM_C503370CA/MOB1/BNR1/CAALFM_CR01180WA/TPM2",8
"C4","GO:0009141","nucleoside triphosphate metabolic process","13/673","50/6161",0.26,2.38017830609212,3.43127000599541,0.00215237545144772,0.0208430887734211,0.0178928917421295,"CAALFM_C106050CA/ATP7/ATP19/ATP20/ATP18/ATP4/ATP14/ATP5/CAALFM_C603130WA/SNF4/ATP17/ATP3/ATP16",13
"C4","GO:0032940","secretion by cell","11/673","39/6161",0.282051282051282,2.58204747209205,3.47053148603436,0.00231353119868566,0.0222138207467021,0.0190696059552681,"SFH5/SEC18/SEC6/CUP5/CLC1/SEC15/OBPA/VPS4/SEC8/SEC4/CAALFM_CR06850CA",11
"C4","GO:0010256","endomembrane system organization","18/673","81/6161",0.222222222222222,2.03434043255737,3.28129334963749,0.00235045776382072,0.022378728121083,0.0192111718157483,"CAALFM_C102760WA/CAALFM_C200320WA/CAALFM_C202000WA/CAALFM_C205720CA/CAALFM_C205800CA/CAALFM_C302580CA/VTI1/ERV25/CAALFM_C502210WA/VPS4/CAALFM_C504420WA/TIP1/CAALFM_C702780WA/KIN2/SHP1/CAALFM_CR02630CA/CAALFM_CR03930CA/SEC22",18
"C4","GO:0006352","DNA-templated transcription initiation","15/673","63/6161",0.238095238095238,2.17965046345433,3.29549566140875,0.00261531437285867,0.024692926537074,0.021197811232644,"ESS1/CAALFM_C106710WA/CAALFM_C110120CA/CAALFM_C200220CA/CAALFM_C201490CA/NCB2/TAF4/CAALFM_C303930WA/TAF60/CAALFM_C400390WA/CAALFM_C401910WA/CAALFM_C504640CA/CAALFM_CR01120CA/RPT4/CAALFM_CR05560WA",15
"C4","GO:0000281","mitotic cytokinesis","14/673","57/6161",0.245614035087719,2.24848153072131,3.31591297603419,0.00263819496182369,0.0247030982788945,0.0212065432337981,"CMP1/TEM1/CAALFM_C106700WA/ARP3/HOF1/CAALFM_C401950WA/SEC15/CAALFM_C503370CA/MOB1/BNR1/KIN2/CAALFM_CR01180WA/CDC28/TPM2",14
"C4","GO:0007010","cytoskeleton organization","29/673","156/6161",0.185897435897436,1.70180401569703,3.10894099118456,0.00268301200458454,0.0249168245999532,0.0213900180520804,"CAALFM_C100380CA/CMP1/ARC35/CAALFM_C106700WA/PFY1/SLA1/CAALFM_C206770WA/ARP3/END3/HOF1/CAALFM_C401950WA/GVP36/CAALFM_C407080CA/CAALFM_C503370CA/CAALFM_C600660CA/ARC18/MOB1/CRN1/CAALFM_C702780WA/BNR1/KIN2/ARC19/CAALFM_CR01180WA/CAALFM_CR03520CA/CAALFM_CR04020CA/CDC28/ARC40/TPM2/ARP2",29
"C4","GO:1990778","protein localization to cell periphery","8/673","24/6161",0.333333333333333,3.05151064883606,3.52608008352623,0.00290182275196251,0.0267297981949067,0.0229463776021682,"GGA2/SFH5/ARL3/SEC18/CAALFM_C202000WA/ENT3/RAS1/APL4",8
"C4","GO:0090150","establishment of protein localization to membrane","16/673","70/6161",0.228571428571429,2.09246444491615,3.21886578476439,0.00298274810537651,0.0272536580918677,0.0233960887043115,"CAALFM_C102760WA/GGA2/SFH5/ARL3/SEC18/CAALFM_C200320WA/CAALFM_C202000WA/ENT3/SGT2/SAM51/CAALFM_C502210WA/CAALFM_C504620CA/SRP101/SRP54/APL4/MIM1",16
"C4","GO:0006091","generation of precursor metabolites and energy","26/673","137/6161",0.18978102189781,1.73735642780447,3.05623052696153,0.00325764968260672,0.0295273367231473,0.0253479436356094,"CAALFM_C101010WA/CAALFM_C103940WA/SDH1/CAALFM_C106050CA/CAALFM_C108050WA/CAALFM_C108930CA/ZWF1/COX5/IDH1/COX6/QCR8/COX8/ATP5/RKI1/QCR9/CAALFM_C601000CA/CAALFM_C602740WA/CAALFM_C603130WA/QCR7/SNF4/MCI4/CAALFM_CR02620CA/SDH2/SOL3/KGD2/CAALFM_CR10140WA",26
"C4","GO:0006896","Golgi to vacuole transport","6/673","15/6161",0.4,3.66181277860327,3.61424587534482,0.00349335176650166,0.0314124408844951,0.0269662241624689,"GGA2/APM4/APL5/VTI1/CAALFM_C600430CA/APL4",6
"C4","GO:0015980","energy derivation by oxidation of organic compounds","21/673","105/6161",0.2,1.83090638930163,3.00707771142201,0.00414382447096902,0.0369681348473063,0.0317355475439319,"CAALFM_C101010WA/CAALFM_C103940WA/SDH1/CAALFM_C106050CA/CAALFM_C108050WA/COX5/IDH1/COX6/QCR8/COX8/ATP5/QCR9/CAALFM_C601000CA/CAALFM_C602740WA/CAALFM_C603130WA/QCR7/MCI4/CAALFM_CR02620CA/SDH2/KGD2/CAALFM_CR10140WA",21
"C4","GO:0006885","regulation of pH","6/673","16/6161",0.375,3.43294947994056,3.41210962231531,0.00508030498961913,0.0442768119479883,0.038009731258365,"VMA7/CUP5/CAALFM_C400020WA/VMA8/CAALFM_C503480CA/VMA13",6
"C4","GO:0030641","regulation of cellular pH","6/673","16/6161",0.375,3.43294947994056,3.41210962231531,0.00508030498961913,0.0442768119479883,0.038009731258365,"VMA7/CUP5/CAALFM_C400020WA/VMA8/CAALFM_C503480CA/VMA13",6
"C4","GO:0051453","regulation of intracellular pH","6/673","16/6161",0.375,3.43294947994056,3.41210962231531,0.00508030498961913,0.0442768119479883,0.038009731258365,"VMA7/CUP5/CAALFM_C400020WA/VMA8/CAALFM_C503480CA/VMA13",6
"C4","GO:0046903","secretion","11/673","43/6161",0.255813953488372,2.34185700957186,3.09190803223198,0.00529505251481012,0.0453303871725203,0.0389141800970026,"SFH5/SEC18/SEC6/CUP5/CLC1/SEC15/OBPA/VPS4/SEC8/SEC4/CAALFM_CR06850CA",11
"C4","GO:0042398","modified amino acid biosynthetic process","7/673","21/6161",0.333333333333333,3.05151064883606,3.29754001444163,0.00529505444303945,0.0453303871725203,0.0389141800970026,"PSD1/CAALFM_C105990CA/CAALFM_C204380CA/FOL1/CAALFM_C505140WA/DFR1/GSH2",7
"C4","GO:0061024","membrane organization","27/673","149/6161",0.181208053691275,1.65887491648135,2.85087029791078,0.00532121932387043,0.0453303871725203,0.0389141800970026,"CAALFM_C102760WA/CAALFM_C105490CA/CAALFM_C111760CA/CAALFM_C200320WA/CAALFM_C202000WA/CAALFM_C203410WA/CAALFM_C205720CA/SEC13/VTI1/HOF1/CAALFM_C403320WA/SAM51/CAALFM_C502210WA/VPS4/CAALFM_C504420WA/CAALFM_C504620CA/TIP1/SEC8/SAR1/CAALFM_C702780WA/KIN2/SHP1/SEC4/CAALFM_CR03930CA/SEC22/MIM1/CAALFM_CR07370WA",27
"C4","GO:0051130","positive regulation of cellular component organization","9/673","32/6161",0.28125,2.57471210995542,3.12731899467482,0.00581325082085432,0.0491523371643876,0.0421951591395867,"CMP1/TEM1/RIM1/YPT72/RAS1/MOB1/RPT4/CDC28/CDC23",9
"C5","GO:0044282","small molecule catabolic process","42/593","111/6161",0.378378378378378,3.93117907114534,10.1693745365858,6.52247493717881e-16,6.52899741211599e-13,5.8770932065527e-13,"UGA2/CAALFM_C102270CA/EHD3/GPM2/CAALFM_C107840WA/DAK2/GAD1/CAALFM_C200180CA/POT1-2/CHA1/SMP2/DLD1/UGA1/CAALFM_C207410WA/FOX2/FOX3/PXP2/CAALFM_C301950CA/POX1-3/GLX3/TPI1/CAR2/CAT2/ALD6/SOU1/IFG3/CAALFM_C500800CA/CAALFM_C502220CA/CAR1/PFK1/PUT2/ADH1/CAALFM_C600210WA/HPD1/PFK2/POT1/LAP3/FDH1/CAALFM_CR08670CA/ECI1/CAALFM_CR08920WA/XYL2",42
"C5","GO:0016054","organic acid catabolic process","32/593","79/6161",0.40506329113924,4.20842316477042,9.36591194719887,2.25379495341968e-13,7.52016249457699e-11,6.76929291272717e-11,"UGA2/CAALFM_C102270CA/EHD3/CAALFM_C107840WA/GAD1/POT1-2/CHA1/SMP2/DLD1/UGA1/CAALFM_C207410WA/FOX2/FOX3/PXP2/CAALFM_C301950CA/POX1-3/CAR2/CAT2/ALD6/IFG3/CAALFM_C500800CA/CAR1/PUT2/ADH1/CAALFM_C600210WA/HPD1/POT1/LAP3/FDH1/CAALFM_CR08670CA/ECI1/CAALFM_CR08920WA",32
"C5","GO:0046395","carboxylic acid catabolic process","32/593","79/6161",0.40506329113924,4.20842316477042,9.36591194719887,2.25379495341968e-13,7.52016249457699e-11,6.76929291272717e-11,"UGA2/CAALFM_C102270CA/EHD3/CAALFM_C107840WA/GAD1/POT1-2/CHA1/SMP2/DLD1/UGA1/CAALFM_C207410WA/FOX2/FOX3/PXP2/CAALFM_C301950CA/POX1-3/CAR2/CAT2/ALD6/IFG3/CAALFM_C500800CA/CAR1/PUT2/ADH1/CAALFM_C600210WA/HPD1/POT1/LAP3/FDH1/CAALFM_CR08670CA/ECI1/CAALFM_CR08920WA",32
"C5","GO:0044248","cellular catabolic process","34/593","94/6161",0.361702127659574,3.75792041907359,8.79279097440225,1.90146648285631e-12,4.75841987334792e-10,4.28330344559212e-10,"CIS2/UGA2/CAALFM_C102270CA/EHD3/APE2/CAALFM_C107840WA/GAD1/POT1-2/CHA1/SMP2/DLD1/UGA1/CAALFM_C207410WA/FOX2/FOX3/PXP2/CAALFM_C301950CA/POX1-3/CAR2/CAT2/ALD6/IFG3/CAALFM_C500800CA/CAR1/PUT2/ADH1/CAALFM_C600210WA/HPD1/POT1/LAP3/FDH1/CAALFM_CR08670CA/ECI1/CAALFM_CR08920WA",34
"C5","GO:0032787","monocarboxylic acid metabolic process","40/593","131/6161",0.305343511450382,3.17238005741282,8.2012658200262,1.07089778572577e-11,2.14393736702299e-09,1.92987053596054e-09,"UGA2/CAALFM_C102270CA/GPM2/ICL1/FTH1/MLS1/MRF1/CYB2/POT1-2/SMP2/DLD1/UGA1/FAA2-1/CAALFM_C207410WA/ETR1/FOX2/FOX3/PXP2/CAALFM_C301950CA/POX1-3/TDH3/TPI1/SPS20/CAT2/ACH1/GRP2/PFK1/PGK1/PEX11/PFK2/CAALFM_C703040WA/FAA2-3/POT1/FDH1/GLK1/GLK4/CAALFM_CR08670CA/ECI1/PDK2/CAALFM_CR08920WA",40
"C5","GO:0019752","carboxylic acid metabolic process","63/593","278/6161",0.226618705035971,2.35446516311403,7.54152026995943,3.16801217663525e-11,5.28530031468648e-09,4.75757618105224e-09,"UGA2/CAALFM_C102270CA/EHD3/GPM2/ICL1/CAALFM_C107840WA/FTH1/MLS1/CAALFM_C111610CA/GAD1/MRF1/CYB2/POT1-2/CHA1/SMP2/CAALFM_C202700CA/DLD1/UGA1/FAA2-1/CAALFM_C207410WA/ARA1/MDH1-3/ETR1/FOX2/FOX3/PXP2/CAALFM_C301950CA/POX1-3/TDH3/TPI1/CAR2/SPS20/CAT2/ALD6/IFG3/CAALFM_C500800CA/ACH1/GRP2/CAR1/PFK1/PUT2/ADH1/CAALFM_C600210WA/PGK1/HPD1/PEX11/PFK2/CAALFM_C703040WA/FAA2-3/POT1/PCK1/MDH1/IDP2/LAP3/FUM11/FDH1/GLK1/GLK4/AAT21/CAALFM_CR08670CA/ECI1/PDK2/CAALFM_CR08920WA",63
"C5","GO:0006082","organic acid metabolic process","63/593","285/6161",0.221052631578947,2.29663619419544,7.31421574117805,9.76092326758407e-11,1.22133552385646e-08,1.0993881996121e-08,"UGA2/CAALFM_C102270CA/EHD3/GPM2/ICL1/CAALFM_C107840WA/FTH1/MLS1/CAALFM_C111610CA/GAD1/MRF1/CYB2/POT1-2/CHA1/SMP2/CAALFM_C202700CA/DLD1/UGA1/FAA2-1/CAALFM_C207410WA/ARA1/MDH1-3/ETR1/FOX2/FOX3/PXP2/CAALFM_C301950CA/POX1-3/TDH3/TPI1/CAR2/SPS20/CAT2/ALD6/IFG3/CAALFM_C500800CA/ACH1/GRP2/CAR1/PFK1/PUT2/ADH1/CAALFM_C600210WA/PGK1/HPD1/PEX11/PFK2/CAALFM_C703040WA/FAA2-3/POT1/PCK1/MDH1/IDP2/LAP3/FUM11/FDH1/GLK1/GLK4/AAT21/CAALFM_CR08670CA/ECI1/PDK2/CAALFM_CR08920WA",63
"C5","GO:0043436","oxoacid metabolic process","63/593","285/6161",0.221052631578947,2.29663619419544,7.31421574117805,9.76092326758407e-11,1.22133552385646e-08,1.0993881996121e-08,"UGA2/CAALFM_C102270CA/EHD3/GPM2/ICL1/CAALFM_C107840WA/FTH1/MLS1/CAALFM_C111610CA/GAD1/MRF1/CYB2/POT1-2/CHA1/SMP2/CAALFM_C202700CA/DLD1/UGA1/FAA2-1/CAALFM_C207410WA/ARA1/MDH1-3/ETR1/FOX2/FOX3/PXP2/CAALFM_C301950CA/POX1-3/TDH3/TPI1/CAR2/SPS20/CAT2/ALD6/IFG3/CAALFM_C500800CA/ACH1/GRP2/CAR1/PFK1/PUT2/ADH1/CAALFM_C600210WA/PGK1/HPD1/PEX11/PFK2/CAALFM_C703040WA/FAA2-3/POT1/PCK1/MDH1/IDP2/LAP3/FUM11/FDH1/GLK1/GLK4/AAT21/CAALFM_CR08670CA/ECI1/PDK2/CAALFM_CR08920WA",63
"C5","GO:0005975","carbohydrate metabolic process","45/593","197/6161",0.228426395939086,2.37324624853408,6.39264822090915,1.90237945100804e-08,2.11586870051005e-06,1.9046044562139e-06,"TPS2/GPM2/ICL1/ATC1/DAK2/MLS1/GCA1/GCA2/CAALFM_C114060WA/MNN24/TPK2/TPS3/FOX2/CAALFM_C302140CA/CAALFM_C303410CA/SKN2/ARV1/TDH3/TPI1/CAALFM_C307490WA/FBP1/AMS1/CAALFM_C402620CA/GDB1/SOU1/ROT2/HEX1/PFK1/PGK1/GLC3/CAALFM_C700150WA/GPH1/PFK2/CAALFM_C702450WA/MKC1/PCK1/GSY1/PGM2/CIT1/TPS1/GLK1/GLK4/PDK2/MAL2/XYL2",45
"C5","GO:0072329","monocarboxylic acid catabolic process","16/593","36/6161",0.444444444444444,4.61757541690088,7.1036881390369,5.20034192428946e-08,5.20554226621375e-06,4.68578177599135e-06,"CAALFM_C102270CA/POT1-2/SMP2/DLD1/CAALFM_C207410WA/FOX2/FOX3/PXP2/CAALFM_C301950CA/POX1-3/CAT2/POT1/FDH1/CAALFM_CR08670CA/ECI1/CAALFM_CR08920WA",16
"C5","GO:0009062","fatty acid catabolic process","14/593","29/6161",0.482758620689655,5.01564226318544,7.07328295556951,9.96342856160297e-08,9.0667199910587e-06,8.16143047725564e-06,"CAALFM_C102270CA/POT1-2/SMP2/CAALFM_C207410WA/FOX2/FOX3/PXP2/CAALFM_C301950CA/POX1-3/CAT2/POT1/CAALFM_CR08670CA/ECI1/CAALFM_CR08920WA",14
"C5","GO:0019395","fatty acid oxidation","11/593","19/6161",0.578947368421053,6.01499955622615,7.14431973822334,2.21083653000057e-07,1.84420613877547e-05,1.6600667277899e-05,"POT1-2/FOX2/FOX3/PXP2/POX1-3/CAT2/PEX11/POT1/CAALFM_CR08670CA/ECI1/CAALFM_CR08920WA",11
"C5","GO:0006631","fatty acid metabolic process","23/593","76/6161",0.302631578947368,3.14420431348185,6.13777211333888,3.44682624491808e-07,2.65405620858692e-05,2.38905527582986e-05,"CAALFM_C102270CA/FTH1/MRF1/POT1-2/SMP2/FAA2-1/CAALFM_C207410WA/ETR1/FOX2/FOX3/PXP2/CAALFM_C301950CA/POX1-3/SPS20/CAT2/PEX11/CAALFM_C703040WA/FAA2-3/POT1/CAALFM_CR08670CA/ECI1/PDK2/CAALFM_CR08920WA",23
"C5","GO:0006006","glucose metabolic process","12/593","24/6161",0.5,5.19477234401349,6.71899077369022,5.18193140829964e-07,3.70508095693424e-05,3.33513780865e-05,"GPM2/TPK2/TDH3/TPI1/FBP1/PFK1/PGK1/PFK2/PCK1/GLK1/GLK4/PDK2",12
"C5","GO:0006635","fatty acid beta-oxidation","10/593","17/6161",0.588235294117647,6.11149687530999,6.88676155357221,6.60068310340766e-07,4.40485585767405e-05,3.96504192036278e-05,"POT1-2/FOX2/FOX3/PXP2/POX1-3/CAT2/POT1/CAALFM_CR08670CA/ECI1/CAALFM_CR08920WA",10
"C5","GO:0016042","lipid catabolic process","19/593","59/6161",0.322033898305085,3.34578557750021,5.90807915748014,1.27161452843364e-06,7.95553839351295e-05,7.1611976074947e-05,"CAALFM_C102270CA/PLB5/POT1-2/PLB4.5/SMP2/CAALFM_C207410WA/FOX2/FOX3/PXP2/CAALFM_C301950CA/POX1-3/CAT2/YDC1/HPD1/AYR2/POT1/CAALFM_CR08670CA/ECI1/CAALFM_CR08920WA",19
"C5","GO:0009063","amino acid catabolic process","15/593","40/6161",0.375,3.89607925801012,5.99649310369136,1.9346034334889e-06,0.000113914002171905,0.000102539971459226,"UGA2/EHD3/GAD1/CHA1/UGA1/CAR2/ALD6/IFG3/CAALFM_C500800CA/CAR1/PUT2/ADH1/HPD1/LAP3/FDH1",15
"C5","GO:0006629","lipid metabolic process","54/593","300/6161",0.18,1.87011804384486,5.0422111791256,3.07936685510436e-06,0.000171247012331081,0.000154148422688265,"CAALFM_C102270CA/CAALFM_C103430WA/VPS34/PLB5/FTH1/CHO1/MRF1/LCB4/PKH2/POT1-2/PLB4.5/SMP2/CAALFM_C201920CA/FGR22/SCT2/PLC2/GPI19/FAA2-1/ARE2/SMF12/CAALFM_C207410WA/LPT1/ETR1/ERG4/FOX2/FOX3/PXP2/CAALFM_C301950CA/POX1-3/CAALFM_C302820CA/CAALFM_C303760WA/ARV1/NCE102/SPS20/ERG251/CAT2/YDC1/CAALFM_C501920CA/CAALFM_C502380WA/BTS1/CDS1/MCR1/HPD1/AYR2/PEX11/CAALFM_C703040WA/FAA2-3/POT1/SPT14/DAP1/CAALFM_CR08670CA/ECI1/PDK2/CAALFM_CR08920WA",54
"C5","GO:0034440","lipid oxidation","11/593","25/6161",0.44,4.57139966273187,5.83893810523312,7.58958721554877e-06,0.000399851410671806,0.000359927238587798,"POT1-2/FOX2/FOX3/PXP2/POX1-3/CAT2/PEX11/POT1/CAALFM_CR08670CA/ECI1/CAALFM_CR08920WA",11
"C5","GO:0016052","carbohydrate catabolic process","18/593","61/6161",0.295081967213115,3.06576728499157,5.29114282623239,9.74529532808466e-06,0.000487752031170637,0.000439051200044235,"GPM2/ATC1/DAK2/GCA1/CAALFM_C114060WA/TDH3/TPI1/AMS1/GDB1/SOU1/PFK1/PGK1/GPH1/PFK2/GLK1/GLK4/MAL2/XYL2",18
"C5","GO:1901606","alpha-amino acid catabolic process","13/593","35/6161",0.371428571428571,3.85897374126716,5.53507846667972,1.0694425699909e-05,0.000509767625028996,0.000458868591434692,"EHD3/GAD1/CHA1/CAR2/ALD6/IFG3/CAALFM_C500800CA/CAR1/PUT2/ADH1/HPD1/LAP3/FDH1",13
"C5","GO:0019318","hexose metabolic process","15/593","46/6161",0.326086956521739,3.38789500696532,5.30473876969006,1.42111141959571e-05,0.000646605695916048,0.000582043720178913,"GPM2/TPK2/TDH3/TPI1/FBP1/AMS1/SOU1/PFK1/PGK1/PFK2/PCK1/GLK1/GLK4/PDK2/XYL2",15
"C5","GO:0046434","organophosphate catabolic process","15/593","47/6161",0.319148936170213,3.3158121344767,5.20064999300918,1.90492493426063e-05,0.000829056460519518,0.000746277228250389,"GPM2/PLB5/PLB4.5/TDH3/TPI1/CAALFM_C406230CA/CAALFM_C502220CA/CAALFM_C504360CA/PFK1/PGK1/HPD1/PFK2/PHO112/GLK1/GLK4",15
"C5","GO:0005996","monosaccharide metabolic process","16/593","53/6161",0.30188679245283,3.13646632091381,5.09744514712267,2.21549591296951e-05,0.000924046420367698,0.000831782676097323,"GPM2/TPK2/TDH3/TPI1/FBP1/AMS1/CAALFM_C402620CA/SOU1/PFK1/PGK1/PFK2/PCK1/GLK1/GLK4/PDK2/XYL2",16
"C5","GO:0009261","ribonucleotide catabolic process","10/593","24/6161",0.416666666666667,4.32897695334458,5.33220008167328,3.5588026883176e-05,0.00142494459640237,0.00128266741103152,"GPM2/TDH3/TPI1/CAALFM_C406230CA/CAALFM_C502220CA/PFK1/PGK1/PFK2/GLK1/GLK4",10
"C5","GO:0009311","oligosaccharide metabolic process","7/593","12/6161",0.583333333333333,6.06056773468241,5.72605754391135,3.80369619390712e-05,0.00146442303465424,0.00131820402509494,"TPS2/ATC1/TPS3/CAALFM_C303410CA/AMS1/TPS1/MAL2",7
"C5","GO:0030258","lipid modification","13/593","39/6161",0.333333333333333,3.46318156267566,5.03558760059187,4.09280155381464e-05,0.00146726740644581,0.0013207643934146,"POT1-2/LPT1/FOX2/FOX3/PXP2/POX1-3/CAT2/CAALFM_C501920CA/PEX11/POT1/CAALFM_CR08670CA/ECI1/CAALFM_CR08920WA",13
"C5","GO:0006081","aldehyde metabolic process","9/593","20/6161",0.45,4.67529510961214,5.37224431918885,4.23754276488031e-05,0.00146726740644581,0.0013207643934146,"CAALFM_C100410CA/ICL1/MLS1/FOX2/GLX3/TPI1/GRP2/CAALFM_C700150WA/CAALFM_CR09100CA",9
"C5","GO:1901292","nucleoside phosphate catabolic process","12/593","34/6161",0.352941176470588,3.66689812518599,5.08850298817548,4.2508246540388e-05,0.00146726740644581,0.0013207643934146,"GPM2/TDH3/TPI1/CAALFM_C406230CA/CAALFM_C502220CA/CAALFM_C504360CA/PFK1/PGK1/HPD1/PFK2/GLK1/GLK4",12
"C5","GO:0009166","nucleotide catabolic process","11/593","30/6161",0.366666666666667,3.80949971894323,5.0337547420657,5.93515923870602e-05,0.00198036479931491,0.00178263028362539,"GPM2/TDH3/TPI1/CAALFM_C406230CA/CAALFM_C502220CA/CAALFM_C504360CA/PFK1/PGK1/PFK2/GLK1/GLK4",11
"C5","GO:0072524","pyridine-containing compound metabolic process","16/593","58/6161",0.275862068965517,2.86608129324882,4.65951764324389,7.55109815843736e-05,0.00243827395374058,0.00219481834418417,"ISN1/GPM2/CAALFM_C107840WA/CAALFM_C201530CA/TDH3/TPI1/CAALFM_C500800CA/PFK1/PGK1/CAALFM_C602560WA/CAALFM_C700150WA/PFK2/IDP2/GLK1/GLK4/CAALFM_CR09100CA",16
"C5","GO:0009191","ribonucleoside diphosphate catabolic process","9/593","22/6161",0.409090909090909,4.25026828146558,4.98367626140659,0.000105165741356618,0.0032897158468117,0.0029612458750416,"GPM2/TDH3/TPI1/CAALFM_C406230CA/PFK1/PGK1/PFK2/GLK1/GLK4",9
"C5","GO:0062197","cellular response to chemical stress","27/593","133/6161",0.203007518796992,2.10915568854683,4.21987706427222,0.000126926929925296,0.00385011687440064,0.00346569224931589,"TPS2/VPS34/CCS1/PTC1/CAALFM_C109850CA/SSK1/SOD4/SOD5/HSP21/GRE2/PST1/CAALFM_C207070WA/PST2/DDR48/DOT5/CCP1/CMK1/AHP1/GST2/CAALFM_C502690WA/CIP1/SAC6/AHP2/MKC1/AQY1/YCP4/CAALFM_CR05980WA",27
"C5","GO:0046496","nicotinamide nucleotide metabolic process","14/593","49/6161",0.285714285714286,2.96844133943628,4.51436774042291,0.000139984231577097,0.00412130046496099,0.00370979883064999,"GPM2/CAALFM_C107840WA/CAALFM_C201530CA/TDH3/TPI1/CAALFM_C500800CA/PFK1/PGK1/CAALFM_C602560WA/CAALFM_C700150WA/PFK2/IDP2/GLK1/GLK4",14
"C5","GO:0009134","nucleoside diphosphate catabolic process","9/593","23/6161",0.391304347826087,4.06547400835838,4.80635896989147,0.00015818108070754,0.00423357693998836,0.00381086477799047,"GPM2/TDH3/TPI1/CAALFM_C406230CA/PFK1/PGK1/PFK2/GLK1/GLK4",9
"C5","GO:0009154","purine ribonucleotide catabolic process","9/593","23/6161",0.391304347826087,4.06547400835838,4.80635896989147,0.00015818108070754,0.00423357693998836,0.00381086477799047,"GPM2/TDH3/TPI1/CAALFM_C502220CA/PFK1/PGK1/PFK2/GLK1/GLK4",9
"C5","GO:0072526","pyridine-containing compound catabolic process","9/593","23/6161",0.391304347826087,4.06547400835838,4.80635896989147,0.00015818108070754,0.00423357693998836,0.00381086477799047,"GPM2/CAALFM_C107840WA/TDH3/TPI1/PFK1/PGK1/PFK2/GLK1/GLK4",9
"C5","GO:0072523","purine-containing compound catabolic process","11/593","33/6161",0.333333333333333,3.46318156267566,4.62979867424424,0.000160715208511046,0.00423357693998836,0.00381086477799047,"GPM2/CAALFM_C200180CA/TDH3/TPI1/CAALFM_C502220CA/PFK1/PGK1/HPD1/PFK2/GLK1/GLK4",11
"C5","GO:0019362","pyridine nucleotide metabolic process","14/593","50/6161",0.28,2.90907251264756,4.42302479886778,0.000177554958402767,0.00455724393233767,0.0041022144235565,"GPM2/CAALFM_C107840WA/CAALFM_C201530CA/TDH3/TPI1/CAALFM_C500800CA/PFK1/PGK1/CAALFM_C602560WA/CAALFM_C700150WA/PFK2/IDP2/GLK1/GLK4",14
"C5","GO:0034599","cellular response to oxidative stress","23/593","108/6161",0.212962962962963,2.21258822059834,4.14866125403716,0.000189133294759717,0.00473306070136192,0.004260476324061,"TPS2/CCS1/CAALFM_C109850CA/SSK1/SOD4/SOD5/HSP21/GRE2/PST1/CAALFM_C207070WA/PST2/DDR48/DOT5/CCP1/CMK1/AHP1/GST2/CIP1/SAC6/AHP2/MKC1/YCP4/CAALFM_CR05980WA",23
"C5","GO:0006090","pyruvate metabolic process","10/593","29/6161",0.344827586206897,3.58260161656103,4.54907852796543,0.000232898938038929,0.00568614236529189,0.00511839514663217,"GPM2/TDH3/TPI1/GRP2/PFK1/PGK1/PFK2/GLK1/GLK4/PDK2",10
"C5","GO:0016051","carbohydrate biosynthetic process","17/593","71/6161",0.23943661971831,2.4876374605135,4.11420306501958,0.000302388004060167,0.00720691409676732,0.00648732159086474,"TPS2/MNN24/TPK2/TPS3/SKN2/ARV1/TPI1/FBP1/GDB1/ROT2/PGK1/GLC3/MKC1/PCK1/GSY1/TPS1/XYL2",17
"C5","GO:0006195","purine nucleotide catabolic process","9/593","25/6161",0.36,3.74023608768971,4.48005555824785,0.000331571246568726,0.00771867018175103,0.00694798009945726,"GPM2/TDH3/TPI1/CAALFM_C502220CA/PFK1/PGK1/PFK2/GLK1/GLK4",9
"C5","GO:0006979","response to oxidative stress","23/593","113/6161",0.20353982300885,2.11468608694355,3.90259964253363,0.000380558556543408,0.00865770716136254,0.00779325656462099,"TPS2/CCS1/CAALFM_C109850CA/SSK1/SOD4/SOD5/HSP21/GRE2/PST1/CAALFM_C207070WA/PST2/DDR48/DOT5/CCP1/CMK1/AHP1/GST2/CIP1/SAC6/AHP2/MKC1/YCP4/CAALFM_CR05980WA",23
"C5","GO:0006096","glycolytic process","8/593","21/6161",0.380952380952381,3.95792178591504,4.43078051684826,0.000459202754243516,0.00948729737719486,0.00854001425403944,"GPM2/TDH3/TPI1/PFK1/PGK1/PFK2/GLK1/GLK4",8
"C5","GO:0009137","purine nucleoside diphosphate catabolic process","8/593","21/6161",0.380952380952381,3.95792178591504,4.43078051684826,0.000459202754243516,0.00948729737719486,0.00854001425403944,"GPM2/TDH3/TPI1/PFK1/PGK1/PFK2/GLK1/GLK4",8
"C5","GO:0009181","purine ribonucleoside diphosphate catabolic process","8/593","21/6161",0.380952380952381,3.95792178591504,4.43078051684826,0.000459202754243516,0.00948729737719486,0.00854001425403944,"GPM2/TDH3/TPI1/PFK1/PGK1/PFK2/GLK1/GLK4",8
"C5","GO:0046032","ADP catabolic process","8/593","21/6161",0.380952380952381,3.95792178591504,4.43078051684826,0.000459202754243516,0.00948729737719486,0.00854001425403944,"GPM2/TDH3/TPI1/PFK1/PGK1/PFK2/GLK1/GLK4",8
"C5","GO:0009185","ribonucleoside diphosphate metabolic process","9/593","26/6161",0.346153846153846,3.5963808535478,4.3292820203903,0.000464413158324224,0.00948729737719486,0.00854001425403944,"GPM2/TDH3/TPI1/CAALFM_C406230CA/PFK1/PGK1/PFK2/GLK1/GLK4",9
"C5","GO:0009135","purine nucleoside diphosphate metabolic process","8/593","22/6161",0.363636363636364,3.77801625019163,4.25956642374118,0.000661509618750316,0.012493794874888,0.0112463204299954,"GPM2/TDH3/TPI1/PFK1/PGK1/PFK2/GLK1/GLK4",8
"C5","GO:0009179","purine ribonucleoside diphosphate metabolic process","8/593","22/6161",0.363636363636364,3.77801625019163,4.25956642374118,0.000661509618750316,0.012493794874888,0.0112463204299954,"GPM2/TDH3/TPI1/PFK1/PGK1/PFK2/GLK1/GLK4",8
"C5","GO:0019364","pyridine nucleotide catabolic process","8/593","22/6161",0.363636363636364,3.77801625019163,4.25956642374118,0.000661509618750316,0.012493794874888,0.0112463204299954,"GPM2/TDH3/TPI1/PFK1/PGK1/PFK2/GLK1/GLK4",8
"C5","GO:0046031","ADP metabolic process","8/593","22/6161",0.363636363636364,3.77801625019163,4.25956642374118,0.000661509618750316,0.012493794874888,0.0112463204299954,"GPM2/TDH3/TPI1/PFK1/PGK1/PFK2/GLK1/GLK4",8
"C5","GO:0019319","hexose biosynthetic process","6/593","13/6161",0.461538461538462,4.79517447139707,4.46996973078255,0.000736466117859301,0.0134036833450393,0.0120653587921064,"TPK2/TPI1/FBP1/PGK1/PCK1/XYL2",6
"C5","GO:0046364","monosaccharide biosynthetic process","6/593","13/6161",0.461538461538462,4.79517447139707,4.46996973078255,0.000736466117859301,0.0134036833450393,0.0120653587921064,"TPK2/TPI1/FBP1/PGK1/PCK1/XYL2",6
"C5","GO:0055086","nucleobase-containing small molecule metabolic process","32/593","187/6161",0.171122994652406,1.77789000009018,3.52512459921973,0.000829167200010746,0.0148213637001921,0.0133414872783684,"ISN1/CTN1/GPM2/CAALFM_C107840WA/FAD1/HNT1/CAALFM_C200180CA/CAALFM_C201530CA/RNR22/TDH3/TPI1/CAALFM_C307490WA/CAT2/ALD6/CAALFM_C406230CA/CAALFM_C500800CA/CAALFM_C501200WA/CAALFM_C502220CA/CAALFM_C504360CA/PFK1/PGK1/CAALFM_C602560WA/HPD1/CAALFM_C602980CA/CAALFM_C700060CA/CAALFM_C700150WA/PFK2/IDP2/CAALFM_CR06690CA/GLK1/GLK4/PDK2",32
"C5","GO:0009132","nucleoside diphosphate metabolic process","9/593","28/6161",0.321428571428571,3.33949650686582,4.04886245858232,0.00086126001712328,0.0151249346866737,0.0136147474544326,"GPM2/TDH3/TPI1/CAALFM_C406230CA/PFK1/PGK1/PFK2/GLK1/GLK4",9
"C5","GO:0009117","nucleotide metabolic process","23/593","121/6161",0.190082644628099,1.97487213078199,3.53419054318898,0.00104009167869236,0.0179505477650182,0.0161582300718814,"ISN1/GPM2/CAALFM_C107840WA/FAD1/HNT1/CAALFM_C201530CA/RNR22/TDH3/TPI1/CAALFM_C406230CA/CAALFM_C500800CA/CAALFM_C502220CA/CAALFM_C504360CA/PFK1/PGK1/CAALFM_C602560WA/CAALFM_C700060CA/CAALFM_C700150WA/PFK2/IDP2/CAALFM_CR06690CA/GLK1/GLK4",23
"C5","GO:0006091","generation of precursor metabolites and energy","25/593","137/6161",0.182481751824818,1.89590231533339,3.46056132964875,0.00118579104188091,0.020118251405471,0.0181094938777887,"CTN1/GPM2/MRF1/COX13/COX9/MDH1-3/TDH3/TPI1/CAT2/GDB1/PFK1/PGK1/CAALFM_C602560WA/GLC3/CAALFM_C700150WA/GPH1/PFK2/MDH1/GSY1/IDP2/ZCF11/CIT1/FUM11/GLK1/GLK4",25
"C5","GO:0072521","purine-containing compound metabolic process","25/593","138/6161",0.181159420289855,1.88216389275851,3.42019193904921,0.00132037411896219,0.0219081522052354,0.0197206775200394,"ISN1/CTN1/GPM2/CAALFM_C107840WA/CAALFM_C200180CA/CAALFM_C201530CA/TDH3/TPI1/CAALFM_C307490WA/CAT2/CAALFM_C500800CA/CAALFM_C501200WA/CAALFM_C502220CA/PFK1/PGK1/CAALFM_C602560WA/HPD1/CAALFM_C602980CA/CAALFM_C700060CA/CAALFM_C700150WA/PFK2/IDP2/GLK1/GLK4/PDK2",25
"C5","GO:0006094","gluconeogenesis","5/593","10/6161",0.5,5.19477234401349,4.33215136075158,0.00135694848823636,0.0219081522052354,0.0197206775200394,"TPK2/TPI1/FBP1/PGK1/PCK1",5
"C5","GO:0009065","glutamine family amino acid catabolic process","5/593","10/6161",0.5,5.19477234401349,4.33215136075158,0.00135694848823636,0.0219081522052354,0.0197206775200394,"GAD1/CAR2/CAR1/PUT2/ADH1",5
"C5","GO:0006897","endocytosis","16/593","75/6161",0.213333333333333,2.21643620011242,3.45877318267564,0.00171560265290723,0.027259019929526,0.024537274367395,"PIL1/VPS34/CAALFM_C108180CA/CAALFM_C114040WA/YPT52/UBP13/CAALFM_C201390WA/CAALFM_C209710CA/RBT5/OSH3/MYO5/VPH1/SAC6/RVS167/FMP45/CAALFM_CR00600CA",16
"C5","GO:0051666","actin cortical patch localization","6/593","15/6161",0.4,4.15581787521079,3.99327641191232,0.00181560223472227,0.028397153702453,0.0255617683046425,"CAALFM_C204850CA/CAALFM_C209710CA/MYO5/SAC6/RVS167/CAALFM_CR00600CA",6
"C5","GO:0007029","endoplasmic reticulum organization","7/593","20/6161",0.35,3.63634064080944,3.85358606823001,0.00187235878162889,0.0288343252370849,0.0259552893453332,"CAALFM_C102000WA/CAALFM_C103100WA/CAALFM_C104200CA/CAALFM_C110680CA/SMP2/SEC20/CAALFM_CR06170WA",7
"C5","GO:0006869","lipid transport","11/593","43/6161",0.255813953488372,2.6577905015883,3.55981335414173,0.00195903621985515,0.0292685859115672,0.0263461901680441,"CAALFM_C103100WA/CAALFM_C103450CA/CAALFM_C107440WA/IST2/CAALFM_C110680CA/NCR1/LEM3/CAALFM_C400560CA/OSH3/VPS13/CAALFM_CR09620CA",11
"C5","GO:0010876","lipid localization","11/593","43/6161",0.255813953488372,2.6577905015883,3.55981335414173,0.00195903621985515,0.0292685859115672,0.0263461901680441,"CAALFM_C103100WA/CAALFM_C103450CA/CAALFM_C107440WA/IST2/CAALFM_C110680CA/NCR1/LEM3/CAALFM_C400560CA/OSH3/VPS13/CAALFM_CR09620CA",11
"C5","GO:0072593","reactive oxygen species metabolic process","7/593","21/6161",0.333333333333333,3.46318156267566,3.68969082594824,0.00257893679532158,0.037413271479955,0.0336776490739172,"SOD2/CCS1/SOD4/SOD5/CCP1/AHP1/AHP2",7
"C5","GO:0170035","L-amino acid catabolic process","7/593","21/6161",0.333333333333333,3.46318156267566,3.68969082594824,0.00257893679532158,0.037413271479955,0.0336776490739172,"GAD1/CHA1/CAR2/CAALFM_C500800CA/CAR1/PUT2/ADH1",7
"C5","GO:0006753","nucleoside phosphate metabolic process","28/593","169/6161",0.165680473372781,1.72134468203997,3.10290424693782,0.00281152661289147,0.0402048305643481,0.0361904779042872,"ISN1/CTN1/GPM2/CAALFM_C107840WA/FAD1/HNT1/CAALFM_C201530CA/RNR22/TDH3/TPI1/CAT2/CAALFM_C406230CA/CAALFM_C500800CA/CAALFM_C502220CA/CAALFM_C504360CA/PFK1/PGK1/CAALFM_C602560WA/HPD1/CAALFM_C602980CA/CAALFM_C700060CA/CAALFM_C700150WA/PFK2/IDP2/CAALFM_CR06690CA/GLK1/GLK4/PDK2",28
"C5","GO:0170040","proteinogenic amino acid catabolic process","8/593","27/6161",0.296296296296296,3.07838361126725,3.5318625595492,0.00297869875230147,0.0419954570570954,0.0378023147808756,"GAD1/CHA1/CAR2/CAALFM_C500800CA/CAR1/PUT2/ADH1/FDH1",8
"C5","GO:0098657","import into cell","19/593","101/6161",0.188118811881188,1.95446880269814,3.15612504908736,0.00312476884928841,0.0434429669185792,0.0391052943712117,"PIL1/VPS34/CAALFM_C108180CA/CAALFM_C114040WA/YPT52/UBP13/CAALFM_C201390WA/RSP5/CAALFM_C209710CA/RBT5/OSH3/MYO5/VPH1/CAALFM_C602650CA/SAC6/RVS167/FMP45/MKC1/CAALFM_CR00600CA",19
"C6","GO:0007031","peroxisome organization","16/962","28/6161",0.571428571428571,3.65963765963766,6.06712566739381,5.24949124014723e-07,0.000567470003059915,0.000564734741834786,"PEX3/DJP1/CAALFM_C111010CA/CAALFM_C200190CA/PEX12/PEX6/CAALFM_C305360CA/CAALFM_C400320CA/PEX4/CAALFM_C602020CA/CAALFM_C602970CA/CAALFM_C700120WA/PEX1/PEX14/CAALFM_CR06930WA/PEX13",16
"C6","GO:0072662","protein localization to peroxisome","11/962","16/6161",0.6875,4.40300155925156,5.86245037104029,2.61107030621794e-06,0.000940855667007198,0.000936320650159557,"PEX3/DJP1/PEX12/PEX6/CAALFM_C305360CA/CAALFM_C400320CA/PEX4/CAALFM_C602020CA/PEX1/PEX14/PEX13",11
"C6","GO:0072663","establishment of protein localization to peroxisome","11/962","16/6161",0.6875,4.40300155925156,5.86245037104029,2.61107030621794e-06,0.000940855667007198,0.000936320650159557,"PEX3/DJP1/PEX12/PEX6/CAALFM_C305360CA/CAALFM_C400320CA/PEX4/CAALFM_C602020CA/PEX1/PEX14/PEX13",11
"C6","GO:0016558","protein import into peroxisome matrix","9/962","13/6161",0.692307692307692,4.43379177994563,5.33085275319554,2.09927290000548e-05,0.00567328501226481,0.00564593922054106,"DJP1/PEX12/PEX6/CAALFM_C400320CA/PEX4/CAALFM_C602020CA/PEX1/PEX14/PEX13",9
"C6","GO:0007033","vacuole organization","23/962","63/6161",0.365079365079365,2.33810183810184,4.59180794730164,3.84332009128243e-05,0.00830925803735262,0.00826920659640137,"CAALFM_C100860WA/CAALFM_C102200CA/YKT6/YPT1/VPS41/CAALFM_C112150CA/CAALFM_C113950CA/CAALFM_C202440WA/SPO72/VRP1/VAM3/ATG9/CAALFM_C305430WA/PEP7/CAALFM_C401790WA/CAALFM_C402340WA/CAALFM_C402670WA/VAC8/CAALFM_C603520CA/CAALFM_C701750WA/CAALFM_C704110WA/PTC6/WAL1",23
"C6","GO:0015919","peroxisomal membrane transport","10/962","17/6161",0.588235294117647,3.76727406139171,4.91438314586126,5.59515162123967e-05,0.00864051271794298,0.00859886459685255,"PEX3/DJP1/PEX12/PEX6/CAALFM_C400320CA/PEX4/CAALFM_C602020CA/PEX1/PEX14/PEX13",10
"C6","GO:0043574","peroxisomal transport","10/962","17/6161",0.588235294117647,3.76727406139171,4.91438314586126,5.59515162123967e-05,0.00864051271794298,0.00859886459685255,"PEX3/DJP1/PEX12/PEX6/CAALFM_C400320CA/PEX4/CAALFM_C602020CA/PEX1/PEX14/PEX13",10
"C7","GO:0002182","cytoplasmic translational elongation","24/724","75/6161",0.32,2.72309392265193,5.47839801174503,2.41004418366255e-06,0.00220914540729084,0.00219000041432974,"tP(UGG)3/tA(AGC)4/tP(UGG)1/tS(CGA)1/tE(CUC)1/tG(GCC)3/tT(AGU)4/tS(AGA)4/tI(AAU)1/tP(UGG)2/tF(GAA)4/tK(CUU)1/tW(CCA)2/tD(GUC)2/tE(UUC)3/tQ(CUG)1/tE(UUC)5/tL(CAA)3/tL(UAA)5/tC(GCA)2/tG(GCC)1/tK(UUU)3/tD(GUC)7/tN(GUU)4",24
"C7","GO:0019953","sexual reproduction","41/724","171/6161",0.239766081871345,2.04032987625602,5.03426053353059,4.43603495439927e-06,0.00220914540729084,0.00219000041432974,"CAALFM_C101180CA/MFALPHA/STE3/SPO22/CAALFM_C107040CA/CPH1/WOR1/CAALFM_C110810WA/ADA2/DLH1/SAP30/ROM2/STE4/CAALFM_C205900WA/CAALFM_C207530CA/MSH3/JEM1/SPO11/MIH1/USO5/CAALFM_C304040WA/HST6/CAALFM_C406150CA/CST20/MEC1/CAALFM_C600260WA/FIG1/IPL1/FAR1/MRE11/STE18/CDA2/CAALFM_CR01790CA/CAALFM_CR02680WA/IME2/WOR3/CAALFM_CR04250WA/CEK2/STE2/GCN5/CAALFM_CR09520CA",41
"C7","GO:0006414","translational elongation","26/724","91/6161",0.285714285714286,2.43133385951066,5.01934755190677,9.70364490016092e-06,0.00322161010685342,0.00319369084784244,"tP(UGG)3/tA(AGC)4/tP(UGG)1/tS(CGA)1/tE(CUC)1/tG(GCC)3/tT(AGU)4/tS(AGA)4/tI(AAU)1/tP(UGG)2/tF(GAA)4/tK(CUU)1/tW(CCA)2/tD(GUC)2/tE(UUC)3/tQ(CUG)1/TEF4/tE(UUC)5/CAALFM_C601350WA/tL(CAA)3/tL(UAA)5/tC(GCA)2/tG(GCC)1/tK(UUU)3/tD(GUC)7/tN(GUU)4",26
"C7","GO:0022414","reproductive process","46/724","209/6161",0.220095693779904,1.8729413941685,4.68496922427339,1.36012314483327e-05,0.00338670663063484,0.00335735660487791,"CAALFM_C101180CA/MFALPHA/STE3/UME6/SPO22/CAALFM_C107040CA/RME1/CPH1/WOR1/CAALFM_C110810WA/ADA2/DLH1/SAP30/ROM2/STE4/CAALFM_C205900WA/CAALFM_C207530CA/MSH3/JEM1/SPO11/MIH1/USO5/CAALFM_C304040WA/ISW2/HST6/CAALFM_C402240CA/CAALFM_C406150CA/MTLA2/CST20/MEC1/CAALFM_C600260WA/FIG1/IPL1/FAR1/MRE11/STE18/CDA2/CAALFM_CR01790CA/CAALFM_CR02680WA/IME2/WOR3/CAALFM_CR04250WA/CEK2/STE2/GCN5/CAALFM_CR09520CA",46
"C7","GO:0061982","meiosis I cell cycle process","16/724","44/6161",0.363636363636364,3.09442491210447,5.08747005089886,1.94025349551277e-05,0.00386498496306145,0.00383149006061259,"CAALFM_C101180CA/SPO22/ADA2/DLH1/CAALFM_C205900WA/CAALFM_C207530CA/MSH3/SPO11/MIH1/CAALFM_C304040WA/CAALFM_C406150CA/MEC1/IPL1/MRE11/CAALFM_CR01790CA/CAALFM_CR02680WA",16
"C7","GO:2000243","positive regulation of reproductive process","15/724","43/6161",0.348837209302326,2.96848901451882,4.7265304446294,6.18935933691299e-05,0.00755311749887487,0.00748766034025009,"STE3/RME1/SAP30/ROM2/STE4/CAALFM_C207530CA/MIH1/HST6/CST20/MEC1/CAALFM_C600260WA/FAR1/STE18/CEK2/STE2",15
"C7","GO:0140013","meiotic nuclear division","16/724","48/6161",0.333333333333333,2.8365561694291,4.66098396518192,6.66778605622256e-05,0.00755311749887487,0.00748766034025009,"CAALFM_C101180CA/SPO22/ADA2/DLH1/CAALFM_C205900WA/CAALFM_C207530CA/MSH3/SPO11/CAALFM_C304040WA/CAALFM_C406150CA/MEC1/IPL1/MRE11/CAALFM_CR01790CA/CAALFM_CR02680WA/CAALFM_CR09520CA",16
"C7","GO:0019236","response to pheromone","12/724","30/6161",0.4,3.40386740331492,4.81598860192707,7.31465143156251e-05,0.00755311749887487,0.00748766034025009,"MFALPHA/STE3/CAALFM_C106150WA/SAP30/CAALFM_C202220CA/STE4/CAALFM_C301260CA/CST20/FAR1/STE18/CEK2/STE2",12
"C7","GO:0071444","cellular response to pheromone","12/724","30/6161",0.4,3.40386740331492,4.81598860192707,7.31465143156251e-05,0.00755311749887487,0.00748766034025009,"MFALPHA/STE3/CAALFM_C106150WA/SAP30/CAALFM_C202220CA/STE4/CAALFM_C301260CA/CST20/FAR1/STE18/CEK2/STE2",12
"C7","GO:0007127","meiosis I","14/724","39/6161",0.358974358974359,3.05475279784672,4.69705011652817,7.58345130409124e-05,0.00755311749887487,0.00748766034025009,"CAALFM_C101180CA/SPO22/ADA2/DLH1/CAALFM_C205900WA/CAALFM_C207530CA/MSH3/SPO11/CAALFM_C304040WA/CAALFM_C406150CA/IPL1/MRE11/CAALFM_CR01790CA/CAALFM_CR02680WA",14
"C7","GO:0000749","response to pheromone triggering conjugation with cellular fusion","9/724","19/6161",0.473684210526316,4.03089560918872,4.82806207963185,0.000125856870735865,0.0113957675684474,0.0112970090670088,"MFALPHA/STE3/SAP30/STE4/CST20/FAR1/STE18/CEK2/STE2",9
"C7","GO:2000241","regulation of reproductive process","20/724","72/6161",0.277777777777778,2.36379680785758,4.2473974644706,0.000157209302775579,0.012592524969206,0.0124833950762156,"CAALFM_C101180CA/STE3/SPO22/RME1/ADA2/SAP30/ROM2/STE4/CAALFM_C207530CA/MIH1/HST6/CST20/MEC1/CAALFM_C600260WA/IPL1/FAR1/STE18/CEK2/STE2/GCN5",20
"C7","GO:0000750","pheromone-dependent signal transduction involved in conjugation with cellular fusion","8/724","16/6161",0.5,4.25483425414365,4.75672340053386,0.000189646460379608,0.012592524969206,0.0124833950762156,"STE3/SAP30/STE4/CST20/FAR1/STE18/CEK2/STE2",8
"C7","GO:0032005","signal transduction involved in positive regulation of conjugation with cellular fusion","8/724","16/6161",0.5,4.25483425414365,4.75672340053386,0.000189646460379608,0.012592524969206,0.0124833950762156,"STE3/SAP30/STE4/CST20/FAR1/STE18/CEK2/STE2",8
"C7","GO:0071507","pheromone response MAPK cascade","8/724","16/6161",0.5,4.25483425414365,4.75672340053386,0.000189646460379608,0.012592524969206,0.0124833950762156,"STE3/SAP30/STE4/CST20/FAR1/STE18/CEK2/STE2",8
"C7","GO:0045143","homologous chromosome segregation","7/724","14/6161",0.5,4.25483425414365,4.44878340300249,0.00048966936300505,0.0304819178470644,0.030217754111759,"CAALFM_C101180CA/SPO22/CAALFM_C205900WA/SPO11/CAALFM_C406150CA/IPL1/CAALFM_CR02680WA",7
"C8","GO:0055085","transmembrane transport","111/1045","369/6161",0.300813008130081,1.77350138094682,6.92537401812924,8.80245501552441e-11,1.02988723681636e-07,8.91364392098366e-08,"ENA2/CCH1/HOL4/ROA1/HGT1/PHO91/DIP5/PUT4/POR1/ZCF2/CAALFM_C106980CA/CTR2/TPO3/CAALFM_C109210CA/CAALFM_C110340WA/PHO84/MUP1/PXA2/CAALFM_C113130CA/DUR7/LEU5/CAALFM_C200540WA/HGT8/HNM1/ECM3/CAALFM_C202490CA/CAALFM_C202570WA/CAALFM_C202580WA/CAALFM_C202790CA/SSY1/GDT1/CNT/CAALFM_C206520CA/CAALFM_C206600WA/CAALFM_C207580WA/SIT1/CAALFM_C209510CA/FCY21/YOR1/ATO1/FLC1/PMC1/CAALFM_C301680CA/ALR1/CAALFM_C302870CA/CAALFM_C303070WA/DAL5/CAALFM_C303440CA/PTR22/AAP1/CDR11/CDR2/HGT4/CDR1/HGT5/QDR2/GAP2/PEX5/TOK1/CAALFM_C400680WA/AGP2/PHO89/CAALFM_C402510WA/CAALFM_C404250WA/CAALFM_C404980WA/GAP5/CAALFM_C406140CA/CAALFM_C406370CA/CAALFM_C406440CA/CAALFM_C406770WA/ARR3/CAALFM_C406910WA/ZRT1/GIT2/TRY3/HIP1/GAP1/CAALFM_C503260CA/GAP6/GNP1/CTR1/CAN3/CAN1/CAN2/QDR3/CAALFM_C601870CA/MDR1/CAALFM_C603540WA/SNQ2/CAALFM_C604110WA/CAALFM_C701360CA/CAALFM_C701510WA/FLU1/CAALFM_C701940CA/CAALFM_C701990CA/YCF1/ENA21/CAALFM_C703590CA/PXA1/GEF2/OPT4/CAALFM_CR03730CA/CAALFM_CR04920WA/CAALFM_CR06230WA/FLC2/CAALFM_CR07160CA/CAALFM_CR07480WA/HGT14/SSU1/GNP3/CAALFM_CR09920WA",111
"C8","GO:0007155","cell adhesion","46/1045","111/6161",0.414414414414414,2.44326048536575,6.93444578062483,7.13809071231517e-10,4.17578306670437e-07,3.61412803434063e-07,"GAL10/PDE2/XOG1/CHS7/HAP2/SSU81/TPK1/AAH1/AFT2/EAP1/GPD1/RHR2/ZCF8/MNT2/CAALFM_C302870CA/TEC1/SFP1/TRY4/AAF1/TRY6/HWP1/PHR1/CZF1/PRA1/CAALFM_C407140WA/TRY3/FCR3/ZNC1/FGR27/SFL2/CAALFM_C602420WA/ALS5/ALS1/ALS9/ALS4/ALS2/DFI1/CAALFM_C701360CA/IFF4/DAL81/SFL1/SOK1/RFX1/BCR1/ALS3/DEF1",46
"C8","GO:0006357","regulation of transcription by RNA polymerase II","84/1045","277/6161",0.303249097472924,1.78786381773271,6.06370328853087,1.35257960360579e-08,5.27506045406257e-06,4.56554939883778e-06,"STB5/SKO1/RPN4/BRG1/HAC1/HAP2/CAALFM_C108540CA/CTA8/RTG3/CAALFM_C111690WA/TYE7/STP2/CUP2/CAALFM_C113880CA/RIM101/NDT80/SPT5/HAP42/OPI1/MED8/PZF1/CAALFM_C205640WA/CAALFM_C205770WA/CAALFM_C205860CA/FHL1/AFT2/TOR1/CAALFM_C209880CA/GCN4/SPT23/CAALFM_C210540WA/ESA1/FKH2/ZCF8/CAP1/CAALFM_C302260CA/TEC1/CAALFM_C304540CA/SFP1/TRY4/CRZ1/ZCF35/MRR1/CTA4/TRY6/ZCF21/RLM1/ADR1/CAALFM_C402960WA/BAS1/HAP41/CZF1/SKN7/TRY3/FCR3/HAL9/ZNC1/IFH1/MIG1/FGR27/GLN3/SFL2/PPR1/GRF10/CPH2/FLO8/MAC1/CUP9/NRG1/INO2/EPL1/DAL81/CAALFM_CR02430CA/CAALFM_CR02510WA/ASG1/RPD3/GZF3/SFL1/RFX1/BCR1/ECM22/UGA3/SPT7/CTM1",84
"C8","GO:0002182","cytoplasmic translational elongation","33/1045","75/6161",0.44,2.59410526315789,6.27718439974409,3.25247102146107e-08,8.77628950479063e-06,7.59585290473107e-06,"tT(AGU)6/tS(UGA)1/tR(CCG)1/tN(GUU)2/tL(AAG)2/tI(UAU)1/tY(GUA)1/tV(CAC)1/tL(CAA)2/tL(CAA)1/tI(AAU)3/tR(CCU)1/tF(GAA)1/tA(AGC)2/tV(AAC)5/tV(AAC)6/ELP3/tH(GUG)3/tS(UGA)3/tD(GUC)3/tQ(UUG)5/tQ(UUG)4/tS(CAG)1/tE(UUC)4/tA(UGC)2/tL(CAA)6/tS(GCU)1/tH(GUG)1/tR(ACG)1/tC(GCA)1/tP(UGG)4/tK(UUU)4/tL(CAA)4",33
"C8","GO:0048878","chemical homeostasis","56/1045","163/6161",0.343558282208589,2.02551442745179,5.99674496985053,3.75055107042335e-08,8.77628950479063e-06,7.59585290473107e-06,"HMX1/ENA2/CAALFM_C105010CA/CAALFM_C105160CA/CCR4/CAALFM_C109780CA/CUP2/RIM101/FAB1/CAALFM_C202490CA/DFG16/SCH9/GDT1/AFT2/SIT1/CAALFM_C208690CA/PMC1/ALR1/CSC25/CAALFM_C304940WA/CAALFM_C305410WA/QDR2/GAP2/ECM7/TOK1/FRE3/GDH3/CAALFM_C406370CA/CAALFM_C406770WA/GPR1/CAALFM_C501490CA/PDE1/GAP1/CCC2/GLN3/GRF10/QDR3/ALS1/ORM1/CAALFM_C603800CA/CSA1/FRP2/CAALFM_C700430WA/MAC1/ISU1/ENA21/CAALFM_C704090CA/SEF1/OPT4/CAALFM_CR03730CA/GLN1/CAALFM_CR06040WA/ALS3/FLC2/FRE7/UGA3",56
"C8","GO:0051252","regulation of RNA metabolic process","113/1045","422/6161",0.267772511848341,1.57870473253362,5.56645087210091,9.75681069583232e-08,1.55101889313779e-05,1.34240231686779e-05,"STB5/CTA9/SKO1/RPN4/BRG1/ZCF2/CAALFM_C106090CA/HAC1/MDM34/DHH1/HAP2/CCR4/CAALFM_C108540CA/CAALFM_C109070WA/CTA8/RTG3/CAALFM_C111690WA/ZCF30/TYE7/STP2/CUP2/CAALFM_C113880CA/RIM101/NDT80/SPT5/HAP42/CAALFM_C202110CA/OPI1/CAALFM_C202630WA/STP4/ADAEC/MED8/PZF1/CAALFM_C205640WA/CAALFM_C205770WA/CAALFM_C205860CA/FHL1/AFT2/TOR1/CAALFM_C208950WA/CAALFM_C209880CA/GCN4/SPT23/CAALFM_C210540WA/GAL4/ESA1/FKH2/ZCF8/CAP1/CAALFM_C302260CA/ZCF1/TEC1/CAALFM_C304540CA/SFP1/TRY4/CRZ1/ZCF35/MRR1/CTA4/AAF1/TRY6/FCR1/WOR4/ZCF21/RLM1/ZCF15/ADR1/CAALFM_C402960WA/BAS1/HAP41/PUF3/CZF1/BRE1/SKN7/TRY3/FCR3/HAL9/ZNC1/CAALFM_C502620CA/IFH1/MIG1/FGR27/GLN3/SFL2/PPR1/GRF10/CPH2/CAALFM_C601920CA/FLO8/MAC1/CUP9/NRG1/INO2/EPL1/DAL81/SEF1/CAALFM_CR02430CA/CAALFM_CR02510WA/ASG1/RPD3/GZF3/CAALFM_CR03310CA/KCS1/CWT1/SFL1/RFX1/ZCF19/BCR1/ECM22/DCP2/UGA3/SPT7/CTM1",113
"C8","GO:0006355","regulation of DNA-templated transcription","107/1045","395/6161",0.270886075949367,1.59706135303737,5.54323669151091,1.16406223584374e-07,1.55101889313779e-05,1.34240231686779e-05,"STB5/CTA9/SKO1/RPN4/BRG1/ZCF2/HAC1/MDM34/HAP2/CAALFM_C108540CA/CTA8/RTG3/CAALFM_C111690WA/ZCF30/TYE7/STP2/CUP2/CAALFM_C113880CA/RIM101/NDT80/SPT5/HAP42/CAALFM_C202110CA/OPI1/CAALFM_C202630WA/STP4/ADAEC/MED8/PZF1/CAALFM_C205640WA/CAALFM_C205770WA/CAALFM_C205860CA/FHL1/AFT2/TOR1/CAALFM_C208950WA/CAALFM_C209880CA/GCN4/SPT23/CAALFM_C210540WA/GAL4/ESA1/FKH2/ZCF8/CAP1/CAALFM_C302260CA/ZCF1/TEC1/CAALFM_C304540CA/SFP1/TRY4/CRZ1/ZCF35/MRR1/CTA4/AAF1/TRY6/FCR1/WOR4/ZCF21/RLM1/ZCF15/ADR1/CAALFM_C402960WA/BAS1/HAP41/CZF1/BRE1/SKN7/TRY3/FCR3/HAL9/ZNC1/CAALFM_C502620CA/IFH1/MIG1/FGR27/GLN3/SFL2/PPR1/GRF10/CPH2/CAALFM_C601920CA/FLO8/MAC1/CUP9/NRG1/INO2/EPL1/DAL81/SEF1/CAALFM_CR02430CA/CAALFM_CR02510WA/ASG1/RPD3/GZF3/CAALFM_CR03310CA/KCS1/CWT1/SFL1/RFX1/ZCF19/BCR1/ECM22/UGA3/SPT7/CTM1",107
"C8","GO:2001141","regulation of RNA biosynthetic process","107/1045","395/6161",0.270886075949367,1.59706135303737,5.54323669151091,1.16406223584374e-07,1.55101889313779e-05,1.34240231686779e-05,"STB5/CTA9/SKO1/RPN4/BRG1/ZCF2/HAC1/MDM34/HAP2/CAALFM_C108540CA/CTA8/RTG3/CAALFM_C111690WA/ZCF30/TYE7/STP2/CUP2/CAALFM_C113880CA/RIM101/NDT80/SPT5/HAP42/CAALFM_C202110CA/OPI1/CAALFM_C202630WA/STP4/ADAEC/MED8/PZF1/CAALFM_C205640WA/CAALFM_C205770WA/CAALFM_C205860CA/FHL1/AFT2/TOR1/CAALFM_C208950WA/CAALFM_C209880CA/GCN4/SPT23/CAALFM_C210540WA/GAL4/ESA1/FKH2/ZCF8/CAP1/CAALFM_C302260CA/ZCF1/TEC1/CAALFM_C304540CA/SFP1/TRY4/CRZ1/ZCF35/MRR1/CTA4/AAF1/TRY6/FCR1/WOR4/ZCF21/RLM1/ZCF15/ADR1/CAALFM_C402960WA/BAS1/HAP41/CZF1/BRE1/SKN7/TRY3/FCR3/HAL9/ZNC1/CAALFM_C502620CA/IFH1/MIG1/FGR27/GLN3/SFL2/PPR1/GRF10/CPH2/CAALFM_C601920CA/FLO8/MAC1/CUP9/NRG1/INO2/EPL1/DAL81/SEF1/CAALFM_CR02430CA/CAALFM_CR02510WA/ASG1/RPD3/GZF3/CAALFM_CR03310CA/KCS1/CWT1/SFL1/RFX1/ZCF19/BCR1/ECM22/UGA3/SPT7/CTM1",107
"C8","GO:0040008","regulation of growth","69/1045","223/6161",0.309417040358744,1.82422812023945,5.66582290251737,1.19309145625984e-07,1.55101889313779e-05,1.34240231686779e-05,"MOB2/STB5/GAL10/PDE2/SKO1/BRG1/ZCF2/KOG1/CHS7/HAC1/IRE1/IPT1/SSU81/CPP1/TPK1/ZCF30/SNT1/RBD1/TYE7/STP2/RIM101/NDT80/DCW1/MSB2/RAD32/SCH9/YAK1/CDC7/CAALFM_C205640WA/CAALFM_C205770WA/AFT2/GCN4/ESA1/FKH2/HOS2/ZCF8/CAALFM_C302260CA/TEC1/CAALFM_C304940WA/YCK2/CRZ1/CTA4/STD1/MED3/CZF1/SKN7/GPR1/HAL9/PDE1/SFL2/PPR1/GRF10/CPH2/HRR25/FLO8/MAC1/CAALFM_C703480WA/NRG1/PHO81/SLN1/SEF1/ASG1/SRR1/SFL1/BCR1/CAALFM_CR06560CA/CLG1/ECM22/DEF1",69
"C8","GO:0010570","regulation of filamentous growth","67/1045","216/6161",0.310185185185185,1.82875686691476,5.60352507144409,1.64799228784089e-07,1.92815097677384e-05,1.66880903252941e-05,"MOB2/STB5/GAL10/PDE2/SKO1/BRG1/ZCF2/CHS7/HAC1/IRE1/IPT1/SSU81/CPP1/TPK1/ZCF30/SNT1/RBD1/TYE7/STP2/RIM101/NDT80/DCW1/MSB2/RAD32/SCH9/YAK1/CDC7/CAALFM_C205640WA/CAALFM_C205770WA/AFT2/GCN4/ESA1/FKH2/HOS2/ZCF8/CAALFM_C302260CA/TEC1/CAALFM_C304940WA/YCK2/CRZ1/CTA4/STD1/MED3/CZF1/SKN7/GPR1/HAL9/PDE1/SFL2/PPR1/GRF10/CPH2/HRR25/FLO8/MAC1/NRG1/PHO81/SLN1/SEF1/ASG1/SRR1/SFL1/BCR1/CAALFM_CR06560CA/CLG1/ECM22/DEF1",67
"C8","GO:0031589","cell-substrate adhesion","32/1045","77/6161",0.415584415584416,2.45015845398621,5.78694629592049,2.65523804175233e-07,2.82420773531838e-05,2.44434353700071e-05,"PDE2/XOG1/HAP2/SSU81/TPK1/AAH1/GPD1/RHR2/ZCF8/MNT2/CAALFM_C302870CA/SFP1/TRY4/TRY6/HWP1/PHR1/CZF1/CAALFM_C407140WA/TRY3/FCR3/ZNC1/FGR27/CAALFM_C602420WA/ALS5/ALS1/ALS9/ALS4/IFF4/DAL81/BCR1/ALS3/DEF1",32
"C8","GO:0019219","regulation of nucleobase-containing compound metabolic process","116/1045","448/6161",0.258928571428571,1.52656356801094,5.23047265723556,4.53497113218988e-07,4.42159685388513e-05,3.82687914839181e-05,"STB5/CTA9/SKO1/RPN4/BRG1/ZCF2/CAALFM_C106090CA/HAC1/MDM34/DHH1/HAP2/CCR4/CAALFM_C108540CA/CAALFM_C109070WA/CTA8/RTG3/CAALFM_C111690WA/ZCF30/TYE7/STP2/CUP2/CAALFM_C113880CA/RIM101/NDT80/SPT5/HAP42/CAALFM_C202110CA/OPI1/CAALFM_C202630WA/STP4/ADAEC/MED8/PZF1/CDC7/CAALFM_C205640WA/CAALFM_C205770WA/CAALFM_C205860CA/FHL1/AFT2/TOR1/CAALFM_C208950WA/CAALFM_C209880CA/GCN4/SPT23/CAALFM_C210540WA/GAL4/ESA1/FKH2/ZCF8/CAP1/CAALFM_C302260CA/ZCF1/TEC1/CAALFM_C304540CA/SFP1/TRY4/CRZ1/ZCF35/MRR1/CTA4/AAF1/TRY6/FCR1/WOR4/ZCF21/RLM1/ZCF15/ADR1/CAALFM_C402960WA/BAS1/HAP41/PUF3/CZF1/BRE1/SKN7/TRY3/FCR3/HAL9/ZNC1/CAALFM_C502620CA/IFH1/MIG1/FGR27/GLN3/SFL2/PPR1/GRF10/CPH2/CAALFM_C601920CA/HRR25/TEL1/FLO8/MAC1/CUP9/NRG1/INO2/EPL1/DAL81/SEF1/CAALFM_CR02430CA/CAALFM_CR02510WA/ASG1/RPD3/GZF3/CAALFM_CR03310CA/KCS1/CWT1/SFL1/RFX1/ZCF19/BCR1/ECM22/DCP2/UGA3/SPT7/CTM1",116
"C8","GO:0042592","homeostatic process","57/1045","179/6161",0.318435754189944,1.87739969527679,5.38373932672911,5.39710046458368e-07,4.85739041812532e-05,4.2040572039915e-05,"HMX1/ENA2/CAALFM_C105010CA/CAALFM_C105160CA/CCR4/CAALFM_C109780CA/CUP2/RIM101/FAB1/CAALFM_C202490CA/DFG16/SCH9/GDT1/AFT2/SIT1/CAALFM_C208690CA/PMC1/ALR1/CSC25/CAALFM_C304940WA/CAALFM_C305410WA/QDR2/GAP2/ECM7/TOK1/FRE3/GDH3/CAALFM_C406370CA/CAALFM_C406770WA/TRX2/GPR1/CAALFM_C501490CA/PDE1/GAP1/CCC2/GLN3/GRF10/QDR3/ALS1/ORM1/CAALFM_C603800CA/CSA1/FRP2/CAALFM_C700430WA/MAC1/ISU1/ENA21/CAALFM_C704090CA/SEF1/OPT4/CAALFM_CR03730CA/GLN1/CAALFM_CR06040WA/ALS3/FLC2/FRE7/UGA3",57
"C8","GO:0006366","transcription by RNA polymerase II","92/1045","337/6161",0.27299703264095,1.60950690727358,5.20075185125311,6.61622552150027e-07,5.52927418582523e-05,4.78557064036336e-05,"STB5/CAALFM_C103360WA/SUA71/SKO1/ELA1/RPN4/BRG1/HAC1/HAP2/CAALFM_C108540CA/CTA8/TBP1/RTG3/CAALFM_C111690WA/TYE7/STP2/CUP2/CAALFM_C113880CA/RIM101/NDT80/SPT5/HAP42/OPI1/MED8/PZF1/CAALFM_C205640WA/CAALFM_C205770WA/CAALFM_C205860CA/CAALFM_C205910WA/FHL1/AFT2/TOR1/CAALFM_C209880CA/GCN4/SPT23/CAALFM_C210540WA/ESA1/FKH2/ZCF8/CAP1/CAALFM_C302260CA/TEC1/CAALFM_C304540CA/SFP1/TRY4/CRZ1/ZCF35/MRR1/CTA4/TRY6/ZCF21/RLM1/ADR1/CAALFM_C402960WA/BAS1/HAP41/CZF1/SKN7/TRY3/FCR3/HAL9/ZNC1/IFH1/MIG1/FGR27/GLN3/SFL2/PPR1/GRF10/CPH2/CAALFM_C601920CA/FLO8/MAC1/CUP9/NRG1/INO2/EPL1/DAL81/CAALFM_CR02430CA/CAALFM_CR02510WA/ASG1/RPD3/GZF3/CAALFM_CR02970CA/SUA72/SFL1/RFX1/BCR1/ECM22/UGA3/SPT7/CTM1",92
"C8","GO:0045944","positive regulation of transcription by RNA polymerase II","46/1045","135/6161",0.340740740740741,2.00890306574517,5.35654793497485,8.21123694150858e-07,6.40476481437669e-05,5.54330521946053e-05,"STB5/HAC1/CAALFM_C108540CA/CTA8/RTG3/CAALFM_C111690WA/TYE7/STP2/CUP2/RIM101/NDT80/CAALFM_C205640WA/CAALFM_C205860CA/FHL1/AFT2/TOR1/GCN4/SPT23/CAP1/CAALFM_C302260CA/TEC1/SFP1/ZCF35/MRR1/CTA4/ZCF21/RLM1/BAS1/SKN7/HAL9/ZNC1/IFH1/FGR27/GLN3/SFL2/PPR1/GRF10/CPH2/FLO8/MAC1/INO2/ASG1/GZF3/BCR1/UGA3/CTM1",46
"C8","GO:0006865","amino acid transport","26/1045","59/6161",0.440677966101695,2.59810234368664,5.57413812276801,9.10248514606008e-07,6.65619226305643e-05,5.76091494112487e-05,"DIP5/PUT4/UGA4/MUP1/CAALFM_C113130CA/STP2/HNM1/CAALFM_C202790CA/SSY1/CAALFM_C302870CA/AAP1/GAP2/AGP2/GAP5/HIP1/GAP1/CAALFM_C503470CA/GAP6/GNP1/CAN3/CAN1/CAN2/CAALFM_C604110WA/CAALFM_CR04920WA/GNP3/CAALFM_CR09920WA",26
"C8","GO:0003333","amino acid transmembrane transport","21/1045","43/6161",0.488372093023256,2.87929231111606,5.58865192811163,1.30752647256698e-06,8.99885866413745e-05,7.78848586135873e-05,"DIP5/PUT4/MUP1/CAALFM_C113130CA/SSY1/CAALFM_C302870CA/AAP1/GAP2/AGP2/GAP5/HIP1/GAP1/GAP6/GNP1/CAN3/CAN1/CAN2/CAALFM_C604110WA/CAALFM_CR04920WA/GNP3/CAALFM_CR09920WA",21
"C8","GO:0048583","regulation of response to stimulus","61/1045","207/6161",0.294685990338164,1.73737836026166,4.87701823328808,4.01209697633616e-06,0.00026078630346185,0.00022570978311318,"MOB2/STB5/HGT1/PDE2/BRG1/ZCF2/CAALFM_C106090CA/HAP2/CAALFM_C108540CA/CAALFM_C109320CA/CAALFM_C109910CA/CPP1/TPK1/ZCF30/STP2/RIM101/NDT80/MSB2/SCH9/SSY1/CDC7/CAALFM_C205640WA/CAALFM_C205770WA/AFT2/GCN4/CAALFM_C210540WA/ZCF8/CSC25/TEC1/CRZ1/CTA4/ECM7/ADR1/PTP2/CZF1/PRA1/SKN7/BUD2/GPR1/ZNC1/SST2/PDE1/MIG1/GLN3/SFL2/PPR1/GRF10/CPH2/HRR25/FLO8/SAC7/CAALFM_C702090CA/TEP1/CAALFM_C703480WA/RAD6/PHO81/SLN1/SEF1/SRR1/BCR1/DEF1",61
"C8","GO:0045935","positive regulation of nucleobase-containing compound metabolic process","57/1045","192/6161",0.296875,1.75028409090909,4.77319081272085,6.49165563200324e-06,0.000382530672663304,0.000331079178679351,"STB5/CTA9/CAALFM_C106090CA/HAC1/CCR4/CAALFM_C108540CA/CAALFM_C109070WA/CTA8/RTG3/CAALFM_C111690WA/TYE7/STP2/CUP2/RIM101/NDT80/CAALFM_C202110CA/CDC7/CAALFM_C205640WA/CAALFM_C205860CA/FHL1/AFT2/TOR1/GCN4/SPT23/GAL4/CAP1/CAALFM_C302260CA/TEC1/SFP1/ZCF35/MRR1/CTA4/ZCF21/RLM1/BAS1/PUF3/SKN7/HAL9/ZNC1/IFH1/FGR27/GLN3/SFL2/PPR1/GRF10/CPH2/TEL1/FLO8/MAC1/INO2/ASG1/GZF3/ZCF19/BCR1/DCP2/UGA3/CTM1",57
"C8","GO:0006414","translational elongation","33/1045","91/6161",0.362637362637363,2.137998843262,4.9425537920942,6.53898585749237e-06,0.000382530672663304,0.000331079178679351,"tT(AGU)6/tS(UGA)1/tR(CCG)1/tN(GUU)2/tL(AAG)2/tI(UAU)1/tY(GUA)1/tV(CAC)1/tL(CAA)2/tL(CAA)1/tI(AAU)3/tR(CCU)1/tF(GAA)1/tA(AGC)2/tV(AAC)5/tV(AAC)6/ELP3/tH(GUG)3/tS(UGA)3/tD(GUC)3/tQ(UUG)5/tQ(UUG)4/tS(CAG)1/tE(UUC)4/tA(UGC)2/tL(CAA)6/tS(GCU)1/tH(GUG)1/tR(ACG)1/tC(GCA)1/tP(UGG)4/tK(UUU)4/tL(CAA)4",33
"C8","GO:1900428","regulation of filamentous growth of a population of unicellular organisms","51/1045","166/6161",0.307228915662651,1.81132760707903,4.78893494782122,6.86848321945902e-06,0.000382672636512717,0.000331202047975918,"MOB2/STB5/GAL10/SKO1/BRG1/ZCF2/CHS7/IPT1/SSU81/TPK1/ZCF30/SNT1/RBD1/TYE7/STP2/RIM101/NDT80/MSB2/RAD32/SCH9/CAALFM_C205640WA/CAALFM_C205770WA/AFT2/GCN4/FKH2/HOS2/ZCF8/TEC1/CRZ1/CTA4/STD1/CZF1/SKN7/GPR1/HAL9/PDE1/SFL2/PPR1/GRF10/CPH2/FLO8/MAC1/PHO81/SLN1/SEF1/ASG1/SRR1/SFL1/BCR1/ECM22/DEF1",51
"C8","GO:0015711","organic anion transport","30/1045","80/6161",0.375,2.21088516746411,4.92655895888382,7.89957512597605e-06,0.000397269842455155,0.00034383588703721,"UGA4/CAALFM_C106980CA/MUP1/PXA2/LEU5/HNM1/CAALFM_C202580WA/CAALFM_C202790CA/CAALFM_C206520CA/CAALFM_C207580WA/CAALFM_C209510CA/ATO1/FLC1/DAL5/GAP2/CAALFM_C402510WA/CAALFM_C404250WA/CAALFM_C404980WA/GAP1/CAALFM_C503470CA/CAN1/CAALFM_C603540WA/CAALFM_C604110WA/YCF1/PXA1/SEF1/CAALFM_CR04920WA/FLC2/CAALFM_CR09920WA/FAA4",30
"C8","GO:0009891","positive regulation of biosynthetic process","54/1045","180/6161",0.3,1.76870813397129,4.73035855853347,8.10310166161165e-06,0.000397269842455155,0.00034383588703721,"STB5/CTA9/CAALFM_C103360WA/CAALFM_C106090CA/HAC1/IRE1/CAALFM_C108540CA/CTA8/RTG3/CAALFM_C111690WA/TYE7/STP2/CUP2/RIM101/NDT80/CAALFM_C202110CA/CAALFM_C205640WA/CAALFM_C205860CA/FHL1/AFT2/TOR1/GCN4/SPT23/GAL4/CAP1/CAALFM_C302260CA/TEC1/SFP1/ZCF35/MRR1/CTA4/ZCF21/RLM1/BAS1/SKN7/HAL9/ZNC1/IFH1/FGR27/GLN3/SFL2/PPR1/GRF10/CPH2/CAALFM_C603290WA/FLO8/MAC1/INO2/ASG1/GZF3/ZCF19/BCR1/UGA3/CTM1",54
"C8","GO:0048518","positive regulation of biological process","103/1045","409/6161",0.251833740831296,1.4847346193891,4.58500154701932,8.14912497343908e-06,0.000397269842455155,0.00034383588703721,"MOB2/STB5/CTA9/HGT1/CAALFM_C103360WA/BRG1/KOG1/CAALFM_C106090CA/HAC1/SOG2/IRE1/CCR4/CAALFM_C108540CA/CAALFM_C109070WA/SSU81/CTA8/CPP1/RTG3/CAALFM_C111690WA/ZCF30/TYE7/STP2/CUP2/RIM101/NDT80/MSB2/CAALFM_C202110CA/SCH9/CAALFM_C204280WA/YAK1/CDC15/CDC7/CAALFM_C205640WA/CAALFM_C205860CA/FHL1/AFT2/TOR1/GCN4/SPT23/GAL4/ESA1/ZCF8/CAP1/CAALFM_C302260CA/CSC25/CAALFM_C304260WA/TEC1/SFP1/CAALFM_C304940WA/TRY4/CRZ1/ZCF35/MRR1/CTA4/TRY6/ECM7/ZCF21/RLM1/BAS1/PUF3/CZF1/PRA1/SKN7/TRY3/GPR1/FCR3/HAL9/ZNC1/PDE1/IFH1/FGR27/GLN3/SFL2/PPR1/GRF10/CAG1/CPH2/HRR25/TEL1/CAALFM_C603290WA/ALS1/FLO8/CST5/SAC7/MAC1/CAALFM_C702090CA/CAALFM_C703480WA/INO2/SLN1/DAL81/SEF1/ASG1/GZF3/KCS1/SRR1/ZCF19/BCR1/CAALFM_CR06560CA/ECM22/DCP2/DEF1/UGA3/CTM1",103
"C8","GO:0010557","positive regulation of macromolecule biosynthetic process","53/1045","176/6161",0.301136363636364,1.77540778599391,4.7166934087389,8.7055594529221e-06,0.000407420182396754,0.000352620976577308,"STB5/CTA9/CAALFM_C103360WA/CAALFM_C106090CA/HAC1/IRE1/CAALFM_C108540CA/CTA8/RTG3/CAALFM_C111690WA/TYE7/STP2/CUP2/RIM101/NDT80/CAALFM_C202110CA/CAALFM_C205640WA/CAALFM_C205860CA/FHL1/AFT2/TOR1/GCN4/SPT23/GAL4/CAP1/CAALFM_C302260CA/TEC1/SFP1/ZCF35/MRR1/CTA4/ZCF21/RLM1/BAS1/SKN7/HAL9/ZNC1/IFH1/FGR27/GLN3/SFL2/PPR1/GRF10/CPH2/CAALFM_C603290WA/FLO8/MAC1/INO2/ASG1/GZF3/BCR1/UGA3/CTM1",53
"C8","GO:0010604","positive regulation of macromolecule metabolic process","61/1045","212/6161",0.287735849056604,1.6964024555385,4.66325831395341,9.30901714912694e-06,0.000415294473041424,0.000359436152106028,"STB5/CTA9/CAALFM_C103360WA/CAALFM_C106090CA/HAC1/IRE1/CCR4/CAALFM_C108540CA/CAALFM_C109070WA/CTA8/RTG3/CAALFM_C111690WA/TYE7/STP2/CUP2/RIM101/NDT80/CAALFM_C202110CA/CDC7/CAALFM_C205640WA/CAALFM_C205860CA/FHL1/AFT2/TOR1/GCN4/SPT23/GAL4/CAP1/CAALFM_C302260CA/CAALFM_C304260WA/TEC1/SFP1/ZCF35/MRR1/CTA4/ZCF21/RLM1/BAS1/PUF3/SKN7/TRY3/HAL9/ZNC1/IFH1/FGR27/GLN3/SFL2/PPR1/GRF10/CPH2/TEL1/CAALFM_C603290WA/FLO8/MAC1/INO2/ASG1/GZF3/BCR1/DCP2/UGA3/CTM1",61
"C8","GO:0051254","positive regulation of RNA metabolic process","54/1045","181/6161",0.298342541436464,1.7589362658278,4.68357236650598,9.69664838630591e-06,0.000415294473041424,0.000359436152106028,"STB5/CTA9/CAALFM_C106090CA/HAC1/CCR4/CAALFM_C108540CA/CAALFM_C109070WA/CTA8/RTG3/CAALFM_C111690WA/TYE7/STP2/CUP2/RIM101/NDT80/CAALFM_C202110CA/CAALFM_C205640WA/CAALFM_C205860CA/FHL1/AFT2/TOR1/GCN4/SPT23/GAL4/CAP1/CAALFM_C302260CA/TEC1/SFP1/ZCF35/MRR1/CTA4/ZCF21/RLM1/BAS1/PUF3/SKN7/HAL9/ZNC1/IFH1/FGR27/GLN3/SFL2/PPR1/GRF10/CPH2/FLO8/MAC1/INO2/ASG1/GZF3/BCR1/DCP2/UGA3/CTM1",54
"C8","GO:0009628","response to abiotic stimulus","56/1045","190/6161",0.294736842105263,1.73767816670864,4.66770529292813,9.93867114970929e-06,0.000415294473041424,0.000359436152106028,"MOB2/CCH1/HGT1/PDE2/CAALFM_C106090CA/SOG2/CAALFM_C107220WA/HAP2/OLE1/SSU81/CTA8/TYE7/STP2/CUP2/RIM101/NDT80/MSB2/DFG16/RAD32/SSY1/YAK1/VPS28/GCN4/RHR2/DDC1/CTN3/HGT4/CRZ1/CAALFM_C306700CA/UBI4/PTC8/PHR1/NUP60/BUD2/GPR1/SFL2/CPH2/SUR7/ALS1/ALS4/FLO8/CAALFM_C701360CA/RAD6/NRG1/PHO81/SLN1/DAL81/SEF1/GZF3/CWT1/SRR1/BCR1/FLC2/HSP104/CAALFM_CR08420WA/SSU1",56
"C8","GO:0006351","DNA-templated transcription","118/1045","487/6161",0.242299794661191,1.42852539225607,4.45327597167116,1.26140145185044e-05,0.000508910240918972,0.00044046032547373,"RPO41/STB5/CTA9/CAALFM_C103360WA/SUA71/SKO1/ELA1/RPN4/BRG1/ZCF2/HAC1/MDM34/HAP2/CAALFM_C108540CA/CTA8/TBP1/CAALFM_C110920WA/RTG3/CAALFM_C111690WA/ZCF30/TYE7/STP2/CUP2/CAALFM_C113880CA/RIM101/NDT80/SPT5/HAP42/CAALFM_C202110CA/OPI1/CAALFM_C202630WA/STP4/ADAEC/MED8/PZF1/CAALFM_C205640WA/CAALFM_C205770WA/CAALFM_C205860CA/CAALFM_C205910WA/FHL1/AFT2/TOR1/CAALFM_C208950WA/CAALFM_C209880CA/GCN4/SPT23/CAALFM_C210540WA/GAL4/ESA1/FKH2/ZCF8/CAP1/CAALFM_C302260CA/ZCF1/TEC1/CAALFM_C304540CA/SFP1/TRY4/CRZ1/ZCF35/MRR1/CTA4/AAF1/TRY6/FCR1/WOR4/ZCF21/RLM1/ZCF15/ADR1/CAALFM_C402960WA/BAS1/CDL1/HAP41/CAALFM_C406090CA/CZF1/BRE1/SKN7/TRY3/FCR3/HAL9/ZNC1/CAALFM_C502620CA/IFH1/MIG1/FGR27/GLN3/SFL2/PPR1/GRF10/CPH2/CAALFM_C601920CA/FLO8/MAC1/CUP9/NRG1/INO2/EPL1/DAL81/SEF1/CAALFM_CR02430CA/CAALFM_CR02510WA/ASG1/RPD3/GZF3/CAALFM_CR02970CA/CAALFM_CR03310CA/KCS1/SUA72/CWT1/SFL1/RFX1/ZCF19/BCR1/ECM22/UGA3/SPT7/CTM1",118
"C8","GO:0045893","positive regulation of DNA-templated transcription","49/1045","161/6161",0.304347826086957,1.79434158518827,4.61559660735227,1.3821145254521e-05,0.000521636772509342,0.000451475101353114,"STB5/CTA9/HAC1/CAALFM_C108540CA/CTA8/RTG3/CAALFM_C111690WA/TYE7/STP2/CUP2/RIM101/NDT80/CAALFM_C202110CA/CAALFM_C205640WA/CAALFM_C205860CA/FHL1/AFT2/TOR1/GCN4/SPT23/GAL4/CAP1/CAALFM_C302260CA/TEC1/SFP1/ZCF35/MRR1/CTA4/ZCF21/RLM1/BAS1/SKN7/HAL9/ZNC1/IFH1/FGR27/GLN3/SFL2/PPR1/GRF10/CPH2/FLO8/MAC1/INO2/ASG1/GZF3/BCR1/UGA3/CTM1",49
"C8","GO:1902680","positive regulation of RNA biosynthetic process","49/1045","161/6161",0.304347826086957,1.79434158518827,4.61559660735227,1.3821145254521e-05,0.000521636772509342,0.000451475101353114,"STB5/CTA9/HAC1/CAALFM_C108540CA/CTA8/RTG3/CAALFM_C111690WA/TYE7/STP2/CUP2/RIM101/NDT80/CAALFM_C202110CA/CAALFM_C205640WA/CAALFM_C205860CA/FHL1/AFT2/TOR1/GCN4/SPT23/GAL4/CAP1/CAALFM_C302260CA/TEC1/SFP1/ZCF35/MRR1/CTA4/ZCF21/RLM1/BAS1/SKN7/HAL9/ZNC1/IFH1/FGR27/GLN3/SFL2/PPR1/GRF10/CPH2/FLO8/MAC1/INO2/ASG1/GZF3/BCR1/UGA3/CTM1",49
"C8","GO:0098771","inorganic ion homeostasis","32/1045","90/6161",0.355555555555556,2.09624667729931,4.7345931096029,1.44275835199957e-05,0.000527508522449841,0.000456557083757757,"HMX1/ENA2/CAALFM_C105010CA/CAALFM_C109780CA/CUP2/RIM101/CAALFM_C202490CA/GDT1/AFT2/SIT1/PMC1/ALR1/CAALFM_C305410WA/ECM7/TOK1/FRE3/CAALFM_C406770WA/CCC2/GRF10/ALS1/CAALFM_C603800CA/CSA1/FRP2/CAALFM_C700430WA/MAC1/ISU1/ENA21/SEF1/CAALFM_CR03730CA/CAALFM_CR06040WA/ALS3/FRE7",32
"C8","GO:0090605","submerged biofilm formation","44/1045","140/6161",0.314285714285714,1.85293233082707,4.61346802030639,1.55520769082757e-05,0.000551391817657049,0.000477228005925399,"MOB2/PDE2/XOG1/IFD6/BRG1/HAP2/SMI1/IPT1/TPK1/TYE7/NDT80/MSB2/YAK1/EAP1/GCN4/RHR2/ZCF8/MNT2/TEC1/SFP1/TRY4/CAALFM_C306700CA/TRY6/ECE1/HWP1/PHR1/CZF1/TRY3/FCR3/ZNC1/FGR27/SUR7/ALS5/ALS1/ALS9/ALS4/ALS2/CST5/CSA1/DAL81/BCR1/ALS3/HSP104/DEF1",44
"C8","GO:0044011","single-species biofilm formation on inanimate substrate","40/1045","124/6161",0.32258064516129,1.90183670319494,4.58470497810374,1.90935518159374e-05,0.000632611733987421,0.000547523606024201,"MOB2/XOG1/IFD6/BRG1/SMI1/IPT1/TPK1/TYE7/NDT80/MSB2/YAK1/EAP1/GCN4/RHR2/ZCF8/TEC1/TRY4/CAALFM_C306700CA/TRY6/ECE1/HWP1/PHR1/CZF1/TRY3/FCR3/ZNC1/FGR27/SUR7/ALS5/ALS1/ALS9/ALS4/ALS2/CST5/CSA1/DAL81/BCR1/ALS3/HSP104/DEF1",40
"C8","GO:0042710","biofilm formation","58/1045","203/6161",0.285714285714286,1.68448393711552,4.48171529221226,1.94649764303822e-05,0.000632611733987421,0.000547523606024201,"MOB2/PDE2/XOG1/IFD6/BRG1/DHH1/HAP2/SMI1/IRE1/CAALFM_C108540CA/IPT1/SSU81/TPK1/TYE7/NDT80/MSB2/YAK1/EAP1/GCN4/RHR2/ZCF8/MNT2/TEC1/SFP1/TRY4/QDR2/YCK2/CAALFM_C306700CA/TRY6/ZCF15/ECE1/HWP1/ATG1/PHR1/MED3/CZF1/TRY3/FCR3/ZNC1/FGR27/MRV8/QDR3/SUR7/SAP5/ALS5/ALS1/ALS9/ALS4/FLO8/ALS2/CST5/CSA1/CAALFM_C701360CA/DAL81/BCR1/ALS3/HSP104/DEF1",58
"C8","GO:0098630","aggregation of unicellular organisms","58/1045","203/6161",0.285714285714286,1.68448393711552,4.48171529221226,1.94649764303822e-05,0.000632611733987421,0.000547523606024201,"MOB2/PDE2/XOG1/IFD6/BRG1/DHH1/HAP2/SMI1/IRE1/CAALFM_C108540CA/IPT1/SSU81/TPK1/TYE7/NDT80/MSB2/YAK1/EAP1/GCN4/RHR2/ZCF8/MNT2/TEC1/SFP1/TRY4/QDR2/YCK2/CAALFM_C306700CA/TRY6/ZCF15/ECE1/HWP1/ATG1/PHR1/MED3/CZF1/TRY3/FCR3/ZNC1/FGR27/MRV8/QDR3/SUR7/SAP5/ALS5/ALS1/ALS9/ALS4/FLO8/ALS2/CST5/CSA1/CAALFM_C701360CA/DAL81/BCR1/ALS3/HSP104/DEF1",58
"C8","GO:0009893","positive regulation of metabolic process","63/1045","226/6161",0.278761061946903,1.64348985899987,4.45419061386767,2.01076859927115e-05,0.000635837638147905,0.000550315616642631,"STB5/CTA9/CAALFM_C103360WA/CAALFM_C106090CA/HAC1/IRE1/CCR4/CAALFM_C108540CA/CAALFM_C109070WA/CTA8/RTG3/CAALFM_C111690WA/TYE7/STP2/CUP2/RIM101/NDT80/CAALFM_C202110CA/CDC7/CAALFM_C205640WA/CAALFM_C205860CA/FHL1/AFT2/TOR1/GCN4/SPT23/GAL4/CAP1/CAALFM_C302260CA/CAALFM_C304260WA/TEC1/SFP1/ZCF35/MRR1/CTA4/ZCF21/RLM1/BAS1/PUF3/SKN7/TRY3/HAL9/ZNC1/IFH1/FGR27/GLN3/SFL2/PPR1/GRF10/CPH2/TEL1/CAALFM_C603290WA/FLO8/MAC1/INO2/ASG1/GZF3/KCS1/ZCF19/BCR1/DCP2/UGA3/CTM1",63
"C8","GO:0098743","cell aggregation","58/1045","204/6161",0.284313725490196,1.67622666291397,4.43891478266546,2.28355506978181e-05,0.000693261733939503,0.000600016003643546,"MOB2/PDE2/XOG1/IFD6/BRG1/DHH1/HAP2/SMI1/IRE1/CAALFM_C108540CA/IPT1/SSU81/TPK1/TYE7/NDT80/MSB2/YAK1/EAP1/GCN4/RHR2/ZCF8/MNT2/TEC1/SFP1/TRY4/QDR2/YCK2/CAALFM_C306700CA/TRY6/ZCF15/ECE1/HWP1/ATG1/PHR1/MED3/CZF1/TRY3/FCR3/ZNC1/FGR27/MRV8/QDR3/SUR7/SAP5/ALS5/ALS1/ALS9/ALS4/FLO8/ALS2/CST5/CSA1/CAALFM_C701360CA/DAL81/BCR1/ALS3/HSP104/DEF1",58
"C8","GO:0055082","intracellular chemical homeostasis","44/1045","142/6161",0.309859154929577,1.82683469236471,4.50488723598151,2.31087244646501e-05,0.000693261733939503,0.000600016003643546,"HMX1/ENA2/CAALFM_C105010CA/CAALFM_C109780CA/CUP2/RIM101/FAB1/CAALFM_C202490CA/DFG16/SCH9/GDT1/AFT2/SIT1/PMC1/ALR1/CSC25/GAP2/TOK1/FRE3/GDH3/CAALFM_C406770WA/GPR1/PDE1/GAP1/GLN3/QDR3/ALS1/ORM1/CAALFM_C603800CA/CSA1/FRP2/CAALFM_C700430WA/MAC1/ISU1/ENA21/SEF1/OPT4/CAALFM_CR03730CA/GLN1/CAALFM_CR06040WA/ALS3/FLC2/FRE7/UGA3",44
"C8","GO:0098609","cell-cell adhesion","17/1045","36/6161",0.472222222222222,2.78407761828814,4.85171388975177,2.37498684915025e-05,0.000694683653376448,0.000601246670758563,"GAL10/CHS7/EAP1/MNT2/AAF1/HWP1/PRA1/SFL2/ALS5/ALS1/ALS9/ALS4/ALS2/CAALFM_C701360CA/SFL1/SOK1/ALS3",17
"C8","GO:0090609","single-species submerged biofilm formation","41/1045","131/6161",0.312977099236641,1.84521713722196,4.41904596754518,3.36526972593689e-05,0.000960333068133211,0.000831165462477867,"MOB2/PDE2/XOG1/IFD6/BRG1/SMI1/IPT1/TPK1/TYE7/NDT80/MSB2/YAK1/EAP1/GCN4/RHR2/ZCF8/TEC1/TRY4/CAALFM_C306700CA/TRY6/ECE1/HWP1/PHR1/CZF1/TRY3/FCR3/ZNC1/FGR27/SUR7/ALS5/ALS1/ALS9/ALS4/ALS2/CST5/CSA1/DAL81/BCR1/ALS3/HSP104/DEF1",41
"C8","GO:0042908","xenobiotic transport","19/1045","44/6161",0.431818181818182,2.54586776859504,4.65063947499864,3.82536456375248e-05,0.00101719921354327,0.000880382945054995,"HOL4/TPO3/CAALFM_C109210CA/CAALFM_C200540WA/CAALFM_C202570WA/CNT/FCY21/CAALFM_C303070WA/CAALFM_C303440CA/CDR11/CDR2/CDR1/QDR2/CAALFM_C406140CA/QDR3/CAALFM_C601870CA/MDR1/FLU1/CAALFM_C703590CA",19
"C8","GO:0046618","xenobiotic export from cell","19/1045","44/6161",0.431818181818182,2.54586776859504,4.65063947499864,3.82536456375248e-05,0.00101719921354327,0.000880382945054995,"HOL4/TPO3/CAALFM_C109210CA/CAALFM_C200540WA/CAALFM_C202570WA/CNT/FCY21/CAALFM_C303070WA/CAALFM_C303440CA/CDR11/CDR2/CDR1/QDR2/CAALFM_C406140CA/QDR3/CAALFM_C601870CA/MDR1/FLU1/CAALFM_C703590CA",19
"C8","GO:1990961","xenobiotic detoxification by transmembrane export across the plasma membrane","19/1045","44/6161",0.431818181818182,2.54586776859504,4.65063947499864,3.82536456375248e-05,0.00101719921354327,0.000880382945054995,"HOL4/TPO3/CAALFM_C109210CA/CAALFM_C200540WA/CAALFM_C202570WA/CNT/FCY21/CAALFM_C303070WA/CAALFM_C303440CA/CDR11/CDR2/CDR1/QDR2/CAALFM_C406140CA/QDR3/CAALFM_C601870CA/MDR1/FLU1/CAALFM_C703590CA",19
"C8","GO:0050801","monoatomic ion homeostasis","35/1045","107/6161",0.327102803738318,1.92849796538926,4.37859594315584,4.52721971490451e-05,0.00117707712587517,0.00101875681069898,"HMX1/ENA2/CAALFM_C105010CA/CAALFM_C109780CA/CUP2/RIM101/FAB1/CAALFM_C202490CA/DFG16/GDT1/AFT2/SIT1/PMC1/ALR1/CAALFM_C305410WA/ECM7/TOK1/FRE3/CAALFM_C406370CA/CAALFM_C406770WA/CCC2/GRF10/ALS1/CAALFM_C603800CA/CSA1/FRP2/CAALFM_C700430WA/MAC1/ISU1/ENA21/SEF1/CAALFM_CR03730CA/CAALFM_CR06040WA/ALS3/FRE7",35
"C8","GO:0051703","biological process involved in intraspecies interaction between organisms","52/1045","183/6161",0.284153005464481,1.67527910685805,4.19096598278663,6.12585325398379e-05,0.00154280019329551,0.00133528905618559,"MOB2/GAL10/PDE2/XOG1/IFD6/BRG1/CHS7/DHH1/SMI1/IRE1/CAALFM_C108540CA/IPT1/TPK1/TYE7/NDT80/MSB2/YAK1/EAP1/GCN4/RHR2/ZCF8/TEC1/TRY4/YCK2/CAALFM_C306700CA/TRY6/ZCF15/ECE1/HWP1/PHR1/MED3/CZF1/TRY3/FCR3/ZNC1/FGR27/SFL2/SUR7/SAP5/ALS5/ALS1/ALS9/ALS4/ALS2/CST5/CSA1/DAL81/SFL1/BCR1/ALS3/HSP104/DEF1",52
"C8","GO:0048522","positive regulation of cellular process","85/1045","339/6161",0.250737463126844,1.47827130174592,4.09374987564284,6.19757342605891e-05,0.00154280019329551,0.00133528905618559,"MOB2/STB5/CTA9/CAALFM_C103360WA/BRG1/KOG1/CAALFM_C106090CA/HAC1/SOG2/IRE1/CCR4/CAALFM_C108540CA/CAALFM_C109070WA/CTA8/RTG3/CAALFM_C111690WA/TYE7/STP2/CUP2/RIM101/NDT80/MSB2/CAALFM_C202110CA/CAALFM_C204280WA/CDC15/CDC7/CAALFM_C205640WA/CAALFM_C205860CA/FHL1/AFT2/TOR1/GCN4/SPT23/GAL4/ESA1/ZCF8/CAP1/CAALFM_C302260CA/CSC25/CAALFM_C304260WA/TEC1/SFP1/TRY4/ZCF35/MRR1/CTA4/TRY6/ECM7/ZCF21/RLM1/BAS1/PUF3/CZF1/SKN7/TRY3/FCR3/HAL9/ZNC1/IFH1/FGR27/GLN3/SFL2/PPR1/GRF10/CPH2/TEL1/CAALFM_C603290WA/ALS1/FLO8/SAC7/MAC1/CAALFM_C702090CA/CAALFM_C703480WA/INO2/DAL81/ASG1/GZF3/KCS1/ZCF19/BCR1/CAALFM_CR06560CA/DCP2/DEF1/UGA3/CTM1",85
"C8","GO:0140115","export across plasma membrane","20/1045","49/6161",0.408163265306122,2.40640562445074,4.46683792901107,6.39657264014271e-05,0.00155916458103478,0.00134945238592484,"ENA2/HOL4/TPO3/CAALFM_C109210CA/CAALFM_C200540WA/CAALFM_C202570WA/CNT/FCY21/CAALFM_C303070WA/CAALFM_C303440CA/CDR11/CDR2/CDR1/QDR2/CAALFM_C406140CA/QDR3/CAALFM_C601870CA/MDR1/FLU1/CAALFM_C703590CA",20
"C8","GO:0009268","response to pH","32/1045","97/6161",0.329896907216495,1.94497114388596,4.23943568480338,7.90367449420957e-05,0.00188720390984188,0.00163336946582806,"MOB2/HGT1/PDE2/SOG2/HAP2/OLE1/SSU81/STP2/CUP2/RIM101/NDT80/DFG16/SSY1/YAK1/VPS28/GCN4/CTN3/CRZ1/CAALFM_C306700CA/PTC8/PHR1/SFL2/CPH2/SUR7/ALS1/FLO8/NRG1/DAL81/SEF1/CWT1/SRR1/BCR1",32
"C8","GO:0002831","regulation of response to biotic stimulus","25/1045","69/6161",0.36231884057971,2.13612093474794,4.28896393029385,8.65438069121989e-05,0.00198541674680927,0.0017183723890513,"MOB2/STB5/BRG1/ZCF2/ZCF30/RIM101/NDT80/CAALFM_C205640WA/CAALFM_C205770WA/AFT2/ZCF8/TEC1/CRZ1/CTA4/CZF1/SKN7/SFL2/PPR1/GRF10/CPH2/FLO8/SLN1/SEF1/SRR1/BCR1",25
"C8","GO:1900443","regulation of filamentous growth of a population of unicellular organisms in response to biotic stimulus","25/1045","69/6161",0.36231884057971,2.13612093474794,4.28896393029385,8.65438069121989e-05,0.00198541674680927,0.0017183723890513,"MOB2/STB5/BRG1/ZCF2/ZCF30/RIM101/NDT80/CAALFM_C205640WA/CAALFM_C205770WA/AFT2/ZCF8/TEC1/CRZ1/CTA4/CZF1/SKN7/SFL2/PPR1/GRF10/CPH2/FLO8/SLN1/SEF1/SRR1/BCR1",25
"C8","GO:0055080","monoatomic cation homeostasis","34/1045","106/6161",0.320754716981132,1.89107158978063,4.18207377158361,9.03104002576508e-05,0.00203198400579714,0.00175867621554373,"HMX1/ENA2/CAALFM_C105010CA/CAALFM_C109780CA/CUP2/RIM101/FAB1/CAALFM_C202490CA/DFG16/GDT1/AFT2/SIT1/PMC1/ALR1/CAALFM_C305410WA/ECM7/TOK1/FRE3/CAALFM_C406770WA/CCC2/GRF10/ALS1/CAALFM_C603800CA/CSA1/FRP2/CAALFM_C700430WA/MAC1/ISU1/ENA21/SEF1/CAALFM_CR03730CA/CAALFM_CR06040WA/ALS3/FRE7",34
"C8","GO:0060258","negative regulation of filamentous growth","26/1045","74/6161",0.351351351351351,2.07145997672313,4.1905728548971,0.000113693172415197,0.00250983040992038,0.00217225088110068,"GAL10/PDE2/SKO1/CHS7/CPP1/TPK1/SNT1/RBD1/TYE7/RIM101/SCH9/CDC7/ESA1/FKH2/HOS2/ZCF8/STD1/GPR1/HAL9/SFL2/NRG1/PHO81/SFL1/BCR1/CAALFM_CR06560CA/CLG1",26
"C8","GO:0043708","cell adhesion involved in biofilm formation","22/1045","59/6161",0.372881355932203,2.19839429081178,4.17996715223594,0.000139862949887272,0.00303036391422424,0.00262277110704788,"PDE2/HAP2/TPK1/ZCF8/MNT2/SFP1/TRY4/TRY6/HWP1/CZF1/TRY3/FCR3/ZNC1/FGR27/ALS5/ALS1/ALS9/ALS4/DAL81/BCR1/ALS3/DEF1",22
"C8","GO:0019725","cellular homeostasis","45/1045","158/6161",0.284810126582278,1.6791532917449,3.90836769739468,0.000178519568379713,0.00379759809098662,0.00328681004366093,"HMX1/ENA2/CAALFM_C105010CA/CAALFM_C109780CA/CUP2/RIM101/FAB1/CAALFM_C202490CA/DFG16/SCH9/GDT1/AFT2/SIT1/PMC1/ALR1/CSC25/GAP2/TOK1/FRE3/GDH3/CAALFM_C406770WA/TRX2/GPR1/PDE1/GAP1/GLN3/QDR3/ALS1/ORM1/CAALFM_C603800CA/CSA1/FRP2/CAALFM_C700430WA/MAC1/ISU1/ENA21/SEF1/OPT4/CAALFM_CR03730CA/GLN1/CAALFM_CR06040WA/ALS3/FLC2/FRE7/UGA3",45
"C8","GO:0045926","negative regulation of growth","26/1045","76/6161",0.342105263157895,2.01694787207253,4.03142356586392,0.000187418748268038,0.00391571313345723,0.00338903826755362,"GAL10/PDE2/SKO1/CHS7/CPP1/TPK1/SNT1/RBD1/TYE7/RIM101/SCH9/CDC7/ESA1/FKH2/HOS2/ZCF8/STD1/GPR1/HAL9/SFL2/NRG1/PHO81/SFL1/BCR1/CAALFM_CR06560CA/CLG1",26
"C8","GO:0044010","single-species biofilm formation","48/1045","173/6161",0.277456647398844,1.63579943026247,3.83341222525891,0.000218713446798305,0.00448938127638626,0.00388554636786647,"MOB2/PDE2/XOG1/IFD6/BRG1/DHH1/SMI1/IRE1/CAALFM_C108540CA/IPT1/TPK1/TYE7/NDT80/MSB2/YAK1/EAP1/GCN4/RHR2/ZCF8/TEC1/TRY4/YCK2/CAALFM_C306700CA/TRY6/ZCF15/ECE1/HWP1/PHR1/MED3/CZF1/TRY3/FCR3/ZNC1/FGR27/SUR7/SAP5/ALS5/ALS1/ALS9/ALS4/ALS2/CST5/CSA1/DAL81/BCR1/ALS3/HSP104/DEF1",48
"C8","GO:0043709","cell adhesion involved in single-species biofilm formation","19/1045","50/6161",0.38,2.24036363636364,3.97979882341643,0.000296869521775667,0.00598857483581949,0.00518309400994903,"PDE2/TPK1/ZCF8/TRY4/TRY6/HWP1/CZF1/TRY3/FCR3/ZNC1/FGR27/ALS5/ALS1/ALS9/ALS4/DAL81/BCR1/ALS3/DEF1",19
"C8","GO:0044406","adhesion of symbiont to host","20/1045","54/6161",0.37037037037037,2.18359028885345,3.94791275399241,0.000309590593848305,0.00613933889495791,0.00531357986230275,"PDE2/XOG1/SMI1/EAP1/UTR2/SAP9/TEC1/AAF1/HWP1/SAP10/PHR1/PRA1/PDE1/SAP5/ALS5/ALS1/ALS4/ALS2/BCR1/ALS3",20
"C8","GO:0045927","positive regulation of growth","34/1045","113/6161",0.300884955752212,1.7739255620951,3.75245726675007,0.000357493532680658,0.00697112388727284,0.00603348734103146,"MOB2/BRG1/KOG1/SSU81/ZCF30/STP2/RIM101/NDT80/MSB2/SCH9/YAK1/CAALFM_C205640WA/AFT2/GCN4/CAALFM_C302260CA/TEC1/CAALFM_C304940WA/CRZ1/CTA4/SKN7/GPR1/PDE1/SFL2/GRF10/CPH2/HRR25/FLO8/MAC1/SLN1/SEF1/SRR1/BCR1/ECM22/DEF1",34
"C8","GO:0036164","cell-abiotic substrate adhesion","8/1045","13/6161",0.615384615384615,3.62811924917188,4.2867982752012,0.000384426841473337,0.00737343286104598,0.00638168458149009,"PDE2/AAH1/GPD1/RHR2/CAALFM_C302870CA/CAALFM_C407140WA/CAALFM_C602420WA/BCR1",8
"C8","GO:0030155","regulation of cell adhesion","17/1045","44/6161",0.386363636363636,2.2778816876903,3.84442132883827,0.000488133601048412,0.00921155343913938,0.00797257256720835,"GAL10/CHS7/TPK1/ZCF8/TRY4/TRY6/CZF1/TRY3/FCR3/ZNC1/FGR27/SFL2/ALS1/DAL81/RFX1/BCR1/DEF1",17
"C8","GO:0098754","detoxification","22/1045","64/6161",0.34375,2.02664473684211,3.73108641645015,0.000532823398909807,0.00989529169403928,0.00856434602758955,"HOL4/TPO3/CAALFM_C109210CA/CAALFM_C200540WA/CAALFM_C202570WA/CNT/FCY21/CAALFM_C303070WA/CAALFM_C303440CA/CDR11/CDR2/CDR1/QDR2/CAALFM_C406140CA/QDR3/CAALFM_C601870CA/MDR1/SOD3/FLU1/YCF1/CAALFM_C703590CA/YHB1",22
"C8","GO:0090033","positive regulation of filamentous growth","33/1045","111/6161",0.297297297297297,1.75277382645804,3.61685872895209,0.000551394709274204,0.010080184528919,0.00872437023555566,"MOB2/BRG1/SSU81/ZCF30/STP2/RIM101/NDT80/MSB2/SCH9/YAK1/CAALFM_C205640WA/AFT2/GCN4/CAALFM_C302260CA/TEC1/CAALFM_C304940WA/CRZ1/CTA4/SKN7/GPR1/PDE1/SFL2/GRF10/CPH2/HRR25/FLO8/MAC1/SLN1/SEF1/SRR1/BCR1/ECM22/DEF1",33
"C8","GO:0019220","regulation of phosphate metabolic process","11/1045","23/6161",0.478260869565217,2.81967963386728,3.95119663947067,0.000589140953841023,0.0104438623635454,0.0090391323380393,"PCL7/TYE7/GAL4/CAALFM_C302720WA/BAS1/PPR1/GRF10/PCL5/SUR7/CAALFM_C603810WA/CLG1",11
"C8","GO:0051174","regulation of phosphorus metabolic process","11/1045","23/6161",0.478260869565217,2.81967963386728,3.95119663947067,0.000589140953841023,0.0104438623635454,0.0090391323380393,"PCL7/TYE7/GAL4/CAALFM_C302720WA/BAS1/PPR1/GRF10/PCL5/SUR7/CAALFM_C603810WA/CLG1",11
"C8","GO:0046942","carboxylic acid transport","22/1045","65/6161",0.338461538461538,1.99546558704453,3.64622684124296,0.000678963399795622,0.0118565250412071,0.0102617877549629,"UGA4/CAALFM_C106980CA/MUP1/PXA2/HNM1/CAALFM_C202580WA/CAALFM_C202790CA/CAALFM_C207580WA/ATO1/DAL5/GAP2/CAALFM_C402510WA/CAALFM_C404250WA/GAP1/CAALFM_C503470CA/CAN1/CAALFM_C603540WA/CAALFM_C604110WA/PXA1/CAALFM_CR04920WA/CAALFM_CR09920WA/FAA4",22
"C8","GO:1900429","negative regulation of filamentous growth of a population of unicellular organisms","19/1045","53/6161",0.358490566037736,2.11355060034305,3.67943902613494,0.000698037025743371,0.0120103429429374,0.0103949166991505,"GAL10/SKO1/CHS7/TPK1/SNT1/RBD1/TYE7/RIM101/SCH9/FKH2/HOS2/ZCF8/STD1/GPR1/HAL9/SFL2/PHO81/SFL1/BCR1",19
"C8","GO:0034204","lipid translocation","9/1045","17/6161",0.529411764705882,3.12124964818463,3.95798253837667,0.000743521490620507,0.0125912913969687,0.0108977258874349,"CAALFM_C104630CA/RTA3/RTA2/CAALFM_C303250WA/CDR2/CDR1/CAALFM_C403110WA/CAALFM_C500570WA/CAALFM_CR04280CA",9
"C8","GO:0015698","inorganic anion transport","12/1045","27/6161",0.444444444444444,2.62030834662414,3.81321154141611,0.000762122106749716,0.0125912913969687,0.0108977258874349,"PHO91/SYG1/ZCF2/PHO84/CAALFM_C207580WA/PHO89/CAALFM_C406370CA/ARR3/GIT2/TRY3/GEF2/SSU1",12
"C8","GO:0072348","sulfur compound transport","8/1045","14/6161",0.571428571428571,3.36896787423103,4.01028110417787,0.000764086913833142,0.0125912913969687,0.0108977258874349,"ZCF2/MUP1/LEU5/CAALFM_C206520CA/CAALFM_C207580WA/CAALFM_C404980WA/YCF1/SSU1",8
"C8","GO:0015849","organic acid transport","22/1045","66/6161",0.333333333333333,1.9652312599681,3.5628679356731,0.000858622694236441,0.0139526187813422,0.0120759507581207,"UGA4/CAALFM_C106980CA/MUP1/PXA2/HNM1/CAALFM_C202580WA/CAALFM_C202790CA/CAALFM_C207580WA/ATO1/DAL5/GAP2/CAALFM_C402510WA/CAALFM_C404250WA/GAP1/CAALFM_C503470CA/CAN1/CAALFM_C603540WA/CAALFM_C604110WA/PXA1/CAALFM_CR04920WA/CAALFM_CR09920WA/FAA4",22
"C8","GO:1900430","positive regulation of filamentous growth of a population of unicellular organisms","29/1045","97/6161",0.298969072164948,1.76263009914665,3.42139680935868,0.00105997523441767,0.016988644168064,0.0147036218530613,"MOB2/BRG1/SSU81/ZCF30/STP2/RIM101/NDT80/MSB2/SCH9/CAALFM_C205640WA/AFT2/GCN4/TEC1/CRZ1/CTA4/SKN7/GPR1/PDE1/SFL2/GRF10/CPH2/FLO8/MAC1/SLN1/SEF1/SRR1/BCR1/ECM22/DEF1",29
"C8","GO:0030001","metal ion transport","25/1045","80/6161",0.3125,1.8424043062201,3.42737246546866,0.00114539892871315,0.017607231989161,0.0152390078034844,"ENA2/CCH1/CTR2/CAALFM_C109780CA/GDT1/CAALFM_C204750WA/SIT1/FLC1/PMC1/CAALFM_C301680CA/ALR1/RCH1/TOK1/FRE3/CAALFM_C406770WA/ZRT1/PRA1/CCC2/CTR1/FRP2/CAALFM_C700430WA/ENA21/ALS3/FLC2/FRE7",25
"C8","GO:0006869","lipid transport","16/1045","43/6161",0.372093023255814,2.19374652275509,3.54997131984743,0.00114788941984555,0.017607231989161,0.0152390078034844,"CAALFM_C104630CA/MDM34/PXA2/RTA3/RTA2/CAALFM_C303250WA/CDR2/CDR1/CAALFM_C403110WA/CAALFM_C407140WA/SEC14/CAALFM_C500570WA/CAALFM_C504050WA/PXA1/CAALFM_CR04280CA/FAA4",16
"C8","GO:0010876","lipid localization","16/1045","43/6161",0.372093023255814,2.19374652275509,3.54997131984743,0.00114788941984555,0.017607231989161,0.0152390078034844,"CAALFM_C104630CA/MDM34/PXA2/RTA3/RTA2/CAALFM_C303250WA/CDR2/CDR1/CAALFM_C403110WA/CAALFM_C407140WA/SEC14/CAALFM_C500570WA/CAALFM_C504050WA/PXA1/CAALFM_CR04280CA/FAA4",16
"C8","GO:0006873","intracellular monoatomic ion homeostasis","30/1045","102/6161",0.294117647058824,1.7340275823248,3.37827673683629,0.00117381546594407,0.017607231989161,0.0152390078034844,"HMX1/ENA2/CAALFM_C105010CA/CAALFM_C109780CA/CUP2/RIM101/FAB1/CAALFM_C202490CA/DFG16/GDT1/AFT2/SIT1/PMC1/ALR1/TOK1/FRE3/CAALFM_C406770WA/ALS1/CAALFM_C603800CA/CSA1/FRP2/CAALFM_C700430WA/MAC1/ISU1/ENA21/SEF1/CAALFM_CR03730CA/CAALFM_CR06040WA/ALS3/FRE7",30
"C8","GO:0030003","intracellular monoatomic cation homeostasis","30/1045","102/6161",0.294117647058824,1.7340275823248,3.37827673683629,0.00117381546594407,0.017607231989161,0.0152390078034844,"HMX1/ENA2/CAALFM_C105010CA/CAALFM_C109780CA/CUP2/RIM101/FAB1/CAALFM_C202490CA/DFG16/GDT1/AFT2/SIT1/PMC1/ALR1/TOK1/FRE3/CAALFM_C406770WA/ALS1/CAALFM_C603800CA/CSA1/FRP2/CAALFM_C700430WA/MAC1/ISU1/ENA21/SEF1/CAALFM_CR03730CA/CAALFM_CR06040WA/ALS3/FRE7",30
"C8","GO:0002181","cytoplasmic translation","37/1045","135/6161",0.274074074074074,1.61585681375155,3.26975569402649,0.00142591816533498,0.0211180285245813,0.0182775919394037,"tT(AGU)6/tS(UGA)1/tR(CCG)1/tN(GUU)2/tL(AAG)2/tI(UAU)1/tY(GUA)1/tV(CAC)1/tL(CAA)2/tL(CAA)1/tI(AAU)3/TOR1/tR(CCU)1/CAALFM_C301520CA/tF(GAA)1/tA(AGC)2/tV(AAC)5/tV(AAC)6/ELP3/DED1/tH(GUG)3/tS(UGA)3/tD(GUC)3/tQ(UUG)5/tQ(UUG)4/tS(CAG)1/tE(UUC)4/RMS1/tA(UGC)2/tL(CAA)6/tS(GCU)1/tH(GUG)1/tR(ACG)1/tC(GCA)1/tP(UGG)4/tK(UUU)4/tL(CAA)4",37
"C8","GO:0002833","positive regulation of response to biotic stimulus","19/1045","56/6161",0.339285714285714,2.00032467532468,3.3984070388164,0.00149753322512223,0.0216310354739878,0.0187215979540947,"MOB2/BRG1/ZCF30/RIM101/NDT80/CAALFM_C205640WA/AFT2/TEC1/CRZ1/CTA4/SKN7/SFL2/GRF10/CPH2/FLO8/SLN1/SEF1/SRR1/BCR1",19
"C8","GO:1900445","positive regulation of filamentous growth of a population of unicellular organisms in response to biotic stimulus","19/1045","56/6161",0.339285714285714,2.00032467532468,3.3984070388164,0.00149753322512223,0.0216310354739878,0.0187215979540947,"MOB2/BRG1/ZCF30/RIM101/NDT80/CAALFM_C205640WA/AFT2/TEC1/CRZ1/CTA4/SKN7/SFL2/GRF10/CPH2/FLO8/SLN1/SEF1/SRR1/BCR1",19
"C8","GO:0071467","cellular response to pH","25/1045","82/6161",0.304878048780488,1.79746761582448,3.28539161068402,0.00169232696566015,0.0241466164612484,0.0208988259430688,"MOB2/HGT1/SOG2/HAP2/OLE1/SSU81/STP2/CUP2/RIM101/DFG16/SSY1/YAK1/VPS28/GCN4/CTN3/CRZ1/PTC8/PHR1/SFL2/CPH2/SUR7/ALS1/NRG1/DAL81/SEF1",25
"C8","GO:0048584","positive regulation of response to stimulus","30/1045","105/6161",0.285714285714286,1.68448393711552,3.19704103513948,0.00194418871956553,0.0271910073125669,0.0235337373231573,"MOB2/HGT1/BRG1/ZCF30/STP2/RIM101/NDT80/MSB2/SCH9/CDC7/CAALFM_C205640WA/AFT2/GCN4/CSC25/TEC1/CRZ1/CTA4/ECM7/PRA1/SKN7/GPR1/SFL2/GRF10/CPH2/FLO8/CAALFM_C702090CA/SLN1/SEF1/SRR1/BCR1",30
"C8","GO:0048585","negative regulation of response to stimulus","18/1045","53/6161",0.339622641509434,2.00231109506184,3.31187694422008,0.00195217488397916,0.0271910073125669,0.0235337373231573,"HGT1/PDE2/CAALFM_C108540CA/CAALFM_C109320CA/CPP1/TPK1/RIM101/SCH9/SSY1/PRA1/GPR1/SST2/PDE1/SAC7/CAALFM_C702090CA/RAD6/PHO81/BCR1",18
"C8","GO:0015748","organophosphate ester transport","16/1045","45/6161",0.355555555555556,2.09624667729931,3.33552378565852,0.00200067526380183,0.0272065556452966,0.0235471943596719,"CAALFM_C104630CA/MDM34/LEU5/RTA3/CAALFM_C206520CA/CAALFM_C209510CA/FLC1/CAALFM_C303250WA/CDR2/CDR1/CAALFM_C403110WA/CAALFM_C404980WA/CAALFM_C406440CA/CAALFM_C407140WA/CAALFM_C500570WA/FLC2",16
"C8","GO:0055088","lipid homeostasis","9/1045","19/6161",0.473684210526316,2.79269705363888,3.53681246516017,0.00204531002749376,0.0272065556452966,0.0235471943596719,"CAALFM_C105160CA/CCR4/CAALFM_C208690CA/CAALFM_C304940WA/QDR2/CAALFM_C501490CA/QDR3/ORM1/CAALFM_C704090CA",9
"C8","GO:0097035","regulation of membrane lipid distribution","9/1045","19/6161",0.473684210526316,2.79269705363888,3.53681246516017,0.00204531002749376,0.0272065556452966,0.0235471943596719,"CAALFM_C104630CA/RTA3/RTA2/CAALFM_C303250WA/CDR2/CDR1/CAALFM_C403110WA/CAALFM_C500570WA/CAALFM_CR04280CA",9
"C8","GO:0009636","response to toxic substance","22/1045","70/6161",0.314285714285714,1.85293233082707,3.24341507204747,0.00204630503998812,0.0272065556452966,0.0235471943596719,"HOL4/TPO3/CAALFM_C109210CA/CAALFM_C200540WA/CAALFM_C202570WA/CNT/FCY21/CAALFM_C303070WA/CAALFM_C303440CA/CDR11/CDR2/CDR1/QDR2/CAALFM_C406140CA/QDR3/CAALFM_C601870CA/MDR1/SOD3/FLU1/YCF1/CAALFM_C703590CA/YHB1",22
"C8","GO:0036176","response to neutral pH","21/1045","66/6161",0.318181818181818,1.87590256633319,3.23313727786378,0.00216377261030962,0.028232884195606,0.024435478719004,"MOB2/HGT1/PDE2/SOG2/OLE1/SSU81/RIM101/SSY1/YAK1/VPS28/GCN4/CTN3/CAALFM_C306700CA/PTC8/SFL2/CPH2/SUR7/ALS1/NRG1/CWT1/SRR1",21
"C8","GO:0044419","biological process involved in interspecies interaction between organisms","78/1045","340/6161",0.229411764705882,1.35254151421334,3.0222762463511,0.00217176032273892,0.028232884195606,0.024435478719004,"GSC1/PDE2/XOG1/BRG1/CHS7/RBT4/SMI1/GCS1/CCR4/IPT1/CPP1/RTG3/PHO84/TYE7/RIM101/NDT80/DFG16/SCH9/AFT2/PHM7/VPS28/MIT1/EAP1/SLR1/HEM3/CAALFM_C210540WA/RHR2/HOS2/PMC1/NCE103/UTR2/MNT2/CAP1/ZCF1/SLD1/SAP9/TEC1/HGT4/YCK2/AAF1/UBI4/WOR4/ZCF21/ECE1/HWP1/SAP10/PHR1/PPG1/CZF1/PRA1/BUD2/GPR1/PDE1/MIG1/GLN3/SFL2/CPH2/SAP5/MDR1/ALS5/ALS1/ALS9/ALS4/FLO8/ALS2/DAC1/NRG1/IFF4/SEF1/CWT1/SRR1/BCR1/ALS3/YHB1/VPS21/HSP104/DEF1/UGA3",78
"C8","GO:0009607","response to biotic stimulus","70/1045","300/6161",0.233333333333333,1.37566188197767,3.01477656001227,0.00229458932471639,0.0295018627463536,0.0255337759442125,"MOB2/STB5/PDE2/BRG1/ZCF2/SOG2/CCR4/IPT1/SSU81/CPP1/CAALFM_C110880WA/PHO84/ZCF30/SNT1/RIM101/NDT80/PHHB/SPT5/FAB1/HEX3/SCH9/DCK1/SSY1/YAK1/FGR51/CAALFM_C205640WA/CAALFM_C205770WA/AFT2/GCN4/NCE103/ZCF8/MNT2/CAP1/CSC25/CTN3/RAS2/TEC1/CRZ1/CTA4/FCR1/PTC8/ADR1/ECE1/CZF1/PRA1/BRE1/SKN7/GPR1/HAL9/FGR27/SFL2/PPR1/GRF10/CPH2/SUR7/SNQ2/FLO8/DAC1/FLU1/NRG1/SLN1/SEF1/CWT1/SRR1/SFL1/BCR1/ALS3/VPS21/SSU1/DEF1",70
"C8","GO:0030448","hyphal growth","29/1045","102/6161",0.284313725490196,1.67622666291397,3.11225471516389,0.00248788515122288,0.031248942884248,0.0270458686951386,"MOB2/CCH1/HAC1/MDM34/DHH1/CPP1/TPK1/PHO84/CAALFM_C111930WA/RAX2/SEC2/STP2/NDT80/GDT1/SLR1/YCK2/CRZ1/ECM7/RGA2/BRE1/BUD2/ALS5/ALS1/ALS9/ALS4/FLO8/ALS2/DAL81/ALS3",29
"C8","GO:0007154","cell communication","70/1045","301/6161",0.232558139534884,1.37109157672193,2.98331265077687,0.00251059883001651,0.031248942884248,0.0270458686951386,"MOB2/CRL1/PDE2/SKO1/KOG1/AUT7/SOG2/CAALFM_C107640CA/IRE1/CAALFM_C108540CA/SSU81/CAALFM_C109320CA/CAALFM_C109910CA/CPP1/TPK1/PHO84/RIM101/MSB2/OPI1/SCH9/DCK1/SSY1/CAALFM_C204280WA/CDC15/CDC7/CAALFM_C206600WA/TOR1/KIS1/MSS4/DDC1/CSC25/WSC1/RAS2/HGT4/YCK2/CRZ1/FUN31/RGA2/MOH1/PTP2/CZF1/SKN7/BUD2/GPR1/SST2/PDE1/BUB3/CAG1/SUR7/HRR25/TEL1/CST5/SAC7/DFI1/CAALFM_C701360CA/CAALFM_C702090CA/TEP1/CAALFM_C703480WA/RAD6/NRG1/SLN1/PTC2/SRR1/SFL1/SOK1/CAALFM_CR06560CA/FLC2/DCP2/DEF1/CAALFM_CR10810CA",70
"C8","GO:0023052","signaling","70/1045","301/6161",0.232558139534884,1.37109157672193,2.98331265077687,0.00251059883001651,0.031248942884248,0.0270458686951386,"MOB2/CRL1/PDE2/SKO1/KOG1/AUT7/SOG2/CAALFM_C107640CA/IRE1/CAALFM_C108540CA/SSU81/CAALFM_C109320CA/CAALFM_C109910CA/CPP1/TPK1/PHO84/RIM101/MSB2/OPI1/SCH9/DCK1/SSY1/CAALFM_C204280WA/CDC15/CDC7/CAALFM_C206600WA/TOR1/KIS1/MSS4/DDC1/CSC25/WSC1/RAS2/HGT4/YCK2/CRZ1/FUN31/RGA2/MOH1/PTP2/CZF1/SKN7/BUD2/GPR1/SST2/PDE1/BUB3/CAG1/SUR7/HRR25/TEL1/CST5/SAC7/DFI1/CAALFM_C701360CA/CAALFM_C702090CA/TEP1/CAALFM_C703480WA/RAD6/NRG1/SLN1/PTC2/SRR1/SFL1/SOK1/CAALFM_CR06560CA/FLC2/DCP2/DEF1/CAALFM_CR10810CA",70
"C8","GO:0071214","cellular response to abiotic stimulus","35/1045","130/6161",0.269230769230769,1.5873021715127,3.05859413873188,0.00263155493612089,0.0314363047854131,0.0272080298727552,"MOB2/CCH1/HGT1/CAALFM_C106090CA/SOG2/HAP2/OLE1/SSU81/STP2/CUP2/RIM101/MSB2/DFG16/SSY1/YAK1/VPS28/GCN4/RHR2/DDC1/CTN3/CRZ1/PTC8/PHR1/BUD2/SFL2/CPH2/SUR7/ALS1/RAD6/NRG1/SLN1/DAL81/SEF1/FLC2/SSU1",35
"C8","GO:0104004","cellular response to environmental stimulus","35/1045","130/6161",0.269230769230769,1.5873021715127,3.05859413873188,0.00263155493612089,0.0314363047854131,0.0272080298727552,"MOB2/CCH1/HGT1/CAALFM_C106090CA/SOG2/HAP2/OLE1/SSU81/STP2/CUP2/RIM101/MSB2/DFG16/SSY1/YAK1/VPS28/GCN4/RHR2/DDC1/CTN3/CRZ1/PTC8/PHR1/BUD2/SFL2/CPH2/SUR7/ALS1/RAD6/NRG1/SLN1/DAL81/SEF1/FLC2/SSU1",35
"C8","GO:0044399","multi-species biofilm formation","7/1045","13/6161",0.538461538461538,3.1746043430254,3.54705752026423,0.00263312638373546,0.0314363047854131,0.0272080298727552,"MNT2/HWP1/ALS5/ALS1/ALS9/ALS4/ALS3",7
"C8","GO:0051606","detection of stimulus","7/1045","13/6161",0.538461538461538,3.1746043430254,3.54705752026423,0.00263312638373546,0.0314363047854131,0.0272080298727552,"SSY1/CZF1/GPR1/NRG1/SFL1/ALS3/DEF1",7
"C8","GO:0051701","biological process involved in interaction with host","34/1045","126/6161",0.26984126984127,1.59090149616465,3.02862120227179,0.00288940032166314,0.034147458346928,0.0295545253528967,"PDE2/XOG1/BRG1/SMI1/PHO84/RIM101/SCH9/EAP1/RHR2/NCE103/UTR2/MNT2/CAP1/ZCF1/SAP9/TEC1/YCK2/AAF1/ECE1/HWP1/SAP10/PHR1/PRA1/GPR1/PDE1/SAP5/ALS5/ALS1/ALS4/ALS2/SEF1/BCR1/ALS3/UGA3",34
"C8","GO:0044403","biological process involved in symbiotic interaction","38/1045","145/6161",0.262068965517241,1.54507836990596,3.00173444772253,0.0029633832969196,0.0346715845739593,0.0300081550698595,"PDE2/XOG1/BRG1/SMI1/PHO84/RIM101/SCH9/EAP1/RHR2/NCE103/UTR2/MNT2/CAP1/ZCF1/SAP9/TEC1/YCK2/AAF1/WOR4/ECE1/HWP1/SAP10/PHR1/CZF1/PRA1/GPR1/PDE1/CPH2/SAP5/ALS5/ALS1/ALS9/ALS4/ALS2/SEF1/BCR1/ALS3/UGA3",38
"C8","GO:0036244","cellular response to neutral pH","17/1045","52/6161",0.326923076923077,1.92743835112256,3.03518308602809,0.00405739733898485,0.0465407341824733,0.0402808693509126,"MOB2/HGT1/SOG2/OLE1/SSU81/RIM101/SSY1/YAK1/VPS28/GCN4/CTN3/PTC8/SFL2/CPH2/SUR7/ALS1/NRG1",17
"C8","GO:0044042","glucan metabolic process","17/1045","52/6161",0.326923076923077,1.92743835112256,3.03518308602809,0.00405739733898485,0.0465407341824733,0.0402808693509126,"CAALFM_C100430WA/CAALFM_C101140CA/GSC1/XOG1/CAALFM_C103330CA/SMI1/TPK1/CAALFM_C302930WA/SKN1/KRE6/FUN31/PHR1/CAG1/SAC7/GAC1/KRE1/FLC2",17
"C8","GO:0140352","export from cell","25/1045","87/6161",0.28735632183908,1.69416487928285,2.94691834980318,0.00411259649870215,0.0467159019755487,0.0404324765636328,"ENA2/HOL4/TPO3/CAALFM_C109210CA/CAALFM_C110050WA/CAALFM_C200540WA/CAALFM_C202570WA/CNT/FCY21/CAALFM_C303070WA/CAALFM_C303440CA/CDR11/CDR2/CDR1/QDR2/UBI4/CAALFM_C406140CA/QDR3/CAALFM_C601870CA/MDR1/FLU1/CAALFM_C703480WA/CAALFM_C703590CA/CAALFM_C704150WA/CAALFM_CR03260WA",25
