"gene","cluster","gff_id","padj_time_Rich","padj_time_Minimal","padj_medium_x_time","time_Rich","time_Minimal","medium_x_time"
"CAALFM_C100020CA",6,"C1_00020C_A",0.0224489767679008,3.98932108920234e-11,0.00452595663878756,TRUE,TRUE,TRUE
"CAALFM_C100030CA",6,"C1_00030C_A",0.575446957016459,3.5168678785213e-16,0.349735494360061,FALSE,TRUE,FALSE
"CTA2",4,"C1_00040W_A",2.85104398049379e-06,1.29258984421829e-06,0.0888302038021138,TRUE,TRUE,FALSE
"TUP1",4,"C1_00060W_A",0.0030239747640873,1.14766497927334e-20,0.325941760091423,TRUE,TRUE,FALSE
"MVD",1,"C1_00070W_A",1.09210385516399e-06,4.64165457154992e-128,0.107413093049973,TRUE,TRUE,FALSE
"RCA1",6,"C1_00080C_A",9.01416127474276e-06,2.88269544839603e-16,2.39591530717751e-11,TRUE,TRUE,TRUE
"CAALFM_C100090WA",4,"C1_00090W_A",1.01141559600297e-08,1.65844796536651e-06,0.00261831073679992,TRUE,TRUE,TRUE
"CAALFM_C100100CA",2,"C1_00100C_A",3.66934352420588e-09,4.78204384250694e-55,0.00596155603352484,TRUE,TRUE,TRUE
"CCT8",1,"C1_00110W_A",0.00106813458978453,7.11012187743083e-75,0.152844378627724,TRUE,TRUE,FALSE
"TRP1",4,"C1_00120C_A",0.000389075984743922,2.46667004724366e-38,0.115674337683005,TRUE,TRUE,FALSE
"VPS53",1,"C1_00130C_A",0.00034800410310335,1.81222332909466e-93,0.927156861229663,TRUE,TRUE,FALSE
"KEL1",4,"C1_00140W_A",0.0160510236294027,6.30887419435847e-37,0.00407276038709397,TRUE,TRUE,TRUE
"RIM8",7,"C1_00150C_A",0.0183165435570207,1.53579260969757e-09,0.0346837161118306,TRUE,TRUE,TRUE
"CAALFM_C100160CA",1,"C1_00160C_A",3.5734539116661e-11,2.83929378893176e-134,0.0217206520986989,TRUE,TRUE,TRUE
"LEU4",1,"C1_00170W_A",0.00057677312104566,3.59725531972808e-125,3.30965430109985e-09,TRUE,TRUE,TRUE
"RPL16A",1,"C1_00180W_A",9.05087231952543e-10,4.93893694427531e-162,0.00102793087325983,TRUE,TRUE,TRUE
"CAALFM_C100190CA",5,"C1_00190C_A",1.03602106667769e-16,3.98431607027317e-228,0.000290078731863176,TRUE,TRUE,TRUE
"CAALFM_C100200CA",2,"C1_00200C_A",0.012502823704127,2.22452114535102e-15,5.47131954236503e-05,TRUE,TRUE,TRUE
"CAALFM_C100210CA",4,"C1_00210C_A",1.23400602089169e-07,3.63361114692695e-54,0.0732926037816011,TRUE,TRUE,FALSE
"PHR2",1,"C1_00220W_A",0.490691887272746,3.29296426044979e-87,0.0292890698799691,FALSE,TRUE,TRUE
"BFA1",4,"C1_00230C_A",0.0105718373130102,2.62986228131167e-13,0.19669072296036,TRUE,TRUE,FALSE
"tT(AGU)6",8,"C1_00240C_A",0.112162353367832,2.2837870033159e-05,0.127769563316571,FALSE,TRUE,FALSE
"CAALFM_C100270WA",8,"C1_00270W_A",3.57217496170597e-11,5.35444056354146e-30,0.0177069306907338,TRUE,TRUE,TRUE
"POL93",8,"C1_00290W_A",1.54891248168994e-18,1.9139301768428e-70,1.20520599205428e-09,TRUE,TRUE,TRUE
"CAALFM_C100310WA",5,"C1_00310W_A",1.82296027547232e-07,1.14862776607432e-39,0.077265990465709,TRUE,TRUE,FALSE
"CAALFM_C100320WA",6,"C1_00320W_A",0.197701392142594,1.9973753106414e-13,0.0796740532095088,FALSE,TRUE,FALSE
"CAALFM_C100330CA",4,"C1_00330C_A",2.51115735928324e-06,1.39581000375412e-08,1.79628871949737e-09,TRUE,TRUE,TRUE
"HBR1",2,"C1_00340W_A",0.000297270047232905,4.24837355185424e-12,0.00860704479645186,TRUE,TRUE,TRUE
"HMX1",8,"C1_00350C_A",2.72286626199297e-16,1.15159567768169e-30,3.96814508526094e-11,TRUE,TRUE,TRUE
"CDC13",7,"C1_00360W_A",0.00215826783951355,2.65426059454418e-58,0.00302325603154902,TRUE,TRUE,TRUE
"CAALFM_C100370WA",6,"C1_00370W_A",0.0554155150040094,2.59250655026931e-14,0.0353697437293775,FALSE,TRUE,TRUE
"CAALFM_C100380CA",4,"C1_00380C_A",0.777290703896138,2.21302079548412e-54,0.0094283720834208,FALSE,TRUE,TRUE
"ENA2",8,"C1_00390W_A",4.36974453779036e-21,3.82613381727969e-92,8.59598693969879e-09,TRUE,TRUE,TRUE
"SVF1",8,"C1_00400W_A",0.0220755591297418,1.38472322687126e-37,0.053326609329302,TRUE,TRUE,FALSE
"CAALFM_C100410CA",5,"C1_00410C_A",0.0280543188569232,7.38190422115164e-20,0.00864190222982736,TRUE,TRUE,TRUE
"CAALFM_C100420WA",6,"C1_00420W_A",0.000244148461485,8.79203686035535e-30,0.000150309587317271,TRUE,TRUE,TRUE
"CAALFM_C100430WA",8,"C1_00430W_A",1.85409071969571e-06,2.31202235735627e-45,0.0632234472316993,TRUE,TRUE,FALSE
"UBP6",4,"C1_00440W_A",0.000712506522287153,4.04609797478802e-48,6.96784690835356e-05,TRUE,TRUE,TRUE
"CAALFM_C100450CA",4,"C1_00450C_A",2.40458766268299e-07,1.49939443340931e-115,0.000853451400877259,TRUE,TRUE,TRUE
"CAALFM_C100460WA",6,"C1_00460W_A",0.642257681754407,1.31618168747194e-39,1.26669348290773e-05,FALSE,TRUE,TRUE
"CAALFM_C100470CA",1,"C1_00470C_A",0.826046982201999,1.30260451093404e-31,0.00573376517856124,FALSE,TRUE,TRUE
"GCN20",1,"C1_00480C_A",8.11049504402254e-12,1.25983857105298e-96,0.28454818478212,TRUE,TRUE,FALSE
"TTR1",7,"C1_00490C_A",0.0148578888433267,3.04616490690542e-26,3.53976601975887e-05,TRUE,TRUE,TRUE
"GLO1",4,"C1_00500C_A",0.00122071440822473,4.69600529549239e-84,0.178488836806056,TRUE,TRUE,FALSE
"CAALFM_C100510WA",2,"C1_00510W_A",7.95948322248298e-05,1.1790040810581e-11,0.000131342209605987,TRUE,TRUE,TRUE
"CAALFM_C100530CA",1,"C1_00530C_A",0.000110028483235095,3.28797850602427e-31,0.00290213423648712,TRUE,TRUE,TRUE
"CAALFM_C100540CA",8,"C1_00540C_A",0.198057876806426,2.23199578027271e-17,0.0716027525674209,FALSE,TRUE,FALSE
"CIS2",5,"C1_00550W_A",0.0583336379926175,9.7074787950411e-17,0.861556913518084,FALSE,TRUE,FALSE
"CNS1",3,"C1_00560W_A",0.00130736201712417,2.10029790171971e-72,0.0172996273121477,TRUE,TRUE,TRUE
"CAALFM_C100580WA",5,"C1_00580W_A",0.0367571383580725,5.54492120190371e-143,0.748113614364792,TRUE,TRUE,FALSE
"TUF1",1,"C1_00590W_A",2.03716075009885e-05,4.75863854755413e-210,0.00997198106547702,TRUE,TRUE,TRUE
"APC1",7,"C1_00600W_A",0.422987603611924,4.27091349183554e-15,0.0163525590699887,FALSE,TRUE,TRUE
"PSD1",4,"C1_00610W_A",0.00951700298534253,8.23059409146175e-13,0.746478576289612,TRUE,TRUE,FALSE
"MOB2",8,"C1_00620W_A",0.0193343007798652,0.650393684470008,0.0662892447456159,TRUE,FALSE,FALSE
"CAALFM_C100630WA",6,"C1_00630W_A",0.00407395005388222,1.21507786681696e-50,0.373215345646474,TRUE,TRUE,FALSE
"RPO41",8,"C1_00640C_A",0.0449472761785003,1.30359306733677e-123,0.000122700652789978,TRUE,TRUE,TRUE
"SNF7",6,"C1_00650C_A",0.101546895833781,5.14539149448048e-12,0.631044606686894,FALSE,TRUE,FALSE
"CAALFM_C100660CA",8,"C1_00660C_A",0.338121379174337,2.96743801826993e-07,0.664677404569752,FALSE,TRUE,FALSE
"UGA32",5,"C1_00670C_A",0.0077127561341135,4.95803682339726e-22,0.242399673340027,TRUE,TRUE,FALSE
"ASM3",7,"C1_00680W_A",0.0081887829249597,2.82879054879403e-37,0.000911231557031099,TRUE,TRUE,TRUE
"RIC1",6,"C1_00690W_A",0.388848634471285,2.01905341383409e-08,0.137758952073183,FALSE,TRUE,FALSE
"CAALFM_C100700WA",2,"C1_00700W_A",0.586843215282491,4.17029097791321e-13,0.0903500338216339,FALSE,TRUE,FALSE
"TUB2",1,"C1_00710C_A",0.0190293928213945,2.89280551353642e-106,0.0589342146317687,TRUE,TRUE,FALSE
"tP(UGG)3",7,"C1_00720W_A",0.879742434865696,0.000165224526175418,0.606330280642369,FALSE,TRUE,FALSE
"CMP1",4,"C1_00730C_A",0.030660872704576,3.02792858498485e-05,0.076501361120395,TRUE,TRUE,FALSE
"SPE1",1,"C1_00740C_A",0.0992251027670682,1.65061732367857e-91,0.195459752038075,FALSE,TRUE,FALSE
"VPS27",6,"C1_00750C_A",7.7275096307736e-05,1.94986983970696e-87,0.114372352821192,TRUE,TRUE,FALSE
"CAALFM_C100760WA",6,"C1_00760W_A",0.0205912888643022,2.32321956525563e-80,0.00378023539118352,TRUE,TRUE,TRUE
"ROT1",8,"C1_00770C_A",0.00192225248139719,5.23991774639436e-14,0.0302507203196767,TRUE,TRUE,TRUE
"HGC1",7,"C1_00780C_A",1.44323281092236e-08,6.07967179354047e-34,0.000263371017502465,TRUE,TRUE,TRUE
"CAALFM_C100790WA",7,"C1_00790W_A",0.000756075606361784,2.33268246428959e-56,0.0152996024702043,TRUE,TRUE,TRUE
"ERG2",2,"C1_00800C_A",0.00154400277247756,1.87788487321942e-44,0.0038020435464476,TRUE,TRUE,TRUE
"CAALFM_C100810WA",2,"C1_00810W_A",0.0467296157604804,1.32068024025246e-15,0.0224156968556987,TRUE,TRUE,TRUE
"CAALFM_C100820WA",6,"C1_00820W_A",0.432284343532182,3.76493114888357e-16,0.0610532237791204,FALSE,TRUE,FALSE
"CAALFM_C100830WA",6,"C1_00830W_A",0.0078892183823866,1.76389863787496e-25,0.331490943053952,TRUE,TRUE,FALSE
"NRM1",2,"C1_00840C_A",0.0128193236967863,2.61340660471678e-23,0.000938814024882719,TRUE,TRUE,TRUE
"IHD2",6,"C1_00850W_A",2.25093533165243e-07,1.28688834062527e-10,0.0404756180065476,TRUE,TRUE,TRUE
"CAALFM_C100860WA",6,"C1_00860W_A",0.0120811287919976,4.80311414697618e-23,0.269330773817151,TRUE,TRUE,FALSE
"LRO1",2,"C1_00870W_A",0.230142131091882,0.00747906563166095,0.0679164096477594,FALSE,TRUE,FALSE
"CAALFM_C100880WA",6,"C1_00880W_A",2.42256691075362e-11,4.82588376077899e-156,8.5693253806916e-09,TRUE,TRUE,TRUE
"CAALFM_C100890WA",6,"C1_00890W_A",0.459589676217725,6.33458445697054e-10,0.254244308247601,FALSE,TRUE,FALSE
"RRS1",3,"C1_00900W_A",0.000110688842753713,6.92205365644283e-162,0.153541400939074,TRUE,TRUE,FALSE
"CAALFM_C100910WA",7,"C1_00910W_A",0.135635286338063,1.34527907924121e-08,0.26596024640855,FALSE,TRUE,FALSE
"CAALFM_C100920WA",6,"C1_00920W_A",0.15721104535811,5.29320694208918e-51,0.0199037363720504,FALSE,TRUE,TRUE
"SIN3",4,"C1_00930C_A",0.50548876016395,5.80452411906303e-14,0.289213495818163,FALSE,TRUE,FALSE
"RPB11",2,"C1_00940W_A",0.381114697186691,9.86612852001747e-11,0.179752810592446,FALSE,TRUE,FALSE
"CDC5",1,"C1_00950C_A",6.07136385671179e-07,1.55373592515649e-54,0.0018111615191419,TRUE,TRUE,TRUE
"SET1",7,"C1_00960C_A",0.0129586559739901,7.00654576628867e-17,0.00156973583346972,TRUE,TRUE,TRUE
"CAALFM_C100970WA",7,"C1_00970W_A",0.0267093520022337,3.10295958382982e-19,0.08625005141358,TRUE,TRUE,FALSE
"CAALFM_C100980WA",2,"C1_00980W_A",0.00169347400548946,1.3239394738672e-20,0.0792382361478098,TRUE,TRUE,FALSE
"NMA111",3,"C1_00990C_A",0.000122336091599318,2.24623194825592e-40,0.0794297785577836,TRUE,TRUE,FALSE
"CAALFM_C101000CA",2,"C1_01000C_A",0.00320189043462174,5.03481010058809e-11,0.000800348538003206,TRUE,TRUE,TRUE
"CAALFM_C101010WA",4,"C1_01010W_A",3.31724168829498e-08,9.63273380691399e-17,0.00754332751332571,TRUE,TRUE,TRUE
"tA(AGC)4",7,"C1_01020W_A",0.225627890992465,3.04898830735178e-13,0.630573521703383,FALSE,TRUE,FALSE
"HMT1",1,"C1_01030W_A",9.63047696991439e-06,8.70689512152025e-65,0.04967522194809,TRUE,TRUE,TRUE
"CAALFM_C101040WA",6,"C1_01040W_A",0.000279252671514228,3.00491818337535e-64,1.02029012748209e-07,TRUE,TRUE,TRUE
"CAALFM_C101050CA",1,"C1_01050C_A",0.00485540564574449,2.09356166393747e-108,0.0246844828520519,TRUE,TRUE,TRUE
"MBF1",6,"C1_01060W_A",0.554381884010511,0.0123608399073515,0.331685470195478,FALSE,TRUE,FALSE
"CAALFM_C101070CA",7,"C1_01070C_A",0.208383842796424,1.19930523343464e-09,0.151592835102582,FALSE,TRUE,FALSE
"CAALFM_C101080WA",2,"C1_01080W_A",0.052813545584474,6.64886026613224e-17,0.0058949749877011,FALSE,TRUE,TRUE
"CAALFM_C101090CA",1,"C1_01090C_A",0.754784818542501,2.62425160056665e-19,0.638102983564222,FALSE,TRUE,FALSE
"CCH1",8,"C1_01100W_A",0.00122496578040713,1.94349256531446e-15,0.0552193358690633,TRUE,TRUE,FALSE
"ZPR1",3,"C1_01110C_A",0.00452123598848222,1.07758776197874e-43,0.190341149198018,TRUE,TRUE,FALSE
"CAALFM_C101130WA",8,"C1_01130W_A",2.15607681484354e-26,1.53486318591068e-63,1.16175439393554e-14,TRUE,TRUE,TRUE
"CAALFM_C101140CA",8,"C1_01140C_A",4.59545655755365e-21,3.30589822753061e-16,2.49679253184341e-14,TRUE,TRUE,TRUE
"CAALFM_C101150CA",3,"C1_01150C_A",0.00916259800014614,2.51456205051184e-24,0.379072815887985,TRUE,TRUE,FALSE
"CAALFM_C101160CA",3,"C1_01160C_A",0.00112604728175546,1.7350509663336e-43,0.013398072856661,TRUE,TRUE,TRUE
"ZCF17",2,"C1_01170C_A",0.000736606069647912,1.60916803172229e-18,0.0305579503267956,TRUE,TRUE,TRUE
"CAALFM_C101180CA",7,"C1_01180C_A",1.53902402853199e-05,1.42269387404359e-30,0.0691454828070491,TRUE,TRUE,FALSE
"CAALFM_C101190CA",4,"C1_01190C_A",1.70335620790551e-10,1.14622703362315e-15,0.000589682177596308,TRUE,TRUE,TRUE
"STB5",8,"C1_01200W_A",0.00073907087895517,6.57323457082044e-21,0.114420445582097,TRUE,TRUE,FALSE
"CAALFM_C101210WA",2,"C1_01210W_A",0.0713061296838497,3.35578253909384e-11,0.0403546381132485,FALSE,TRUE,TRUE
"CAALFM_C101220CA",6,"C1_01220C_A",1.68383995854557e-12,8.66843564102967e-189,0.00184109212654282,TRUE,TRUE,TRUE
"IFD3",5,"C1_01240W_A",2.15443909066454e-07,1.06339585040331e-130,0.00522868274867918,TRUE,TRUE,TRUE
"CAALFM_C101250WA",2,"C1_01250W_A",0.28967884503926,2.04172561694074e-16,0.0194828554932419,FALSE,TRUE,TRUE
"TRS20",8,"C1_01260C_A",0.316543973747071,1.39552546688409e-08,0.248459281895396,FALSE,TRUE,FALSE
"CTA9",8,"C1_01270W_A",6.45960281471934e-08,1.99991729180085e-42,0.00164272068303117,TRUE,TRUE,TRUE
"MED22",4,"C1_01280C_A",0.564087679920456,0.00376736476711121,0.0350378864012366,FALSE,TRUE,TRUE
"CAALFM_C101290CA",6,"C1_01290C_A",0.140572089615867,3.27201433913252e-20,0.025581127548111,FALSE,TRUE,TRUE
"CAALFM_C101300WA",4,"C1_01300W_A",0.0340302492732147,2.13247508827314e-37,0.893143209159176,TRUE,TRUE,FALSE
"MRS7",4,"C1_01320W_A",0.253536832257983,3.1994901432942e-40,0.0708096830641818,FALSE,TRUE,FALSE
"DUT1",1,"C1_01330C_A",3.80212659709094e-15,8.50979498046049e-24,0.00248893678060951,TRUE,TRUE,TRUE
"CAALFM_C101340CA",5,"C1_01340C_A",0.0144300742075638,1.46884240154927e-20,0.706239230961467,TRUE,TRUE,FALSE
"TIF",1,"C1_01350C_A",3.16881613241557e-05,1.12098374502612e-203,0.00600886105801278,TRUE,TRUE,TRUE
"CAALFM_C101360CA",5,"C1_01360C_A",0.00195965660551002,1.20873014424145e-20,0.00029496173780379,TRUE,TRUE,TRUE
"RPS21B",1,"C1_01370C_A",6.46157914390212e-19,3.58519024929864e-129,0.000357215258395762,TRUE,TRUE,TRUE
"TRM2",3,"C1_01380C_A",1.27142727372023e-05,1.02935580916064e-88,0.0252132207609476,TRUE,TRUE,TRUE
"CAALFM_C101390CA",7,"C1_01390C_A",0.00144464424742804,3.71351179952592e-13,0.00555446722251678,TRUE,TRUE,TRUE
"CAALFM_C101400CA",1,"C1_01400C_A",0.0150633420212146,9.15407883789684e-07,0.0842878576765782,TRUE,TRUE,FALSE
"CRL1",8,"C1_01420C_A",0.0028709106897665,5.17085961996103e-15,0.00247988671056381,TRUE,TRUE,TRUE
"POX18",6,"C1_01440C_A",1.58409270376682e-05,1.06599786738898e-122,5.69276273821419e-05,TRUE,TRUE,TRUE
"ABC1",8,"C1_01450W_A",0.0416642087706546,6.48579030121914e-17,0.00934732045131533,TRUE,TRUE,TRUE
"CAALFM_C101460WA",6,"C1_01460W_A",0.000661738648299334,1.23470088707616e-69,0.10100434453746,TRUE,TRUE,FALSE
"CAALFM_C101470WA",2,"C1_01470W_A",0.136963312581425,5.03429394415932e-16,0.243706682686701,FALSE,TRUE,FALSE
"RPS21",1,"C1_01480C_A",5.40948973773322e-14,1.76734574606698e-203,0.00029496173780379,TRUE,TRUE,TRUE
"CAALFM_C101490WA",6,"C1_01490W_A",5.32584661939786e-05,9.68532702741671e-28,0.00107532592346413,TRUE,TRUE,TRUE
"CAALFM_C101510WA",8,"C1_01510W_A",5.13749840242742e-06,4.10356699555926e-55,0.0504152154917059,TRUE,TRUE,FALSE
"SOD2",5,"C1_01520C_A",0.0028709106897665,9.52096829816458e-74,0.0213205852292475,TRUE,TRUE,TRUE
"CAALFM_C101530CA",1,"C1_01530C_A",7.33613292315122e-07,4.056637900158e-48,0.00021645999458315,TRUE,TRUE,TRUE
"CAALFM_C101540WA",8,"C1_01540W_A",9.02158760022621e-05,7.63353881060892e-30,0.00330696189338694,TRUE,TRUE,TRUE
"VPS17",6,"C1_01550W_A",0.465229398610768,1.81484496894106e-43,0.10391330173196,FALSE,TRUE,FALSE
"SIZ1",7,"C1_01560W_A",0.0317861395512948,1.1886442896175e-11,0.00294737805450283,TRUE,TRUE,TRUE
"RPB7",2,"C1_01570C_A",3.75657241432908e-06,4.68692980097181e-43,0.0142957762381009,TRUE,TRUE,TRUE
"CAALFM_C101580WA",1,"C1_01580W_A",1.67780445051281e-12,9.33179887332141e-247,0.150228220956413,TRUE,TRUE,FALSE
"CAALFM_C101590CA",1,"C1_01590C_A",0.0019289160619667,4.68666207643352e-50,0.195099872265448,TRUE,TRUE,FALSE
"MRP20",1,"C1_01600W_A",0.000394631106263394,2.48674746944159e-137,0.108502412321402,TRUE,TRUE,FALSE
"CAALFM_C101610CA",8,"C1_01610C_A",1.36516902695579e-24,2.8101060140066e-137,7.24818376555301e-06,TRUE,TRUE,TRUE
"CAALFM_C101620CA",8,"C1_01620C_A",1.02051805269089e-13,1.21293379533401e-21,1.79907297176786e-08,TRUE,TRUE,TRUE
"CAALFM_C101630WA",8,"C1_01630W_A",1.06358843131941e-13,3.21755946239232e-144,0.00792668203385225,TRUE,TRUE,TRUE
"RPS42",1,"C1_01640W_A",2.35570803420739e-11,8.80527751860462e-148,8.75355915638899e-06,TRUE,TRUE,TRUE
"ISN1",5,"C1_01650W_A",0.000769977317666782,3.77257926665162e-35,0.0348910117249087,TRUE,TRUE,TRUE
"tS(UGA)1",8,"C1_01660C_A",0.000328432512970162,1.13689700300566e-10,0.47803936368353,TRUE,TRUE,FALSE
"ESP1",2,"C1_01670C_A",0.0489023641137767,0.000246013875462106,0.346005990546503,TRUE,TRUE,FALSE
"CAALFM_C101680CA",1,"C1_01680C_A",2.64537436107753e-14,2.34813413899792e-55,0.00709011064841374,TRUE,TRUE,TRUE
"LSC1",1,"C1_01690C_A",0.00107619892520849,1.42186445157975e-203,0.022617295949198,TRUE,TRUE,TRUE
"ARP8",4,"C1_01700W_A",0.000254186193845077,1.07456776901139e-20,0.030248495387177,TRUE,TRUE,TRUE
"CAALFM_C101710WA",8,"C1_01710W_A",1.43457397874454e-10,1.73565546321635e-21,6.50159461896637e-07,TRUE,TRUE,TRUE
"CAALFM_C101720CA",7,"C1_01720C_A",0.463863671797431,7.61083655180691e-11,0.0547853627582876,FALSE,TRUE,FALSE
"CTN1",5,"C1_01740W_A",1.06460697710163e-18,7.87282915238233e-102,1.12511034423946e-20,TRUE,TRUE,TRUE
"CAALFM_C101750WA",6,"C1_01750W_A",0.162961172359178,3.70593087035445e-11,0.276211016544871,FALSE,TRUE,FALSE
"FGR38",5,"C1_01760W_A",0.0136932432808007,3.71428079793759e-55,0.323400051401607,TRUE,TRUE,FALSE
"MAK32",4,"C1_01770W_A",0.00425193271190702,1.15880671797152e-28,0.0250368027672974,TRUE,TRUE,TRUE
"HOL4",8,"C1_01780C_A",6.35058580396935e-21,3.00224023417349e-19,2.51409184440887e-11,TRUE,TRUE,TRUE
"SWI4",1,"C1_01790W_A",1.3730219509599e-06,1.98646468395523e-33,0.0139569421923112,TRUE,TRUE,TRUE
"CAALFM_C101800WA",4,"C1_01800W_A",2.12874736286695e-06,1.15957337724963e-14,0.00396828134090017,TRUE,TRUE,TRUE
"UGA2",5,"C1_01810C_A",6.0409600110797e-12,4.55469935374634e-125,0.311550991701387,TRUE,TRUE,FALSE
"CAALFM_C101820CA",6,"C1_01820C_A",0.354396962373888,9.74726905771052e-12,0.0188117634504653,FALSE,TRUE,TRUE
"UBC8",5,"C1_01830C_A",5.45163702267028e-07,5.57887504838614e-39,0.00104623272018163,TRUE,TRUE,TRUE
"CAALFM_C101840CA",6,"C1_01840C_A",1.54927471530141e-08,8.10858054759062e-121,0.000612061043998998,TRUE,TRUE,TRUE
"CAALFM_C101850CA",6,"C1_01850C_A",0.51355423251091,1.18291468601572e-15,0.248260330048392,FALSE,TRUE,FALSE
"CAALFM_C101860WA",3,"C1_01860W_A",0.0207154920824295,5.40100345055542e-18,0.669688279255341,TRUE,TRUE,FALSE
"CYS4",1,"C1_01870C_A",0.0347714815009194,2.99263541922451e-197,0.00142955138842397,TRUE,TRUE,TRUE
"PTR3",7,"C1_01880C_A",0.000467943835710477,8.46865199205302e-40,0.058256213851361,TRUE,TRUE,FALSE
"CAALFM_C101890CA",8,"C1_01890C_A",9.08508269454611e-12,9.69913912972429e-51,0.021780658485069,TRUE,TRUE,TRUE
"CAALFM_C101900CA",7,"C1_01900C_A",0.537319698969074,8.85470030159326e-17,0.0135332581637156,FALSE,TRUE,TRUE
"CAALFM_C101910WA",1,"C1_01910W_A",0.00270608553266301,3.92608788108152e-65,0.0339887046798532,TRUE,TRUE,TRUE
"ROA1",8,"C1_01920W_A",7.30050012748803e-30,5.40904220265916e-110,1.83084337084685e-10,TRUE,TRUE,TRUE
"CAALFM_C101930WA",5,"C1_01930W_A",1.00767471018873e-05,1.6921834855562e-33,0.00240727750004571,TRUE,TRUE,TRUE
"CAALFM_C101940CA",2,"C1_01940C_A",1.44801586430976e-05,2.25446140857634e-29,0.160305168384543,TRUE,TRUE,FALSE
"CAALFM_C101950CA",2,"C1_01950C_A",0.319077492559978,2.31374886088687e-07,0.0454816383308819,FALSE,TRUE,TRUE
"HGT1",8,"C1_01980W_A",5.84163428560148e-05,8.58990548635506e-142,3.07410437843611e-06,TRUE,TRUE,TRUE
"HSP30",8,"C1_01990W_A",1.44012221302646e-18,9.022597317816e-106,0.075322552121671,TRUE,TRUE,FALSE
"CAALFM_C102000WA",5,"C1_02000W_A",0.240967649367332,6.26916504174657e-16,0.194745756556905,FALSE,TRUE,FALSE
"ZCF24",6,"C1_02010C_A",0.0223629366761435,5.24579793888458e-33,0.00300633526878072,TRUE,TRUE,TRUE
"CAALFM_C102020WA",1,"C1_02020W_A",0.00290936639848541,2.36014939992978e-13,0.149752101931279,TRUE,TRUE,FALSE
"CAALFM_C102030CA",2,"C1_02030C_A",0.137463638091373,0.00161533469443234,0.0582729337466841,FALSE,TRUE,FALSE
"CAALFM_C102040CA",8,"C1_02040C_A",2.02508881893492e-06,5.56135450906901e-38,0.00209359569492448,TRUE,TRUE,TRUE
"PHO91",8,"C1_02050C_A",0.0482300070955436,9.51784814067916e-05,0.304940797467943,TRUE,TRUE,FALSE
"CAALFM_C102060WA",5,"C1_02060W_A",0.00135504118091978,4.85598188544888e-60,0.611531810509524,TRUE,TRUE,FALSE
"HSP31",5,"C1_02070W_A",0.000864129035659402,5.05278558248865e-53,0.00933337203727867,TRUE,TRUE,TRUE
"SET6",3,"C1_02080W_A",0.192175795092294,3.23933508773962e-29,0.103494510527462,FALSE,TRUE,FALSE
"CAALFM_C102090CA",3,"C1_02090C_A",0.065491628884604,3.75161311549303e-30,0.400322078536763,FALSE,TRUE,FALSE
"CAALFM_C102100WA",4,"C1_02100W_A",0.252841292042225,0.000357595645533421,0.555232512452024,FALSE,TRUE,FALSE
"HGT2",6,"C1_02110C_A",1.14589837693162e-05,7.46493198478448e-95,0.0178819345802841,TRUE,TRUE,TRUE
"SHA3",5,"C1_02120C_A",0.0407832569337274,2.11611771204428e-21,0.000325018810238435,TRUE,TRUE,TRUE
"GAL1",6,"C1_02130C_A",0.0693258647660445,4.36902704021345e-22,0.000324253889425047,FALSE,TRUE,TRUE
"GAL10",8,"C1_02150W_A",1.21542175416426e-05,1.00888252534079e-26,0.000441916832766012,TRUE,TRUE,TRUE
"CAALFM_C102160WA",7,"C1_02160W_A",0.707054316817062,8.83312773086883e-15,0.136648705874798,FALSE,TRUE,FALSE
"GAL102",6,"C1_02170C_A",2.4696454110049e-09,1.87602146860612e-74,2.10687273132125e-07,TRUE,TRUE,TRUE
"GAL7",6,"C1_02180W_A",0.0353504329901433,4.86015231042708e-20,0.000382016273446481,TRUE,TRUE,TRUE
"ABP140",3,"C1_02190W_A",7.96675458133138e-05,5.73501104897199e-50,0.975238805330293,TRUE,TRUE,FALSE
"CAALFM_C102200CA",6,"C1_02200C_A",6.74189122221282e-05,1.06835499985094e-25,0.00810855730862945,TRUE,TRUE,TRUE
"CAALFM_C102210WA",6,"C1_02210W_A",8.28274619156228e-06,2.95322020008071e-43,0.000311118621475928,TRUE,TRUE,TRUE
"CAALFM_C102220CA",8,"C1_02220C_A",1.54351070854964e-06,2.19309616693352e-14,0.00332343233224403,TRUE,TRUE,TRUE
"SEP7",2,"C1_02230W_A",0.000534417630696936,4.97713270123266e-16,0.0405589772413786,TRUE,TRUE,TRUE
"CAALFM_C102240WA",1,"C1_02240W_A",0.230346999109694,6.95132927088116e-28,0.000296318809852846,FALSE,TRUE,TRUE
"CWH8",1,"C1_02250W_A",0.0296254669538405,1.11219463544626e-18,0.000353615544780366,TRUE,TRUE,TRUE
"AGE3",7,"C1_02260C_A",0.61572782713534,0.00796677420480927,0.280291477237779,FALSE,TRUE,FALSE
"CAALFM_C102270CA",5,"C1_02270C_A",3.03232165761119e-08,8.14329788782052e-202,2.19725088413613e-15,TRUE,TRUE,TRUE
"PSY2",7,"C1_02280C_A",7.8331532387253e-05,5.94379190419621e-50,0.0170442455570356,TRUE,TRUE,TRUE
"CAALFM_C102290CA",7,"C1_02290C_A",0.164370427329579,1.62012849190525e-13,0.196471805889979,FALSE,TRUE,FALSE
"CAALFM_C102300WA",2,"C1_02300W_A",3.47990947024953e-08,6.33055947359918e-09,3.8091836638279e-09,TRUE,TRUE,TRUE
"CAALFM_C102310CA",7,"C1_02310C_A",0.25564199536292,5.57372162452934e-45,0.00319320165857162,FALSE,TRUE,TRUE
"CAALFM_C102320CA",8,"C1_02320C_A",5.08300951343706e-07,6.35688783330826e-63,0.00874734531797499,TRUE,TRUE,TRUE
"CAALFM_C102330CA",1,"C1_02330C_A",3.00812292475894e-09,1.11679632024898e-161,0.000444957723275105,TRUE,TRUE,TRUE
"tR(CCG)1",8,"C1_02340C_A",0.0598397533856094,1.79587441247996e-30,0.584985184457679,FALSE,TRUE,FALSE
"TIM21",2,"C1_02350W_A",0.322381595620983,1.18847726360298e-07,0.593475299665238,FALSE,TRUE,FALSE
"PGA5",7,"C1_02360C_A",NA,1.40344487734652e-92,0.0203265661541277,FALSE,TRUE,TRUE
"CAALFM_C102370CA",2,"C1_02370C_A",0.00227178952240978,2.40118794611513e-19,0.00212350754036529,TRUE,TRUE,TRUE
"CAALFM_C102380CA",7,"C1_02380C_A",9.21817541450335e-06,9.72577909468946e-87,0.0151988640462591,TRUE,TRUE,TRUE
"CAALFM_C102390WA",7,"C1_02390W_A",0.015679424587736,6.37434333938608e-38,0.0172130730580505,TRUE,TRUE,TRUE
"MNN11",2,"C1_02400C_A",0.00016328396552307,1.89387189944473e-19,0.760468911475269,TRUE,TRUE,FALSE
"CAALFM_C102410CA",2,"C1_02410C_A",0.189302795625294,0.000515132862462078,0.00354420171979066,FALSE,TRUE,TRUE
"GSC1",8,"C1_02420C_A",0.198075949551845,6.20782312558641e-14,0.000549573940628122,FALSE,TRUE,TRUE
"CAALFM_C102430CA",1,"C1_02430C_A",0.000610022134285678,1.44307929614772e-71,0.0655845239229908,TRUE,TRUE,FALSE
"CAALFM_C102440CA",6,"C1_02440C_A",0.712984273874951,3.51567599538688e-12,0.227596240402426,FALSE,TRUE,FALSE
"CAALFM_C102450CA",3,"C1_02450C_A",4.84741812367605e-06,1.28637378314347e-98,0.000891307212185389,TRUE,TRUE,TRUE
"RPL10",1,"C1_02460W_A",5.16869817530658e-15,4.37401714877663e-179,0.000499635554323207,TRUE,TRUE,TRUE
"CAALFM_C102470WA",7,"C1_02470W_A",0.0154106687312109,1.29805593076276e-17,0.111173831164065,TRUE,TRUE,FALSE
"PMM1",1,"C1_02480W_A",5.43829758978969e-12,4.64120626145178e-76,0.000187502020748178,TRUE,TRUE,TRUE
"CAALFM_C102490CA",3,"C1_02490C_A",0.595606017387193,2.24004136865484e-07,0.599180012169044,FALSE,TRUE,FALSE
"CAALFM_C102500WA",6,"C1_02500W_A",0.110646534807753,3.00904758954171e-58,0.368589339704685,FALSE,TRUE,FALSE
"CAALFM_C102510WA",2,"C1_02510W_A",0.0602870903018089,1.69721375712137e-16,0.00232222453450366,FALSE,TRUE,TRUE
"SCW4",6,"C1_02520W_A",4.79442860966302e-10,4.04478747905728e-138,8.45488719184803e-06,TRUE,TRUE,TRUE
"DIP5",8,"C1_02530C_A",1.05041146157051e-09,2.08302572652197e-57,0.412325845092919,TRUE,TRUE,FALSE
"tR(UCU)4",5,"C1_02540C_A",0.0017357281716521,8.98203754440198e-14,0.000118106447192039,TRUE,TRUE,TRUE
"PUT4",8,"C1_02570C_A",0.00543989942964006,4.8869605366272e-06,0.0531886258253801,TRUE,TRUE,FALSE
"HNM4",6,"C1_02580W_A",6.18185168634488e-13,6.47139860823166e-88,0.236439415412396,TRUE,TRUE,FALSE
"SNZ1",4,"C1_02590C_A",1.49305854924768e-09,3.1698153228299e-54,3.40637206269307e-20,TRUE,TRUE,TRUE
"SNO1",2,"C1_02600W_A",5.52822528773053e-06,6.42216262093544e-06,1.01115109395908e-06,TRUE,TRUE,TRUE
"IML1",7,"C1_02610W_A",7.0031168101402e-06,3.11664980185575e-58,0.0238216039324292,TRUE,TRUE,TRUE
"HOM6",1,"C1_02620C_A",0.00798758983985358,8.82393600354008e-155,2.85463204414304e-13,TRUE,TRUE,TRUE
"EXG2",2,"C1_02630C_A",0.564087679920456,6.74773998701724e-06,0.618468413008976,FALSE,TRUE,FALSE
"TOM20",1,"C1_02640C_A",7.85395622957634e-05,8.62563317959454e-138,0.288815578630144,TRUE,TRUE,FALSE
"CAALFM_C102650WA",2,"C1_02650W_A",0.00600735968178223,5.00301814297138e-17,0.313529681678143,TRUE,TRUE,FALSE
"MGM101",4,"C1_02660C_A",5.84163428560148e-05,3.06745987395996e-51,0.282626641902837,TRUE,TRUE,FALSE
"CAALFM_C102670CA",6,"C1_02670C_A",0.0107193857418113,1.39573405766358e-15,0.441735483150322,TRUE,TRUE,FALSE
"CAALFM_C102680CA",6,"C1_02680C_A",0.137530824554347,9.32410611659075e-09,0.431007442952542,FALSE,TRUE,FALSE
"CAALFM_C102690CA",8,"C1_02690C_A",0.000242499432536045,0.00316503708773544,0.505101218488033,TRUE,TRUE,FALSE
"CAALFM_C102700CA",8,"C1_02700C_A",1.3329923307839e-30,1.09547013268589e-136,1.79181664278558e-06,TRUE,TRUE,TRUE
"FRS2",1,"C1_02710W_A",0.0334294269142773,5.04190505374877e-110,0.00381078118806364,TRUE,TRUE,TRUE
"CAALFM_C102720WA",7,"C1_02720W_A",0.458843773240756,0.000578770084515792,0.122029578864993,FALSE,TRUE,FALSE
"CAALFM_C102730WA",7,"C1_02730W_A",2.53257941808141e-09,4.80375374119138e-124,0.130758065562314,TRUE,TRUE,FALSE
"CAALFM_C102740CA",4,"C1_02740C_A",0.36499391414791,9.4371258419686e-08,0.158099807059831,FALSE,TRUE,FALSE
"CAALFM_C102750CA",1,"C1_02750C_A",0.28519574844146,6.36458657856558e-26,0.0629544353794092,FALSE,TRUE,FALSE
"CAALFM_C102760WA",4,"C1_02760W_A",2.74453231347422e-08,9.96559948291042e-135,0.142712825598087,TRUE,TRUE,FALSE
"CAALFM_C102770WA",2,"C1_02770W_A",0.034101646933607,5.1633436753663e-14,0.000259285231380046,TRUE,TRUE,TRUE
"CAALFM_C102780WA",5,"C1_02780W_A",0.00863323603067711,9.08563637052135e-149,0.0124522118024359,TRUE,TRUE,TRUE
"TIF34",1,"C1_02790W_A",5.3841691623415e-14,4.00472662273415e-189,0.053696659058429,TRUE,TRUE,FALSE
"CAALFM_C102800WA",5,"C1_02800W_A",1.0586632338078e-20,2.63680949360675e-98,0.0461343279659207,TRUE,TRUE,TRUE
"RAD16",8,"C1_02810W_A",0.116223353485963,5.36517220299307e-18,0.00862086674056596,FALSE,TRUE,TRUE
"LYS2",1,"C1_02820W_A",0.0314529373559092,2.18843058427292e-101,2.14759330088721e-23,TRUE,TRUE,TRUE
"CAALFM_C102830WA",4,"C1_02830W_A",0.0851961636613936,4.69983730510316e-13,0.284987300426362,FALSE,TRUE,FALSE
"PDE2",8,"C1_02840W_A",9.0098335440614e-05,8.24386206650978e-11,5.06565479550293e-06,TRUE,TRUE,TRUE
"CAALFM_C102850WA",1,"C1_02850W_A",0.902862071112995,1.72251935804763e-34,0.183241030839222,FALSE,TRUE,FALSE
"YKT6",6,"C1_02860C_A",0.0812772027463977,2.2969489124878e-46,0.0603691999566745,FALSE,TRUE,FALSE
"YPT7",1,"C1_02870W_A",0.0872939682630959,1.20171677712245e-15,0.000594257670966571,FALSE,TRUE,TRUE
"MIA40",4,"C1_02880C_A",0.000363590270367907,1.84733307405398e-44,0.0732969284664207,TRUE,TRUE,FALSE
"CAALFM_C102890CA",6,"C1_02890C_A",0.00218686249796949,1.64825732240205e-09,3.9731314921039e-06,TRUE,TRUE,TRUE
"CAALFM_C102900CA",3,"C1_02900C_A",0.251734013306657,2.18961701117299e-09,0.297941132166156,FALSE,TRUE,FALSE
"CAALFM_C102910CA",4,"C1_02910C_A",0.0663430654295399,2.92535879587959e-28,0.00711263462311167,FALSE,TRUE,TRUE
"CDC73",4,"C1_02920W_A",1.80936473213576e-12,1.3265050253439e-60,0.891711891420205,TRUE,TRUE,FALSE
"MST1",1,"C1_02930C_A",5.14536063509202e-06,2.35633985166729e-48,0.686497672189484,TRUE,TRUE,FALSE
"CAALFM_C102940CA",4,"C1_02940C_A",0.0703299409038756,9.87060826069424e-08,0.226904804301469,FALSE,TRUE,FALSE
"CAALFM_C102950WA",5,"C1_02950W_A",0.0295883681825771,1.34393320095983e-20,0.000504348223538634,TRUE,TRUE,TRUE
"CAALFM_C102960CA",4,"C1_02960C_A",0.361502989645986,4.7301137596148e-26,0.00535934936213616,FALSE,TRUE,TRUE
"CAALFM_C102970WA",1,"C1_02970W_A",0.0497412076753378,1.02025035337249e-45,1.76992920030206e-12,TRUE,TRUE,TRUE
"GOR1",4,"C1_02980W_A",0.0206956361697071,7.64504736207204e-11,0.000541347973824919,TRUE,TRUE,TRUE
"XOG1",8,"C1_02990C_A",0.00484595080824646,3.01756577881597e-11,0.0182231496062308,TRUE,TRUE,TRUE
"HOL1",2,"C1_03000W_A",0.69831979558038,0.000134397807597078,0.215395167557024,FALSE,TRUE,FALSE
"RPP1A",1,"C1_03010W_A",1.30385946487312e-12,1.36183398870537e-139,0.000724421937639342,TRUE,TRUE,TRUE
"RPL13",1,"C1_03020C_A",3.67677569665468e-22,8.83320847698709e-141,6.00040463616615e-05,TRUE,TRUE,TRUE
"RPS16A",1,"C1_03030W_A",4.31801073867691e-10,9.42795139360703e-155,0.000288488137718302,TRUE,TRUE,TRUE
"CAALFM_C103040WA",2,"C1_03040W_A",0.204655901294438,4.94364246957332e-16,0.00845893437694443,FALSE,TRUE,TRUE
"CAALFM_C103050WA",5,"C1_03050W_A",0.0472216818236905,7.28130915744929e-06,0.00338755296043447,TRUE,TRUE,TRUE
"TSR2",1,"C1_03060C_A",8.53601542885507e-11,2.7753374270935e-114,0.0930916516033129,TRUE,TRUE,FALSE
"ORC1",2,"C1_03070C_A",0.0996444365086796,4.7073280290261e-05,0.00116727863157686,FALSE,TRUE,TRUE
"TEM1",4,"C1_03080C_A",0.00109987757684979,2.03878219769149e-16,0.130566650166465,TRUE,TRUE,FALSE
"RPS1",1,"C1_03090W_A",1.32102159918596e-09,4.10244118818631e-171,0.00133551353652138,TRUE,TRUE,TRUE
"CAALFM_C103100WA",5,"C1_03100W_A",0.285000229244426,5.06144413922881e-115,0.00144724804105411,FALSE,TRUE,TRUE
"RPL6",1,"C1_03110W_A",1.81063873397959e-07,1.19721439107172e-151,0.00271165605396547,TRUE,TRUE,TRUE
"CAALFM_C103120WA",8,"C1_03120W_A",5.23315621039665e-18,8.38713459880056e-64,8.13823536201615e-08,TRUE,TRUE,TRUE
"GGA2",4,"C1_03130C_A",0.0791166151336245,6.369058263405e-97,0.362525885215512,FALSE,TRUE,FALSE
"CAALFM_C103140WA",6,"C1_03140W_A",0.00672611396611741,2.4432674777404e-59,7.37601681656554e-06,TRUE,TRUE,TRUE
"CAALFM_C103150CA",5,"C1_03150C_A",3.38707633782671e-06,5.4826738341869e-44,0.270112381242848,TRUE,TRUE,FALSE
"COQ4",5,"C1_03160C_A",0.128964566970759,1.74283090855641e-32,0.41961481748869,FALSE,TRUE,FALSE
"CAALFM_C103170CA",6,"C1_03170C_A",0.238830163178971,3.28680073525003e-60,0.0271796743080901,FALSE,TRUE,TRUE
"CAALFM_C103180WA",2,"C1_03180W_A",0.000867968438552229,9.42660833713167e-06,0.0604602665834061,TRUE,TRUE,FALSE
"ECM33",1,"C1_03190C_A",0.0555784693090822,1.61403209222876e-129,0.0037073524644379,FALSE,TRUE,TRUE
"ARO80",6,"C1_03200C_A",0.349758598113603,7.03302414792194e-21,0.242559295249664,FALSE,TRUE,FALSE
"CDC12",1,"C1_03210C_A",2.9749070438825e-07,1.33918639748527e-21,0.406410327374661,TRUE,TRUE,FALSE
"BMH1",1,"C1_03220C_A",0.0736984610518714,1.2935479184098e-82,0.209561018088666,FALSE,TRUE,FALSE
"ARX1",3,"C1_03230C_A",5.96558404996821e-07,7.09634405134208e-119,0.0617000481712253,TRUE,TRUE,FALSE
"CAALFM_C103240WA",4,"C1_03240W_A",0.0766874709496394,2.39475506078289e-61,0.314383779053711,FALSE,TRUE,FALSE
"SPP1",7,"C1_03250C_A",0.107739314966739,5.12770233876506e-19,0.213851591912695,FALSE,TRUE,FALSE
"CAALFM_C103260WA",7,"C1_03260W_A",0.0240547133528862,1.9157330861422e-39,0.045403047478757,TRUE,TRUE,TRUE
"CAALFM_C103270WA",8,"C1_03270W_A",1.06358843131941e-13,1.04638455929601e-205,0.000629979552777245,TRUE,TRUE,TRUE
"CAALFM_C103280WA",1,"C1_03280W_A",0.000455183215553209,5.04358696560541e-103,0.0814086957736629,TRUE,TRUE,FALSE
"NGG1",7,"C1_03290W_A",0.906229314832482,0.000492306960409553,0.383790336785098,FALSE,TRUE,FALSE
"MAS1",2,"C1_03300C_A",0.183327500353472,9.28698084459951e-19,0.0569418600147494,FALSE,TRUE,FALSE
"CAALFM_C103310WA",8,"C1_03310W_A",0.206612657941749,4.44338053761337e-05,0.607182010955096,FALSE,TRUE,FALSE
"EHD3",5,"C1_03320C_A",3.69143446868736e-11,5.03572403065537e-194,3.12339728527325e-05,TRUE,TRUE,TRUE
"CAALFM_C103330CA",8,"C1_03330C_A",8.27819412058097e-09,3.4260195373154e-58,0.00184850177227553,TRUE,TRUE,TRUE
"SEC62",1,"C1_03340C_A",0.00356294298035149,2.30361123891203e-29,0.0337420966011892,TRUE,TRUE,TRUE
"RLI1",1,"C1_03350C_A",0.00874280616112454,3.4120894101103e-104,0.000653431940209263,TRUE,TRUE,TRUE
"CAALFM_C103360WA",8,"C1_03360W_A",0.00435863001373633,3.56636651965408e-08,3.92064377733563e-06,TRUE,TRUE,TRUE
"CAALFM_C103370WA",1,"C1_03370W_A",1.93928154053323e-13,1.18798341642477e-163,2.99908084653332e-05,TRUE,TRUE,TRUE
"TPS2",5,"C1_03380W_A",3.32654197541638e-07,1.37365280075643e-59,3.42810959782402e-10,TRUE,TRUE,TRUE
"EHT1",8,"C1_03390W_A",0.00656978416252592,3.19696047621546e-31,5.28576393351346e-06,TRUE,TRUE,TRUE
"CAALFM_C103400WA",1,"C1_03400W_A",0.973189670267086,1.3872105452502e-35,0.217675742189513,FALSE,TRUE,FALSE
"CAALFM_C103410WA",4,"C1_03410W_A",0.00983937897380171,1.41825389779223e-09,1.35613692636595e-06,TRUE,TRUE,TRUE
"CAALFM_C103430WA",5,"C1_03430W_A",0.0909247225606867,1.13951195930759e-08,0.891288824225099,FALSE,TRUE,FALSE
"CAALFM_C103440CA",1,"C1_03440C_A",0.00405935346488372,1.69744931318649e-95,0.598139662343046,TRUE,TRUE,FALSE
"CAALFM_C103450CA",5,"C1_03450C_A",0.00206811363804616,5.29495508856318e-43,0.0619483253525361,TRUE,TRUE,FALSE
"CAALFM_C103460CA",2,"C1_03460C_A",0.00117642540638739,5.0437425661673e-05,0.0121993700998087,TRUE,TRUE,TRUE
"CAALFM_C103470CA",7,"C1_03470C_A",0.000545938596482167,1.08320718046479e-23,0.607489997377171,TRUE,TRUE,FALSE
"AGE1",6,"C1_03480C_A",0.0545574239720639,1.68176341421692e-09,0.750188069093007,FALSE,TRUE,FALSE
"CAALFM_C103490WA",1,"C1_03490W_A",0.119210952604243,2.10718879275662e-32,0.17838697848774,FALSE,TRUE,FALSE
"YPT1",6,"C1_03500W_A",0.00914734952220836,4.60622181913815e-21,0.483453820385194,TRUE,TRUE,FALSE
"CAALFM_C103510CA",5,"C1_03510C_A",5.3053328117312e-05,9.21512137107122e-113,0.160874350944845,TRUE,TRUE,FALSE
"RPN3",4,"C1_03520W_A",5.46393611855665e-05,2.02303320328602e-78,0.00792668203385225,TRUE,TRUE,TRUE
"CAALFM_C103540CA",1,"C1_03540C_A",0.0224912164427619,2.60281844596088e-18,0.121811441318176,TRUE,TRUE,FALSE
"COQ6",1,"C1_03550C_A",0.368527175716336,6.56449783976842e-76,0.020345524911817,FALSE,TRUE,TRUE
"SUA71",8,"C1_03560C_A",2.8447428554463e-07,2.63007148224639e-13,0.0373087606798144,TRUE,TRUE,TRUE
"CAALFM_C103580WA",7,"C1_03580W_A",0.719802062665632,2.72562748805693e-23,0.673414536501306,FALSE,TRUE,FALSE
"CAALFM_C103600WA",1,"C1_03600W_A",0.00119350372720788,1.27664845622275e-29,0.00970968277074459,TRUE,TRUE,TRUE
"IMP1",4,"C1_03610C_A",0.00119520391588347,1.29668868680216e-15,0.0761034647224171,TRUE,TRUE,FALSE
"CAALFM_C103620CA",1,"C1_03620C_A",2.69134635252535e-07,5.46605777724763e-34,0.000552141184055168,TRUE,TRUE,TRUE
"CAALFM_C103630WA",7,"C1_03630W_A",0.000268894976708348,5.28075391978282e-29,0.00461759992378028,TRUE,TRUE,TRUE
"HFL1",2,"C1_03640C_A",7.77092005463095e-08,1.15625741982164e-19,2.97995857826292e-05,TRUE,TRUE,TRUE
"MRPL27",1,"C1_03650C_A",0.001339954894529,4.69571408321267e-44,0.294649276259761,TRUE,TRUE,FALSE
"CAALFM_C103660WA",6,"C1_03660W_A",0.00169246510586182,2.01082679030224e-63,0.0652935025299097,TRUE,TRUE,FALSE
"DAO1",4,"C1_03670C_A",0.00517626807054117,2.55823289140899e-57,0.0187093490920514,TRUE,TRUE,TRUE
"ENG1",4,"C1_03680W_A",0.217335654079939,9.03365658209559e-14,0.00364349337207888,FALSE,TRUE,TRUE
"CAALFM_C103690WA",6,"C1_03690W_A",0.562791742614833,3.03130195279631e-14,0.256762918999207,FALSE,TRUE,FALSE
"MSB1",1,"C1_03710C_A",0.00117642540638739,3.46270296830904e-24,0.337854602274988,TRUE,TRUE,FALSE
"CAALFM_C103720CA",5,"C1_03720C_A",0.0212443093746702,2.01558717226537e-72,0.00151557220593967,TRUE,TRUE,TRUE
"MNS1",4,"C1_03730C_A",0.0977805146565829,1.64240071972736e-17,0.737037317117816,FALSE,TRUE,FALSE
"WAR1",6,"C1_03740W_A",1.0192093518141e-07,2.23389717148934e-43,0.0884982141312158,TRUE,TRUE,FALSE
"CAALFM_C103750WA",6,"C1_03750W_A",0.337575454295532,1.29313957223468e-17,0.0428802512510051,FALSE,TRUE,TRUE
"STR2",1,"C1_03760C_A",0.243412264289156,5.39913403258909e-22,4.15533667575909e-09,FALSE,TRUE,TRUE
"SKO1",8,"C1_03770W_A",0.131999601255401,4.32503146039597e-13,0.398240312848087,FALSE,TRUE,FALSE
"HMG1",2,"C1_03780C_A",0.00577916572349944,1.51091798677144e-24,3.94886139291409e-07,TRUE,TRUE,TRUE
"CAALFM_C103790CA",1,"C1_03790C_A",2.01755976788984e-05,1.66544626485248e-173,0.00176789905317592,TRUE,TRUE,TRUE
"RPP1",8,"C1_03800W_A",0.00377759397738127,5.04029672273831e-18,0.0117462671924886,TRUE,TRUE,TRUE
"ELA1",8,"C1_03810C_A",8.22599822204072e-06,6.04433405701691e-07,0.0538736897853245,TRUE,TRUE,FALSE
"PDR16",5,"C1_03820W_A",1.25188998857935e-12,3.35864161619442e-33,0.00161643653475377,TRUE,TRUE,TRUE
"CAALFM_C103830CA",3,"C1_03830C_A",0.00059325652835835,3.77111202732075e-35,0.443977634256007,TRUE,TRUE,FALSE
"CAALFM_C103840WA",3,"C1_03840W_A",0.00128518198349326,2.6708632978321e-32,0.0087037981491297,TRUE,TRUE,TRUE
"BNI4",2,"C1_03860C_A",0.128822376140265,3.34360809436438e-15,0.0148747998531515,FALSE,TRUE,TRUE
"CAALFM_C103870CA",2,"C1_03870C_A",0.160904591635004,5.28568860722887e-14,0.344313946716692,FALSE,TRUE,FALSE
"CAALFM_C103880CA",7,"C1_03880C_A",0.817202786272419,1.89551502900105e-31,0.21643405292921,FALSE,TRUE,FALSE
"CAALFM_C103890WA",7,"C1_03890W_A",0.0328952397464067,4.52873521002887e-37,0.0264701207321614,TRUE,TRUE,TRUE
"SEN15",2,"C1_03900W_A",0.360562922908577,7.51057583405491e-07,0.163957578195281,FALSE,TRUE,FALSE
"CAALFM_C103910CA",6,"C1_03910C_A",0.912580781131403,0.0447863276383844,0.898084464273627,FALSE,TRUE,FALSE
"CAALFM_C103920CA",7,"C1_03920C_A",0.630665392558736,3.30234351497739e-07,0.00449964489578601,FALSE,TRUE,TRUE
"CAALFM_C103930WA",2,"C1_03930W_A",0.0434762650793865,3.74626868477435e-07,0.027237118447715,TRUE,TRUE,TRUE
"CAALFM_C103940WA",4,"C1_03940W_A",0.0266685811768273,1.90039869406561e-35,0.430076361486654,TRUE,TRUE,FALSE
"CAALFM_C103960CA",6,"C1_03960C_A",0.856049158451069,5.79818437004287e-16,0.245947097950016,FALSE,TRUE,FALSE
"SPC19",7,"C1_03980W_A",0.905215047398636,1.10769781992298e-07,0.0510275429213777,FALSE,TRUE,FALSE
"CAALFM_C103990WA",7,"C1_03990W_A",0.0553850483011724,9.59170204605159e-20,0.000577947184444787,FALSE,TRUE,TRUE
"KTR4",4,"C1_04000C_A",0.423002123277793,6.19657209788266e-09,0.43676484734852,FALSE,TRUE,FALSE
"CAALFM_C104010CA",5,"C1_04010C_A",5.26133426326926e-10,5.44875606368497e-46,3.81931830637858e-06,TRUE,TRUE,TRUE
"CSH1",5,"C1_04020C_A",1.02214564531396e-12,4.31684917397331e-319,3.69991833002173e-07,TRUE,TRUE,TRUE
"CAALFM_C104030WA",2,"C1_04030W_A",0.349718971895173,9.54761199029741e-14,0.0743383262923003,FALSE,TRUE,FALSE
"CAALFM_C104040CA",3,"C1_04040C_A",0.00207405549951984,7.48555185448056e-50,0.794915526320508,TRUE,TRUE,FALSE
"MFALPHA",7,"C1_04050C_A",1.16616329422936e-05,8.67146740249544e-69,0.1763277484843,TRUE,TRUE,FALSE
"IFI3",6,"C1_04060W_A",0.00650413225614794,4.53550488951708e-40,0.0167340948241382,TRUE,TRUE,TRUE
"BET4",6,"C1_04070C_A",0.38431274707078,1.3148441719113e-33,0.0338842520027795,FALSE,TRUE,TRUE
"MAD2",6,"C1_04080W_A",0.00367179954296495,4.52908361655078e-84,0.000161002667166201,TRUE,TRUE,TRUE
"CAALFM_C104090CA",7,"C1_04090C_A",0.0626695941853254,2.6236188455116e-14,0.300494891406856,FALSE,TRUE,FALSE
"POR1",8,"C1_04100C_A",0.0918989571849782,5.3674689721014e-14,0.62927655749819,FALSE,TRUE,FALSE
"CAALFM_C104110WA",6,"C1_04110W_A",5.73144596087239e-10,1.38378103808051e-69,0.00662552613638054,TRUE,TRUE,TRUE
"CAALFM_C104120CA",2,"C1_04120C_A",0.27556685534652,1.00991718769972e-15,0.343445094920362,FALSE,TRUE,FALSE
"ERB1",3,"C1_04130W_A",0.0271239396917022,6.8697490915613e-46,0.427944325630247,TRUE,TRUE,FALSE
"IFD6",8,"C1_04140W_A",3.38728854213802e-16,3.24003397004297e-66,1.66078169634078e-10,TRUE,TRUE,TRUE
"CAALFM_C104150CA",6,"C1_04150C_A",0.734056651566502,4.33316483643556e-13,0.551181737550756,FALSE,TRUE,FALSE
"CAALFM_C104160CA",7,"C1_04160C_A",0.790604396396961,4.33275775084067e-24,0.0882390410302779,FALSE,TRUE,FALSE
"HTA2",1,"C1_04170C_A",7.85188989051749e-06,2.72690076074318e-64,0.000317410837296822,TRUE,TRUE,TRUE
"CAALFM_C104180WA",1,"C1_04180W_A",2.44892188771499e-06,1.197628548529e-105,2.62721044342412e-05,TRUE,TRUE,TRUE
"CAALFM_C104190CA",7,"C1_04190C_A",0.562366089177085,3.72010423972427e-17,0.400326513642455,FALSE,TRUE,FALSE
"CAALFM_C104200CA",5,"C1_04200C_A",0.00668787442827149,2.13624779214683e-27,0.0957061696956965,TRUE,TRUE,FALSE
"CDC3",2,"C1_04210C_A",7.7313353598097e-05,7.59028711889711e-08,0.0573697164239338,TRUE,TRUE,FALSE
"CAALFM_C104220CA",6,"C1_04220C_A",0.299098255055214,7.90525231263918e-08,0.0238768016502267,FALSE,TRUE,TRUE
"CAALFM_C104230WA",4,"C1_04230W_A",0.0260071365636615,3.76216767903759e-21,0.135109838399721,TRUE,TRUE,FALSE
"HHF1",4,"C1_04240C_A",1.13655162982193e-11,6.31557472779161e-103,0.000220415767268635,TRUE,TRUE,TRUE
"HHT21",1,"C1_04260W_A",3.93657203170718e-07,1.10486851891521e-190,0.0001220243057692,TRUE,TRUE,TRUE
"CAALFM_C104270CA",7,"C1_04270C_A",9.01903844259021e-06,8.28774503457941e-48,0.0772127165207334,TRUE,TRUE,FALSE
"CAALFM_C104280CA",2,"C1_04280C_A",0.127511132204141,2.45888485555178e-15,0.000868623576243874,FALSE,TRUE,TRUE
"ACS2",1,"C1_04290C_A",0.0482884451269872,2.86241539022393e-70,3.33248928814975e-10,TRUE,TRUE,TRUE
"SSA2",1,"C1_04300C_A",1.11240921673408e-07,3.43426904609854e-51,0.0889521682951243,TRUE,TRUE,FALSE
"GIG1",7,"C1_04310C_A",0.589370793484745,1.39155904151945e-53,0.0307172277990693,FALSE,TRUE,TRUE
"GPM2",5,"C1_04320W_A",0.000243959144940765,3.96693931037571e-43,0.00332527635513613,TRUE,TRUE,TRUE
"RPN4",8,"C1_04330W_A",9.59415686192098e-28,2.52884156999974e-41,1.21810189935748e-11,TRUE,TRUE,TRUE
"CAALFM_C104340CA",2,"C1_04340C_A",0.210333736683533,0.00819495163994593,0.32818560094906,FALSE,TRUE,FALSE
"CAALFM_C104350CA",6,"C1_04350C_A",0.000113189459983394,1.47432527039891e-37,0.167653422392193,TRUE,TRUE,FALSE
"CAALFM_C104360CA",6,"C1_04360C_A",0.820844824265367,7.01665857814825e-45,0.00241449707046436,FALSE,TRUE,TRUE
"CAALFM_C104370CA",1,"C1_04370C_A",0.00761060000690542,2.73660013622295e-54,0.14974098943416,TRUE,TRUE,FALSE
"SIT4",1,"C1_04380W_A",0.619137834399793,4.51984478130768e-74,4.04904830750252e-05,FALSE,TRUE,TRUE
"NOP4",3,"C1_04390C_A",0.000986015152197709,1.57129190514144e-68,0.258537278513555,TRUE,TRUE,FALSE
"APE2",5,"C1_04400C_A",0.00241375550531106,1.76196942502788e-66,0.273958237298007,TRUE,TRUE,FALSE
"ESS1",4,"C1_04410C_A",1.40050830975339e-08,2.89468530073674e-13,6.03873432250465e-11,TRUE,TRUE,TRUE
"URA6",4,"C1_04420C_A",2.69945360988104e-05,6.92522112059421e-14,0.0527431254444388,TRUE,TRUE,FALSE
"CAALFM_C104430CA",4,"C1_04430C_A",1.11153641743379e-05,7.60818452325115e-83,0.0171196247080927,TRUE,TRUE,TRUE
"FMA1",4,"C1_04450C_A",1.35889629852217e-10,1.31652134513547e-151,5.67389540111301e-05,TRUE,TRUE,TRUE
"CAALFM_C104460CA",5,"C1_04460C_A",1.13618027942299e-06,1.4104765186601e-121,0.125975186643802,TRUE,TRUE,FALSE
"CAALFM_C104470CA",5,"C1_04470C_A",2.54580985036889e-09,1.3283441278002e-29,3.427294410586e-08,TRUE,TRUE,TRUE
"TUS1",5,"C1_04480C_A",1.44697849133822e-05,1.80649502283827e-25,0.000257701212664332,TRUE,TRUE,TRUE
"CAALFM_C104490WA",1,"C1_04490W_A",0.00915135587180685,1.59879990145475e-31,0.740716957671452,TRUE,TRUE,FALSE
"ICL1",5,"C1_04500W_A",3.31716863146674e-06,2.26585064931895e-81,5.87639698267431e-05,TRUE,TRUE,TRUE
"CAALFM_C104510WA",3,"C1_04510W_A",0.0014334961735469,1.39585561102991e-12,0.046236756251695,TRUE,TRUE,TRUE
"PHO85",4,"C1_04520C_A",0.0878592409137865,2.1506341711753e-57,0.261626389741737,FALSE,TRUE,FALSE
"CAALFM_C104530CA",1,"C1_04530C_A",0.15402764161456,2.09386415545219e-13,0.026551977620364,FALSE,TRUE,TRUE
"VPS16",5,"C1_04540C_A",0.425864325887759,2.45598052109143e-11,0.221226009261529,FALSE,TRUE,FALSE
"ELC1",6,"C1_04550W_A",0.769196462283197,4.61780336725057e-28,0.000227174513939525,FALSE,TRUE,TRUE
"CAALFM_C104560WA",5,"C1_04560W_A",4.27335727523253e-05,3.55664912049459e-83,0.0012192499011936,TRUE,TRUE,TRUE
"CHL4",2,"C1_04570C_A",0.0238803093993425,7.43532431629288e-19,0.123179047592445,TRUE,TRUE,FALSE
"CAALFM_C104590WA",5,"C1_04590W_A",0.0085523808426008,1.97945521731981e-05,0.168339962369868,TRUE,TRUE,FALSE
"CAALFM_C104600CA",1,"C1_04600C_A",5.17755424194858e-16,2.91233476461021e-168,0.0195582691480144,TRUE,TRUE,TRUE
"ATP1",1,"C1_04610W_A",0.00652345514284028,1.20615137617166e-122,0.00271165605396547,TRUE,TRUE,TRUE
"CAALFM_C104620WA",2,"C1_04620W_A",1.3089997798981e-06,5.57212700702218e-38,0.0434215164852745,TRUE,TRUE,TRUE
"CAALFM_C104630CA",8,"C1_04630C_A",0.00333592000163739,3.32533112429881e-08,0.177879572181327,TRUE,TRUE,FALSE
"CAALFM_C104640WA",4,"C1_04640W_A",0.948854137768491,1.62437958148111e-24,0.0280677766949517,FALSE,TRUE,TRUE
"DUR3",2,"C1_04650W_A",0.000339866494712093,7.18501669841814e-77,3.45011161741598e-07,TRUE,TRUE,TRUE
"DUR1%2C2",2,"C1_04660W_A",0.0410243936821377,1.0765204525691e-21,0.579809427452561,TRUE,TRUE,FALSE
"HAT1",4,"C1_04670W_A",2.04003085815241e-10,5.39357907713808e-32,0.0478498597809357,TRUE,TRUE,TRUE
"PIL1",5,"C1_04680W_A",7.62516286655207e-08,3.60678733916572e-70,7.11613125108234e-06,TRUE,TRUE,TRUE
"CAALFM_C104690CA",6,"C1_04690C_A",0.000144923449178388,8.34819852224271e-12,0.246930290421451,TRUE,TRUE,FALSE
"CAALFM_C104700CA",5,"C1_04700C_A",3.63609631846841e-14,6.19533455902298e-110,3.65331462151128e-05,TRUE,TRUE,TRUE
"CAALFM_C104710CA",3,"C1_04710C_A",0.00102819279433843,4.39375793877065e-84,5.43320994727245e-05,TRUE,TRUE,TRUE
"CAALFM_C104720WA",8,"C1_04720W_A",0.106433080393226,6.93334357065117e-11,0.0722405789017483,FALSE,TRUE,FALSE
"LYS21",1,"C1_04730C_A",0.178904224051937,1.13420650579348e-106,6.5989000533353e-06,FALSE,TRUE,TRUE
"LPG20",5,"C1_04740W_A",0.000309028617153912,8.49074817666168e-86,0.0166078654239603,TRUE,TRUE,TRUE
"IFE1",6,"C1_04750W_A",1.13418601167714e-07,6.21437163215585e-19,2.21923733920306e-05,TRUE,TRUE,TRUE
"SYG1",8,"C1_04760C_A",0.0534774447416127,0.000264949441428913,0.0810741153727462,FALSE,TRUE,FALSE
"ERG3",1,"C1_04770C_A",0.676894119197513,1.41406976712254e-60,5.21687630421083e-05,FALSE,TRUE,TRUE
"CAALFM_C104780CA",4,"C1_04780C_A",0.24053200678999,1.47998684609102e-34,0.475739194890531,FALSE,TRUE,FALSE
"CAALFM_C104790WA",2,"C1_04790W_A",0.44158922984424,1.01255300893887e-08,0.227279282579126,FALSE,TRUE,FALSE
"CAALFM_C104800CA",7,"C1_04800C_A",0.0182841526762821,4.93708034220586e-20,0.150239401181627,TRUE,TRUE,FALSE
"TCO89",7,"C1_04810W_A",1.2468092565121e-05,6.60311436401759e-67,0.000277744874062788,TRUE,TRUE,TRUE
"CAALFM_C104820CA",1,"C1_04820C_A",0.00796047067201742,3.60506784304789e-17,0.647697267147419,TRUE,TRUE,FALSE
"SEC21",1,"C1_04830W_A",0.0630901838115588,3.45381863006173e-37,0.0562225656173431,FALSE,TRUE,FALSE
"CAALFM_C104840CA",8,"C1_04840C_A",0.112020258420081,0.00309853704118716,0.448596532807248,FALSE,TRUE,FALSE
"CAALFM_C104860WA",6,"C1_04860W_A",0.713105525567985,6.43569647766085e-13,0.242667727420585,FALSE,TRUE,FALSE
"SAP7",2,"C1_04870W_A",0.135161991455676,4.09035705646161e-24,0.00999150136571259,FALSE,TRUE,TRUE
"MRPL37",1,"C1_04880C_A",9.56612664581319e-09,1.28916935617584e-125,0.104596560157992,TRUE,TRUE,FALSE
"YBN5",1,"C1_04890W_A",4.20211402311111e-09,6.38494709927579e-126,0.671707753341302,TRUE,TRUE,FALSE
"MNN15",2,"C1_04900W_A",0.00662475712458396,1.8855951596912e-10,0.142712825598087,TRUE,TRUE,FALSE
"CAALFM_C104910CA",1,"C1_04910C_A",0.00189062790000168,6.01766996541788e-32,0.678658071849006,TRUE,TRUE,FALSE
"CAALFM_C104930CA",6,"C1_04930C_A",0.0452871034928803,8.86894249658513e-12,0.135695218361703,TRUE,TRUE,FALSE
"CAALFM_C104940CA",8,"C1_04940C_A",1.0272601612095e-05,4.17455326373415e-37,0.196986051838664,TRUE,TRUE,FALSE
"RPM2",8,"C1_04950C_A",1.15694662858085e-13,9.99347242972825e-06,5.97590106993467e-08,TRUE,TRUE,TRUE
"CAALFM_C104960CA",7,"C1_04960C_A",0.0867384948849087,7.60890189770503e-42,0.00120730011595836,FALSE,TRUE,TRUE
"CAALFM_C104970WA",1,"C1_04970W_A",0.00101761261823246,1.00644546528634e-73,0.204209779209067,TRUE,TRUE,FALSE
"CAALFM_C104980CA",2,"C1_04980C_A",0.0697101508039824,4.96893954683178e-13,0.0193265991720592,FALSE,TRUE,TRUE
"CAALFM_C104990CA",7,"C1_04990C_A",0.00910255953967384,1.33076384469789e-31,0.0240876154115182,TRUE,TRUE,TRUE
"RHD1",2,"C1_05000W_A",0.245461524416986,3.78069218325833e-07,0.359331909736214,FALSE,TRUE,FALSE
"CAALFM_C105010CA",8,"C1_05010C_A",0.0164761302104702,5.71559290540687e-17,0.000411454797420136,TRUE,TRUE,TRUE
"ARG2",7,"C1_05020C_A",0.00218457806865687,4.44603370758802e-05,0.0299041840601134,TRUE,TRUE,TRUE
"PSF2",2,"C1_05030C_A",0.0153574122708974,7.21582839432657e-12,0.00622450283849382,TRUE,TRUE,TRUE
"RRP6",3,"C1_05050C_A",0.000186832809130838,4.49361272589019e-39,0.210187083898569,TRUE,TRUE,FALSE
"REI1",3,"C1_05060W_A",0.000637842770441747,6.35538884706061e-77,0.0946176008339088,TRUE,TRUE,FALSE
"GPI7",7,"C1_05070C_A",0.0721075438236593,1.96286123478435e-68,1.54717202423582e-09,FALSE,TRUE,TRUE
"GPT1",2,"C1_05080W_A",1.69947498205284e-10,9.33448128459634e-130,2.54787537430067e-11,TRUE,TRUE,TRUE
"TRY2",3,"C1_05090W_A",0.119758713164684,0.00291325769240514,0.484029493687092,FALSE,TRUE,FALSE
"CAALFM_C105100WA",2,"C1_05100W_A",0.139333410361968,1.07658024373412e-07,0.0782412625078192,FALSE,TRUE,FALSE
"ARO4",1,"C1_05110C_A",1.24636940723059e-08,3.00054211627304e-80,7.81506378642932e-05,TRUE,TRUE,TRUE
"CAALFM_C105120WA",6,"C1_05120W_A",0.0106721826607033,2.36995048787887e-06,0.160345290341164,TRUE,TRUE,FALSE
"BRG1",8,"C1_05140W_A",2.53404104117675e-07,1.00651753759217e-32,2.23759292119909e-06,TRUE,TRUE,TRUE
"CAALFM_C105150CA",7,"C1_05150C_A",0.0472216818236905,2.91720143854304e-12,0.240967234703333,TRUE,TRUE,FALSE
"CAALFM_C105160CA",8,"C1_05160C_A",1.06188737275692e-10,1.04190405172319e-46,6.70370033487456e-06,TRUE,TRUE,TRUE
"CUE5",6,"C1_05170C_A",0.00163826597496119,3.91726700851367e-48,3.27296364601279e-05,TRUE,TRUE,TRUE
"CAALFM_C105180CA",4,"C1_05180C_A",0.00658926656428834,3.98578686378229e-21,0.199525567077049,TRUE,TRUE,FALSE
"CAALFM_C105190CA",4,"C1_05190C_A",0.0202675807686415,1.51512402292577e-24,0.0317954449826173,TRUE,TRUE,TRUE
"CAALFM_C105200CA",8,"C1_05200C_A",0.000268823757364506,1.06687780255253e-26,0.00050151296824388,TRUE,TRUE,TRUE
"CAALFM_C105210CA",1,"C1_05210C_A",1.81282973351855e-11,1.27084748661917e-54,0.000359805307862252,TRUE,TRUE,TRUE
"CAALFM_C105220CA",3,"C1_05220C_A",0.0256575347131021,2.82444863964387e-08,0.580435417595058,TRUE,TRUE,FALSE
"CAALFM_C105230WA",3,"C1_05230W_A",3.60430949315608e-05,7.83731891614693e-43,0.0222471178129643,TRUE,TRUE,TRUE
"RPT1",4,"C1_05240C_A",0.000338925481576132,3.01455977393684e-29,0.0582000000152109,TRUE,TRUE,FALSE
"CAALFM_C105250WA",7,"C1_05250W_A",3.60835448540029e-08,8.11454278118535e-66,0.00992070267939781,TRUE,TRUE,TRUE
"SDH1",4,"C1_05260C_A",0.0311864156214206,1.02197808010881e-20,0.00979924063190532,TRUE,TRUE,TRUE
"CAALFM_C105270CA",1,"C1_05270C_A",7.3824848888185e-10,3.07725522191169e-92,0.406322348728376,TRUE,TRUE,FALSE
"CAALFM_C105280WA",8,"C1_05280W_A",0.00175185410902614,1.30709573580552e-10,0.00374538856370489,TRUE,TRUE,TRUE
"GRS1",1,"C1_05290W_A",0.167127858341308,2.82832953908411e-192,1.70936994428026e-15,FALSE,TRUE,TRUE
"PRD1",5,"C1_05300C_A",2.47398381017927e-08,5.10534961902064e-209,0.00162732354971432,TRUE,TRUE,TRUE
"tP(UGG)1",7,"C1_05310W_A",0.361281664839806,4.19030268817886e-08,0.289148043873295,FALSE,TRUE,FALSE
"CAALFM_C105320CA",2,"C1_05320C_A",0.862099479982628,8.44385668997065e-05,0.238172050724389,FALSE,TRUE,FALSE
"CAALFM_C105330CA",8,"C1_05330C_A",0.000160017108979621,3.12490354159522e-07,0.262663821912747,TRUE,TRUE,FALSE
"ZCF2",8,"C1_05340C_A",2.31077137804119e-16,7.09532327367233e-24,4.80585018140842e-06,TRUE,TRUE,TRUE
"YPT53",8,"C1_05350W_A",5.03824559554426e-08,2.0632626007432e-30,0.0274971899406701,TRUE,TRUE,TRUE
"CAALFM_C105360CA",8,"C1_05360C_A",0.003465052146638,1.75843770064244e-17,0.550450544263087,TRUE,TRUE,FALSE
"CAALFM_C105370CA",6,"C1_05370C_A",4.07492258747064e-12,1.34135976625617e-198,0.000705312029657788,TRUE,TRUE,TRUE
"CAALFM_C105380CA",7,"C1_05380C_A",0.000379246258233984,9.32966486588284e-21,0.000108325963968672,TRUE,TRUE,TRUE
"CAALFM_C105390CA",4,"C1_05390C_A",0.194697665834802,2.4683461617542e-09,0.268130886902073,FALSE,TRUE,FALSE
"CAALFM_C105400CA",2,"C1_05400C_A",0.00333309441881974,0.0751770151286928,0.0219881301770229,TRUE,FALSE,TRUE
"TRP99",6,"C1_05410C_A",8.40793616652381e-05,6.55927522295335e-18,0.0402065610165133,TRUE,TRUE,TRUE
"CAALFM_C105420WA",6,"C1_05420W_A",0.324476238967712,1.11719830631909e-28,0.786777487470172,FALSE,TRUE,FALSE
"SPT20",7,"C1_05430W_A",0.00227178952240978,3.41892356925671e-37,0.0253269118779885,TRUE,TRUE,TRUE
"CAALFM_C105440CA",8,"C1_05440C_A",1.27864417554503e-31,6.96818388118685e-72,9.26056451289662e-09,TRUE,TRUE,TRUE
"CAALFM_C105450WA",7,"C1_05450W_A",6.99552140084741e-09,2.2104662154081e-63,0.208089390209935,TRUE,TRUE,FALSE
"KOG1",8,"C1_05460W_A",3.0830158381724e-07,5.60912577485539e-35,0.00991758721014299,TRUE,TRUE,TRUE
"MTM1",1,"C1_05470W_A",0.129596250181671,4.63150195182955e-24,0.0371435162489963,FALSE,TRUE,TRUE
"CAALFM_C105480CA",8,"C1_05480C_A",0.777352659983313,8.63451252229993e-12,0.0406815754468752,FALSE,TRUE,TRUE
"CAALFM_C105490CA",4,"C1_05490C_A",1.16728965482325e-05,4.5173387775961e-77,0.0690897207369503,TRUE,TRUE,FALSE
"RSM22",3,"C1_05500W_A",0.00101650802180179,3.00208139519528e-33,0.14457829794349,TRUE,TRUE,FALSE
"RPS27A",8,"C1_05510C_A",0.00174114628680184,5.14980128565684e-06,8.50119389538477e-05,TRUE,TRUE,TRUE
"CAALFM_C105520WA",8,"C1_05520W_A",0.0479166470491632,9.02636663121803e-44,0.102083745112595,TRUE,TRUE,FALSE
"SSH1",1,"C1_05530C_A",0.224630877999948,1.84850184239088e-139,3.56811317461341e-05,FALSE,TRUE,TRUE
"CAALFM_C105540CA",8,"C1_05540C_A",4.54273005241293e-07,1.57161388194092e-24,0.00024721234188885,TRUE,TRUE,TRUE
"CAALFM_C105550CA",8,"C1_05550C_A",0.00506327127782288,3.38219073151561e-18,0.00374283620185174,TRUE,TRUE,TRUE
"RIB4",4,"C1_05560W_A",0.000988552832908201,7.36716366733304e-31,0.0281368027701374,TRUE,TRUE,TRUE
"tN(GUU)2",8,"C1_05570W_A",4.00275587489016e-09,1.88636913929511e-06,0.0523777980894382,TRUE,TRUE,FALSE
"GSL1",6,"C1_05600W_A",0.00222569566422616,7.03934038996324e-12,0.0797962610165764,TRUE,TRUE,FALSE
"CAALFM_C105610WA",4,"C1_05610W_A",0.143116489955171,4.26978431088163e-13,0.919215477091954,FALSE,TRUE,FALSE
"STE3",7,"C1_05620C_A",0.247630734865363,0.00952863229287267,0.407375182340572,FALSE,TRUE,FALSE
"CAALFM_C105630CA",1,"C1_05630C_A",5.96130360547999e-07,1.40301592400553e-142,0.000542729290019746,TRUE,TRUE,TRUE
"FAL1",3,"C1_05640C_A",0.0150594513680811,4.01555527958456e-17,0.304244196771795,TRUE,TRUE,FALSE
"CAALFM_C105650WA",2,"C1_05650W_A",0.0436070668589714,1.78664417343484e-61,3.72555729056289e-15,TRUE,TRUE,TRUE
"CAALFM_C105660CA",1,"C1_05660C_A",0.248157589794299,2.26228277449247e-41,0.157734119616035,FALSE,TRUE,FALSE
"CAALFM_C105670WA",5,"C1_05670W_A",0.00162811824009104,5.49287080208124e-67,0.0215843796537165,TRUE,TRUE,TRUE
"RIM1",4,"C1_05680C_A",5.022145968389e-07,1.2621938071046e-06,6.23018268862851e-05,TRUE,TRUE,TRUE
"CAALFM_C105690CA",6,"C1_05690C_A",1.00561247766798e-17,9.8531318035834e-107,0.000328199556842524,TRUE,TRUE,TRUE
"AUT7",8,"C1_05700W_A",2.76552152882263e-10,2.87412926872533e-73,0.0945032145008285,TRUE,TRUE,FALSE
"UGA4",8,"C1_05710C_A",0.0158584537335882,0.0194241255873051,0.228550380905725,TRUE,TRUE,FALSE
"CAALFM_C105720WA",1,"C1_05720W_A",4.09258536657573e-14,2.58856676193713e-145,9.27016839458511e-08,TRUE,TRUE,TRUE
"CAALFM_C105730WA",1,"C1_05730W_A",7.39137210372161e-11,2.99173243740972e-128,5.1473952169114e-08,TRUE,TRUE,TRUE
"CAALFM_C105740CA",2,"C1_05740C_A",0.000659903314617655,1.91505761896054e-09,0.00553190846413502,TRUE,TRUE,TRUE
"CAALFM_C105750CA",4,"C1_05750C_A",0.502300107225674,1.04277792563161e-23,0.197773386805792,FALSE,TRUE,FALSE
"PGA26",1,"C1_05760C_A",0.117090441061087,9.73237384387546e-06,0.105548205196603,FALSE,TRUE,FALSE
"PRC3",5,"C1_05770C_A",5.46497306611631e-06,5.42231770604431e-37,0.000481664079439772,TRUE,TRUE,TRUE
"CAALFM_C105780WA",1,"C1_05780W_A",0.496610128902872,1.22100978801656e-28,0.0684321880440212,FALSE,TRUE,FALSE
"CAALFM_C105790WA",2,"C1_05790W_A",0.97035958612317,7.40643376111106e-35,0.0751575102990571,FALSE,TRUE,FALSE
"CAALFM_C105800CA",2,"C1_05800C_A",0.0886840168094146,5.53820377143777e-13,0.0597975745517751,FALSE,TRUE,FALSE
"GIM5",4,"C1_05810W_A",3.94237602348338e-10,6.83942074225042e-29,2.78496364219006e-05,TRUE,TRUE,TRUE
"RAD10",4,"C1_05820C_A",0.00400666126168761,2.71944604517948e-14,0.671631013722178,TRUE,TRUE,FALSE
"CAALFM_C105830WA",1,"C1_05830W_A",0.768917125349693,4.48884943328494e-06,0.0563986194952729,FALSE,TRUE,FALSE
"PRN1",7,"C1_05840W_A",0.0624206509868997,4.70095517365134e-47,2.66019594176739e-05,FALSE,TRUE,TRUE
"POL32",2,"C1_05850W_A",0.0486149238322836,1.52899423110518e-19,0.00345779003848025,TRUE,TRUE,TRUE
"PRN2",6,"C1_05860W_A",0.425354386042659,1.93204759885172e-16,0.0279795560040355,FALSE,TRUE,TRUE
"PRN3",8,"C1_05870W_A",0.000156790083359751,0.0498679297268784,0.000187502020748178,TRUE,TRUE,TRUE
"PRN4",4,"C1_05880W_A",0.0386554009415448,2.75423445556048e-41,0.0991710314308745,TRUE,TRUE,FALSE
"CAALFM_C105890WA",6,"C1_05890W_A",0.000191661651336783,2.55873637144581e-182,1.62260955053208e-14,TRUE,TRUE,TRUE
"CAALFM_C105900WA",8,"C1_05900W_A",5.37244965992141e-05,2.22323437417277e-19,0.00320718644907972,TRUE,TRUE,TRUE
"SIP5",5,"C1_05910W_A",1.25652275837763e-18,3.03518577482355e-115,1.46483879900054e-06,TRUE,TRUE,TRUE
"CAALFM_C105920WA",7,"C1_05920W_A",1.1517893080437e-06,8.24836178964244e-62,0.188103171535958,TRUE,TRUE,FALSE
"CAALFM_C105930CA",1,"C1_05930C_A",0.903654265816359,3.33422422035795e-40,0.00204330176066773,FALSE,TRUE,TRUE
"PHO87",2,"C1_05940W_A",0.000669859805134657,2.89420820806034e-24,0.120337938848135,TRUE,TRUE,FALSE
"CAALFM_C105950CA",2,"C1_05950C_A",0.000419917111595873,1.24340216523072e-117,5.05581032517354e-20,TRUE,TRUE,TRUE
"PGA45",2,"C1_05960W_A",1.10354586204658e-07,2.39073847309323e-63,6.77912681835481e-17,TRUE,TRUE,TRUE
"CAALFM_C105970WA",6,"C1_05970W_A",8.30133079038288e-20,3.25629889065087e-141,0.00968504994773811,TRUE,TRUE,TRUE
"CAALFM_C105980WA",7,"C1_05980W_A",0.00863323603067711,4.81118349260457e-52,0.0383545442793558,TRUE,TRUE,TRUE
"CAALFM_C105990CA",4,"C1_05990C_A",9.94933594995794e-05,1.01579395437782e-39,1.93762641175278e-07,TRUE,TRUE,TRUE
"CAALFM_C106000WA",7,"C1_06000W_A",5.21950583336307e-09,5.85393590285075e-64,0.141836658616886,TRUE,TRUE,FALSE
"CHS7",8,"C1_06010W_A",0.00241922982452686,7.03934821227007e-36,0.0184831649373459,TRUE,TRUE,TRUE
"RGD1",6,"C1_06020W_A",0.88860145127707,0.00181652522608224,0.3116839076946,FALSE,TRUE,FALSE
"CAALFM_C106030CA",6,"C1_06030C_A",0.293798731793782,5.07944220845944e-14,0.402921884841188,FALSE,TRUE,FALSE
"RTT101",6,"C1_06040W_A",0.0962245359882932,6.53723229495489e-20,0.0264722372063163,FALSE,TRUE,TRUE
"CAALFM_C106050CA",4,"C1_06050C_A",0.000484351054606786,3.18740664731196e-14,0.0186934789795878,TRUE,TRUE,TRUE
"ACP1",4,"C1_06060C_A",0.00132502872641312,1.7736249598286e-19,0.433380405413599,TRUE,TRUE,FALSE
"CAALFM_C106070WA",1,"C1_06070W_A",0.0024935964231939,1.36186752157833e-119,0.259394330067904,TRUE,TRUE,FALSE
"ARC35",4,"C1_06080C_A",0.0262309099267308,2.64812930803922e-36,0.0436125765259662,TRUE,TRUE,TRUE
"CAALFM_C106090CA",8,"C1_06090C_A",4.34214679699408e-15,1.01768907523426e-11,6.88512686137418e-07,TRUE,TRUE,TRUE
"MSI3",1,"C1_06100C_A",0.000485138951343301,2.42182373748895e-131,3.56857919926342e-14,TRUE,TRUE,TRUE
"NPL4",6,"C1_06110C_A",0.0347068820279552,6.81959619080541e-20,0.186145507673724,TRUE,TRUE,FALSE
"CAALFM_C106120CA",6,"C1_06120C_A",0.813322483994487,4.90198096571977e-16,0.000225185126411393,FALSE,TRUE,TRUE
"HAC1",8,"C1_06130C_A",1.80876541519996e-24,5.58216120834856e-12,3.38807596968391e-14,TRUE,TRUE,TRUE
"CAALFM_C106150WA",7,"C1_06150W_A",0.776426572933104,1.05337172168661e-15,0.755079387032932,FALSE,TRUE,FALSE
"CAALFM_C106160WA",7,"C1_06160W_A",0.163022659753882,1.60594341519578e-21,0.176744133683833,FALSE,TRUE,FALSE
"TLO34",4,"C1_06180W_A",0.0371299495442516,0.000559753158161312,0.669884814832649,TRUE,TRUE,FALSE
"CAALFM_C106190CA",1,"C1_06190C_A",0.403325957800523,0.00251169188978529,0.348852530499414,FALSE,TRUE,FALSE
"CAALFM_C106200WA",1,"C1_06200W_A",0.583637853582834,2.2005548325833e-05,0.824701614703959,FALSE,TRUE,FALSE
"BUD16",1,"C1_06210W_A",0.121905513644623,3.99816383204052e-10,0.711714593143035,FALSE,TRUE,FALSE
"CAALFM_C106220CA",6,"C1_06220C_A",0.0963997397224686,1.25216492031529e-08,0.691507956061221,FALSE,TRUE,FALSE
"MDM34",8,"C1_06230C_A",5.15504483147925e-09,1.21804512796946e-36,4.49184888169351e-08,TRUE,TRUE,TRUE
"CAALFM_C106250WA",2,"C1_06250W_A",0.0404874287944832,3.8068702723464e-09,0.0449850338776068,TRUE,TRUE,TRUE
"PGA50",7,"C1_06260W_A",0.000282032841840083,2.37542772545084e-62,0.133600627457031,TRUE,TRUE,FALSE
"CAALFM_C106270WA",2,"C1_06270W_A",0.0423249900555262,1.46050687849001e-23,0.000174855891473886,TRUE,TRUE,TRUE
"UME6",7,"C1_06280C_A",0.00107028657431823,2.1411703910341e-47,6.23019828878188e-05,TRUE,TRUE,TRUE
"CAALFM_C106300WA",8,"C1_06300W_A",1.17155412925175e-07,1.96870874858067e-06,0.000694815053188076,TRUE,TRUE,TRUE
"CAALFM_C106320WA",8,"C1_06320W_A",0.00445864031833657,1.25997637684536e-11,0.00683679872435293,TRUE,TRUE,TRUE
"CAALFM_C106340WA",6,"C1_06340W_A",0.0044182722595013,3.37518236092059e-28,0.000224068437407278,TRUE,TRUE,TRUE
"CAALFM_C106350WA",8,"C1_06350W_A",5.27185065409636e-05,4.4908058712722e-22,0.0785905374615681,TRUE,TRUE,FALSE
"CAALFM_C106360WA",6,"C1_06360W_A",0.0115514398338112,6.89324052470936e-07,7.73156938639346e-06,TRUE,TRUE,TRUE
"PBR1",7,"C1_06370C_A",4.53379964555217e-08,9.61435951978708e-147,0.172331280656407,TRUE,TRUE,FALSE
"CAALFM_C106380CA",7,"C1_06380C_A",0.0747692484972207,1.56170903204631e-21,0.0390845265499477,FALSE,TRUE,TRUE
"CAALFM_C106390WA",4,"C1_06390W_A",0.0123432050260117,6.06972998393449e-37,8.72859044641347e-08,TRUE,TRUE,TRUE
"CAALFM_C106400CA",7,"C1_06400C_A",0.188495443215877,3.21935784063695e-11,0.221467765247816,FALSE,TRUE,FALSE
"CAALFM_C106410WA",6,"C1_06410W_A",0.00264484843515192,1.78610728964585e-26,0.114428094096289,TRUE,TRUE,FALSE
"CAALFM_C106420CA",7,"C1_06420C_A",0.045977200239678,5.98318910336475e-20,0.0339701337589366,TRUE,TRUE,TRUE
"CAALFM_C106430CA",6,"C1_06430C_A",5.21950583336307e-09,4.86971606461261e-261,0.000466499725405584,TRUE,TRUE,TRUE
"CAALFM_C106440CA",3,"C1_06440C_A",0.124735637931313,4.57368262562134e-25,0.3525504058389,FALSE,TRUE,FALSE
"RPS14B",1,"C1_06450C_A",1.63368326479069e-21,5.80984996966721e-174,0.000485043990155414,TRUE,TRUE,TRUE
"RPS22A",1,"C1_06460C_A",5.70213986507349e-19,9.34660934207256e-142,0.000257701212664332,TRUE,TRUE,TRUE
"CAALFM_C106470WA",1,"C1_06470W_A",4.6887682233994e-18,1.48457462392282e-84,0.00254298839277725,TRUE,TRUE,TRUE
"CAALFM_C106480CA",8,"C1_06480C_A",0.846391141003205,2.34920473404144e-23,0.0481968328864883,FALSE,TRUE,TRUE
"CAALFM_C106490CA",8,"C1_06490C_A",2.02747110740016e-10,0.163493725625985,0.0222663839449737,TRUE,FALSE,TRUE
"CAALFM_C106500WA",4,"C1_06500W_A",0.723816935637003,6.37254260443938e-49,0.0263991393138108,FALSE,TRUE,TRUE
"CAALFM_C106510CA",5,"C1_06510C_A",0.0940879061514723,1.03350060486413e-10,0.138838128199127,FALSE,TRUE,FALSE
"BPH1",5,"C1_06520C_A",4.39866321371051e-05,3.75155889406326e-102,0.0526194800896231,TRUE,TRUE,FALSE
"CAALFM_C106530CA",1,"C1_06530C_A",0.325835642429085,1.12393030205351e-16,0.316292674947768,FALSE,TRUE,FALSE
"CAALFM_C106540CA",1,"C1_06540C_A",0.0298132574345409,3.8508094158752e-89,0.00414478709885723,TRUE,TRUE,TRUE
"GLT1",1,"C1_06550W_A",0.343391483131475,2.248195037167e-71,1.94740815007983e-19,FALSE,TRUE,TRUE
"CAALFM_C106560WA",4,"C1_06560W_A",0.000237622110619663,7.93555005130009e-21,5.63259147552147e-11,TRUE,TRUE,TRUE
"ANT1",6,"C1_06570W_A",0.5619501521673,5.79034490186947e-86,8.73062777592358e-05,FALSE,TRUE,TRUE
"RPS23A",1,"C1_06580W_A",3.59384857035135e-16,6.680344681996e-147,0.00157899925372551,TRUE,TRUE,TRUE
"CAALFM_C106590CA",4,"C1_06590C_A",0.00327810051608476,1.07671717872174e-13,0.231756160302351,TRUE,TRUE,FALSE
"CAALFM_C106600WA",5,"C1_06600W_A",0.285608903882044,2.85042771988471e-09,0.161203629374156,FALSE,TRUE,FALSE
"HAK1",6,"C1_06610C_A",3.8389630307582e-12,3.15927932387202e-18,0.000694815053188076,TRUE,TRUE,TRUE
"CAALFM_C106620CA",7,"C1_06620C_A",0.555636707494094,5.3537265010609e-16,0.698429981465241,FALSE,TRUE,FALSE
"CAALFM_C106630WA",2,"C1_06630W_A",7.46479845629752e-14,8.52944284375082e-13,0.0628722533068889,TRUE,TRUE,FALSE
"CAALFM_C106640CA",6,"C1_06640C_A",0.204841375259936,7.31599333544813e-09,0.12893027078944,FALSE,TRUE,FALSE
"CAALFM_C106650WA",1,"C1_06650W_A",0.16055232747986,1.00239995489512e-55,1.59595922834399e-05,FALSE,TRUE,TRUE
"CAALFM_C106660WA",5,"C1_06660W_A",1.59386212400909e-18,2.78629276705103e-30,1.79857350893486e-15,TRUE,TRUE,TRUE
"CAALFM_C106670WA",5,"C1_06670W_A",0.111951151528176,7.68453909688161e-41,0.117585256311893,FALSE,TRUE,FALSE
"VPS34",5,"C1_06680W_A",0.528317417933227,6.1565387395729e-12,0.0356292081193081,FALSE,TRUE,TRUE
"CYK3",4,"C1_06690W_A",3.52709374874854e-05,2.32343715693169e-08,0.000894679099410059,TRUE,TRUE,TRUE
"CAALFM_C106700WA",4,"C1_06700W_A",4.20097571925379e-10,1.41690200870701e-20,6.96107969845109e-06,TRUE,TRUE,TRUE
"CAALFM_C106710WA",4,"C1_06710W_A",0.478118664949186,2.29219557417718e-05,0.834354434176864,FALSE,TRUE,FALSE
"CAALFM_C106720CA",6,"C1_06720C_A",0.0479205216965829,1.91904062711622e-23,0.090610284394806,TRUE,TRUE,FALSE
"RAC1",1,"C1_06730W_A",0.352037330833633,6.20696337768724e-29,0.0209356444723723,FALSE,TRUE,TRUE
"NOP6",3,"C1_06740C_A",0.00129074721266987,8.98512688246577e-37,0.460271601870141,TRUE,TRUE,FALSE
"CAALFM_C106770WA",1,"C1_06770W_A",0.10701588079107,6.87902051533298e-27,0.0025894403201627,FALSE,TRUE,TRUE
"NPR1",6,"C1_06780W_A",0.00218724985454927,8.15281628248723e-41,0.0055742722098061,TRUE,TRUE,TRUE
"MRPL19",2,"C1_06790C_A",0.000151659569619501,5.02516318138305e-20,0.0460098890217457,TRUE,TRUE,TRUE
"CAALFM_C106800WA",3,"C1_06800W_A",0.00429300539253801,3.17460656216806e-21,0.526591179248658,TRUE,TRUE,FALSE
"CAT1",6,"C1_06810W_A",1.55772556170935e-05,2.4108698657459e-59,0.00029496173780379,TRUE,TRUE,TRUE
"CAALFM_C106820WA",8,"C1_06820W_A",2.42109159565929e-05,2.86843623535262e-123,0.00050151296824388,TRUE,TRUE,TRUE
"CAALFM_C106830WA",8,"C1_06830W_A",6.44212098478283e-12,7.04030282992735e-06,0.0134909560692119,TRUE,TRUE,TRUE
"CAALFM_C106840CA",8,"C1_06840C_A",0.785422692017722,1.4347237034601e-20,0.019236271382993,FALSE,TRUE,TRUE
"PCL7",8,"C1_06850W_A",2.50848599497067e-06,3.92094657471032e-20,2.1507811264077e-07,TRUE,TRUE,TRUE
"CAALFM_C106860WA",8,"C1_06860W_A",6.77293876932546e-18,5.20492810214429e-247,6.68070519879756e-05,TRUE,TRUE,TRUE
"CAALFM_C106870CA",8,"C1_06870C_A",0.000957674703107019,5.53807076082177e-06,0.0639446098013697,TRUE,TRUE,FALSE
"SPO22",7,"C1_06880C_A",0.0379998372193367,4.58737838134215e-23,0.10373293921422,TRUE,TRUE,FALSE
"CAALFM_C106890CA",1,"C1_06890C_A",1.36516902695579e-24,4.74028168454948e-133,0.00179183995463797,TRUE,TRUE,TRUE
"MMD1",1,"C1_06900C_A",0.000249694639190323,2.05517568588579e-82,0.158553266366863,TRUE,TRUE,FALSE
"CAALFM_C106910CA",2,"C1_06910C_A",0.153711639957535,7.83349288150817e-06,0.0185110996711326,FALSE,TRUE,TRUE
"CAALFM_C106920CA",1,"C1_06920C_A",0.00225703758425989,7.6783507771407e-17,0.0512082640260015,TRUE,TRUE,FALSE
"PGA63",1,"C1_06930W_A",0.00384565198264177,1.82213018324088e-33,0.00132820261544031,TRUE,TRUE,TRUE
"ATC1",5,"C1_06940C_A",1.98331544364865e-10,1.88827887554877e-100,0.0435846038600212,TRUE,TRUE,TRUE
"tP(AGG)1",2,"C1_06950C_A",0.111045165709358,0.000728137135538451,0.444234462091973,FALSE,TRUE,FALSE
"SUI2",1,"C1_06960W_A",5.62710114021533e-23,2.03242359967639e-116,0.0833635442481395,TRUE,TRUE,FALSE
"CAALFM_C106970CA",5,"C1_06970C_A",0.0067000478912665,0.0115971546971948,0.077022016074751,TRUE,TRUE,FALSE
"CAALFM_C106980CA",8,"C1_06980C_A",1.02228169242283e-08,2.11663760694522e-67,0.0701627424051806,TRUE,TRUE,FALSE
"MEF2",7,"C1_07000W_A",0.00114968446941407,2.47712843196487e-28,0.0045086178790167,TRUE,TRUE,TRUE
"CAALFM_C107010WA",8,"C1_07010W_A",0.0170500800461875,1.16092143314659e-55,0.0504742995772194,TRUE,TRUE,FALSE
"PUT3",7,"C1_07020C_A",0.0639454044237364,3.17350383977283e-07,0.0206494087357553,FALSE,TRUE,TRUE
"RBT4",8,"C1_07030C_A",0.738884609230458,2.5622229431708e-53,0.0270217226683019,FALSE,TRUE,TRUE
"CAALFM_C107040CA",7,"C1_07040C_A",NA,4.11304218677136e-47,0.000653431940209263,FALSE,TRUE,TRUE
"CAALFM_C107050CA",7,"C1_07050C_A",0.156429970006117,3.25466900954758e-06,0.0268452057752511,FALSE,TRUE,TRUE
"CAALFM_C107060CA",2,"C1_07060C_A",0.874107144884585,3.62289454502057e-11,0.0102536817255338,FALSE,TRUE,TRUE
"DHH1",8,"C1_07070C_A",0.430421259870209,2.77299747299615e-24,9.94173975827604e-07,FALSE,TRUE,TRUE
"CAALFM_C107080WA",6,"C1_07080W_A",4.33324108652175e-17,2.432158809977e-274,2.03240481752342e-07,TRUE,TRUE,TRUE
"CAALFM_C107090CA",3,"C1_07090C_A",0.0175341331258995,6.9865617679062e-26,0.255482282839063,TRUE,TRUE,FALSE
"CAALFM_C107100CA",6,"C1_07100C_A",0.00539138589268818,0.00263449267100547,0.00161488173731138,TRUE,TRUE,TRUE
"TAF145",6,"C1_07110W_A",0.275903763960733,7.86819787847805e-21,0.0120139277937399,FALSE,TRUE,TRUE
"GAP4",1,"C1_07120W_A",0.807140788939619,4.64800071606874e-92,2.17726254496194e-06,FALSE,TRUE,TRUE
"CAALFM_C107130CA",3,"C1_07130C_A",0.0552848052022701,5.27618637020983e-06,0.314373384153956,FALSE,TRUE,FALSE
"RIA1",1,"C1_07140C_A",0.00427373815286382,3.08630345595536e-27,0.00431879602194671,TRUE,TRUE,TRUE
"CAALFM_C107150WA",2,"C1_07150W_A",0.000186832809130838,5.35325742480415e-26,1.20337808188098e-09,TRUE,TRUE,TRUE
"CAALFM_C107160CA",6,"C1_07160C_A",6.02536989484003e-07,1.04226461001142e-56,3.24533708895725e-08,TRUE,TRUE,TRUE
"ZCF23",6,"C1_07170C_A",0.0886840168094146,1.52473535324501e-26,0.0241637952201037,FALSE,TRUE,TRUE
"CCS1",5,"C1_07180W_A",0.000992030577626547,5.91592895944457e-96,0.772753762031838,TRUE,TRUE,FALSE
"SOG2",8,"C1_07190W_A",0.0227232979958153,2.49640926137515e-26,0.00017730629686488,TRUE,TRUE,TRUE
"YMC1",1,"C1_07200W_A",6.6546284052896e-19,1.20101113371054e-99,0.00112089404964468,TRUE,TRUE,TRUE
"CAALFM_C107210CA",1,"C1_07210C_A",0.346124273843839,3.08668628417694e-16,0.035872883114941,FALSE,TRUE,TRUE
"CAALFM_C107220WA",8,"C1_07220W_A",4.50915871899978e-15,1.53339848438127e-71,0.0357079351601464,TRUE,TRUE,TRUE
"PHO15",4,"C1_07230W_A",3.48952919210225e-13,5.06912652456535e-46,0.0474427937406481,TRUE,TRUE,TRUE
"YPD1",6,"C1_07240W_A",0.27420687530923,8.75678203950798e-17,0.000224000695375406,FALSE,TRUE,TRUE
"ALG9",1,"C1_07250C_A",0.305371428602743,9.17765110354079e-14,0.0627222908071353,FALSE,TRUE,FALSE
"CAALFM_C107260CA",2,"C1_07260C_A",0.143116489955171,1.71587546181813e-28,0.0585020465556792,FALSE,TRUE,FALSE
"SEC34",1,"C1_07270W_A",0.0414687337552282,5.11622637052629e-13,0.394376366083922,TRUE,TRUE,FALSE
"CAALFM_C107280CA",7,"C1_07280C_A",0.360326332382585,6.32323233593197e-09,0.00522839875780288,FALSE,TRUE,TRUE
"tL(AAG)2",8,"C1_07310C_A",0.000170253945616671,9.63230451199307e-24,0.0903933628501089,TRUE,TRUE,FALSE
"CAALFM_C107320WA",8,"C1_07320W_A",5.71227406173567e-06,1.88627356744836e-08,0.0724286525098453,TRUE,TRUE,FALSE
"RME1",7,"C1_07330W_A",0.00162666838014702,6.18963613382644e-111,0.000612142018740782,TRUE,TRUE,TRUE
"CAALFM_C107340WA",2,"C1_07340W_A",0.0877675772684627,3.98143940192232e-16,0.0104650379249056,FALSE,TRUE,TRUE
"GPX3",6,"C1_07350C_A",0.00940368399287211,7.52573070141742e-09,0.00473825707334173,TRUE,TRUE,TRUE
"CAALFM_C107360WA",8,"C1_07360W_A",1.31598105670847e-15,2.09523099265424e-107,0.000315898532632101,TRUE,TRUE,TRUE
"CPH1",7,"C1_07370C_A",0.0472216818236905,4.68984736889156e-27,0.00220626152388843,TRUE,TRUE,TRUE
"KSP1",8,"C1_07380C_A",2.21296985684218e-12,6.66514966684298e-82,0.000728328337789702,TRUE,TRUE,TRUE
"CAALFM_C107390WA",6,"C1_07390W_A",0.449341670638299,1.41342547614069e-33,0.00966486320351775,FALSE,TRUE,TRUE
"CAALFM_C107400CA",6,"C1_07400C_A",0.347113266023888,1.15306502867254e-60,5.8963604588324e-05,FALSE,TRUE,TRUE
"SKP1",6,"C1_07410C_A",0.779365942614842,8.42812429164383e-34,3.64263911460202e-05,FALSE,TRUE,TRUE
"PEX3",6,"C1_07420C_A",0.0360333979828424,5.34164682596634e-39,0.208568817409551,TRUE,TRUE,FALSE
"PHO100",6,"C1_07430W_A",NA,1.36679885836989e-44,3.65126055503003e-07,FALSE,TRUE,TRUE
"CAALFM_C107440WA",5,"C1_07440W_A",1.27447944988133e-05,1.04670747439225e-56,0.168087661785655,TRUE,TRUE,FALSE
"CAALFM_C107450WA",6,"C1_07450W_A",0.0123975050891917,1.76607830373845e-37,0.343021045326858,TRUE,TRUE,FALSE
"GPI8",1,"C1_07460C_A",0.00719349852097194,5.72234709614782e-08,0.00300690990827331,TRUE,TRUE,TRUE
"CAALFM_C107470CA",2,"C1_07470C_A",0.00478151667271078,4.84899270589168e-25,0.0021995822948564,TRUE,TRUE,TRUE
"CAALFM_C107480CA",7,"C1_07480C_A",0.012643501271291,2.60919209027416e-57,0.090080904202999,TRUE,TRUE,FALSE
"CAALFM_C107490CA",2,"C1_07490C_A",5.52728757963283e-10,6.09924008512921e-14,0.0023073400612613,TRUE,TRUE,TRUE
"LHP1",1,"C1_07500C_A",0.000106938377048066,6.11647319430771e-94,0.0586673153044919,TRUE,TRUE,FALSE
"CAALFM_C107510WA",2,"C1_07510W_A",0.00707738478529358,2.81086791784686e-78,0.615597462814972,TRUE,TRUE,FALSE
"IST2",5,"C1_07520C_A",9.03902223078216e-05,3.54318567096653e-46,0.000313223971134205,TRUE,TRUE,TRUE
"CAALFM_C107530WA",7,"C1_07530W_A",0.711039196497093,1.4621020682332e-28,0.898123403311256,FALSE,TRUE,FALSE
"BBC1",6,"C1_07540C_A",6.67748094134468e-07,1.82230003025832e-132,0.000914640667541849,TRUE,TRUE,TRUE
"SWD2",1,"C1_07550W_A",0.0635470947436141,7.36531001095943e-23,0.421269166279097,FALSE,TRUE,FALSE
"CAALFM_C107560WA",8,"C1_07560W_A",1.65946237549556e-05,2.61944956021237e-55,0.119583266833076,TRUE,TRUE,FALSE
"CAALFM_C107570CA",2,"C1_07570C_A",0.0923038582550427,0.0406714799265626,0.214133206284303,FALSE,TRUE,FALSE
"PRY1",6,"C1_07580C_A",5.68604947545997e-06,6.9270628160664e-131,8.54329147496972e-07,TRUE,TRUE,TRUE
"CAALFM_C107590CA",1,"C1_07590C_A",0.716246195994438,1.90096377342423e-12,0.0223050303766222,FALSE,TRUE,TRUE
"ATP7",4,"C1_07600W_A",0.0391137781241193,3.16569138454466e-31,0.00447973580186662,TRUE,TRUE,TRUE
"CAALFM_C107610CA",6,"C1_07610C_A",0.206812428956476,0.0481180871713537,0.000216827134702061,FALSE,TRUE,TRUE
"PIR32",7,"C1_07620C_A",0.000787703527088003,5.31816472740303e-35,0.10054511370574,TRUE,TRUE,FALSE
"CAALFM_C107630WA",4,"C1_07630W_A",0.0189535472341304,5.02067406893841e-09,0.380088268946206,TRUE,TRUE,FALSE
"CAALFM_C107640CA",8,"C1_07640C_A",2.2209921171711e-29,4.80450409487096e-109,1.00633534597382e-06,TRUE,TRUE,TRUE
"CAALFM_C107650WA",7,"C1_07650W_A",0.000220755665708295,4.81889964168622e-104,0.119403331560635,TRUE,TRUE,FALSE
"CAALFM_C107660WA",8,"C1_07660W_A",1.11996755281438e-05,4.06406228695542e-20,0.164164373928232,TRUE,TRUE,FALSE
"ZCF4",7,"C1_07670W_A",2.38863925958816e-07,3.23477921529689e-08,0.00019885857254464,TRUE,TRUE,TRUE
"HAP2",8,"C1_07680W_A",7.16011103458188e-10,2.06816607563114e-10,0.000208829045472818,TRUE,TRUE,TRUE
"CAALFM_C107690CA",3,"C1_07690C_A",0.500163506341099,3.90836737217166e-10,0.761345727604882,FALSE,TRUE,FALSE
"VRG4",1,"C1_07700C_A",0.521039641995012,9.84178353742795e-133,7.48354706316287e-05,FALSE,TRUE,TRUE
"ADE4",1,"C1_07710C_A",0.116014352935281,1.04422642508867e-144,3.06268632114761e-05,FALSE,TRUE,TRUE
"CAALFM_C107780WA",4,"C1_07780W_A",0.216617727870345,9.03064789884491e-05,0.484740068928284,FALSE,TRUE,FALSE
"CAALFM_C107790CA",3,"C1_07790C_A",0.000204683542028396,5.12623679383054e-85,8.95944684912175e-05,TRUE,TRUE,TRUE
"MTO1",2,"C1_07800W_A",0.000440526450356821,2.62147404842467e-26,0.0350901796430223,TRUE,TRUE,TRUE
"CAALFM_C107810CA",2,"C1_07810C_A",0.0308179407108311,6.40584477825653e-27,0.390242757881873,TRUE,TRUE,FALSE
"CAALFM_C107820WA",1,"C1_07820W_A",0.563432135753521,1.12803422009378e-10,0.706518701857366,FALSE,TRUE,FALSE
"CAALFM_C107830CA",6,"C1_07830C_A",0.42973579733362,2.81467234145777e-13,0.00177157511347044,FALSE,TRUE,TRUE
"CAALFM_C107840WA",5,"C1_07840W_A",3.2858955752853e-06,2.30658805775349e-75,0.160874350944845,TRUE,TRUE,FALSE
"CAALFM_C107850CA",2,"C1_07850C_A",0.604574630049875,0.0109324440546006,0.197773386805792,FALSE,TRUE,FALSE
"CAALFM_C107860WA",2,"C1_07860W_A",0.493063044676866,2.351620203033e-07,0.0444708406220531,FALSE,TRUE,TRUE
"SMI1",8,"C1_07870C_A",0.000217208854754038,4.43735707275118e-18,0.0296945552149562,TRUE,TRUE,TRUE
"GCS1",8,"C1_07880C_A",0.0451922340133743,4.09796731449436e-31,2.302500505237e-06,TRUE,TRUE,TRUE
"ADE5%2C7",1,"C1_07890C_A",0.017333153651234,3.65860577659303e-223,4.1697128185545e-06,TRUE,TRUE,TRUE
"COI1",4,"C1_07900W_A",0.0296254669538405,2.64612939724236e-48,7.59130523512035e-05,TRUE,TRUE,TRUE
"MRPL3",1,"C1_07910C_A",0.00354600920611605,6.70783304915282e-215,0.000516262051763641,TRUE,TRUE,TRUE
"CAALFM_C107920WA",4,"C1_07920W_A",0.0187579373904625,4.28584806049132e-14,8.84393566019015e-06,TRUE,TRUE,TRUE
"ERD1",4,"C1_07930C_A",0.126415103194506,1.4250701476324e-59,0.0555179143808185,FALSE,TRUE,FALSE
"CAALFM_C107950CA",3,"C1_07950C_A",0.00233254234709911,2.17571091585738e-41,0.137701280587236,TRUE,TRUE,FALSE
"CAALFM_C107960WA",3,"C1_07960W_A",7.09069217158998e-05,5.25504195364622e-35,0.0293363621710099,TRUE,TRUE,TRUE
"IRE1",8,"C1_07970C_A",9.00013262227683e-06,2.47040116357735e-07,9.47955060141533e-06,TRUE,TRUE,TRUE
"CAALFM_C107980CA",6,"C1_07980C_A",1.67862508800908e-14,3.53812052789625e-54,0.00302462151556683,TRUE,TRUE,TRUE
"CAALFM_C107990CA",8,"C1_07990C_A",2.49093026545127e-29,1.58947512896424e-87,1.60348727948938e-11,TRUE,TRUE,TRUE
"NRP1",2,"C1_08000W_A",0.00324875773728964,8.75141766114362e-14,0.00173325024509999,TRUE,TRUE,TRUE
"DPM1",1,"C1_08010W_A",0.000683022963653535,8.48656810596144e-42,0.00331152727402766,TRUE,TRUE,TRUE
"UBA2",4,"C1_08020W_A",7.26705686636442e-05,5.21264382905004e-21,0.0478614078331038,TRUE,TRUE,TRUE
"PFY1",4,"C1_08030W_A",0.000481522278063371,2.26955623929556e-08,0.00201481868995513,TRUE,TRUE,TRUE
"CAALFM_C108040WA",8,"C1_08040W_A",0.000128132910100376,3.49957200889093e-52,0.256506895764411,TRUE,TRUE,FALSE
"CAALFM_C108050WA",4,"C1_08050W_A",0.000104820114563665,5.56735405108188e-36,0.316367212526895,TRUE,TRUE,FALSE
"OFR1",6,"C1_08060W_A",5.17649628914467e-07,6.03943941867852e-51,0.000612142018740782,TRUE,TRUE,TRUE
"CDR4",5,"C1_08070W_A",1.09508592603204e-14,6.84758261127886e-99,2.14213406427426e-06,TRUE,TRUE,TRUE
"CAALFM_C108080CA",4,"C1_08080C_A",0.0246756625776912,1.54049618322469e-29,0.0151411038649554,TRUE,TRUE,TRUE
"FUN12",1,"C1_08090C_A",1.06669520201527e-11,1.84308641751626e-83,0.000225457495672905,TRUE,TRUE,TRUE
"DRG1",1,"C1_08100W_A",0.00226405027047425,8.41518819991018e-134,0.120051030061296,TRUE,TRUE,FALSE
"CAALFM_C108110WA",1,"C1_08110W_A",0.000195850275685989,5.54165076280753e-142,5.82825041020037e-06,TRUE,TRUE,TRUE
"BUD6",6,"C1_08120W_A",0.0597588889170508,3.5253818835488e-13,0.000974109897357531,FALSE,TRUE,TRUE
"TERT",6,"C1_08130C_A",3.21331670005593e-06,9.89341722313161e-30,0.00338314944960398,TRUE,TRUE,TRUE
"CAALFM_C108140WA",2,"C1_08140W_A",0.00838054154122885,5.71964638802543e-15,0.0012829962385174,TRUE,TRUE,TRUE
"CAALFM_C108150CA",2,"C1_08150C_A",0.323728795121533,1.51167955982217e-10,0.0213639372275578,FALSE,TRUE,TRUE
"CAALFM_C108160WA",1,"C1_08160W_A",0.437986855713575,0.000421844134173578,0.686460273098077,FALSE,TRUE,FALSE
"BUL1",2,"C1_08170C_A",6.90128718494468e-15,5.46797579114584e-12,2.66421481322928e-18,TRUE,TRUE,TRUE
"CAALFM_C108180CA",5,"C1_08180C_A",0.0557844022401605,1.27538921048308e-79,0.0409710996828935,FALSE,TRUE,TRUE
"CAT8",2,"C1_08190C_A",7.13959732293385e-07,3.67414765599033e-21,2.02790427202264e-19,TRUE,TRUE,TRUE
"NTG1",6,"C1_08200W_A",0.193548279031268,0.00807701325001122,0.6279194879262,FALSE,TRUE,FALSE
"MLT1",1,"C1_08210C_A",0.0736984610518714,2.96897803641136e-84,3.79733194048138e-09,FALSE,TRUE,TRUE
"CCR4",8,"C1_08220W_A",0.155625247237312,6.30951245918746e-14,0.0540000782088413,FALSE,TRUE,FALSE
"PLB5",5,"C1_08230C_A",5.31846277023735e-08,9.85473091863421e-98,0.703675358379544,TRUE,TRUE,FALSE
"LTP1",4,"C1_08260C_A",0.0262259892329138,6.57142723405093e-14,8.50119389538477e-05,TRUE,TRUE,TRUE
"MED15",1,"C1_08270C_A",0.700635390402256,1.49386459258623e-11,0.296045382138493,FALSE,TRUE,FALSE
"DIP2",1,"C1_08290C_A",0.000496012372358071,1.30237782729288e-94,0.0196012665600574,TRUE,TRUE,TRUE
"NOT5",4,"C1_08300W_A",0.480831224633793,1.73548100574043e-10,0.0287081748439489,FALSE,TRUE,TRUE
"OPY2",8,"C1_08310W_A",1.00587577253508e-07,3.47874453177858e-10,0.000714499052658575,TRUE,TRUE,TRUE
"TKL1",1,"C1_08320W_A",0.0239659792356142,6.77912630759053e-87,5.44786613170134e-06,TRUE,TRUE,TRUE
"ADH2",5,"C1_08330C_A",3.28266220815602e-06,1.49271520637168e-152,0.196986051838664,TRUE,TRUE,FALSE
"CAALFM_C108340CA",6,"C1_08340C_A",6.57377463339257e-05,1.19995424726285e-30,0.54267698282248,TRUE,TRUE,FALSE
"CAALFM_C108350CA",5,"C1_08350C_A",0.000263317542063047,8.91436957223488e-18,0.222997146651845,TRUE,TRUE,FALSE
"OLE1",8,"C1_08360C_A",0.549959033537068,1.69424308034624e-64,2.10830406904315e-10,FALSE,TRUE,TRUE
"SDS24",8,"C1_08370W_A",0.000124428592307376,1.2199948558627e-28,0.00141411384736379,TRUE,TRUE,TRUE
"TEF2",1,"C1_08380W_A",0.00346602052040594,7.86217480031617e-104,0.00622450283849382,TRUE,TRUE,TRUE
"CAALFM_C108390CA",6,"C1_08390C_A",0.94091192936956,1.8381977704658e-17,0.139377741525148,FALSE,TRUE,FALSE
"GCV2",1,"C1_08400C_A",0.000180617919150442,1.69388117247288e-34,5.48636173040455e-06,TRUE,TRUE,TRUE
"SAM4",1,"C1_08410C_A",5.23027513355486e-08,1.6187664068377e-64,0.560877140557474,TRUE,TRUE,FALSE
"GCR3",1,"C1_08420W_A",0.0132299252802462,1.59110619822829e-101,0.352324521951545,TRUE,TRUE,FALSE
"CAF16",4,"C1_08430W_A",2.16304112905629e-10,2.18499770803165e-67,0.000756567956054017,TRUE,TRUE,TRUE
"CAALFM_C108440CA",2,"C1_08440C_A",0.00307399022684314,2.02473397316047e-17,0.00702364884006561,TRUE,TRUE,TRUE
"CDC42",1,"C1_08450C_A",0.854768194809427,1.21585518114957e-38,0.335864186539316,FALSE,TRUE,FALSE
"UPC2",1,"C1_08460C_A",0.10090114937379,4.76345945467198e-14,0.104677926729728,FALSE,TRUE,FALSE
"CAALFM_C108470WA",4,"C1_08470W_A",9.91383486363875e-08,0.478446003592723,3.64345364237645e-09,TRUE,FALSE,TRUE
"APS3",6,"C1_08480C_A",0.27585221059418,2.70898213292438e-24,0.302782818243763,FALSE,TRUE,FALSE
"CAALFM_C108490WA",1,"C1_08490W_A",0.00172826627742389,4.61896591484856e-41,0.00731637881183559,TRUE,TRUE,TRUE
"ENO1",1,"C1_08500C_A",4.01033297017432e-05,3.17138812400059e-135,2.38405250460038e-10,TRUE,TRUE,TRUE
"EAF6",2,"C1_08510W_A",5.73537623062124e-05,6.13954216871347e-09,4.37641646678936e-05,TRUE,TRUE,TRUE
"CAALFM_C108520CA",1,"C1_08520C_A",5.4299748506468e-24,3.23829269522599e-117,1.96788333925005e-06,TRUE,TRUE,TRUE
"CAALFM_C108530WA",6,"C1_08530W_A",2.72516932258624e-08,4.1175649914694e-89,0.072834317840024,TRUE,TRUE,FALSE
"CAALFM_C108540CA",8,"C1_08540C_A",0.000207861475357553,4.17918691396625e-13,0.000644822576011431,TRUE,TRUE,TRUE
"GCF1",4,"C1_08550C_A",0.000187758336210821,7.5057661160619e-46,0.000320046286914284,TRUE,TRUE,TRUE
"TCP1",1,"C1_08560W_A",7.82149381045326e-12,4.63387290411825e-114,0.0226221083244599,TRUE,TRUE,TRUE
"PCL2",2,"C1_08570C_A",3.18493974191712e-06,4.14592788497521e-29,1.73333007605983e-06,TRUE,TRUE,TRUE
"VCX1",4,"C1_08580C_A",0.242274542026306,2.48375095300653e-38,0.950492253391027,FALSE,TRUE,FALSE
"ERG1",1,"C1_08590C_A",6.48303900588241e-10,6.59605286922665e-45,0.0476183792362695,TRUE,TRUE,TRUE
"GCD6",1,"C1_08600C_A",4.48466836007052e-07,6.77325561970425e-115,1.36578006219449e-05,TRUE,TRUE,TRUE
"CAALFM_C108610CA",8,"C1_08610C_A",3.56701611903572e-09,4.28082411015518e-45,1.5903949693244e-06,TRUE,TRUE,TRUE
"CTR2",8,"C1_08620W_A",4.78029914290781e-08,2.97348430254896e-23,0.000858135020006455,TRUE,TRUE,TRUE
"CAALFM_C108630WA",8,"C1_08630W_A",0.0463593998192379,7.21603626052471e-29,0.217054439512795,TRUE,TRUE,FALSE
"RTG1",6,"C1_08640W_A",0.147624721174491,3.85285107751316e-23,0.0598874192872368,FALSE,TRUE,FALSE
"FAD1",5,"C1_08650C_A",0.062431399444703,3.47578625629598e-24,0.271337233636877,FALSE,TRUE,FALSE
"CAALFM_C108660CA",2,"C1_08660C_A",0.343170675973983,8.90486188816769e-33,0.0500169579115719,FALSE,TRUE,FALSE
"SWI6",2,"C1_08670W_A",0.001095327897915,2.5615532467581e-24,0.0315342757480529,TRUE,TRUE,TRUE
"CAALFM_C108680CA",6,"C1_08680C_A",0.890599206459326,2.23238245358391e-06,0.174031307377717,FALSE,TRUE,FALSE
"CAALFM_C108690WA",1,"C1_08690W_A",0.314883238740493,1.7656924860128e-07,0.333756613061073,FALSE,TRUE,FALSE
"CAALFM_C108700WA",7,"C1_08700W_A",7.78702357587532e-05,5.64461556264568e-50,0.00511038035823715,TRUE,TRUE,TRUE
"CAALFM_C108710WA",7,"C1_08710W_A",0.105136999812992,5.91888244915254e-10,0.174031307377717,FALSE,TRUE,FALSE
"CAALFM_C108730WA",7,"C1_08730W_A",0.0231425338539089,1.93556952728558e-08,0.0722405789017483,TRUE,TRUE,FALSE
"SEC24",1,"C1_08740C_A",0.140761022371439,8.78803351041334e-76,0.000868533248416749,FALSE,TRUE,TRUE
"YMC2",1,"C1_08750W_A",0.0685970844538182,1.5944104573226e-98,1.2904296497991e-05,FALSE,TRUE,TRUE
"CAALFM_C108760WA",2,"C1_08760W_A",0.000655845344877814,3.35252376497934e-05,4.93371635651088e-06,TRUE,TRUE,TRUE
"CAALFM_C108770WA",6,"C1_08770W_A",1.16776183308265e-08,3.69270073090833e-20,7.3945683877732e-05,TRUE,TRUE,TRUE
"CAALFM_C108780WA",5,"C1_08780W_A",0.013079776669546,1.66812615361272e-14,0.00143858532816405,TRUE,TRUE,TRUE
"TPO3",8,"C1_08790W_A",7.72566352113792e-05,2.19588223334149e-67,0.000111480915168776,TRUE,TRUE,TRUE
"CAALFM_C108800WA",8,"C1_08800W_A",0.593291567205211,0.00450289118754711,0.368338339865802,FALSE,TRUE,FALSE
"MSS116",8,"C1_08810C_A",0.009114691643202,1.23736761371997e-55,0.00184850177227553,TRUE,TRUE,TRUE
"CAALFM_C108820CA",4,"C1_08820C_A",0.410735068908749,1.63777390213039e-07,0.0333418293325882,FALSE,TRUE,TRUE
"CAALFM_C108830CA",7,"C1_08830C_A",0.53322315002158,4.41157584178201e-07,0.134352340432986,FALSE,TRUE,FALSE
"CAALFM_C108840WA",8,"C1_08840W_A",0.0366091174453989,0.00880687924049019,0.124036045937115,TRUE,TRUE,FALSE
"AFG1",6,"C1_08850C_A",0.0083282048999266,3.56579835581683e-23,0.000133171505204865,TRUE,TRUE,TRUE
"CAALFM_C108860CA",4,"C1_08860C_A",0.810162475122334,6.55013003885377e-21,0.023168859862278,FALSE,TRUE,TRUE
"JIP5",1,"C1_08870C_A",0.000673772924361111,3.66990585908277e-80,0.000794533230186031,TRUE,TRUE,TRUE
"HEM14",4,"C1_08880W_A",0.000821050537871253,1.30492989230651e-06,0.113116904404642,TRUE,TRUE,FALSE
"CAALFM_C108890CA",8,"C1_08890C_A",0.00498814230354656,1.23481919148722e-06,0.183842356233643,TRUE,TRUE,FALSE
"CAALFM_C108900WA",1,"C1_08900W_A",0.785702727135215,1.55088019171279e-32,0.0020979707363192,FALSE,TRUE,TRUE
"CAALFM_C108910CA",2,"C1_08910C_A",0.0521405711989424,8.11085341461781e-10,0.162752279319757,FALSE,TRUE,FALSE
"CAALFM_C108920WA",1,"C1_08920W_A",6.97823154343169e-10,1.63555322662345e-168,0.391863546997471,TRUE,TRUE,FALSE
"CAALFM_C108930CA",4,"C1_08930C_A",0.00257054778305862,3.67174695746717e-05,0.000397289933967291,TRUE,TRUE,TRUE
"MSN4",5,"C1_08940C_A",3.69460128457767e-08,1.72225058889849e-42,1.48932551622965e-05,TRUE,TRUE,TRUE
"PFK26",7,"C1_08950W_A",0.0228046799116602,4.05429617655781e-29,0.0404962070939359,TRUE,TRUE,TRUE
"CAALFM_C108960WA",8,"C1_08960W_A",1.095976531516e-09,5.04987769308282e-09,0.00768334204481226,TRUE,TRUE,TRUE
"CAALFM_C108970WA",8,"C1_08970W_A",9.70949475221585e-09,3.23680893092169e-42,3.35954296326691e-06,TRUE,TRUE,TRUE
"ZWF1",4,"C1_08980C_A",0.0872792804054579,2.01444649198511e-156,4.49793359968591e-06,FALSE,TRUE,TRUE
"KEX2",1,"C1_08990C_A",0.480831224633793,3.32499502452058e-79,1.41098292242545e-05,FALSE,TRUE,TRUE
"CAALFM_C109000WA",5,"C1_09000W_A",8.75564288783048e-07,9.58709958667116e-40,0.258411321195177,TRUE,TRUE,FALSE
"NAR1",7,"C1_09010W_A",0.00123834954487855,4.4085049220696e-37,0.0503570948127887,TRUE,TRUE,FALSE
"CAALFM_C109020WA",1,"C1_09020W_A",0.00580907949573119,4.25782063607598e-10,0.168741164097799,TRUE,TRUE,FALSE
"COX5",4,"C1_09030C_A",0.0148578888433267,5.30087655458067e-28,0.934094224067241,TRUE,TRUE,FALSE
"HST1",7,"C1_09050W_A",0.0747957727499181,6.96906045849153e-27,0.202900210133623,FALSE,TRUE,FALSE
"CAALFM_C109060CA",5,"C1_09060C_A",5.56981247716663e-14,1.02972692076729e-44,0.0885090134604429,TRUE,TRUE,FALSE
"CAALFM_C109070WA",8,"C1_09070W_A",1.4814437109256e-06,3.0193351673291e-39,0.0184831649373459,TRUE,TRUE,TRUE
"PGA6",1,"C1_09080C_A",0.0166615275476902,4.23039382065307e-82,0.0336654136786572,TRUE,TRUE,TRUE
"ARG81",7,"C1_09090C_A",1.28574268490228e-05,5.37648190348869e-87,0.00515603151959038,TRUE,TRUE,TRUE
"ZCF28",7,"C1_09100W_A",4.37435440228933e-11,1.15821636804286e-102,0.00663874312700531,TRUE,TRUE,TRUE
"CAALFM_C109110WA",6,"C1_09110W_A",1.02429858844946e-05,9.3304454038477e-115,0.0633378009815402,TRUE,TRUE,FALSE
"IPT1",8,"C1_09120W_A",9.83229285688742e-07,3.37597139119495e-24,0.000206030982802454,TRUE,TRUE,TRUE
"CAALFM_C109130WA",8,"C1_09130W_A",1.28101277430238e-16,1.55243327659065e-89,7.12917987051124e-08,TRUE,TRUE,TRUE
"SSU81",8,"C1_09140C_A",3.50610419410946e-05,4.36125037369886e-06,0.0003810800625385,TRUE,TRUE,TRUE
"AOX2",8,"C1_09150W_A",8.67393614489764e-14,2.80948829779181e-31,1.37056113080568e-08,TRUE,TRUE,TRUE
"AOX1",8,"C1_09160W_A",1.84880890949332e-12,1.18797301053918e-73,0.000589682177596308,TRUE,TRUE,TRUE
"CTA8",8,"C1_09170W_A",7.04405355586593e-06,4.42235140740664e-31,0.00132877226837909,TRUE,TRUE,TRUE
"LYS143",7,"C1_09180W_A",2.97119130300839e-05,1.3511543605599e-56,0.167734018293883,TRUE,TRUE,FALSE
"DAK2",5,"C1_09190C_A",4.34485252560433e-10,2.44311773567785e-71,0.00488621872168551,TRUE,TRUE,TRUE
"LYS142",6,"C1_09200W_A",9.26240903887837e-08,7.54647750453615e-74,0.00326380786565113,TRUE,TRUE,TRUE
"CAALFM_C109210CA",8,"C1_09210C_A",1.22788323224105e-20,1.25763762343355e-81,0.00734810198659762,TRUE,TRUE,TRUE
"CAALFM_C109220WA",5,"C1_09220W_A",0.0107748510642477,3.29379787646823e-75,0.167734018293883,TRUE,TRUE,FALSE
"GRP1",4,"C1_09230C_A",0.0169245858787258,2.57327594194452e-27,0.271337233636877,TRUE,TRUE,FALSE
"CAALFM_C109240CA",8,"C1_09240C_A",0.00617860475117129,2.91333343647182e-14,0.0201440622439595,TRUE,TRUE,TRUE
"CRP1",6,"C1_09250W_A",3.54578904700631e-05,2.30748240707598e-17,1.49568097963185e-06,TRUE,TRUE,TRUE
"PTC1",5,"C1_09260C_A",0.883597092251511,1.12649322883396e-30,0.413336310444511,FALSE,TRUE,FALSE
"FGR43",5,"C1_09270W_A",0.0532813639621822,1.24422697949075e-09,0.307091936413117,FALSE,TRUE,FALSE
"CAALFM_C109280WA",2,"C1_09280W_A",0.108670939039201,6.04342592782098e-05,0.049340722956179,FALSE,TRUE,TRUE
"ARG5%2C6",2,"C1_09290C_A",1.33674612372996e-09,7.82589484704019e-82,2.04056023471604e-42,TRUE,TRUE,TRUE
"CAALFM_C109300CA",6,"C1_09300C_A",7.73489698459672e-07,2.06476050862729e-48,0.000211811650396014,TRUE,TRUE,TRUE
"CAALFM_C109310CA",5,"C1_09310C_A",5.98135936249468e-35,4.89748743588066e-88,1.61138053590841e-10,TRUE,TRUE,TRUE
"CAALFM_C109320CA",8,"C1_09320C_A",1.28685160603626e-09,2.85904174695601e-21,3.9764569830397e-06,TRUE,TRUE,TRUE
"CAALFM_C109330WA",8,"C1_09330W_A",7.68580086978704e-05,1.34033829708919e-112,0.000317615447315467,TRUE,TRUE,TRUE
"CAALFM_C109340CA",8,"C1_09340C_A",7.92281655695769e-21,4.03349949840549e-125,1.8550423206627e-09,TRUE,TRUE,TRUE
"CAALFM_C109350WA",1,"C1_09350W_A",7.70376844494532e-06,5.69801374682502e-61,0.0325564816077617,TRUE,TRUE,TRUE
"CAALFM_C109360CA",5,"C1_09360C_A",0.254084104413103,4.53163804217777e-32,0.205828469523273,FALSE,TRUE,FALSE
"CEF1",6,"C1_09370W_A",0.000550458866244844,8.80084515089983e-24,0.509293876096997,TRUE,TRUE,FALSE
"RIM20",6,"C1_09380W_A",1.38529354188081e-05,7.4812677021838e-47,1.01002295825152e-07,TRUE,TRUE,TRUE
"CAALFM_C109390WA",3,"C1_09390W_A",0.169447096389673,8.70736670520055e-13,0.0314578454787765,FALSE,TRUE,TRUE
"FTH1",5,"C1_09400C_A",3.09733933205374e-27,8.0040346886104e-124,5.37100674073955e-27,TRUE,TRUE,TRUE
"LIP2",8,"C1_09420W_A",9.38826554969243e-06,1.57682231444404e-13,0.240791161520587,TRUE,TRUE,FALSE
"CAALFM_C109430WA",8,"C1_09430W_A",0.0934241060218126,2.56906538828635e-58,0.000927664165589257,FALSE,TRUE,TRUE
"CAALFM_C109440WA",5,"C1_09440W_A",0.0568908256093821,4.89485561299029e-20,0.445790091786525,FALSE,TRUE,FALSE
"NUP188",1,"C1_09450C_A",0.379262788137999,1.31652530533536e-91,0.427449663741038,FALSE,TRUE,FALSE
"ERG12",1,"C1_09460W_A",3.89465946341903e-06,4.70707783405521e-135,0.054924150745197,TRUE,TRUE,FALSE
"CAALFM_C109470CA",1,"C1_09470C_A",0.000448507512437426,3.01510481203111e-48,0.010325352982945,TRUE,TRUE,TRUE
"PPT2",4,"C1_09480W_A",0.326611980022212,6.16027092333431e-09,0.0189141984388355,FALSE,TRUE,TRUE
"GUA1",1,"C1_09490C_A",0.00166102688429623,3.80278434865897e-286,3.26513085568552e-05,TRUE,TRUE,TRUE
"CAALFM_C109500WA",2,"C1_09500W_A",0.418804429358394,1.80898841053859e-12,0.852456876158513,FALSE,TRUE,FALSE
"YTM1",1,"C1_09510W_A",1.0177428806055e-06,3.93494791677601e-213,0.00896746690034893,TRUE,TRUE,TRUE
"CAALFM_C109520CA",5,"C1_09520C_A",9.34392546925547e-11,3.00446508113673e-53,8.00343470247824e-07,TRUE,TRUE,TRUE
"RAM2",4,"C1_09530W_A",0.137835187316137,5.76906153276314e-12,0.0703856262144481,FALSE,TRUE,FALSE
"CAALFM_C109540WA",8,"C1_09540W_A",3.79943684818836e-05,9.84029752118978e-14,0.000306612901594186,TRUE,TRUE,TRUE
"CAALFM_C109550WA",8,"C1_09550W_A",0.639316597124463,4.29748837261444e-05,0.0925228884151462,FALSE,TRUE,FALSE
"CAALFM_C109560CA",8,"C1_09560C_A",1.47710982952813e-17,0.0128376181555645,0.00121401143926472,TRUE,TRUE,TRUE
"CAALFM_C109570WA",8,"C1_09570W_A",0.0988522855423027,3.18767559043206e-22,0.00138672030149182,FALSE,TRUE,TRUE
"LIP1",7,"C1_09580C_A",NA,9.88774833110535e-87,0.011328869340066,FALSE,TRUE,TRUE
"LIP10",7,"C1_09590C_A",0.000112230596533782,2.42720932952536e-90,0.0692094004919302,TRUE,TRUE,FALSE
"LIP6",6,"C1_09600C_A",0.0122974032953537,1.77441172771709e-34,0.0198945161526718,TRUE,TRUE,TRUE
"CAALFM_C109610WA",5,"C1_09610W_A",0.375221024598138,1.19532708046203e-57,0.113242762448497,FALSE,TRUE,FALSE
"CAALFM_C109620CA",2,"C1_09620C_A",0.0437492860162317,1.04407238366153e-72,2.34524661576163e-15,TRUE,TRUE,TRUE
"IDH1",4,"C1_09630W_A",0.000109886763228607,2.62122693070722e-60,0.221893345346336,TRUE,TRUE,FALSE
"ADE12",1,"C1_09640W_A",0.220179735305075,1.25625381934432e-77,2.43404908034439e-05,FALSE,TRUE,TRUE
"CAALFM_C109650WA",5,"C1_09650W_A",1.11911293897066e-10,9.80496142723948e-50,0.00714507228153146,TRUE,TRUE,TRUE
"DOA1",1,"C1_09660W_A",2.85677132389231e-08,7.27060031820908e-131,0.0179470347312621,TRUE,TRUE,TRUE
"CAALFM_C109670CA",2,"C1_09670C_A",6.81767748519446e-11,5.01763142860163e-09,3.83681922898445e-06,TRUE,TRUE,TRUE
"MTS1",1,"C1_09680W_A",3.02212251616175e-05,1.41539811071437e-90,0.00587785470267758,TRUE,TRUE,TRUE
"MLS1",5,"C1_09690W_A",1.50805988768357e-11,1.30596844027197e-76,1.11552495634419e-05,TRUE,TRUE,TRUE
"CAALFM_C109700WA",8,"C1_09700W_A",0.000676813217065694,1.85885052683941e-11,0.156162454878279,TRUE,TRUE,FALSE
"CAALFM_C109710CA",3,"C1_09710C_A",5.44563605418712e-05,9.03989355673804e-36,0.579746897987608,TRUE,TRUE,FALSE
"URA1",1,"C1_09720W_A",0.244673181174652,6.88965046798077e-111,0.00565203155096605,FALSE,TRUE,TRUE
"DAM1",2,"C1_09730W_A",0.0215048776778704,3.21352232556271e-08,0.327293230388944,TRUE,TRUE,FALSE
"CAALFM_C109740CA",8,"C1_09740C_A",0.231536275253752,5.4982398394469e-19,0.741911611016102,FALSE,TRUE,FALSE
"CAALFM_C109750WA",1,"C1_09750W_A",0.495067158695138,1.31747079222401e-52,0.204209779209067,FALSE,TRUE,FALSE
"SHY1",8,"C1_09760C_A",0.00203272199876095,0.00326186858451413,0.0720526950376055,TRUE,TRUE,FALSE
"CAALFM_C109770WA",6,"C1_09770W_A",4.20689606187696e-12,1.5885265718601e-143,0.0100440765811238,TRUE,TRUE,TRUE
"CAALFM_C109780CA",8,"C1_09780C_A",8.20740219835824e-21,2.72460141113738e-28,4.16003007340485e-11,TRUE,TRUE,TRUE
"CAALFM_C109790CA",2,"C1_09790C_A",2.45031926910611e-05,2.5371404830047e-13,0.0840606932097902,TRUE,TRUE,FALSE
"TVP18",4,"C1_09800C_A",0.0406079281769234,1.01286976261744e-19,0.258986974634998,TRUE,TRUE,FALSE
"CAALFM_C109810WA",1,"C1_09810W_A",4.15336093431982e-05,2.801047720869e-39,0.428128622860359,TRUE,TRUE,FALSE
"CAALFM_C109820CA",7,"C1_09820C_A",3.21633031478292e-06,2.26445402273304e-50,0.162752279319757,TRUE,TRUE,FALSE
"SKI3",1,"C1_09830W_A",0.435050287573884,1.53845437094579e-12,0.00768993183306689,FALSE,TRUE,TRUE
"CAALFM_C109840CA",8,"C1_09840C_A",0.00093069090845481,8.52635292344565e-11,0.131315589648504,TRUE,TRUE,FALSE
"CAALFM_C109850CA",5,"C1_09850C_A",0.151385885599397,3.96579631304041e-48,0.0165319857967903,FALSE,TRUE,TRUE
"TFA1",2,"C1_09860C_A",0.214306618854258,0.000488643770481524,0.0859349240837923,FALSE,TRUE,FALSE
"HCM1",2,"C1_09870W_A",0.0835935554024886,2.0427596528462e-13,0.00106423024641553,FALSE,TRUE,TRUE
"BUD31",2,"C1_09880C_A",0.0295767601544532,2.74613411845903e-13,0.648539684232866,TRUE,TRUE,FALSE
"tS(CGA)1",7,"C1_09890C_A",0.0178443166397655,1.5715819723552e-19,0.395169110165594,TRUE,TRUE,FALSE
"LIP3",7,"C1_09900W_A",0.163081107988543,1.00534091044569e-25,0.000208413440968467,FALSE,TRUE,TRUE
"CAALFM_C109910CA",8,"C1_09910C_A",0.442897842667935,1.41455023502708e-10,0.0332234960537304,FALSE,TRUE,TRUE
"VPS41",6,"C1_09920W_A",0.631985429173941,1.17202965987401e-13,0.369393781746965,FALSE,TRUE,FALSE
"CAALFM_C109930WA",6,"C1_09930W_A",0.0405785732064005,5.74078631371147e-10,0.255467163128948,TRUE,TRUE,FALSE
"CAALFM_C109940WA",8,"C1_09940W_A",0.00785398670260931,0.000616258487061521,0.611807320653495,TRUE,TRUE,FALSE
"CAALFM_C109950CA",5,"C1_09950C_A",0.630665392558736,7.85574184442775e-10,0.62090181344531,FALSE,TRUE,FALSE
"PET100",7,"C1_09960W_A",0.630672753298812,2.41192487013995e-14,0.671596117109272,FALSE,TRUE,FALSE
"PDC2",8,"C1_09970C_A",0.464428917596523,0.035047208694666,0.687252999050464,FALSE,TRUE,FALSE
"CAALFM_C109980CA",6,"C1_09980C_A",0.0231900252582231,1.59976257775121e-60,8.28508076883191e-05,TRUE,TRUE,TRUE
"SAC1",4,"C1_09990W_A",0.159007560756467,2.62320392983424e-41,0.168877415554851,FALSE,TRUE,FALSE
"CPP1",8,"C1_10000C_A",9.19669120935972e-05,4.83773952453014e-07,0.00154348232114629,TRUE,TRUE,TRUE
"SWE1",1,"C1_10010C_A",0.190827649865974,5.43647456394918e-11,0.193586752636695,FALSE,TRUE,FALSE
"SFU1",2,"C1_10020W_A",2.4516340524357e-06,0.000259092585084298,1.61824285476323e-07,TRUE,TRUE,TRUE
"DBP3",1,"C1_10030W_A",0.00146792011087831,1.24911072557178e-204,0.000174127541824121,TRUE,TRUE,TRUE
"ERO1",8,"C1_10040W_A",0.000162502247594825,6.17597713732844e-23,3.99030654862592e-07,TRUE,TRUE,TRUE
"CAALFM_C110050WA",8,"C1_10050W_A",0.00401923679199567,1.35074783356145e-07,0.440377586553443,TRUE,TRUE,FALSE
"CAALFM_C110060CA",8,"C1_10060C_A",4.44637932465486e-19,6.7770552988234e-18,1.44775089045835e-07,TRUE,TRUE,TRUE
"MNN23",3,"C1_10070C_A",0.379262788137999,8.57529067574364e-08,0.654188459739751,FALSE,TRUE,FALSE
"CAALFM_C110080WA",4,"C1_10080W_A",0.0383336578003912,1.22942626622265e-11,0.0120152873751903,TRUE,TRUE,TRUE
"CAALFM_C110090CA",4,"C1_10090C_A",0.00095267482119195,2.79486532718717e-39,0.534064212890744,TRUE,TRUE,FALSE
"NTF2",4,"C1_10100C_A",0.00245589463790628,9.8227549588552e-25,0.00412228200838985,TRUE,TRUE,TRUE
"CAALFM_C110110WA",2,"C1_10110W_A",0.530817466461755,0.0357081421989315,0.221467765247816,FALSE,TRUE,FALSE
"CAALFM_C110120CA",4,"C1_10120C_A",0.963620427637392,1.36513322279157e-10,0.160874350944845,FALSE,TRUE,FALSE
"CAALFM_C110130WA",8,"C1_10130W_A",1.09770117669311e-11,3.76202414380863e-14,0.00195870899520445,TRUE,TRUE,TRUE
"CAALFM_C110140CA",5,"C1_10140C_A",0.00350860212468827,1.72942586121095e-144,0.00019885857254464,TRUE,TRUE,TRUE
"WOR1",7,"C1_10150W_A",0.0275235371038482,1.33834997458295e-14,0.027835145693492,TRUE,TRUE,TRUE
"MIR1",1,"C1_10160W_A",0.00908067092260429,5.89062711455248e-119,0.00019584645354822,TRUE,TRUE,TRUE
"CAALFM_C110170WA",6,"C1_10170W_A",1.5254752565834e-32,4.37347124977611e-127,0.053969524085739,TRUE,TRUE,FALSE
"ECM21",8,"C1_10180C_A",1.9898329917934e-30,2.35310149428646e-40,2.92581250992769e-10,TRUE,TRUE,TRUE
"CAALFM_C110190WA",8,"C1_10190W_A",6.01748483286263e-05,1.83446758796669e-14,0.0106164263967481,TRUE,TRUE,TRUE
"CAALFM_C110200CA",1,"C1_10200C_A",0.634373062886642,2.29230687953379e-153,0.00209955424180398,FALSE,TRUE,TRUE
"CLA4",1,"C1_10210C_A",4.15914420917442e-05,4.07456720963906e-48,0.00123062077478789,TRUE,TRUE,TRUE
"TPK1",8,"C1_10220C_A",1.20042928744955e-06,3.18359598972526e-23,0.00918593123765406,TRUE,TRUE,TRUE
"CAALFM_C110230CA",5,"C1_10230C_A",0.002357556605102,1.80493666456733e-18,0.130228634935828,TRUE,TRUE,FALSE
"CAALFM_C110240CA",5,"C1_10240C_A",1.55721964992646e-11,4.9940758701441e-149,0.0449816429057573,TRUE,TRUE,TRUE
"CAALFM_C110250CA",1,"C1_10250C_A",0.000467714647932672,1.18155564495363e-34,0.0174652072609801,TRUE,TRUE,TRUE
"RPA34",1,"C1_10260C_A",1.38708775074904e-05,1.27883428739004e-111,0.0307172277990693,TRUE,TRUE,TRUE
"SFH5",4,"C1_10270C_A",2.96242571002146e-08,1.70514995855505e-20,5.13884992909744e-05,TRUE,TRUE,TRUE
"CAALFM_C110280CA",5,"C1_10280C_A",0.00461246868186344,4.94855202663806e-61,0.246930290421451,TRUE,TRUE,FALSE
"GCA1",5,"C1_10290W_A",6.18093850962276e-15,2.30385196830455e-155,4.87884452824903e-05,TRUE,TRUE,TRUE
"MNN12",6,"C1_10300W_A",0.954580472854439,5.09598030308971e-20,0.257962558070988,FALSE,TRUE,FALSE
"CAALFM_C110310WA",6,"C1_10310W_A",7.15185742047994e-10,2.87586761660678e-46,1.55321426376932e-05,TRUE,TRUE,TRUE
"CAALFM_C110320WA",6,"C1_10320W_A",0.00330351427152086,0.557803083450373,0.0543838818919306,TRUE,FALSE,FALSE
"CAALFM_C110330CA",2,"C1_10330C_A",0.785072745592869,2.86270865399571e-07,0.14132187421082,FALSE,TRUE,FALSE
"CAALFM_C110340WA",8,"C1_10340W_A",0.000777077900578393,2.52516113741966e-16,0.165559860271657,TRUE,TRUE,FALSE
"CAALFM_C110350CA",8,"C1_10350C_A",0.804485159514872,1.2202608429255e-05,0.441735483150322,FALSE,TRUE,FALSE
"CAALFM_C110360CA",5,"C1_10360C_A",2.62157464717853e-08,2.74844924688054e-48,4.18249153859179e-05,TRUE,TRUE,TRUE
"CBK1",1,"C1_10380C_A",1.84595139040165e-05,6.7240202096871e-33,0.21819826471616,TRUE,TRUE,FALSE
"RPL42",1,"C1_10390C_A",7.33269628071123e-19,2.23864434804482e-138,0.00204014802224364,TRUE,TRUE,TRUE
"FGR41",1,"C1_10400C_A",1.94456354641247e-09,1.96444219111287e-15,8.64635779901916e-10,TRUE,TRUE,TRUE
"CAALFM_C110410WA",6,"C1_10410W_A",0.00516987265678091,6.83504990817234e-30,0.0043304675587314,TRUE,TRUE,TRUE
"CAALFM_C110420CA",7,"C1_10420C_A",0.692447691019218,6.94848278469748e-24,0.257255968202515,FALSE,TRUE,FALSE
"PHO8",8,"C1_10430W_A",2.09104097470053e-09,2.92804374661707e-34,9.82011855724974e-05,TRUE,TRUE,TRUE
"CAALFM_C110440WA",2,"C1_10440W_A",0.044215078059656,3.57990187703792e-30,0.00344228153300133,TRUE,TRUE,TRUE
"GLY1",8,"C1_10450W_A",0.0349804201837699,2.37110650364543e-34,0.00271898784293521,TRUE,TRUE,TRUE
"CAALFM_C110460WA",6,"C1_10460W_A",0.016391178198759,1.5488739047681e-09,0.00777873491927763,TRUE,TRUE,TRUE
"CAALFM_C110470WA",1,"C1_10470W_A",3.57015191168472e-06,6.8283206527557e-106,0.337850661083614,TRUE,TRUE,FALSE
"DJP1",6,"C1_10480W_A",0.808854901854158,1.55173873665963e-16,0.0208525552393364,FALSE,TRUE,TRUE
"LKH1",5,"C1_10490W_A",0.516608165957914,3.77419561655827e-13,0.388181545785758,FALSE,TRUE,FALSE
"CAALFM_C110500WA",4,"C1_10500W_A",2.98051280123709e-16,1.36517312025616e-09,1.49519283880753e-11,TRUE,TRUE,TRUE
"CAALFM_C110510WA",7,"C1_10510W_A",0.108030754943003,2.53458064067231e-26,0.104163596405574,FALSE,TRUE,FALSE
"CAALFM_C110520WA",6,"C1_10520W_A",0.000580570360221376,2.77243664833871e-28,0.576075488685002,TRUE,TRUE,FALSE
"SNL1",4,"C1_10530W_A",0.0134038253998478,1.62989705103107e-61,0.00631153484972444,TRUE,TRUE,TRUE
"CAALFM_C110540CA",2,"C1_10540C_A",0.0615350270447127,1.71633176410578e-14,0.0208749767887077,FALSE,TRUE,TRUE
"GCA2",5,"C1_10550C_A",6.30364340668745e-16,4.88225083642775e-147,3.75429948358784e-05,TRUE,TRUE,TRUE
"CAALFM_C110560CA",6,"C1_10560C_A",0.108409632963259,1.49630468796115e-09,0.0498111946681743,FALSE,TRUE,TRUE
"CAALFM_C110570CA",8,"C1_10570C_A",0.018426671580992,1.60375807980763e-20,0.51197479567677,TRUE,TRUE,FALSE
"CAALFM_C110580CA",8,"C1_10580C_A",7.65102815698047e-05,7.95835564872301e-29,1.02702726613362e-09,TRUE,TRUE,TRUE
"CAALFM_C110590WA",8,"C1_10590W_A",0.00139241359022289,4.5181472042299e-15,0.462487518695956,TRUE,TRUE,FALSE
"FCY23",2,"C1_10610W_A",0.0245568638559895,7.119883748109e-13,0.0011370049569327,TRUE,TRUE,TRUE
"CAALFM_C110620WA",3,"C1_10620W_A",0.000411785630540144,2.28604152556426e-122,0.636899658432266,TRUE,TRUE,FALSE
"CAALFM_C110630CA",2,"C1_10630C_A",0.0219949170268061,2.7081977805578e-09,0.112729335620465,TRUE,TRUE,FALSE
"PEA2",1,"C1_10640C_A",7.81682778327048e-07,4.40521602805275e-102,2.37787294442569e-06,TRUE,TRUE,TRUE
"APN2",2,"C1_10650W_A",0.00108341354676521,8.17290456585199e-26,0.00645073541270062,TRUE,TRUE,TRUE
"TBP1",8,"C1_10660W_A",2.96061280176752e-09,7.98874422546383e-65,0.360978500073101,TRUE,TRUE,FALSE
"RPA190",1,"C1_10670C_A",0.000847558808772017,9.16273925346768e-111,0.0151988640462591,TRUE,TRUE,TRUE
"CAALFM_C110680CA",5,"C1_10680C_A",0.157168025313301,1.07674680767953e-52,8.95944684912175e-05,FALSE,TRUE,TRUE
"CAALFM_C110690WA",2,"C1_10690W_A",0.00126686662061555,1.38374657601199e-13,0.216995504761173,TRUE,TRUE,FALSE
"NIT3",4,"C1_10700C_A",6.13757896720947e-07,1.23720028635158e-37,5.28576393351346e-06,TRUE,TRUE,TRUE
"MNN2",1,"C1_10720C_A",0.000651846675917702,5.67843382124041e-52,0.185790231064766,TRUE,TRUE,FALSE
"CAALFM_C110730WA",5,"C1_10730W_A",3.7792304782554e-06,1.39611398182321e-112,1.7170386692323e-06,TRUE,TRUE,TRUE
"ASR1",5,"C1_10740C_A",2.79264912154273e-19,1.75576205824639e-113,0.010438496739436,TRUE,TRUE,TRUE
"CAALFM_C110750CA",4,"C1_10750C_A",0.0402294723064384,0.000196594047217568,0.00379431980359609,TRUE,TRUE,TRUE
"VPS23",6,"C1_10760W_A",0.900641171513124,0.00175610415673383,0.449823609426118,FALSE,TRUE,FALSE
"SFT2",8,"C1_10770W_A",0.00505602641796914,6.63957415966813e-56,0.185790231064766,TRUE,TRUE,FALSE
"HNT1",5,"C1_10780C_A",0.00183673346846922,1.90632361629156e-37,0.583536595470246,TRUE,TRUE,FALSE
"CDC48",1,"C1_10790W_A",0.000404724540655363,3.21243145473033e-55,0.0145064052033245,TRUE,TRUE,TRUE
"ALP1",1,"C1_10800C_A",0.000101803601147789,1.8630205175896e-29,1.31815195407308e-06,TRUE,TRUE,TRUE
"CAALFM_C110810WA",7,"C1_10810W_A",0.534080259579308,2.60822728170057e-07,0.0788503579433094,FALSE,TRUE,FALSE
"CAALFM_C110820CA",4,"C1_10820C_A",6.06624399103691e-08,6.75855227080146e-20,3.75162593147337e-08,TRUE,TRUE,TRUE
"BIG1",4,"C1_10830W_A",0.0766869496302979,1.21655313091058e-36,1.62581671230962e-05,FALSE,TRUE,TRUE
"CAALFM_C110840CA",1,"C1_10840C_A",1.21069252482317e-06,0.00010700733311165,0.657520582023315,TRUE,TRUE,FALSE
"CAALFM_C110850WA",7,"C1_10850W_A",0.958016065228462,1.98343497582925e-12,0.889744306919846,FALSE,TRUE,FALSE
"ADA2",7,"C1_10860C_A",3.79542844170954e-05,1.25969544073289e-26,0.0338842520027795,TRUE,TRUE,TRUE
"RPS17B",1,"C1_10870W_A",5.14992021572069e-11,2.16508453338639e-152,0.00112457735238201,TRUE,TRUE,TRUE
"CAALFM_C110880WA",8,"C1_10880W_A",0.00630907416604353,4.99365779751772e-57,9.24397223403913e-05,TRUE,TRUE,TRUE
"CAALFM_C110890CA",2,"C1_10890C_A",0.529924614442528,4.8100495188316e-24,0.0193119131344509,FALSE,TRUE,TRUE
"tI(UAU)1",8,"C1_10900C_A",0.000331444494699829,0.0916455647100597,0.201182439608648,TRUE,FALSE,FALSE
"CAALFM_C110910CA",6,"C1_10910C_A",0.000322639882383908,1.45178834798066e-50,0.2083854574931,TRUE,TRUE,FALSE
"CAALFM_C110920WA",8,"C1_10920W_A",0.581341725599317,1.57905231300665e-09,0.524291660703764,FALSE,TRUE,FALSE
"UBA4",2,"C1_10930C_A",0.00480017597650951,2.655707673347e-14,0.00849263058518726,TRUE,TRUE,TRUE
"ERP5",1,"C1_10940C_A",1.2504987008884e-06,1.40066380938722e-101,0.0107881956146169,TRUE,TRUE,TRUE
"CAALFM_C110950CA",3,"C1_10950C_A",4.33940022411523e-08,2.80346510123736e-52,0.00768334204481226,TRUE,TRUE,TRUE
"CAALFM_C110960WA",1,"C1_10960W_A",0.00880372112843905,3.64990719935741e-89,0.241204913517091,TRUE,TRUE,FALSE
"CAALFM_C110970WA",1,"C1_10970W_A",0.00156398656452644,4.71326293296385e-85,0.00357179308186602,TRUE,TRUE,TRUE
"CAALFM_C110980WA",6,"C1_10980W_A",0.953480149539306,1.3527326460377e-12,0.306102974951056,FALSE,TRUE,FALSE
"RTG3",8,"C1_10990C_A",0.000669236111119915,1.77813633320623e-12,9.09240317235463e-05,TRUE,TRUE,TRUE
"CAALFM_C111000CA",3,"C1_11000C_A",0.000669859805134657,1.09599655300805e-34,0.393432039816502,TRUE,TRUE,FALSE
"CAALFM_C111010CA",6,"C1_11010C_A",0.0484433407365679,7.90042886208507e-44,0.24439748611244,TRUE,TRUE,FALSE
"CAALFM_C111020WA",7,"C1_11020W_A",0.0109258968143112,5.02516318138305e-20,0.628000695816266,TRUE,TRUE,FALSE
"RPL82",1,"C1_11030W_A",2.16696402722025e-05,3.48262093186794e-139,1.18249177985734e-05,TRUE,TRUE,TRUE
"RPL29",1,"C1_11040W_A",2.8893853308358e-13,9.63759127735393e-119,0.000896977298041616,TRUE,TRUE,TRUE
"CAALFM_C111050WA",3,"C1_11050W_A",0.0082681375722173,1.39753238701097e-12,0.284160514741336,TRUE,TRUE,FALSE
"RPL2",1,"C1_11060C_A",2.83840920266823e-10,1.95729103495501e-166,0.00138391316496651,TRUE,TRUE,TRUE
"PET127",3,"C1_11070W_A",0.00504312112621929,1.67707805913049e-42,0.108656264936594,TRUE,TRUE,FALSE
"CAALFM_C111080WA",8,"C1_11080W_A",0.000178337966746445,5.3496720152262e-19,0.000506266527435549,TRUE,TRUE,TRUE
"CAALFM_C111090CA",2,"C1_11090C_A",0.277596711452431,3.44969257372025e-05,0.377712452375394,FALSE,TRUE,FALSE
"CAALFM_C111100WA",4,"C1_11100W_A",0.331927862759475,1.4265181263127e-28,8.3387508802769e-05,FALSE,TRUE,TRUE
"CAALFM_C111110CA",2,"C1_11110C_A",1.11138432668217e-05,1.77082341789021e-21,0.000692152614520477,TRUE,TRUE,TRUE
"CAALFM_C111120CA",4,"C1_11120C_A",0.208237111613519,2.87586761660678e-46,0.779357590679771,FALSE,TRUE,FALSE
"FGR16",3,"C1_11130W_A",0.600295775160214,5.94345040001702e-13,0.0150962828429935,FALSE,TRUE,TRUE
"CAALFM_C111140WA",8,"C1_11140W_A",0.000550017992311957,4.50103777311562e-15,0.0036654438240628,TRUE,TRUE,TRUE
"CAALFM_C111150WA",4,"C1_11150W_A",0.0170567768116407,2.87847913561727e-26,0.000506266527435549,TRUE,TRUE,TRUE
"CAALFM_C111160CA",2,"C1_11160C_A",5.2410823027699e-10,4.79448092012493e-62,3.11136511140755e-07,TRUE,TRUE,TRUE
"WBP1",1,"C1_11170W_A",0.0031562603007893,5.14827370580782e-133,0.0989399013595412,TRUE,TRUE,FALSE
"CAALFM_C111180CA",8,"C1_11180C_A",0.000792743967907306,9.57913914249805e-07,0.145321045651856,TRUE,TRUE,FALSE
"ARL3",4,"C1_11190W_A",0.000725631397498341,8.5773533481561e-27,0.270965665089461,TRUE,TRUE,FALSE
"CAALFM_C111200WA",5,"C1_11200W_A",3.40357894962719e-14,3.44614791579108e-193,0.0302507203196767,TRUE,TRUE,TRUE
"HAP43",7,"C1_11210C_A",0.000361408828796851,5.28404141867342e-22,4.79175163999792e-08,TRUE,TRUE,TRUE
"TIM50",1,"C1_11220C_A",1.23379879255747e-07,3.52535655541042e-76,0.00986529541799396,TRUE,TRUE,TRUE
"FGR39",2,"C1_11230W_A",0.0120791902682742,4.07317748878795e-06,0.20197525326229,TRUE,TRUE,FALSE
"CHO1",5,"C1_11240C_A",0.18890072467531,6.41234523242476e-26,0.370811422810196,FALSE,TRUE,FALSE
"CAALFM_C111250WA",1,"C1_11250W_A",0.112234260578508,6.01544160279952e-36,0.62090181344531,FALSE,TRUE,FALSE
"CAALFM_C111260CA",5,"C1_11260C_A",0.000580139737383017,6.29949910775442e-38,1.1302090443255e-05,TRUE,TRUE,TRUE
"CAALFM_C111270WA",5,"C1_11270W_A",3.66262572000221e-06,6.06102336298711e-38,0.0643578662040101,TRUE,TRUE,FALSE
"CAALFM_C111280WA",7,"C1_11280W_A",0.953108078364291,7.74834366171672e-12,0.187624162722925,FALSE,TRUE,FALSE
"CAALFM_C111290WA",5,"C1_11290W_A",1.91545653119251e-11,2.58579896885386e-95,0.00141325934411974,TRUE,TRUE,TRUE
"CAALFM_C111300CA",6,"C1_11300C_A",0.353122644374128,2.68997109290899e-10,0.0198302072358604,FALSE,TRUE,TRUE
"PSP1",8,"C1_11310C_A",4.57290692679329e-11,6.89611227016706e-14,0.000110454226152115,TRUE,TRUE,TRUE
"CAALFM_C111320CA",6,"C1_11320C_A",7.44217035117194e-09,1.78380983930434e-71,0.0385956008548143,TRUE,TRUE,TRUE
"SMT3",4,"C1_11330C_A",2.26802465760011e-05,0.00312534542363986,1.35613692636595e-06,TRUE,TRUE,TRUE
"PRM1",7,"C1_11340W_A",0.00467219506927025,1.78895520750948e-39,0.00392669006744527,TRUE,TRUE,TRUE
"TOS4",1,"C1_11350C_A",0.0317995991475193,5.95901756156462e-31,0.00688984842654318,TRUE,TRUE,TRUE
"RPL37B",1,"C1_11360W_A",2.20758393798176e-18,7.00495983220747e-117,0.003395710414904,TRUE,TRUE,TRUE
"CAALFM_C111370CA",6,"C1_11370C_A",0.600295775160214,0.0200131159793522,0.76570223107243,FALSE,TRUE,FALSE
"NEP1",1,"C1_11380W_A",3.20016349477885e-07,6.50763155064569e-125,0.162509357515449,TRUE,TRUE,FALSE
"CAALFM_C111390WA",7,"C1_11390W_A",NA,1.55927263108305e-68,0.00991103682574876,FALSE,TRUE,TRUE
"GIN4",2,"C1_11400C_A",4.10836743364881e-09,1.51461468707695e-22,0.00691572065412461,TRUE,TRUE,TRUE
"CAALFM_C111410CA",7,"C1_11410C_A",2.43646022006556e-06,8.07471844726398e-74,3.87423794742728e-05,TRUE,TRUE,TRUE
"KRR1",8,"C1_11420W_A",0.000111563636283033,3.47001179832207e-64,0.00980201831404898,TRUE,TRUE,TRUE
"CAALFM_C111430WA",2,"C1_11430W_A",0.0113055634446864,3.96794649081845e-30,9.66980513919738e-05,TRUE,TRUE,TRUE
"GIN1",2,"C1_11440C_A",1.03121925428416e-06,4.9054231202741e-14,0.0291808922403451,TRUE,TRUE,TRUE
"SAM2",1,"C1_11450C_A",0.000544793045117023,2.19586684816402e-173,4.22552452405266e-09,TRUE,TRUE,TRUE
"DPP1",4,"C1_11470C_A",1.11181418901306e-05,3.69892226130826e-07,0.0377124551960995,TRUE,TRUE,TRUE
"PHO84",8,"C1_11480W_A",0.211908644438265,5.78399429745031e-39,0.00123147554160928,FALSE,TRUE,TRUE
"BTA1",8,"C1_11490C_A",5.97142902887849e-05,3.67259308222735e-28,0.114435006960084,TRUE,TRUE,FALSE
"ARO7",4,"C1_11500C_A",1.1896268530812e-08,2.2115497868016e-63,0.0646120331757701,TRUE,TRUE,FALSE
"CAALFM_C111510CA",5,"C1_11510C_A",1.48676448431678e-07,4.23980267179726e-42,0.00878494113884777,TRUE,TRUE,TRUE
"ZCF3",2,"C1_11520C_A",0.159063586203683,2.6174419519166e-19,0.000147752943022638,FALSE,TRUE,TRUE
"CAALFM_C111530CA",6,"C1_11530C_A",0.59482420626353,1.59978297641387e-23,0.00251445991643631,FALSE,TRUE,TRUE
"CTA3",1,"C1_11540C_A",0.162295140385115,7.6512255628965e-50,0.0235475632573528,FALSE,TRUE,TRUE
"GAR1",1,"C1_11550W_A",1.85798699733872e-18,3.17966533269555e-238,0.00138301401935873,TRUE,TRUE,TRUE
"CAALFM_C111560CA",1,"C1_11560C_A",0.466479941843794,2.10069115492904e-33,0.000409623259729631,FALSE,TRUE,TRUE
"CAALFM_C111570WA",6,"C1_11570W_A",0.415823213925073,9.87219469733729e-25,0.289732820000047,FALSE,TRUE,FALSE
"CAALFM_C111580WA",6,"C1_11580W_A",0.00206253134441625,1.09492570878175e-08,8.93260495180513e-05,TRUE,TRUE,TRUE
"PLD1",1,"C1_11590W_A",0.000916945979685205,2.62980328421922e-20,0.561202272327425,TRUE,TRUE,FALSE
"CAALFM_C111600WA",4,"C1_11600W_A",0.423051569137264,2.42699790657664e-17,0.448140698420028,FALSE,TRUE,FALSE
"CAALFM_C111610CA",5,"C1_11610C_A",0.0178830504488953,4.64829068786428e-22,1.93934910874963e-07,TRUE,TRUE,TRUE
"FUS1",6,"C1_11630C_A",7.05376798338007e-05,1.09066199805457e-16,0.0341027891145447,TRUE,TRUE,TRUE
"DPP2",4,"C1_11640C_A",0.438820829638863,8.72925623895018e-17,0.486561198127341,FALSE,TRUE,FALSE
"EGD1",1,"C1_11650W_A",4.97997471623145e-17,2.92750229964471e-161,0.0381524731787683,TRUE,TRUE,TRUE
"GAD1",5,"C1_11660W_A",9.57393390418428e-11,1.98891376121521e-242,3.33474740288236e-08,TRUE,TRUE,TRUE
"CAALFM_C111670WA",8,"C1_11670W_A",1.18644632876936e-21,7.18530992068194e-261,0.0098182513271428,TRUE,TRUE,TRUE
"CAALFM_C111680CA",2,"C1_11680C_A",0.0100417504697848,4.21352089734253e-38,0.515267707361941,TRUE,TRUE,FALSE
"CAALFM_C111690WA",8,"C1_11690W_A",3.69602153818799e-07,3.13382869998337e-12,0.0358630888671145,TRUE,TRUE,TRUE
"MRF1",5,"C1_11700C_A",2.94586436370585e-05,1.59170025601715e-115,0.000933461400762332,TRUE,TRUE,TRUE
"CAALFM_C111710CA",7,"C1_11710C_A",0.002176862574604,1.35787331822763e-16,0.28792584174027,TRUE,TRUE,FALSE
"CAALFM_C111720WA",2,"C1_11720W_A",0.0296498627390503,1.3881430089059e-09,0.00182787481450644,TRUE,TRUE,TRUE
"CAALFM_C111730WA",4,"C1_11730W_A",5.29310987845515e-06,4.32425799229183e-08,0.00504540982248378,TRUE,TRUE,TRUE
"CAALFM_C111740WA",2,"C1_11740W_A",0.0410474897794644,1.29576399509766e-11,0.403558365589095,TRUE,TRUE,FALSE
"AVT4",5,"C1_11750W_A",0.000361074462164926,1.22637348285088e-11,0.00118001069144216,TRUE,TRUE,TRUE
"CAALFM_C111760CA",4,"C1_11760C_A",4.59239893058702e-07,1.54870530847182e-62,0.0106987449355938,TRUE,TRUE,TRUE
"CAALFM_C111770CA",8,"C1_11770C_A",0.00137768235587287,3.89596306571901e-21,3.36569880521347e-07,TRUE,TRUE,TRUE
"CAALFM_C111780WA",8,"C1_11780W_A",3.11558466910975e-08,5.76748407416261e-11,0.0023073400612613,TRUE,TRUE,TRUE
"CAALFM_C111790WA",1,"C1_11790W_A",3.87817966035927e-10,2.80866816419382e-29,0.0853800021471627,TRUE,TRUE,FALSE
"CAALFM_C111800CA",4,"C1_11800C_A",0.00248899835885457,3.71346592206252e-10,0.000100464681488278,TRUE,TRUE,TRUE
"CAS1",4,"C1_11810W_A",0.00311007842615085,1.62638561188942e-12,0.174237645863128,TRUE,TRUE,FALSE
"tY(GUA)1",8,"C1_11820W_A",4.69302334957926e-18,0.00127808909066394,0.00146349824280673,TRUE,TRUE,TRUE
"CAALFM_C111850WA",8,"C1_11850W_A",1.54017427240011e-13,1.64455462714397e-40,3.82989693803787e-10,TRUE,TRUE,TRUE
"CAALFM_C111860WA",1,"C1_11860W_A",4.34401924217733e-11,1.42606740360096e-75,0.00178823943754459,TRUE,TRUE,TRUE
"MUP1",8,"C1_11870W_A",0.0123975050891917,3.27327794062156e-105,8.80712284155335e-08,TRUE,TRUE,TRUE
"CAALFM_C111880WA",3,"C1_11880W_A",0.00077050282025543,4.26882406420809e-31,0.406322348728376,TRUE,TRUE,FALSE
"CAALFM_C111890WA",5,"C1_11890W_A",3.14338822041353e-09,8.31337495737275e-105,0.0133751479587715,TRUE,TRUE,TRUE
"CAALFM_C111900CA",1,"C1_11900C_A",0.00146638817712297,4.05522141688443e-09,0.0504152154917059,TRUE,TRUE,FALSE
"CAALFM_C111910WA",4,"C1_11910W_A",0.709071388895016,1.19242568310955e-22,0.00479502388853507,FALSE,TRUE,TRUE
"CAALFM_C111920WA",5,"C1_11920W_A",0.0010500271974368,1.40866581559916e-51,0.145864734424912,TRUE,TRUE,FALSE
"CAALFM_C111930WA",8,"C1_11930W_A",0.197701392142594,2.93945183942999e-16,0.433360165700372,FALSE,TRUE,FALSE
"CAALFM_C111940CA",2,"C1_11940C_A",0.0792514971760955,3.39458104955105e-24,0.00416596848125245,FALSE,TRUE,TRUE
"CAALFM_C111950WA",5,"C1_11950W_A",2.9880761892951e-13,4.6846938707293e-137,0.000142335695033026,TRUE,TRUE,TRUE
"CAALFM_C111960CA",4,"C1_11960C_A",0.188467577867679,0.0016164535119994,0.0504742995772194,FALSE,TRUE,FALSE
"CAALFM_C111970CA",4,"C1_11970C_A",1.9963761015314e-07,8.82501408835385e-07,0.000346389693770128,TRUE,TRUE,TRUE
"MED10",4,"C1_11980W_A",0.000747866416363211,1.25807645487522e-16,0.00277350215301214,TRUE,TRUE,TRUE
"CAALFM_C111990WA",1,"C1_11990W_A",1.30274557280613e-06,1.0539802377663e-41,5.33133766413311e-08,TRUE,TRUE,TRUE
"CAALFM_C112000CA",6,"C1_12000C_A",0.772133255695642,0.00594833817285095,0.378078331210446,FALSE,TRUE,FALSE
"KIP4",1,"C1_12010C_A",0.293798731793782,4.96416862775931e-11,0.416240347871019,FALSE,TRUE,FALSE
"SER33",1,"C1_12030W_A",0.00562617709538189,2.86835735597831e-165,4.72379949909342e-08,TRUE,TRUE,TRUE
"CAALFM_C112040WA",7,"C1_12040W_A",0.0975558704830332,7.85041195413946e-13,0.739166642853013,FALSE,TRUE,FALSE
"RPN2",1,"C1_12050W_A",1.08004632731326e-06,2.90637466971406e-140,0.00671250843600026,TRUE,TRUE,TRUE
"CAALFM_C112060CA",4,"C1_12060C_A",0.00855727530862713,1.63427424920538e-12,0.617195445807525,TRUE,TRUE,FALSE
"CAALFM_C112070CA",1,"C1_12070C_A",0.803067454753352,3.0287332822982e-05,0.534911789155535,FALSE,TRUE,FALSE
"LCB4",5,"C1_12080W_A",0.422651028390694,4.59850216538201e-22,0.0428925988143453,FALSE,TRUE,TRUE
"CAALFM_C112090CA",7,"C1_12090C_A",0.207473344804136,1.76716574145547e-08,0.315927582881337,FALSE,TRUE,FALSE
"PXA2",8,"C1_12100C_A",1.6802776949092e-05,2.41727068492739e-57,0.00722442275468103,TRUE,TRUE,TRUE
"CAALFM_C112110CA",3,"C1_12110C_A",1.05169071079936e-05,1.94484283477779e-24,4.53288691360196e-06,TRUE,TRUE,TRUE
"CAALFM_C112120WA",6,"C1_12120W_A",0.165458013238176,1.43680357825452e-13,0.0797962610165764,FALSE,TRUE,FALSE
"ZCF30",8,"C1_12130C_A",1.83540890858362e-08,0.204529656250145,2.93106399454901e-07,TRUE,FALSE,TRUE
"CAALFM_C112140WA",5,"C1_12140W_A",4.44797952390651e-15,2.30367016787834e-71,0.0217320335074611,TRUE,TRUE,TRUE
"CAALFM_C112150CA",6,"C1_12150C_A",9.44927894873512e-05,9.63064645685659e-36,0.423586623003666,TRUE,TRUE,FALSE
"MSO1",5,"C1_12160W_A",0.00208453959738638,1.568154713966e-18,0.0797962610165764,TRUE,TRUE,FALSE
"CAALFM_C112170CA",4,"C1_12170C_A",0.449231754505531,6.35181970819259e-15,0.056394146160132,FALSE,TRUE,FALSE
"CAALFM_C112180CA",1,"C1_12180C_A",3.7127946377572e-05,1.42521322860275e-37,0.350182760720528,TRUE,TRUE,FALSE
"BUL4",5,"C1_12190W_A",1.08412589404784e-07,2.12735656724325e-08,0.00151556933511332,TRUE,TRUE,TRUE
"MCD4",1,"C1_12200W_A",0.0426549447702427,2.222218232123e-45,0.0379802757670272,TRUE,TRUE,TRUE
"TRP3",1,"C1_12210W_A",5.89983010196737e-08,1.73952781431608e-33,0.000171342348061053,TRUE,TRUE,TRUE
"CDC6",1,"C1_12220W_A",2.41054395910275e-13,1.96976504734779e-29,0.00145120958026038,TRUE,TRUE,TRUE
"SNT1",8,"C1_12230W_A",0.00355741804401999,0.0736503957454594,0.0586673153044919,TRUE,FALSE,FALSE
"CAALFM_C112240CA",6,"C1_12240C_A",6.33992066778922e-05,1.93110493627631e-06,0.00125795529551183,TRUE,TRUE,TRUE
"CAALFM_C112250CA",2,"C1_12250C_A",0.278968963278859,8.4443550680317e-14,0.460192109997211,FALSE,TRUE,FALSE
"VPH2",5,"C1_12260W_A",0.802296324398561,1.68643549015613e-06,0.164628656389263,FALSE,TRUE,FALSE
"SRT1",8,"C1_12270W_A",0.961055762160248,4.43863770378557e-05,0.473381660095485,FALSE,TRUE,FALSE
"CAALFM_C112280CA",3,"C1_12280C_A",0.00502119148075301,3.04616263315891e-42,0.48674842420462,TRUE,TRUE,FALSE
"RBD1",8,"C1_12290C_A",0.00232362861241867,2.47980766888963e-09,0.125345203743922,TRUE,TRUE,FALSE
"CSI2",3,"C1_12310C_A",4.56028419105285e-07,1.27969880649404e-85,0.047743423501715,TRUE,TRUE,TRUE
"ATP19",4,"C1_12320C_A",1.38361342105214e-22,1.14250248395185e-126,0.019640320552636,TRUE,TRUE,TRUE
"CAALFM_C112330WA",6,"C1_12330W_A",0.974216664661586,1.38426055442435e-05,0.153744918089939,FALSE,TRUE,FALSE
"MRPS9",1,"C1_12340C_A",1.08629630217434e-05,5.92887758186382e-73,0.123284384845839,TRUE,TRUE,FALSE
"CAALFM_C112350WA",1,"C1_12350W_A",0.082481936375506,1.96978300860278e-84,0.000388037406070704,FALSE,TRUE,TRUE
"RIB3",5,"C1_12360C_A",0.0430449942276485,2.29666978692996e-87,0.000612142018740782,TRUE,TRUE,TRUE
"CAALFM_C112370WA",4,"C1_12370W_A",0.565049298710649,5.86416506635328e-22,0.00878213898481846,FALSE,TRUE,TRUE
"WRS1",1,"C1_12380C_A",8.02854067425366e-15,2.20759063395544e-121,0.0490440298844141,TRUE,TRUE,TRUE
"RPL27A",1,"C1_12390C_A",1.95693692273363e-18,2.97461823998296e-140,0.000492587228794987,TRUE,TRUE,TRUE
"CAALFM_C112400CA",5,"C1_12400C_A",0.00757575002898641,6.46335784895789e-34,0.0582731399525928,TRUE,TRUE,FALSE
"PKH2",5,"C1_12410C_A",0.19895923147917,1.57725052140497e-18,0.148788435365834,FALSE,TRUE,FALSE
"CAALFM_C112430WA",6,"C1_12430W_A",0.651266993123464,7.480462800253e-05,0.175765211449561,FALSE,TRUE,FALSE
"CAALFM_C112440WA",3,"C1_12440W_A",1.96129815407151e-10,1.06857915210188e-22,0.357110358610004,TRUE,TRUE,FALSE
"IRA2",2,"C1_12450C_A",0.812872335397098,5.69645748144348e-06,0.577802444325037,FALSE,TRUE,FALSE
"CAALFM_C112470WA",7,"C1_12470W_A",8.01523904983677e-06,7.76906648668998e-43,0.0329986112750146,TRUE,TRUE,TRUE
"CAALFM_C112480WA",6,"C1_12480W_A",0.855194866713577,4.09716340676743e-10,0.225023091697642,FALSE,TRUE,FALSE
"PEP1",5,"C1_12490W_A",0.0900575982758032,9.82923761718402e-12,0.861071744008047,FALSE,TRUE,FALSE
"RAX2",8,"C1_12510W_A",8.64949552393859e-06,1.31064255259771e-21,0.0210645675753516,TRUE,TRUE,TRUE
"GSG1",6,"C1_12520W_A",0.525647471323891,1.01766745554132e-16,0.0234662980953441,FALSE,TRUE,TRUE
"CAALFM_C112530CA",6,"C1_12530C_A",0.0583336379926175,4.04744498910549e-24,0.515267707361941,FALSE,TRUE,FALSE
"CAALFM_C112540WA",6,"C1_12540W_A",0.354485607136895,9.74494059234569e-07,0.0034717402551966,FALSE,TRUE,TRUE
"CDC54",2,"C1_12550C_A",2.03922770680211e-17,4.95371016894218e-14,3.83046887470584e-07,TRUE,TRUE,TRUE
"DLH1",7,"C1_12560C_A",0.00604768046780525,5.20635356929571e-18,0.0560655330499462,TRUE,TRUE,FALSE
"CAALFM_C112570CA",6,"C1_12570C_A",1.50801989289287e-06,4.83629707862203e-21,0.165101224409065,TRUE,TRUE,FALSE
"CAALFM_C112580WA",8,"C1_12580W_A",4.00324094024811e-07,3.54711637652973e-126,0.0720869614960909,TRUE,TRUE,FALSE
"ATP20",4,"C1_12590W_A",0.0450007436341609,6.81074351937995e-77,0.0104037898988964,TRUE,TRUE,TRUE
"CHR1",8,"C1_12600C_A",8.16127984886929e-06,1.89960504740435e-25,0.197364880164059,TRUE,TRUE,FALSE
"CAALFM_C112610WA",2,"C1_12610W_A",0.0264508463598674,1.48852647794159e-34,0.770798374141581,TRUE,TRUE,FALSE
"SPA2",2,"C1_12620W_A",0.162293571966944,2.51999613581454e-08,0.0347398870840694,FALSE,TRUE,TRUE
"CAALFM_C112630CA",2,"C1_12630C_A",0.0574598952732229,1.62468595918351e-18,1.0320687332586e-05,FALSE,TRUE,TRUE
"CAALFM_C112640WA",6,"C1_12640W_A",0.929188285737566,0.000375159480521734,0.0244388087642876,FALSE,TRUE,TRUE
"CAALFM_C112650CA",6,"C1_12650C_A",0.464266847438486,9.50528002028938e-40,0.000710023076427959,FALSE,TRUE,TRUE
"CAALFM_C112660WA",2,"C1_12660W_A",0.741731766771949,2.43668408957464e-05,0.673696641895568,FALSE,TRUE,FALSE
"CAALFM_C112670CA",2,"C1_12670C_A",0.117424494534106,1.09580621621106e-19,0.0791786653738662,FALSE,TRUE,FALSE
"CAALFM_C112680WA",3,"C1_12680W_A",8.20906941742333e-05,4.79266199073156e-85,0.343233629682498,TRUE,TRUE,FALSE
"CAALFM_C112690CA",4,"C1_12690C_A",0.00506809052291121,0.000432297390388475,5.54222262288567e-08,TRUE,TRUE,TRUE
"CAALFM_C112700WA",7,"C1_12700W_A",0.0316448487655902,7.23993017194296e-24,0.00930672376142243,TRUE,TRUE,TRUE
"CAALFM_C112710CA",5,"C1_12710C_A",0.442897842667935,7.98716051601714e-10,0.212431664132867,FALSE,TRUE,FALSE
"CAALFM_C112720CA",6,"C1_12720C_A",0.00495748927760199,8.50694978501578e-93,1.20520599205428e-09,TRUE,TRUE,TRUE
"RVS162",6,"C1_12730W_A",0.00602495338131408,1.34310485395525e-85,0.000379294809335358,TRUE,TRUE,TRUE
"CAALFM_C112740WA",7,"C1_12740W_A",0.0790964688217061,1.38101817673018e-23,0.169042107463106,FALSE,TRUE,FALSE
"CAALFM_C112750CA",8,"C1_12750C_A",2.71589502036164e-05,1.11773093443644e-37,0.00845362615333019,TRUE,TRUE,TRUE
"CAALFM_C112760WA",3,"C1_12760W_A",0.0114553980370094,9.20867790105372e-58,0.677129956482385,TRUE,TRUE,FALSE
"RPG1A",2,"C1_12770W_A",1.22423018168538e-05,6.00020695087165e-53,0.389021901887563,TRUE,TRUE,FALSE
"RBK1",6,"C1_12780W_A",0.367383373066345,2.85566182764372e-26,0.184521322487074,FALSE,TRUE,FALSE
"FEN1",8,"C1_12790C_A",0.0210467043400425,4.30121923480248e-79,0.000103786665717319,TRUE,TRUE,TRUE
"CAALFM_C112800WA",7,"C1_12800W_A",2.28456493355654e-05,2.00372056150313e-33,0.0230434474935291,TRUE,TRUE,TRUE
"CAALFM_C112810WA",2,"C1_12810W_A",0.0693258647660445,4.7136469475724e-10,0.010786722049844,FALSE,TRUE,TRUE
"CAALFM_C112820CA",3,"C1_12820C_A",0.0108560492028533,4.03403096267667e-46,0.0594718330757421,TRUE,TRUE,FALSE
"CAALFM_C112830CA",5,"C1_12830C_A",0.000495224278077816,7.56568074566759e-16,0.299038994166826,TRUE,TRUE,FALSE
"CAALFM_C112840WA",8,"C1_12840W_A",0.105065218473629,3.80894572318422e-10,0.151783446921519,FALSE,TRUE,FALSE
"BLP1",5,"C1_12850W_A",1.02702450785148e-08,1.89114050241255e-117,0.120391363803689,TRUE,TRUE,FALSE
"CAALFM_C112860CA",8,"C1_12860C_A",3.32309927640878e-05,2.55223162754888e-10,0.606146597405536,TRUE,TRUE,FALSE
"CAALFM_C112870CA",8,"C1_12870C_A",0.000173815465542462,0.00165468769876358,0.0750958041144966,TRUE,TRUE,FALSE
"CAALFM_C112880CA",6,"C1_12880C_A",0.000294656134883222,1.2655734433397e-48,0.0156993559940991,TRUE,TRUE,TRUE
"CAALFM_C112900WA",7,"C1_12900W_A",0.332669952235286,2.61926765019725e-15,0.435932888318576,FALSE,TRUE,FALSE
"CAALFM_C112910WA",2,"C1_12910W_A",0.0568908256093821,4.92755920139156e-06,0.255896504040243,FALSE,TRUE,FALSE
"CAALFM_C112920CA",4,"C1_12920C_A",0.507640790315194,7.55055869929481e-33,0.0138467220010429,FALSE,TRUE,TRUE
"CAALFM_C112930CA",7,"C1_12930C_A",0.0934241060218126,2.0859604624527e-30,0.015666668158454,FALSE,TRUE,TRUE
"CAALFM_C112940CA",7,"C1_12940C_A",0.551715587274275,1.15550778200671e-12,0.245990619662626,FALSE,TRUE,FALSE
"CAALFM_C112950WA",7,"C1_12950W_A",0.0278644842978294,1.36765561806322e-06,0.346720146594684,TRUE,TRUE,FALSE
"BNI1",6,"C1_12960C_A",0.337946736656026,1.40076855115542e-05,0.0570856581406557,FALSE,TRUE,FALSE
"SEC2",8,"C1_12970C_A",1.85092166475078e-09,4.73044376908286e-57,0.0167852919514866,TRUE,TRUE,TRUE
"CAALFM_C112980WA",8,"C1_12980W_A",0.00268022940509562,1.67409544941031e-05,0.0348510689130352,TRUE,TRUE,TRUE
"CAALFM_C112990WA",8,"C1_12990W_A",5.3188124379026e-11,0.00172563146561444,0.000852679448066802,TRUE,TRUE,TRUE
"CAALFM_C113000WA",8,"C1_13000W_A",8.12360738308738e-05,3.5370652304604e-41,0.86268582637765,TRUE,TRUE,FALSE
"CAALFM_C113010WA",1,"C1_13010W_A",0.203190832807507,2.33215574762889e-23,0.156348526920823,FALSE,TRUE,FALSE
"SPC3",4,"C1_13020C_A",0.0630901838115588,7.12361578335481e-40,0.0113806262552175,FALSE,TRUE,TRUE
"CAALFM_C113030CA",1,"C1_13030C_A",1.43546362866852e-05,2.44400319008048e-40,0.00639022329796455,TRUE,TRUE,TRUE
"CAALFM_C113040CA",8,"C1_13040C_A",5.19645889412508e-10,4.04908405688701e-13,0.000120779599445179,TRUE,TRUE,TRUE
"RPL14",1,"C1_13050W_A",8.59643956326877e-10,3.6508387715479e-149,0.000656937411887032,TRUE,TRUE,TRUE
"CAALFM_C113060CA",1,"C1_13060C_A",0.000107415719824615,7.01189417485819e-161,0.0153025625808234,TRUE,TRUE,TRUE
"FAD3",1,"C1_13070C_A",0.00256865055737369,2.54031464422936e-261,2.34661662317884e-06,TRUE,TRUE,TRUE
"OP4",6,"C1_13080W_A",5.81335339266145e-11,2.19448688897858e-67,1.17069527521705e-14,TRUE,TRUE,TRUE
"CAALFM_C113100WA",8,"C1_13100W_A",1.46691058655972e-34,0.00175941073482476,2.6652921366405e-21,TRUE,TRUE,TRUE
"CHS3",1,"C1_13110C_A",0.465986764853638,1.06819615872802e-32,0.0889521682951243,FALSE,TRUE,FALSE
"MON2",4,"C1_13120C_A",0.358858863122248,2.22558548662938e-05,0.755343997843369,FALSE,TRUE,FALSE
"CAALFM_C113130CA",8,"C1_13130C_A",6.13775529895297e-06,4.30471164538433e-30,2.38539269166016e-16,TRUE,TRUE,TRUE
"TYE7",8,"C1_13140C_A",1.77276994761265e-06,5.70546701813884e-09,0.0213205852292475,TRUE,TRUE,TRUE
"PSA2",5,"C1_13160W_A",1.23244487424202e-10,6.19708750549318e-311,0.0706122501502398,TRUE,TRUE,FALSE
"MSH6",2,"C1_13170C_A",8.2224345452266e-05,3.962645177249e-07,0.00164168926071885,TRUE,TRUE,TRUE
"CAALFM_C113180WA",7,"C1_13180W_A",0.232184986041335,1.40027953896259e-24,0.0260846855824978,FALSE,TRUE,TRUE
"CAALFM_C113190WA",5,"C1_13190W_A",0.00345194767000178,2.2350720426468e-13,0.193586752636695,TRUE,TRUE,FALSE
"REX3",7,"C1_13200C_A",0.0246575153762745,6.61993179525458e-23,0.354803527823737,TRUE,TRUE,FALSE
"AKR1",8,"C1_13220C_A",0.0174529035472656,1.28700665074341e-16,0.140171174445082,TRUE,TRUE,FALSE
"CAALFM_C113240WA",8,"C1_13240W_A",8.66592622719443e-11,2.60482763050363e-21,0.00253661545546851,TRUE,TRUE,TRUE
"CAALFM_C113250WA",8,"C1_13250W_A",8.96934674304673e-31,8.21085427744329e-55,0.0297302665779336,TRUE,TRUE,TRUE
"CAALFM_C113260WA",1,"C1_13260W_A",0.00023710172532554,2.26426664105258e-126,0.123453361837396,TRUE,TRUE,FALSE
"CAALFM_C113270WA",8,"C1_13270W_A",2.06583510956147e-08,2.87046826617499e-11,9.0198345094784e-06,TRUE,TRUE,TRUE
"CAALFM_C113280CA",2,"C1_13280C_A",0.392952852962504,2.21019378633062e-08,0.0346683725177716,FALSE,TRUE,TRUE
"CAALFM_C113290WA",7,"C1_13290W_A",2.64320658805089e-05,1.34570089156617e-75,0.0113902979428542,TRUE,TRUE,TRUE
"RPN1",6,"C1_13300C_A",0.314826494565094,2.78320528655612e-08,0.121477365858827,FALSE,TRUE,FALSE
"ECM25",7,"C1_13310W_A",0.0284113851999969,3.24723998543899e-34,0.041075624383783,TRUE,TRUE,TRUE
"CAALFM_C113320CA",2,"C1_13320C_A",0.627928850856948,0.00669095777339161,0.76570223107243,FALSE,TRUE,FALSE
"CAALFM_C113330CA",3,"C1_13330C_A",0.0252400680310518,1.28079611402225e-24,0.352945113684302,TRUE,TRUE,FALSE
"STP2",8,"C1_13350W_A",4.65810579582206e-16,2.63699708216621e-51,9.67995384593959e-06,TRUE,TRUE,TRUE
"RMP1",8,"C1_13360C_A",0.00038343668427721,5.69803561465445e-38,0.238823933419199,TRUE,TRUE,FALSE
"CAALFM_C113370WA",3,"C1_13370W_A",0.0148947962518482,5.23656415533625e-28,0.597707345824896,TRUE,TRUE,FALSE
"CAALFM_C113380WA",7,"C1_13380W_A",1.38995664407629e-06,2.53864841795443e-55,0.17610093595912,TRUE,TRUE,FALSE
"CAALFM_C113390WA",7,"C1_13390W_A",1.21984087565625e-10,1.56221717595649e-87,0.0924343304434417,TRUE,TRUE,FALSE
"AGC1",1,"C1_13400C_A",0.138633806011607,5.46748780740074e-37,7.11260443610543e-05,FALSE,TRUE,TRUE
"COX19",6,"C1_13410W_A",0.0807789641722925,2.08684039844198e-30,0.706414205799891,FALSE,TRUE,FALSE
"KEM1",4,"C1_13420C_A",0.0245703807258025,3.81164483228542e-15,0.137758952073183,TRUE,TRUE,FALSE
"CAALFM_C113430CA",8,"C1_13430C_A",7.56543601116102e-29,2.33159791775038e-163,1.61024343338432e-05,TRUE,TRUE,TRUE
"OFI1",7,"C1_13440C_A",5.73007376660436e-07,4.55730454657793e-54,0.0193315580164734,TRUE,TRUE,TRUE
"HYR1",6,"C1_13450W_A",0.0585542512435037,2.46290447103135e-22,0.78001924889261,FALSE,TRUE,FALSE
"KNS1",8,"C1_13470W_A",4.68437336261524e-24,4.26174921883292e-194,1.36196241654009e-06,TRUE,TRUE,TRUE
"HSP70",5,"C1_13480W_A",2.80486157149206e-33,4.2714004370012e-80,0.00488359459084603,TRUE,TRUE,TRUE
"CAALFM_C113490CA",7,"C1_13490C_A",0.00154906218257787,9.0624657736288e-22,0.00901509721126088,TRUE,TRUE,TRUE
"CAALFM_C113500CA",8,"C1_13500C_A",4.69050888776863e-10,4.2067738377293e-17,0.00675924057330426,TRUE,TRUE,TRUE
"TGL99",7,"C1_13510C_A",0.0196543827170471,5.84907102421766e-23,0.00175849612954499,TRUE,TRUE,TRUE
"MCU1",7,"C1_13520C_A",0.433929073462397,1.03516558304122e-07,0.220042630222452,FALSE,TRUE,FALSE
"GUP1",6,"C1_13540W_A",0.000389069306111345,3.50879789248314e-09,0.0100625338630977,TRUE,TRUE,TRUE
"NUP49",7,"C1_13550C_A",0.233782928922527,7.74134558391517e-08,0.0354499250602013,FALSE,TRUE,TRUE
"CAALFM_C113560WA",7,"C1_13560W_A",0.0346381506607862,3.37242425989366e-12,0.343021045326858,TRUE,TRUE,FALSE
"MPT5",1,"C1_13570W_A",0.00250449581348889,2.27050315226112e-21,0.00544714929643392,TRUE,TRUE,TRUE
"SEC18",4,"C1_13580W_A",4.07966482125268e-06,2.21036869902971e-38,0.0336654136786572,TRUE,TRUE,TRUE
"CAALFM_C113590WA",7,"C1_13590W_A",3.94548024796963e-05,8.92408912928243e-50,0.0538846974734166,TRUE,TRUE,FALSE
"CAALFM_C113600WA",6,"C1_13600W_A",0.079382707688552,2.15964945551257e-21,0.0584974678648032,FALSE,TRUE,FALSE
"KIS2",7,"C1_13610C_A",4.53097440195166e-07,7.00630371543537e-92,0.0119726114923507,TRUE,TRUE,TRUE
"ROB1",5,"C1_13620W_A",0.000151395172927085,9.49336694411146e-39,0.067284053907284,TRUE,TRUE,FALSE
"CYB2",5,"C1_13630W_A",1.14565589664352e-23,0,1.90546568566439e-06,TRUE,TRUE,TRUE
"CUP2",8,"C1_13640W_A",0.000146713884893905,3.69988478317388e-07,0.0205138108277007,TRUE,TRUE,TRUE
"CAALFM_C113650CA",5,"C1_13650C_A",0.00631839663232281,1.19623801090344e-27,0.000535591851785829,TRUE,TRUE,TRUE
"RAD54",4,"C1_13660W_A",0.0118425469429503,2.986190589894e-16,0.509002845472845,TRUE,TRUE,FALSE
"OSM2",5,"C1_13670W_A",1.91279334682752e-13,3.59320354656534e-245,0.270783006096549,TRUE,TRUE,FALSE
"GCV3",4,"C1_13680C_A",0.00172732064949635,7.23835632112069e-73,1.08293407726983e-05,TRUE,TRUE,TRUE
"CAALFM_C113690CA",8,"C1_13690C_A",0.000970988030838073,6.18641454359849e-40,0.0246195271016684,TRUE,TRUE,TRUE
"ACT1",1,"C1_13700W_A",0.0583790276523293,9.01661093205555e-98,0.00268247531779478,FALSE,TRUE,TRUE
"DAD1",6,"C1_13710C_A",0.0265845071528756,2.42500559536367e-39,1.06933223850012e-19,TRUE,TRUE,TRUE
"CAALFM_C113720WA",2,"C1_13720W_A",6.98908775931146e-11,2.30477035891506e-118,0.0362668151190585,TRUE,TRUE,TRUE
"DIM1",3,"C1_13730C_A",3.95508322797117e-06,9.4150176893627e-65,0.30888593867964,TRUE,TRUE,FALSE
"KAR9",6,"C1_13740W_A",0.134469787799793,1.04996245983622e-09,0.498593165928764,FALSE,TRUE,FALSE
"CAALFM_C113750CA",7,"C1_13750C_A",0.00354507685888408,1.21585925313093e-52,0.0589763290852835,TRUE,TRUE,FALSE
"AGM1",1,"C1_13760W_A",0.0056935154995549,3.82218170650578e-33,0.148324276049736,TRUE,TRUE,FALSE
"CAALFM_C113770CA",6,"C1_13770C_A",0.0098488055879815,1.66636685735931e-36,0.00280621350334157,TRUE,TRUE,TRUE
"MYO2",2,"C1_13780W_A",2.09292763515708e-05,7.95254859862941e-26,0.0818597311505173,TRUE,TRUE,FALSE
"CAALFM_C113790CA",4,"C1_13790C_A",0.0571207555655766,4.0522851082576e-13,0.0480762886367529,FALSE,TRUE,TRUE
"DUR32",7,"C1_13800C_A",0.00124454375641603,3.19140783770446e-40,0.029993194982074,TRUE,TRUE,TRUE
"CAALFM_C113810WA",6,"C1_13810W_A",0.000984486908909686,1.07847165937221e-82,0.00178905266208928,TRUE,TRUE,TRUE
"CAALFM_C113820CA",3,"C1_13820C_A",4.22661433471344e-12,2.99439988879099e-52,8.05769892829573e-05,TRUE,TRUE,TRUE
"PDX1",1,"C1_13830C_A",3.4849924076931e-05,1.45501155674364e-65,0.00122105091556251,TRUE,TRUE,TRUE
"CAALFM_C113840WA",6,"C1_13840W_A",0.0116566615915361,1.13979586154083e-14,0.0876123106543448,TRUE,TRUE,FALSE
"DAL7",6,"C1_13850C_A",1.23267662040936e-14,0,3.52659573598978e-08,TRUE,TRUE,TRUE
"GND1",1,"C1_13860C_A",0.000971000392524176,9.0487280264684e-192,1.41711878502756e-06,TRUE,TRUE,TRUE
"MET3",1,"C1_13870W_A",9.83531992724207e-05,4.7616314388436e-88,1.38304432917599e-20,TRUE,TRUE,TRUE
"CAALFM_C113880CA",8,"C1_13880C_A",1.68399319590078e-27,1.59879990145475e-31,7.41649576378002e-15,TRUE,TRUE,TRUE
"tA(AGC)7",6,"C1_13890C_A",0.0147852694874509,1.51754149746853e-11,0.772753762031838,TRUE,TRUE,FALSE
"LCB2",1,"C1_13900C_A",0.121905513644623,5.78795523770268e-95,0.00525586811939988,FALSE,TRUE,TRUE
"MODF",5,"C1_13910C_A",0.000284593442586788,2.30447639800945e-42,0.303589200763584,TRUE,TRUE,FALSE
"DOS2",6,"C1_13920W_A",4.2375500262274e-05,2.00356087818507e-55,5.10336643602412e-10,TRUE,TRUE,TRUE
"SSK1",5,"C1_13930W_A",0.00144077908036203,1.0358826431618e-27,0.659383694601531,TRUE,TRUE,FALSE
"SIM1",1,"C1_13940W_A",0.254240348499544,1.15898251156655e-142,3.98794051932148e-09,FALSE,TRUE,TRUE
"CAALFM_C113950CA",6,"C1_13950C_A",0.567816282530706,0.000337247054706263,0.404847143358368,FALSE,TRUE,FALSE
"YBP1",4,"C1_13960W_A",0.389906774637374,7.26432818499846e-61,0.0938527574854848,FALSE,TRUE,FALSE
"HPC2",7,"C1_13970C_A",0.247244502214477,5.96912685684728e-14,0.25992849006251,FALSE,TRUE,FALSE
"DUR7",8,"C1_13980C_A",1.77855343052227e-10,4.38784458252047e-40,0.0103356795987505,TRUE,TRUE,TRUE
"OCA6",4,"C1_13990W_A",0.265874096106727,8.41235596698487e-13,0.000635603715528709,FALSE,TRUE,TRUE
"DOA4",6,"C1_14000C_A",0.000751540250619633,9.2230656403655e-16,0.00390601845256059,TRUE,TRUE,TRUE
"CSK1",7,"C1_14010W_A",0.652608354984159,1.59050305117636e-13,0.98213196731716,FALSE,TRUE,FALSE
"CAALFM_C114020WA",6,"C1_14020W_A",2.77972864883417e-05,8.03332801281151e-233,7.41649576378002e-15,TRUE,TRUE,TRUE
"CAALFM_C114030WA",5,"C1_14030W_A",9.72263918247783e-05,6.12851300122999e-29,0.0299541702155424,TRUE,TRUE,TRUE
"CAALFM_C114040WA",5,"C1_14040W_A",0.0611481814678604,1.68560843349325e-21,0.203090482599848,FALSE,TRUE,FALSE
"CAALFM_C114050CA",7,"C1_14050C_A",0.905546439319137,8.22521989939405e-05,0.428453261366736,FALSE,TRUE,FALSE
"CAALFM_C114060WA",5,"C1_14060W_A",2.69083997728492e-09,1.63338035312661e-81,0.015622944762751,TRUE,TRUE,TRUE
"CAALFM_C114080WA",1,"C1_14080W_A",1.00767471018873e-05,1.46511287564637e-155,0.0126665345556703,TRUE,TRUE,TRUE
"CAALFM_C114090WA",1,"C1_14090W_A",5.17475466432968e-09,1.25328708453134e-29,8.45488719184803e-06,TRUE,TRUE,TRUE
"YPT52",5,"C1_14100W_A",0.57289954256771,3.29558095168751e-16,0.478521817437204,FALSE,TRUE,FALSE
"RPL4B",1,"C1_14110C_A",8.7235348821253e-07,7.69157100387127e-174,0.00147137893601267,TRUE,TRUE,TRUE
"RBE1",1,"C1_14120C_A",2.40461446528954e-06,1.26361147609892e-147,2.37848418234619e-09,TRUE,TRUE,TRUE
"FTR1",1,"C1_14130W_A",0.0126647710769834,2.48175800208279e-167,2.02196846516735e-07,TRUE,TRUE,TRUE
"SET3",6,"C1_14140C_A",0.0222124946165404,3.04813651574525e-35,0.110277590192844,TRUE,TRUE,FALSE
"PAM16",1,"C1_14150C_A",0.105741884847564,6.2574087570654e-11,0.993582923750284,FALSE,TRUE,FALSE
"CAALFM_C114160WA",3,"C1_14160W_A",2.05949962334611e-05,2.54326886673198e-28,0.469287998433701,TRUE,TRUE,FALSE
"CAALFM_C114170WA",2,"C1_14170W_A",0.338788665434729,1.49469504957349e-10,0.0387943308761904,FALSE,TRUE,TRUE
"CAALFM_C114180WA",6,"C1_14180W_A",8.55641360257667e-07,1.57138839479241e-36,0.486827663696571,TRUE,TRUE,FALSE
"CAALFM_C114190CA",8,"C1_14190C_A",6.5860907735417e-20,4.33432630534465e-40,2.75635334456499e-08,TRUE,TRUE,TRUE
"CAALFM_C114200WA",5,"C1_14200W_A",0.0616178918966017,2.19753877133198e-11,0.0638625621383321,FALSE,TRUE,FALSE
"IML2",5,"C1_14210C_A",2.6112974083206e-05,9.98652756340543e-127,0.00029961367098435,TRUE,TRUE,TRUE
"FTR2",1,"C1_14220C_A",3.98026921952266e-12,3.42854177802097e-84,0.192342952351961,TRUE,TRUE,FALSE
"IRR1",2,"C1_14230C_A",5.90516772172073e-10,3.81491842593204e-18,0.0792382361478098,TRUE,TRUE,FALSE
"CAALFM_C114240WA",2,"C1_14240W_A",5.14536063509202e-06,4.75922452867537e-19,0.0206119757915618,TRUE,TRUE,TRUE
"CAALFM_C114250CA",5,"C1_14250C_A",0.000210180643091797,4.62038290226928e-27,0.102497832872932,TRUE,TRUE,FALSE
"TIF35",1,"C1_14260C_A",4.06422331019725e-20,3.80406313066834e-94,0.0226256346684979,TRUE,TRUE,TRUE
"CAALFM_C114270WA",7,"C1_14270W_A",0.068540449623747,3.03063641488789e-36,0.00854787743387503,FALSE,TRUE,TRUE
"NPL3",1,"C1_14280C_A",7.50011195092383e-22,7.17175428238202e-81,0.0213639372275578,TRUE,TRUE,TRUE
"MDG1",5,"C1_14290C_A",0.0785751961784109,3.63318064381743e-09,0.452145742113246,FALSE,TRUE,FALSE
"NCR1",5,"C1_14300C_A",8.31099448419162e-07,1.44226001316512e-44,0.175765211449561,TRUE,TRUE,FALSE
"CAALFM_C114310WA",2,"C1_14310W_A",0.0936012721947527,1.03947662126164e-30,0.0335490169431347,FALSE,TRUE,TRUE
"CAALFM_C114320CA",4,"C1_14320C_A",1.06765180702085e-07,3.62196613913703e-26,0.00553661978823827,TRUE,TRUE,TRUE
"CAALFM_C114330WA",7,"C1_14330W_A",1.01314833032527e-05,2.02342812059105e-67,0.127113640562795,TRUE,TRUE,FALSE
"RIM101",8,"C1_14340C_A",1.59873077044756e-31,1.51604691120661e-19,1.54068297795747e-16,TRUE,TRUE,TRUE
"CAALFM_C114350WA",6,"C1_14350W_A",0.152296270048979,9.93579784921015e-35,0.00835587014858595,FALSE,TRUE,TRUE
"WSC4",5,"C1_14360C_A",0.0105564704398618,0.00226236920724714,0.365676763189682,TRUE,TRUE,FALSE
"CAALFM_C114380CA",3,"C1_14380C_A",0.0311544715403533,7.78651614361224e-06,0.084549826253414,TRUE,TRUE,FALSE
"RPC10",2,"C1_14390W_A",1.57660510952132e-07,9.8779687265393e-13,0.000148725784158711,TRUE,TRUE,TRUE
"CAALFM_C114410WA",2,"C1_14410W_A",9.32987048497927e-08,3.06337522723463e-18,1.94604711561656e-16,TRUE,TRUE,TRUE
"DDI1",4,"C1_14420W_A",0.00136508061894784,2.71064801378866e-76,0.100961327752054,TRUE,TRUE,FALSE
"CAALFM_C114430CA",1,"C1_14430C_A",0.360294585216717,5.25097345781444e-10,0.668586163606065,FALSE,TRUE,FALSE
"GDI1",1,"C1_14440C_A",0.081956354753163,6.06972998393449e-37,0.439662830653747,FALSE,TRUE,FALSE
"CAALFM_C114450CA",1,"C1_14450C_A",0.000462794265669342,5.50217920193609e-26,0.155660203562034,TRUE,TRUE,FALSE
"CAALFM_C114460WA",4,"C1_14460W_A",2.90302496554865e-08,1.85726517034181e-60,0.021935138138917,TRUE,TRUE,TRUE
"CAALFM_C114470WA",2,"C1_14470W_A",0.00682345527826206,7.44497838594767e-20,0.000280429427927977,TRUE,TRUE,TRUE
"CAALFM_C114480WA",2,"C1_14480W_A",0.0230277130662513,4.37056850095423e-20,0.00212606867808484,TRUE,TRUE,TRUE
"SAM35",1,"C1_14490C_A",0.596311587587059,3.48455405561664e-09,0.629339972129204,FALSE,TRUE,FALSE
"CAALFM_C114500CA",4,"C1_14500C_A",0.0680956537456797,2.81085332076632e-09,0.679340508762541,FALSE,TRUE,FALSE
"CAALFM_C114520WA",2,"C1_14520W_A",0.000338925481576132,3.42029587425292e-08,0.0111430866743388,TRUE,TRUE,TRUE
"CAALFM_C114530WA",6,"C1_14530W_A",0.78305103056915,1.21496158380668e-53,1.53628322184567e-06,FALSE,TRUE,TRUE
"CAALFM_C114550CA",6,"C1_14550C_A",0.42467937123965,0.00845204966010588,0.761840995842334,FALSE,TRUE,FALSE
"CAALFM_C114560CA",7,"C1_14560C_A",0.203720071068698,5.24472565578754e-21,0.313894402530246,FALSE,TRUE,FALSE
"FGR24",7,"C1_14570C_A",0.38395992921636,4.76924607782252e-10,0.909590227472965,FALSE,TRUE,FALSE
"CAALFM_C114580CA",7,"C1_14580C_A",0.000760045400480102,3.92824981413664e-11,0.408707626097908,TRUE,TRUE,FALSE
"TLO4",4,"C1_14590C_A",2.35680514965797e-06,3.77394981554121e-24,0.0844321777306709,TRUE,TRUE,FALSE
"CAALFM_C114630CA",8,"C1_14630C_A",0.117887373541607,5.09513656375319e-05,0.478521817437204,FALSE,TRUE,FALSE
"TLO5",4,"C2_00010W_A",0.00263628580205908,0.000419922504628635,0.0459252479606192,TRUE,TRUE,TRUE
"RRN3",1,"C2_00030W_A",0.0184382602821,1.44271335959419e-133,0.0976282841226454,TRUE,TRUE,FALSE
"tV(CAC)1",8,"C2_00040C_A",4.48732114425667e-08,2.85693984964694e-13,0.0969519830371872,TRUE,TRUE,FALSE
"CAALFM_C200050CA",7,"C2_00050C_A",5.41602021553859e-08,2.06039001896964e-46,0.141391835009829,TRUE,TRUE,FALSE
"CAALFM_C200060CA",4,"C2_00060C_A",5.88990400384283e-05,2.15713852344007e-64,0.200875021975978,TRUE,TRUE,FALSE
"MPP10",3,"C2_00070C_A",1.84992588633836e-11,2.84618998974507e-54,0.0446663889260882,TRUE,TRUE,TRUE
"FAV3",8,"C2_00080C_A",0.584737018394024,1.20281362272931e-08,0.976468218735717,FALSE,TRUE,FALSE
"CAALFM_C200090WA",1,"C2_00090W_A",0.00483266186646925,1.21052567312413e-12,0.272764406579055,TRUE,TRUE,FALSE
"PGA52",1,"C2_00100C_A",0.110303662342797,2.19834916779737e-33,0.00347329463058755,FALSE,TRUE,TRUE
"CAALFM_C200110WA",1,"C2_00110W_A",0.150552638685391,1.39826290974647e-16,0.567284880648517,FALSE,TRUE,FALSE
"EMC9",1,"C2_00120C_A",0.537270550341485,7.76177537819667e-06,0.138553055747029,FALSE,TRUE,FALSE
"NDT80",8,"C2_00140W_A",0.000279622682291104,2.499897150695e-50,7.27070567772737e-06,TRUE,TRUE,TRUE
"LEU5",8,"C2_00150W_A",0.00053282005797965,5.0137514452522e-45,0.0968263610883543,TRUE,TRUE,FALSE
"NAT2",5,"C2_00160C_A",0.00858573793822476,2.6193596822283e-27,0.304008210405793,TRUE,TRUE,FALSE
"CAALFM_C200170CA",1,"C2_00170C_A",6.69744032432053e-14,4.26178343989753e-194,0.226002076481486,TRUE,TRUE,FALSE
"CAALFM_C200180CA",5,"C2_00180C_A",6.53177934510804e-11,1.78730060493603e-179,1.10625680468709e-06,TRUE,TRUE,TRUE
"CAALFM_C200190CA",6,"C2_00190C_A",0.588859674649315,9.26528277517932e-13,0.226002076481486,FALSE,TRUE,FALSE
"CAALFM_C200200WA",6,"C2_00200W_A",0.0263223714030066,7.54543538618085e-60,0.000813913507289916,TRUE,TRUE,TRUE
"RPL38",1,"C2_00210W_A",2.91479945380508e-13,5.4647603446704e-115,3.92269277493351e-05,TRUE,TRUE,TRUE
"CAALFM_C200220CA",4,"C2_00220C_A",0.76687785946246,1.80167347059583e-22,0.0172621135795006,FALSE,TRUE,TRUE
"CAALFM_C200230WA",6,"C2_00230W_A",0.688610899645993,1.60796096609807e-08,0.24099215644041,FALSE,TRUE,FALSE
"SOD6",6,"C2_00240C_A",0.000712506522287153,7.15741618089322e-73,2.48393314796083e-11,TRUE,TRUE,TRUE
"STF2",6,"C2_00250W_A",1.39661585610791e-09,7.20908328406424e-87,6.96176571945413e-08,TRUE,TRUE,TRUE
"MUQ1",4,"C2_00260C_A",9.43869527228976e-05,1.14348173062609e-22,0.00510126750321627,TRUE,TRUE,TRUE
"CAALFM_C200270CA",6,"C2_00270C_A",0.798604840990865,1.30082896312197e-33,3.51771155204739e-05,FALSE,TRUE,TRUE
"CAALFM_C200280CA",8,"C2_00280C_A",0.065298373308797,1.47140237242833e-11,0.874642518176029,FALSE,TRUE,FALSE
"CAALFM_C200290WA",6,"C2_00290W_A",0.0285627740679204,4.04177926865248e-11,0.000262708388299384,TRUE,TRUE,TRUE
"CKB1",1,"C2_00300C_A",0.00287133903425887,2.55334768618692e-50,0.038479385051254,TRUE,TRUE,TRUE
"CAALFM_C200310WA",7,"C2_00310W_A",0.0041491467424304,1.45113965079745e-36,0.400710044582139,TRUE,TRUE,FALSE
"CAALFM_C200320WA",4,"C2_00320W_A",0.00979965353482671,5.63903844612051e-45,0.00206608658360768,TRUE,TRUE,TRUE
"HIR1",6,"C2_00330C_A",0.227657214832118,1.98134974113359e-15,0.141836658616886,FALSE,TRUE,FALSE
"ARO8",1,"C2_00340C_A",0.0046671380151595,2.71758530743081e-51,3.1073652551399e-09,TRUE,TRUE,TRUE
"CAALFM_C200350WA",8,"C2_00350W_A",0.351462858841234,9.6975278120149e-10,0.00564972156961779,FALSE,TRUE,TRUE
"CAALFM_C200360CA",8,"C2_00360C_A",1.33355445040324e-05,1.24062118973551e-11,0.0204819691769017,TRUE,TRUE,TRUE
"PDR6",5,"C2_00370W_A",0.00146653023170527,8.39344545262832e-21,0.142061246938169,TRUE,TRUE,FALSE
"RFA1",2,"C2_00380C_A",0.00289101589825227,4.8731725807286e-08,0.441735483150322,TRUE,TRUE,FALSE
"CAALFM_C200390CA",2,"C2_00390C_A",0.0711521463559917,6.27273968790988e-06,0.000322135119588907,FALSE,TRUE,TRUE
"CAALFM_C200400CA",2,"C2_00400C_A",3.25365313459421e-11,1.1860162461596e-12,0.0240257123737232,TRUE,TRUE,TRUE
"CAALFM_C200410CA",8,"C2_00410C_A",1.13354747941594e-05,4.28106438852427e-43,0.0854701535190896,TRUE,TRUE,FALSE
"CAALFM_C200420WA",5,"C2_00420W_A",2.3911251970282e-05,6.64802402835008e-112,0.00945088277418619,TRUE,TRUE,TRUE
"DPB4",2,"C2_00430C_A",0.0250595429127995,2.7662607542154e-08,0.0423347149009905,TRUE,TRUE,TRUE
"SAS2",2,"C2_00440W_A",0.00185757805456413,6.24031193247216e-27,2.10640113353682e-06,TRUE,TRUE,TRUE
"CDH1",6,"C2_00450C_A",0.000152519827475457,1.26198889757314e-60,0.00656707914515385,TRUE,TRUE,TRUE
"SAP30",7,"C2_00460W_A",0.00330495266781121,1.11121196857803e-49,0.104580670740434,TRUE,TRUE,FALSE
"POM152",2,"C2_00470W_A",0.00165208758127179,2.14344594281736e-16,0.108656264936594,TRUE,TRUE,FALSE
"PHHB",8,"C2_00480C_A",1.11602642355945e-10,5.05622526679155e-15,4.74436813825034e-06,TRUE,TRUE,TRUE
"CAALFM_C200490WA",8,"C2_00490W_A",0.0483057903126088,4.56467751560619e-17,0.001259404292436,TRUE,TRUE,TRUE
"ZCF9",6,"C2_00500W_A",2.06966426851339e-07,2.49414863948327e-49,0.0998787773099333,TRUE,TRUE,FALSE
"CAALFM_C200510WA",5,"C2_00510W_A",3.59894402668352e-15,4.45957290493319e-133,0.0130721636480859,TRUE,TRUE,TRUE
"DFG5",6,"C2_00520W_A",0.247630734865363,5.16935530033034e-11,0.774716355504147,FALSE,TRUE,FALSE
"CAALFM_C200540WA",8,"C2_00540W_A",1.6749284684711e-06,2.04643270265965e-92,0.0150370705457699,TRUE,TRUE,TRUE
"CAALFM_C200550WA",6,"C2_00550W_A",1.19696644760676e-15,2.55708370327581e-167,0.100159927014447,TRUE,TRUE,FALSE
"CAALFM_C200560WA",7,"C2_00560W_A",0.000922333702295561,1.13299024993097e-79,0.281640835518111,TRUE,TRUE,FALSE
"CAALFM_C200570WA",7,"C2_00570W_A",0.00292154586667076,3.89964261975495e-19,0.00772563964506646,TRUE,TRUE,TRUE
"SMF3",1,"C2_00580C_A",0.0835935554024886,5.83778339875129e-09,0.0378365658003737,FALSE,TRUE,TRUE
"CAALFM_C200590WA",2,"C2_00590W_A",0.116005786787399,1.10476733332056e-05,0.0678492469232032,FALSE,TRUE,FALSE
"CAALFM_C200600CA",8,"C2_00600C_A",0.000289312326470265,5.65022425165934e-05,0.00923244632227213,TRUE,TRUE,TRUE
"ATP18",4,"C2_00610C_A",0.272561084459201,9.55610222504649e-14,0.592638311759869,FALSE,TRUE,FALSE
"CAALFM_C200620CA",7,"C2_00620C_A",0.0265888654465984,2.19956919645208e-15,0.160073181429841,TRUE,TRUE,FALSE
"CAALFM_C200630CA",6,"C2_00630C_A",4.36983376669804e-08,3.49509395702224e-228,1.78421061899725e-19,TRUE,TRUE,TRUE
"CAALFM_C200640WA",6,"C2_00640W_A",1.0769058105888e-06,1.03687446777694e-66,0.0010891696066569,TRUE,TRUE,TRUE
"CAALFM_C200650WA",6,"C2_00650W_A",0.496762941641796,0.00095422245420033,0.2787873001436,FALSE,TRUE,FALSE
"SOD4",5,"C2_00660C_A",6.70931719527222e-08,0,6.4885180982338e-12,TRUE,TRUE,TRUE
"SOD5",5,"C2_00680C_A",1.15883598697593e-05,7.53757471768147e-32,0.0178755193052382,TRUE,TRUE,TRUE
"CAALFM_C200690WA",6,"C2_00690W_A",0.0410441199195126,7.8444940713494e-38,1.19164718842957e-06,TRUE,TRUE,TRUE
"CAALFM_C200700WA",1,"C2_00700W_A",0.800080830290901,1.24734792302841e-18,0.162752279319757,FALSE,TRUE,FALSE
"NPL6",4,"C2_00710W_A",0.00236970936594025,6.58714024968903e-29,0.507666545829263,TRUE,TRUE,FALSE
"FGR15",6,"C2_00720C_A",0.140522063049704,2.99797661412014e-13,2.06884752782329e-06,FALSE,TRUE,TRUE
"CAALFM_C200730CA",2,"C2_00730C_A",0.0583682771062298,7.01377507577671e-10,0.00152029226750816,FALSE,TRUE,TRUE
"CAALFM_C200740CA",8,"C2_00740C_A",5.70102781912564e-19,7.01229727764359e-51,0.00141255273273245,TRUE,TRUE,TRUE
"CAALFM_C200750WA",8,"C2_00750W_A",2.18490680470522e-08,2.88068867515617e-11,7.24701947250124e-08,TRUE,TRUE,TRUE
"CAALFM_C200760CA",8,"C2_00760C_A",3.56308458552772e-12,4.3887499505577e-132,8.77549281941324e-06,TRUE,TRUE,TRUE
"CAALFM_C200770WA",5,"C2_00770W_A",3.21015276536705e-08,1.17075604974651e-118,0.00285307192594402,TRUE,TRUE,TRUE
"POT1-2",5,"C2_00780W_A",3.50822639440811e-10,5.69966178538903e-103,0.00111502532142931,TRUE,TRUE,TRUE
"CAALFM_C200790CA",8,"C2_00790C_A",0.145263638808172,2.10840837240122e-82,2.95427323435241e-06,FALSE,TRUE,TRUE
"PGA27",7,"C2_00800C_A",0.0737447385939438,0.000598535406901696,0.303589200763584,FALSE,TRUE,FALSE
"CAALFM_C200810CA",2,"C2_00810C_A",0.0821192510378413,1.40190910224452e-13,0.803528553653725,FALSE,TRUE,FALSE
"CAALFM_C200820WA",3,"C2_00820W_A",0.0564112177577788,1.01914272469618e-09,0.141524493647795,FALSE,TRUE,FALSE
"CAALFM_C200830CA",1,"C2_00830C_A",2.93762822841394e-07,2.69599478938445e-41,0.453523336106022,TRUE,TRUE,FALSE
"CAALFM_C200840WA",3,"C2_00840W_A",0.00829908657913993,2.95147088765232e-25,0.068061010699543,TRUE,TRUE,FALSE
"MSF1",4,"C2_00850W_A",0.000466737427593936,2.52954651238086e-63,0.778129843098498,TRUE,TRUE,FALSE
"CAALFM_C200860CA",5,"C2_00860C_A",2.72569157727155e-07,3.57908771495759e-232,3.2960813911812e-11,TRUE,TRUE,TRUE
"CAALFM_C200870WA",4,"C2_00870W_A",0.247364663293287,7.5057661160619e-46,0.000155945231133463,FALSE,TRUE,TRUE
"CAALFM_C200880WA",5,"C2_00880W_A",0.00762213582646415,1.07675423808032e-134,0.000703291195611628,TRUE,TRUE,TRUE
"CAALFM_C200890WA",6,"C2_00890W_A",0.0812772027463977,1.28995639854405e-30,0.53242473666446,FALSE,TRUE,FALSE
"CAALFM_C200900WA",7,"C2_00900W_A",0.00451166644948345,1.69924883323131e-32,0.455757050945745,TRUE,TRUE,FALSE
"PGA19",7,"C2_00910W_A",0.103239536998677,1.4368538180791e-19,0.0926193646928325,FALSE,TRUE,FALSE
"CAALFM_C200920WA",7,"C2_00920W_A",0.954580472854439,1.09544515104123e-07,0.739630174541662,FALSE,TRUE,FALSE
"VPS24",8,"C2_00930C_A",0.00012338971108423,1.52648535828495e-20,0.00330293212454236,TRUE,TRUE,TRUE
"CAALFM_C200940WA",8,"C2_00940W_A",7.32394775350279e-14,1.31765922747361e-83,0.00422984239949932,TRUE,TRUE,TRUE
"RFC5",1,"C2_00950C_A",7.45814170195367e-09,5.18313684349419e-30,0.122029578864993,TRUE,TRUE,FALSE
"MXR1",1,"C2_00960C_A",0.346837284780612,2.58393630626468e-71,1.2117757279408e-06,FALSE,TRUE,TRUE
"UBP13",5,"C2_00970C_A",0.00330591751005964,9.51785840460463e-30,0.306283741571277,TRUE,TRUE,FALSE
"HGT7",1,"C2_01000W_A",0.0424563741639543,3.61280993558108e-15,0.000253991335827844,TRUE,TRUE,TRUE
"HGT8",8,"C2_01010W_A",7.91188077772252e-14,1.00486785040327e-43,9.79754219854782e-05,TRUE,TRUE,TRUE
"HGT6",5,"C2_01020W_A",6.773540807894e-10,1.80363396252871e-17,0.0212002966158668,TRUE,TRUE,TRUE
"CAALFM_C201030WA",1,"C2_01030W_A",7.53922077859182e-10,8.91487376503879e-149,0.220502779167968,TRUE,TRUE,FALSE
"CAALFM_C201040WA",5,"C2_01040W_A",0.000351140707816359,5.41353829653364e-26,0.0164435422079806,TRUE,TRUE,TRUE
"CAALFM_C201050WA",7,"C2_01050W_A",0.759960109312594,4.72619287510235e-06,0.216112327794578,FALSE,TRUE,FALSE
"CAALFM_C201060CA",3,"C2_01060C_A",1.38079743916757e-06,7.0465650693684e-20,0.00643318339176908,TRUE,TRUE,TRUE
"CAALFM_C201070WA",3,"C2_01070W_A",1.08749767248708e-05,1.63361215648271e-112,0.454171126730801,TRUE,TRUE,FALSE
"tL(CAA)2",8,"C2_01080C_A",0.310319836929062,0.000879890514421828,0.541539431521984,FALSE,TRUE,FALSE
"ERG28",1,"C2_01090C_A",0.00190924947845049,6.55350017205045e-96,0.534501064099295,TRUE,TRUE,FALSE
"BCY1",5,"C2_01110C_A",0.0117421584686515,4.36294007261191e-30,0.47034738919121,TRUE,TRUE,FALSE
"KAR2",1,"C2_01120W_A",0.00335826007056314,1.70769903236447e-31,4.65780001980118e-12,TRUE,TRUE,TRUE
"NOT3",1,"C2_01130W_A",0.00683434888146898,3.60170446478029e-112,0.000403912485715004,TRUE,TRUE,TRUE
"CAALFM_C201140CA",7,"C2_01140C_A",0.0135209737240813,7.48271504030072e-55,0.124271329008332,TRUE,TRUE,FALSE
"PEX12",6,"C2_01150W_A",0.000867968438552229,5.67421291857772e-63,0.0167394102106846,TRUE,TRUE,TRUE
"CAALFM_C201160WA",4,"C2_01160W_A",0.0292231719318764,1.80501365600293e-63,0.447898781911506,TRUE,TRUE,FALSE
"CAALFM_C201170CA",2,"C2_01170C_A",0.0189862540575686,3.0840619933272e-15,0.00504540982248378,TRUE,TRUE,TRUE
"COX17",7,"C2_01180W_A",0.959731804371568,4.99532825695572e-59,0.00170008692643815,FALSE,TRUE,TRUE
"CAALFM_C201190CA",8,"C2_01190C_A",4.96868055709494e-06,2.94763488833052e-106,0.682628534585119,TRUE,TRUE,FALSE
"REG1",8,"C2_01200C_A",7.36920996770285e-18,1.59035384544145e-40,1.38882361988415e-14,TRUE,TRUE,TRUE
"HNM1",8,"C2_01210C_A",0.0158418535596607,2.26738805975086e-93,2.10687273132125e-07,TRUE,TRUE,TRUE
"CAALFM_C201220WA",2,"C2_01220W_A",0.693557941501482,2.4902466378753e-16,0.635487394460869,FALSE,TRUE,FALSE
"CAALFM_C201230WA",2,"C2_01230W_A",0.246743205085332,0.0105935100893544,0.000481664079439772,FALSE,TRUE,TRUE
"CAALFM_C201240CA",7,"C2_01240C_A",0.000246589774650137,2.81476973196125e-57,0.0209612604160164,TRUE,TRUE,TRUE
"CAALFM_C201250WA",6,"C2_01250W_A",0.0119707539728797,2.25953893606793e-56,6.32679350902113e-10,TRUE,TRUE,TRUE
"CAALFM_C201260WA",1,"C2_01260W_A",0.000832454896885154,2.20001375049795e-11,0.174403414457656,TRUE,TRUE,FALSE
"CHA1",5,"C2_01270W_A",1.39272442455961e-10,3.94298928399158e-12,0.000379294809335358,TRUE,TRUE,TRUE
"MNN24",5,"C2_01300C_A",0.000132636800514413,2.31361625379068e-07,7.79156886886523e-06,TRUE,TRUE,TRUE
"CAALFM_C201310WA",8,"C2_01310W_A",0.000775857909123277,1.0644904384403e-12,0.515267707361941,TRUE,TRUE,FALSE
"CAALFM_C201320WA",4,"C2_01320W_A",0.00484595080824646,1.66983102381286e-16,0.000113143836829037,TRUE,TRUE,TRUE
"SIR2",7,"C2_01330C_A",1.16417799047311e-10,2.53583531895921e-22,0.00192056559203298,TRUE,TRUE,TRUE
"CAALFM_C201340WA",4,"C2_01340W_A",0.833748513653197,1.23876010893456e-26,0.000340292869351348,FALSE,TRUE,TRUE
"SNX4",8,"C2_01350C_A",5.61967536519943e-05,9.32114943092071e-22,0.0667341947232227,TRUE,TRUE,FALSE
"DCW1",8,"C2_01360C_A",0.70655796879763,2.86860026327913e-08,0.130108036849361,FALSE,TRUE,FALSE
"CAALFM_C201370CA",8,"C2_01370C_A",0.339784175167891,7.33119307403595e-08,0.455164668116874,FALSE,TRUE,FALSE
"PLB4.5",5,"C2_01380W_A",7.2069696651702e-09,3.68168447043494e-54,0.0312340180799969,TRUE,TRUE,TRUE
"CAALFM_C201390WA",5,"C2_01390W_A",0.215458828918629,2.177170198096e-29,0.475240794447516,FALSE,TRUE,FALSE
"ESC4",2,"C2_01400C_A",0.00218031835565508,4.75216115898608e-22,0.00432450595008781,TRUE,TRUE,TRUE
"CLB2",4,"C2_01410C_A",0.00273027867912213,7.02224358236311e-05,0.0236796054140664,TRUE,TRUE,TRUE
"CAALFM_C201420CA",2,"C2_01420C_A",0.00421221893221137,1.75412436931754e-24,0.00134437559818578,TRUE,TRUE,TRUE
"APT1",2,"C2_01430W_A",1.06627298811604e-11,1.98636414737904e-127,0.00216842571827874,TRUE,TRUE,TRUE
"CAALFM_C201440CA",6,"C2_01440C_A",0.80823224140647,3.57562702894495e-67,4.03846933566226e-12,FALSE,TRUE,TRUE
"CAALFM_C201450CA",5,"C2_01450C_A",6.94863982626572e-15,1.00902937656915e-285,0.000300854689626392,TRUE,TRUE,TRUE
"CAALFM_C201460CA",7,"C2_01460C_A",NA,9.1781343750852e-57,0.300494891406856,FALSE,TRUE,FALSE
"SRB9",6,"C2_01470W_A",0.313356796982394,2.3871389182734e-49,0.662448874237491,FALSE,TRUE,FALSE
"SPT5",8,"C2_01480W_A",0.7120140615672,8.49137734667635e-05,0.584517306286328,FALSE,TRUE,FALSE
"CAALFM_C201490CA",4,"C2_01490C_A",0.685770021335989,0.00550088927477585,0.808656893329307,FALSE,TRUE,FALSE
"CAALFM_C201500WA",7,"C2_01500W_A",0.268841321647921,1.13947493895986e-14,0.400320148806025,FALSE,TRUE,FALSE
"CAALFM_C201510CA",2,"C2_01510C_A",0.00377458228322578,6.25825525397945e-21,0.0776500653277669,TRUE,TRUE,FALSE
"PPE1",4,"C2_01520W_A",0.650259020449442,2.34047140739559e-11,0.0944817965117709,FALSE,TRUE,FALSE
"CAALFM_C201530CA",5,"C2_01530C_A",0.000288763711529608,1.42649928267466e-47,1.39544309896953e-07,TRUE,TRUE,TRUE
"CAALFM_C201540WA",8,"C2_01540W_A",4.12081018680371e-21,4.91055190998641e-136,7.15025326524427e-10,TRUE,TRUE,TRUE
"SMP2",5,"C2_01550W_A",0.00735086177092831,6.20173971818058e-74,0.327897582172919,TRUE,TRUE,FALSE
"BMT5",6,"C2_01560W_A",1.26201728058844e-05,8.23777380069611e-27,0.411361248467337,TRUE,TRUE,FALSE
"CAALFM_C201570WA",2,"C2_01570W_A",0.484864615535688,0.00121088602672371,0.182147153361752,FALSE,TRUE,FALSE
"REX2",1,"C2_01580W_A",0.000220510050513082,1.83715997301859e-61,0.579496580209328,TRUE,TRUE,FALSE
"COX13",5,"C2_01590W_A",0.854202509631795,6.18615704265228e-14,0.761345727604882,FALSE,TRUE,FALSE
"CDC55",4,"C2_01600C_A",0.0309395529599119,4.11562055127951e-92,8.39781694502711e-07,TRUE,TRUE,TRUE
"RPS26A",1,"C2_01610C_A",2.52371616012553e-19,8.93270466340796e-123,0.00171056501552696,TRUE,TRUE,TRUE
"COX4",1,"C2_01620W_A",0.170499182099075,2.23169157834175e-122,0.268733095887844,FALSE,TRUE,FALSE
"CAALFM_C201630WA",7,"C2_01630W_A",4.14336775037729e-07,8.38064669063926e-204,6.05653671683982e-21,TRUE,TRUE,TRUE
"SLA1",4,"C2_01640W_A",0.0218725262600904,2.37876835513929e-13,0.0871500319662592,TRUE,TRUE,FALSE
"CAALFM_C201650WA",7,"C2_01650W_A",8.22599822204072e-06,1.95347275328509e-55,0.140150827617738,TRUE,TRUE,FALSE
"CAALFM_C201660CA",6,"C2_01660C_A",5.90632463631053e-06,4.3605370328614e-158,2.41853370118781e-05,TRUE,TRUE,TRUE
"STT3",1,"C2_01670C_A",0.0211616431985027,6.663264024573e-88,0.0337268941196652,TRUE,TRUE,TRUE
"CAALFM_C201680CA",8,"C2_01680C_A",0.00093399046266572,0.00255538450070216,0.0102555489433206,TRUE,TRUE,TRUE
"CAALFM_C201690WA",1,"C2_01690W_A",0.24899288957476,4.61230562793692e-21,0.647514898838665,FALSE,TRUE,FALSE
"HAP42",8,"C2_01700C_A",0.122245945007639,6.64019107943495e-17,0.239841620918398,FALSE,TRUE,FALSE
"HSK3",6,"C2_01710W_A",0.0207774823582324,5.08972404797242e-25,0.0178256653179705,TRUE,TRUE,TRUE
"CAALFM_C201720CA",2,"C2_01720C_A",0.45406829395555,2.35702866706479e-12,0.0179103999243794,FALSE,TRUE,TRUE
"CAALFM_C201730WA",7,"C2_01730W_A",0.273008278842314,2.34519860827943e-09,0.065382871997607,FALSE,TRUE,FALSE
"CAALFM_C201740CA",1,"C2_01740C_A",0.000301049534373823,2.14177122107436e-82,0.0255894143983717,TRUE,TRUE,TRUE
"CAALFM_C201750CA",8,"C2_01750C_A",2.89361658557928e-14,2.01180743242454e-51,0.0568466844396344,TRUE,TRUE,FALSE
"CAALFM_C201760CA",8,"C2_01760C_A",0.014608232534725,3.92956053184383e-11,0.232012301010431,TRUE,TRUE,FALSE
"tL(CAA)1",8,"C2_01770C_A",0.0136161020351343,1.90302768474303e-05,0.639741674060954,TRUE,TRUE,FALSE
"MSB2",8,"C2_01780W_A",2.42256691075362e-11,5.04781230448348e-24,3.92272166921678e-08,TRUE,TRUE,TRUE
"CAALFM_C201800WA",7,"C2_01800W_A",0.280088069770501,2.87893872148846e-33,0.0106928152342607,FALSE,TRUE,TRUE
"CAALFM_C201820CA",7,"C2_01820C_A",0.02655410838876,1.00915630622063e-25,0.328236459755186,TRUE,TRUE,FALSE
"PRP39",2,"C2_01830W_A",0.254885992909956,4.88510711641354e-06,0.874032791364216,FALSE,TRUE,FALSE
"RAD7",7,"C2_01840C_A",0.0857266874097927,8.31903403047333e-10,0.0657088996732434,FALSE,TRUE,FALSE
"RAD23",1,"C2_01850W_A",2.19430498650573e-07,5.98269585598123e-21,0.00391159590892873,TRUE,TRUE,TRUE
"CAALFM_C201860CA",2,"C2_01860C_A",0.403947684954802,0.000943460419813987,0.336813788114003,FALSE,TRUE,FALSE
"CAALFM_C201870CA",6,"C2_01870C_A",0.00225353728178572,1.24907588558356e-29,0.273822038118257,TRUE,TRUE,FALSE
"ZCF6",6,"C2_01880C_A",7.43019523286059e-07,8.35168021710875e-30,0.198846023822165,TRUE,TRUE,FALSE
"CTF1",7,"C2_01890W_A",2.01184933880485e-06,8.57231591363764e-73,9.85753434891231e-06,TRUE,TRUE,TRUE
"CAALFM_C201900CA",4,"C2_01900C_A",0.76237264653622,1.31577672935085e-14,0.613598122138007,FALSE,TRUE,FALSE
"CAALFM_C201910WA",2,"C2_01910W_A",0.225403357074559,8.34269197577597e-06,0.0357863884979247,FALSE,TRUE,TRUE
"CAALFM_C201920CA",5,"C2_01920C_A",0.0175250571748838,1.25275619060957e-13,0.672063592727767,TRUE,TRUE,FALSE
"CAALFM_C201930CA",6,"C2_01930C_A",0.357209813851667,0.0038574544548958,0.653812106994503,FALSE,TRUE,FALSE
"AMN1",1,"C2_01950C_A",0.0253789560738524,3.97279531620813e-80,0.000893423273065105,TRUE,TRUE,TRUE
"ROD1",1,"C2_01970C_A",0.528654569119418,2.28362156676425e-11,0.0270299158354955,FALSE,TRUE,TRUE
"SRD1",8,"C2_01980C_A",0.000900169082018457,2.38347772820252e-43,0.00848137378582024,TRUE,TRUE,TRUE
"FAB1",8,"C2_01990C_A",0.000142301777211208,1.34054926213353e-35,0.630573523207608,TRUE,TRUE,FALSE
"CAALFM_C202000WA",4,"C2_02000W_A",0.0634077141625017,1.28162207508727e-71,0.00364086908148424,FALSE,TRUE,TRUE
"CHT4",4,"C2_02010C_A",4.62901686234898e-05,0.0213074132832581,0.0104093160206773,TRUE,TRUE,TRUE
"CAALFM_C202020WA",4,"C2_02020W_A",0.0304930907801061,5.61373904683566e-23,0.534501064099295,TRUE,TRUE,FALSE
"ARO3",1,"C2_02030W_A",0.00024206825450078,NA,2.87765960874163e-07,TRUE,FALSE,TRUE
"CAALFM_C202040WA",6,"C2_02040W_A",0.858728213605639,2.21910155030202e-10,0.0600028130171448,FALSE,TRUE,FALSE
"CAALFM_C202050CA",4,"C2_02050C_A",1.36401393688731e-05,1.97416343273474e-12,0.0115028832203566,TRUE,TRUE,TRUE
"FMO1",6,"C2_02060C_A",3.40314827470998e-24,2.74907425829124e-209,4.27863431367922e-11,TRUE,TRUE,TRUE
"SPR3",7,"C2_02070W_A",NA,4.6993852357858e-52,0.105759020104981,FALSE,TRUE,FALSE
"CAALFM_C202080WA",8,"C2_02080W_A",0.000124270402891812,1.68642485894855e-24,0.302733614514679,TRUE,TRUE,FALSE
"CAALFM_C202090WA",7,"C2_02090W_A",0.710773369994828,0.0120177184202328,0.811532289291883,FALSE,TRUE,FALSE
"SNF2",7,"C2_02100W_A",0.00832959447315146,1.30202481387215e-21,0.00769070712301339,TRUE,TRUE,TRUE
"CAALFM_C202110CA",8,"C2_02110C_A",8.67736311698725e-11,1.51255972669062e-34,0.00600886105801278,TRUE,TRUE,TRUE
"CAALFM_C202120WA",2,"C2_02120W_A",0.00610522854886159,4.14801462022849e-20,0.557034701012907,TRUE,TRUE,FALSE
"CAALFM_C202130CA",7,"C2_02130C_A",0.000200860193705636,6.17751777134903e-55,0.0569203501389078,TRUE,TRUE,FALSE
"CAALFM_C202140CA",7,"C2_02140C_A",0.857912388038108,7.13400032151926e-18,0.864864431239458,FALSE,TRUE,FALSE
"CAALFM_C202150CA",6,"C2_02150C_A",0.0198388325153962,5.09640173507847e-18,0.110241973569206,TRUE,TRUE,FALSE
"SAM37",2,"C2_02160W_A",0.767261972923803,6.46636931846734e-06,0.34689912395161,FALSE,TRUE,FALSE
"CAALFM_C202170WA",2,"C2_02170W_A",0.000699673895774036,1.4453045458116e-31,0.0451285141860268,TRUE,TRUE,TRUE
"CAALFM_C202180WA",6,"C2_02180W_A",0.000374318909457798,1.01731722680153e-42,0.0111565398582179,TRUE,TRUE,TRUE
"CAALFM_C202190CA",7,"C2_02190C_A",3.82608833832656e-05,7.75715011602653e-31,0.108849115235686,TRUE,TRUE,FALSE
"CAALFM_C202200WA",3,"C2_02200W_A",0.0400435524047232,1.7039523199023e-17,0.550450544263087,TRUE,TRUE,FALSE
"TLG2",7,"C2_02210C_A",0.0123639502192602,1.86474446413982e-22,0.154268046058985,TRUE,TRUE,FALSE
"CAALFM_C202220CA",7,"C2_02220C_A",1.33373958205345e-13,1.02517426302534e-88,0.00234479637747248,TRUE,TRUE,TRUE
"CAALFM_C202230CA",6,"C2_02230C_A",6.03305759879147e-15,8.54031286361965e-103,1.99266593129624e-07,TRUE,TRUE,TRUE
"HEX3",8,"C2_02240C_A",2.30140341552125e-05,1.88918870494266e-40,0.00931867897360773,TRUE,TRUE,TRUE
"OPI1",8,"C2_02250C_A",1.22902211329544e-05,2.06598298322248e-20,0.0460614698409588,TRUE,TRUE,TRUE
"CAALFM_C202260WA",4,"C2_02260W_A",5.48695395841496e-06,1.83787835864041e-25,0.133224495107103,TRUE,TRUE,FALSE
"CAALFM_C202270CA",1,"C2_02270C_A",0.00332977294022121,8.05066985422728e-77,0.286687361686636,TRUE,TRUE,FALSE
"CAALFM_C202280WA",1,"C2_02280W_A",0.760861855461161,5.36310780180696e-38,0.372911331398372,FALSE,TRUE,FALSE
"CAALFM_C202290CA",6,"C2_02290C_A",0.482114753364331,7.33272814643385e-17,0.197629897800671,FALSE,TRUE,FALSE
"CAALFM_C202300WA",6,"C2_02300W_A",0.973172558016887,2.60561051443573e-33,0.00189662485981348,FALSE,TRUE,TRUE
"CAALFM_C202310WA",4,"C2_02310W_A",5.77398391415699e-05,1.03795405210509e-40,0.0686983653152276,TRUE,TRUE,FALSE
"CPR3",1,"C2_02320C_A",0.00505621938100788,1.21840110277559e-146,0.0303766235414745,TRUE,TRUE,TRUE
"CAALFM_C202330WA",7,"C2_02330W_A",0.763814108084195,6.01075556027594e-16,0.412069859569136,FALSE,TRUE,FALSE
"ENT3",4,"C2_02340C_A",0.0827816547377103,1.45515207141556e-50,0.0284454438755014,FALSE,TRUE,TRUE
"SAC3",4,"C2_02350C_A",0.628612180323538,1.16488261547984e-08,0.408191058081184,FALSE,TRUE,FALSE
"CAALFM_C202360CA",5,"C2_02360C_A",0.863955771612509,1.6371002153815e-20,0.0229343963295995,FALSE,TRUE,TRUE
"HOM2",1,"C2_02370C_A",2.19233373566089e-07,2.75896651561262e-84,3.43613231847142e-09,TRUE,TRUE,TRUE
"POB3",1,"C2_02380W_A",1.03944074049863e-06,1.54099426287464e-19,0.0437185899637915,TRUE,TRUE,TRUE
"CAALFM_C202390WA",6,"C2_02390W_A",8.02148921777477e-07,1.36701753290113e-141,3.23843914398682e-10,TRUE,TRUE,TRUE
"ECM3",8,"C2_02400W_A",0.0339489610578813,2.11491084861008e-44,0.0224612572628201,TRUE,TRUE,TRUE
"CAALFM_C202410WA",5,"C2_02410W_A",7.07632769643292e-07,1.62375603269122e-50,0.143921647522345,TRUE,TRUE,FALSE
"CAALFM_C202420CA",2,"C2_02420C_A",0.000818758863727975,1.8330024319382e-50,0.495844133812555,TRUE,TRUE,FALSE
"UTP21",3,"C2_02430W_A",1.08561077865518e-05,2.47625918176203e-57,0.0633004269838238,TRUE,TRUE,FALSE
"CAALFM_C202440WA",6,"C2_02440W_A",2.83640637215847e-07,1.04030777148876e-56,0.0230492500626113,TRUE,TRUE,TRUE
"UTP22",8,"C2_02450C_A",5.52991945010247e-06,9.74247673390712e-190,0.000618397904968949,TRUE,TRUE,TRUE
"ERG7",4,"C2_02460W_A",0.352037330833633,1.86820930730081e-11,0.504227631856313,FALSE,TRUE,FALSE
"ATO7",7,"C2_02470C_A",0.0218486227983595,1.85228140581939e-34,0.564510526642901,TRUE,TRUE,FALSE
"CAALFM_C202490CA",8,"C2_02490C_A",0.00627620015038699,0.000394638996573945,0.000351915478988236,TRUE,TRUE,TRUE
"CAALFM_C202500WA",6,"C2_02500W_A",0.274304344171766,2.55097481945585e-15,0.0659908524004886,FALSE,TRUE,FALSE
"PRS1",1,"C2_02510W_A",0.137877188720695,3.45104940398394e-72,0.291890548485195,FALSE,TRUE,FALSE
"CAALFM_C202520WA",6,"C2_02520W_A",0.168195769599949,2.60237857050134e-39,0.0294352760265283,FALSE,TRUE,TRUE
"CAALFM_C202530WA",7,"C2_02530W_A",0.00071972682080212,1.01550876681674e-44,0.227019727623988,TRUE,TRUE,FALSE
"CAALFM_C202540WA",1,"C2_02540W_A",0.00205895981644753,6.17442609105461e-187,0.0644998182962354,TRUE,TRUE,FALSE
"CAALFM_C202550CA",8,"C2_02550C_A",1.41389451796102e-07,2.76737679110592e-74,0.0483814041871745,TRUE,TRUE,TRUE
"CAALFM_C202570WA",8,"C2_02570W_A",3.28742453938746e-17,8.48821189200182e-68,0.000376826011856761,TRUE,TRUE,TRUE
"CAALFM_C202580WA",8,"C2_02580W_A",5.88821419288672e-07,0.000167078376231657,0.00139755162163379,TRUE,TRUE,TRUE
"ZRT2",1,"C2_02590W_A",0.0555192456534436,1.00432632512215e-82,1.51486781542425e-06,FALSE,TRUE,TRUE
"FGR22",5,"C2_02600C_A",0.00139489230821,7.71706354221193e-33,0.0583741672951816,TRUE,TRUE,FALSE
"HGT20",2,"C2_02610C_A",0.0264504953930922,2.04749183769612e-19,0.000267615250433015,TRUE,TRUE,TRUE
"CAALFM_C202620WA",6,"C2_02620W_A",0.00719258724740475,8.00161471074167e-18,0.000122988391272428,TRUE,TRUE,TRUE
"CAALFM_C202630WA",8,"C2_02630W_A",0.0295113859890658,1.1506481703357e-10,0.560313235921149,TRUE,TRUE,FALSE
"CAALFM_C202640CA",2,"C2_02640C_A",5.35107772677788e-12,5.99965819458699e-79,4.46719241089717e-19,TRUE,TRUE,TRUE
"CAALFM_C202660WA",2,"C2_02660W_A",0.185067218098041,1.17050907575115e-06,0.00240002831881837,FALSE,TRUE,TRUE
"CAALFM_C202670CA",6,"C2_02670C_A",0.208868243244985,4.92957730975069e-23,0.000848103959570195,FALSE,TRUE,TRUE
"PDR17",2,"C2_02680W_A",3.76480684229677e-08,1.35757921300528e-40,0.00115840278852606,TRUE,TRUE,TRUE
"SER2",1,"C2_02690W_A",9.82994324533865e-11,3.62691007599455e-127,0.00305906072674493,TRUE,TRUE,TRUE
"CAALFM_C202700CA",5,"C2_02700C_A",0.0449953695027603,4.57569377065918e-12,0.224674107219601,TRUE,TRUE,FALSE
"CAALFM_C202710CA",8,"C2_02710C_A",0.000419192944524517,1.3341359172145e-84,0.110763625866641,TRUE,TRUE,FALSE
"CAALFM_C202720WA",8,"C2_02720W_A",0.00974741692663412,2.8081020989039e-31,7.0738942516283e-06,TRUE,TRUE,TRUE
"CAALFM_C202730WA",6,"C2_02730W_A",0.351801106795784,1.67121954422073e-53,6.02693948671027e-06,FALSE,TRUE,TRUE
"HPT1",3,"C2_02740C_A",2.25093533165243e-07,2.65216398148538e-85,0.103314170735451,TRUE,TRUE,FALSE
"CAALFM_C202750CA",7,"C2_02750C_A",3.61861078910899e-05,7.40863761438835e-106,0.0146206112271371,TRUE,TRUE,TRUE
"LHS1",5,"C2_02760W_A",0.135963258845208,6.15271809747154e-27,3.71791812844157e-05,FALSE,TRUE,TRUE
"CAALFM_C202770WA",1,"C2_02770W_A",0.644226099307338,1.82450833271011e-33,0.0379802757670272,FALSE,TRUE,TRUE
"BUB2",2,"C2_02780C_A",0.173158177916092,2.65920020705221e-06,0.0725771209028437,FALSE,TRUE,FALSE
"CAALFM_C202790CA",8,"C2_02790C_A",1.59269920166766e-06,3.80569334957767e-21,0.757649431256463,TRUE,TRUE,FALSE
"CAALFM_C202800WA",6,"C2_02800W_A",0.992235589206374,2.68646593924459e-27,0.000409623259729631,FALSE,TRUE,TRUE
"NCB2",4,"C2_02810C_A",0.00805957485235361,5.44350056543153e-09,0.00121401143926472,TRUE,TRUE,TRUE
"CAALFM_C202820CA",6,"C2_02820C_A",2.33517495039768e-08,1.35214150846389e-84,0.0644998182962354,TRUE,TRUE,FALSE
"SGT2",4,"C2_02830C_A",3.28837142864409e-07,5.62738139441189e-60,0.0050753820042475,TRUE,TRUE,TRUE
"CAALFM_C202840CA",6,"C2_02840C_A",0.161759475254179,1.08447296708049e-36,0.00251026852261107,FALSE,TRUE,TRUE
"UGA6",6,"C2_02850W_A",0.128964566970759,1.45028550635065e-12,0.627010421062595,FALSE,TRUE,FALSE
"SUR2",8,"C2_02860W_A",2.84746768878967e-06,9.80538223126572e-73,3.26513085568552e-05,TRUE,TRUE,TRUE
"CAALFM_C202870WA",4,"C2_02870W_A",0.00160817973661493,1.07072408302119e-11,2.32820877237517e-06,TRUE,TRUE,TRUE
"EBP7",2,"C2_02880C_A",0.0220707448485632,1.41345147684481e-13,0.136349372378711,TRUE,TRUE,FALSE
"SCT2",5,"C2_02890W_A",0.015850359456372,6.58636373677521e-79,0.0373628948739048,TRUE,TRUE,TRUE
"CAALFM_C202900WA",2,"C2_02900W_A",0.864451777283086,0.00292797802665918,0.237360362527705,FALSE,TRUE,FALSE
"CAALFM_C202910WA",2,"C2_02910W_A",0.00952744458041612,7.08898114005253e-06,0.00451711358054894,TRUE,TRUE,TRUE
"CAALFM_C202920WA",8,"C2_02920W_A",1.37633766045613e-13,3.26854457205551e-10,8.99951158007061e-07,TRUE,TRUE,TRUE
"CAALFM_C202930CA",1,"C2_02930C_A",0.404248703698651,1.57491118411279e-06,0.360835457268094,FALSE,TRUE,FALSE
"MET1",1,"C2_02940W_A",0.170387683288671,2.26480522945078e-82,9.73325015625028e-13,FALSE,TRUE,TRUE
"CAALFM_C202950WA",2,"C2_02950W_A",1.114744728385e-12,6.52431205673672e-76,1.5912620679683e-21,TRUE,TRUE,TRUE
"CAALFM_C202960CA",8,"C2_02960C_A",7.32476033942533e-07,2.619340163524e-35,0.0646120331757701,TRUE,TRUE,FALSE
"ALD5",1,"C2_02970C_A",0.111330800180109,2.74368333039025e-26,0.401217301487521,FALSE,TRUE,FALSE
"DLD1",5,"C2_02980C_A",6.97019477854723e-11,1.56449887009551e-111,0.00449780169366658,TRUE,TRUE,TRUE
"HYU1",6,"C2_02990C_A",0.052829014650674,3.35351820025587e-30,0.250649195911602,FALSE,TRUE,FALSE
"CAALFM_C203000CA",2,"C2_03000C_A",0.000378670697954477,8.73188554618291e-22,0.032382902000437,TRUE,TRUE,TRUE
"RNR21",1,"C2_03010C_A",0.0249112986603866,6.32001783664641e-30,0.0103356795987505,TRUE,TRUE,TRUE
"CAALFM_C203020CA",8,"C2_03020C_A",5.47119366709622e-05,4.22719211162613e-25,2.10629392122507e-07,TRUE,TRUE,TRUE
"LIG4",6,"C2_03030W_A",0.152649790682298,7.34614077659305e-05,0.705620857195048,FALSE,TRUE,FALSE
"PLC2",5,"C2_03040W_A",0.0197361512750529,1.4506570096628e-58,6.5989000533353e-06,TRUE,TRUE,TRUE
"SHE9",5,"C2_03050W_A",0.000166916420756074,2.49845644935705e-41,0.015290520861885,TRUE,TRUE,TRUE
"PR26",4,"C2_03060W_A",0.00171995676450931,1.34367359088628e-38,3.52656759288885e-05,TRUE,TRUE,TRUE
"SMP3",1,"C2_03070C_A",0.180254113213578,2.54747545632235e-35,0.022131311088513,FALSE,TRUE,TRUE
"IDH2",1,"C2_03080W_A",0.00666952608711208,2.34031770157839e-100,0.147814643158423,TRUE,TRUE,FALSE
"ADE8",1,"C2_03090C_A",0.0103377608438467,1.83186703764636e-56,0.0103862863078784,TRUE,TRUE,TRUE
"EFT2",1,"C2_03100W_A",0.00732545989300711,8.42529253928117e-123,0.0169707614023402,TRUE,TRUE,TRUE
"CAALFM_C203110WA",5,"C2_03110W_A",3.89751899834992e-17,9.0451890622106e-43,5.67389540111301e-05,TRUE,TRUE,TRUE
"AMO1",1,"C2_03120W_A",0.000760045400480102,2.36194933992643e-150,7.10358137168772e-13,TRUE,TRUE,TRUE
"CAALFM_C203130WA",1,"C2_03130W_A",0.000231502355131378,3.33877969270939e-162,0.000953171402396835,TRUE,TRUE,TRUE
"CAALFM_C203140CA",8,"C2_03140C_A",1.03524083171381e-11,3.42517665051476e-33,0.00929355003822886,TRUE,TRUE,TRUE
"CAALFM_C203150CA",8,"C2_03150C_A",0.0603246228826503,0.000822533405387112,0.443450069701247,FALSE,TRUE,FALSE
"RNR1",1,"C2_03160C_A",9.56612664581319e-09,1.49584925416288e-54,0.0229417442721426,TRUE,TRUE,TRUE
"CAALFM_C203170WA",5,"C2_03170W_A",0.000756075606361784,2.39621247354815e-18,8.77549281941324e-06,TRUE,TRUE,TRUE
"TOM1",1,"C2_03180C_A",0.563321382883748,2.31829355907196e-28,0.473476186805271,FALSE,TRUE,FALSE
"PRP3",3,"C2_03200W_A",0.0277878841815825,1.25605916723193e-16,0.00451940127777539,TRUE,TRUE,TRUE
"CAALFM_C203210WA",6,"C2_03210W_A",0.000290348522903539,1.0997568987334e-25,8.50210320218613e-05,TRUE,TRUE,TRUE
"STP4",8,"C2_03220C_A",2.0205485253205e-12,2.03865767322977e-31,6.43863675919249e-07,TRUE,TRUE,TRUE
"FEN12",1,"C2_03230C_A",0.921091791983782,2.70188644343447e-170,5.32332903476623e-05,FALSE,TRUE,TRUE
"ROM2",7,"C2_03240C_A",9.67995513192733e-05,4.34899325961222e-32,0.000489851349847828,TRUE,TRUE,TRUE
"AVT7",5,"C2_03250W_A",0.0302367564074789,3.44105221181203e-11,0.0123921414154622,TRUE,TRUE,TRUE
"CAALFM_C203260WA",5,"C2_03260W_A",5.03164861607872e-06,3.03427781747989e-60,6.51118145493837e-05,TRUE,TRUE,TRUE
"GPM1",1,"C2_03270W_A",0.00482198245099878,1.80786271080984e-84,2.8695587138124e-05,TRUE,TRUE,TRUE
"NSP1",4,"C2_03280W_A",0.00047002982410089,9.6777813577791e-32,0.0124451411732573,TRUE,TRUE,TRUE
"CAALFM_C203290WA",6,"C2_03290W_A",4.56146257533534e-13,1.51115226073524e-104,0.455641219307895,TRUE,TRUE,FALSE
"HEM2",1,"C2_03300W_A",0.00832586848874265,2.52938326684436e-47,0.655984040924088,TRUE,TRUE,FALSE
"VPS20",6,"C2_03310C_A",0.0873797464154333,9.01121473230693e-25,0.000249618456988484,FALSE,TRUE,TRUE
"CHK1",7,"C2_03320W_A",4.96382740879274e-11,2.42132657717508e-15,3.15162191054628e-06,TRUE,TRUE,TRUE
"HOG1",1,"C2_03330C_A",0.724397898908125,9.23470594947788e-38,0.021941229759921,FALSE,TRUE,TRUE
"CAALFM_C203340WA",1,"C2_03340W_A",0.0135345590212041,6.20782312558641e-14,0.734995096484713,TRUE,TRUE,FALSE
"PGA17",6,"C2_03350W_A",2.37668958507083e-05,7.5003216865763e-105,3.38900249604314e-09,TRUE,TRUE,TRUE
"CAALFM_C203360WA",4,"C2_03360W_A",0.0303179346966426,2.29790395439766e-11,0.0521344054143184,TRUE,TRUE,FALSE
"THI20",6,"C2_03370W_A",0.392791687644241,0.000390646445206276,0.448113818163043,FALSE,TRUE,FALSE
"PAN1",4,"C2_03380W_A",2.67290023928912e-07,1.00191615710796e-31,0.620993388172867,TRUE,TRUE,FALSE
"HSP78",5,"C2_03390C_A",2.59644912552061e-15,4.54052969394047e-47,7.67137352177372e-05,TRUE,TRUE,TRUE
"DFG16",8,"C2_03400C_A",0.00593750185992666,3.6741436333809e-11,0.0309151160070709,TRUE,TRUE,TRUE
"CAALFM_C203410WA",4,"C2_03410W_A",0.0729600467675526,6.14215817989436e-47,0.286448669220337,FALSE,TRUE,FALSE
"NBN1",6,"C2_03430W_A",0.034101646933607,4.08721733880064e-32,0.427944325630247,TRUE,TRUE,FALSE
"PGA33",8,"C2_03440W_A",0.857864713062468,1.35538938652242e-14,0.132214958011896,FALSE,TRUE,FALSE
"CAALFM_C203450WA",2,"C2_03450W_A",0.00140738006006507,1.89823108861877e-16,0.277641960783991,TRUE,TRUE,FALSE
"CAALFM_C203460CA",6,"C2_03460C_A",0.136368080626672,6.93818354402266e-37,0.0205138108277007,FALSE,TRUE,TRUE
"COX6",4,"C2_03470C_A",0.241251948132232,5.62374530351062e-141,0.344346601968231,FALSE,TRUE,FALSE
"CAALFM_C203490CA",6,"C2_03490C_A",0.00587398400409549,1.00485989142406e-56,0.0299464442641846,TRUE,TRUE,TRUE
"CAALFM_C203500WA",6,"C2_03500W_A",4.77158553743041e-07,1.01155981108724e-36,0.00486712369680234,TRUE,TRUE,TRUE
"ADAEC",8,"C2_03520C_A",2.62636832851478e-09,4.48863636710511e-19,0.000210318150363503,TRUE,TRUE,TRUE
"CAALFM_C203530WA",1,"C2_03530W_A",0.00460761552527258,1.02325964013608e-31,0.690529982685603,TRUE,TRUE,FALSE
"RAD32",8,"C2_03540W_A",0.373553614239109,1.12191594954312e-14,0.610206350259264,FALSE,TRUE,FALSE
"CAALFM_C203550CA",4,"C2_03550C_A",0.414978516239305,3.35351042669277e-26,0.024718643565456,FALSE,TRUE,TRUE
"CAALFM_C203560CA",1,"C2_03560C_A",5.55807130053033e-06,2.34786640851925e-160,0.215208670819607,TRUE,TRUE,FALSE
"CAALFM_C203570CA",6,"C2_03570C_A",0.0149001432188188,7.25650547732103e-29,0.212867738173958,TRUE,TRUE,FALSE
"CAALFM_C203580WA",6,"C2_03580W_A",0.999863848116614,0.000838107899773005,0.433510916807714,FALSE,TRUE,FALSE
"CAP4",4,"C2_03590C_A",0.346008106897841,3.4020255488386e-28,0.195459752038075,FALSE,TRUE,FALSE
"BMT8",6,"C2_03600W_A",0.141999546775585,7.14659256299271e-06,0.353138994842091,FALSE,TRUE,FALSE
"FMO2",8,"C2_03610W_A",2.94242641092504e-11,2.14002855859311e-11,0.000310436809840422,TRUE,TRUE,TRUE
"IFK2",6,"C2_03620W_A",5.63007623893264e-07,5.26372191297027e-41,0.139364266221441,TRUE,TRUE,FALSE
"CAALFM_C203630WA",7,"C2_03630W_A",0.00641297173276844,1.0700594177129e-52,0.0034717402551966,TRUE,TRUE,TRUE
"UGA11",8,"C2_03640W_A",0.0545191012473303,7.6360613639311e-73,0.0363599999217955,FALSE,TRUE,TRUE
"tE(CUC)1",7,"C2_03660W_A",0.516007967655999,7.71930883531549e-09,0.711759889445967,FALSE,TRUE,FALSE
"SAP99",8,"C2_03670W_A",2.81717904596985e-09,2.47871045058991e-33,0.00552119000968616,TRUE,TRUE,TRUE
"SAP98",8,"C2_03680W_A",1.27705580615656e-05,1.36627498856173e-10,0.0542470961242571,TRUE,TRUE,FALSE
"CAALFM_C203690CA",6,"C2_03690C_A",1.28393006249788e-09,7.59731392858106e-79,0.0629935942251522,TRUE,TRUE,FALSE
"CAALFM_C203700WA",6,"C2_03700W_A",0.0346751890988523,8.7709858627885e-46,1.10463086307557e-08,TRUE,TRUE,TRUE
"CAALFM_C203710WA",6,"C2_03710W_A",1.73553256618391e-12,4.39901565341578e-137,0.0356467551055216,TRUE,TRUE,TRUE
"YIM1",8,"C2_03750W_A",5.6307263316265e-05,6.84269859337525e-12,2.02778752057476e-10,TRUE,TRUE,TRUE
"CAALFM_C203760CA",8,"C2_03760C_A",7.90148591168451e-11,1.61519506791478e-14,0.000136383495026501,TRUE,TRUE,TRUE
"STE11",6,"C2_03770C_A",3.46534371185693e-06,4.2653251176289e-30,0.0356151944066103,TRUE,TRUE,TRUE
"CAALFM_C203780CA",4,"C2_03780C_A",0.328551417364632,8.96407622122893e-08,0.00513818889397722,FALSE,TRUE,TRUE
"ASR3",6,"C2_03790C_A",1.5661183048234e-16,2.09337068989398e-171,0.000589682177596308,TRUE,TRUE,TRUE
"CAALFM_C203800CA",4,"C2_03800C_A",0.124074808067545,7.59453310868742e-35,0.088201572925497,FALSE,TRUE,FALSE
"RPL21A",1,"C2_03810C_A",4.73262840457227e-14,2.72765366104553e-142,0.00108913883384383,TRUE,TRUE,TRUE
"RPS9B",1,"C2_03820C_A",4.88131513009623e-14,2.9143174212845e-137,0.0050336592846517,TRUE,TRUE,TRUE
"CAALFM_C203830WA",1,"C2_03830W_A",0.0780597513673203,9.43390156321895e-30,0.827149822431419,FALSE,TRUE,FALSE
"INO4",6,"C2_03840C_A",0.00350860212468827,1.02517426302534e-88,0.0447677062285621,TRUE,TRUE,TRUE
"GNA1",1,"C2_03870W_A",0.0352439168113875,2.59556980920929e-47,0.419511731767504,TRUE,TRUE,FALSE
"CAALFM_C203880CA",4,"C2_03880C_A",0.00197408114288624,8.23575010480567e-19,1.0358857681676e-05,TRUE,TRUE,TRUE
"CAALFM_C203890WA",4,"C2_03890W_A",0.000870209550633935,0.0155717240637944,6.23019828878188e-05,TRUE,TRUE,TRUE
"CAALFM_C203900CA",4,"C2_03900C_A",0.0358267081598837,1.03955968545139e-59,0.236439415412396,TRUE,TRUE,FALSE
"CAALFM_C203910CA",6,"C2_03910C_A",0.157538844668981,1.55484660301327e-09,0.102632651331492,FALSE,TRUE,FALSE
"GPI13",1,"C2_03920C_A",0.128964566970759,1.0308577964985e-33,0.0244956240543528,FALSE,TRUE,TRUE
"CAALFM_C203930CA",6,"C2_03930C_A",0.534831038188591,3.19659475789979e-21,0.703675358379544,FALSE,TRUE,FALSE
"SCH9",8,"C2_03940C_A",1.38390101393005e-07,1.13204687711878e-75,6.62497568411786e-11,TRUE,TRUE,TRUE
"CAALFM_C203950WA",1,"C2_03950W_A",0.000141038211663048,1.61955928609007e-133,0.0227742746746965,TRUE,TRUE,TRUE
"RPL39",1,"C2_03960W_A",4.52864350880332e-11,1.38901721943433e-118,0.00132877226837909,TRUE,TRUE,TRUE
"CAALFM_C203970WA",5,"C2_03970W_A",0.000117459899160598,1.04917142482022e-32,0.136689338856859,TRUE,TRUE,FALSE
"MED1",1,"C2_03980C_A",0.456432422838625,1.00925396822821e-24,0.246405323727392,FALSE,TRUE,FALSE
"GCD7",1,"C2_03990W_A",0.00244682586270896,7.49532867322331e-165,0.0015504021805302,TRUE,TRUE,TRUE
"CAALFM_C204000CA",8,"C2_04000C_A",8.23729111488908e-25,2.02823820456097e-67,1.1691791451702e-10,TRUE,TRUE,TRUE
"HSP21",5,"C2_04010C_A",1.36117526637035e-31,1.65165387809506e-120,6.93807609568358e-11,TRUE,TRUE,TRUE
"SDS22",1,"C2_04020C_A",0.0360836288485617,1.24834856732234e-73,0.0598874192872368,TRUE,TRUE,FALSE
"ACP12",4,"C2_04030C_A",1.72532024108357e-10,8.94266419066491e-125,0.0585438661745471,TRUE,TRUE,FALSE
"DCK2",6,"C2_04040C_A",0.0201089294408707,3.8556500756075e-17,0.161203629374156,TRUE,TRUE,FALSE
"DCK1",8,"C2_04050C_A",0.507034102449665,2.02958416994113e-29,0.00438219173974568,FALSE,TRUE,TRUE
"SSY1",8,"C2_04060C_A",6.89679390512843e-14,4.577601960795e-34,3.70876229247847e-06,TRUE,TRUE,TRUE
"CAALFM_C204070CA",8,"C2_04070C_A",2.20729906540654e-11,3.39791726388467e-07,7.43271819179242e-06,TRUE,TRUE,TRUE
"CAALFM_C204080WA",8,"C2_04080W_A",0.086385325863789,2.92979912239232e-58,0.000236453622081564,FALSE,TRUE,TRUE
"CAALFM_C204090WA",7,"C2_04090W_A",9.16385688945752e-06,2.62817800904605e-76,0.0016134950389003,TRUE,TRUE,TRUE
"CAALFM_C204100WA",8,"C2_04100W_A",0.00182619800192927,2.84793442146553e-23,0.498545801409296,TRUE,TRUE,FALSE
"CAALFM_C204110WA",6,"C2_04110W_A",0.00614527195772229,3.03742752707238e-48,0.0859069510231218,TRUE,TRUE,FALSE
"CAALFM_C204120CA",3,"C2_04120C_A",0.00248503927863473,2.35586103531368e-83,0.0680755561991031,TRUE,TRUE,FALSE
"CAALFM_C204130WA",1,"C2_04130W_A",0.928077600981733,9.54132628375802e-15,0.30437874479882,FALSE,TRUE,FALSE
"CHS5",4,"C2_04140W_A",0.00017879981562165,2.30831922699508e-139,0.250459522531405,TRUE,TRUE,FALSE
"VMA7",4,"C2_04150C_A",0.00253643559293405,9.52953015508092e-36,0.10602558247352,TRUE,TRUE,FALSE
"CAALFM_C204160WA",4,"C2_04160W_A",1.33473896129451e-15,1.2343614217378e-73,0.0430724382196609,TRUE,TRUE,TRUE
"CAALFM_C204170CA",2,"C2_04170C_A",0.86481725839015,4.89042951177181e-29,0.148477359098929,FALSE,TRUE,FALSE
"CAALFM_C204180CA",4,"C2_04180C_A",0.100771799646688,4.08527979092284e-09,0.261674585093382,FALSE,TRUE,FALSE
"UGA1",5,"C2_04190C_A",0.0250861410861203,8.57272410398608e-71,0.013655191637569,TRUE,TRUE,TRUE
"TBF1",2,"C2_04200W_A",0.00119542226656197,9.67236544542888e-13,0.000916641926879838,TRUE,TRUE,TRUE
"STE4",7,"C2_04210W_A",0.00157415444580289,3.82874987094664e-43,0.00388656885874804,TRUE,TRUE,TRUE
"TAF14",4,"C2_04220C_A",0.027901800229191,4.00058327221394e-47,0.00587628960906509,TRUE,TRUE,TRUE
"BAT21",1,"C2_04230W_A",0.00349659878009664,3.74563721641642e-33,8.99951158007061e-07,TRUE,TRUE,TRUE
"HYM1",1,"C2_04240C_A",0.0135761479498518,0.000952340503109548,0.136259252492445,TRUE,TRUE,FALSE
"VPS36",7,"C2_04250W_A",0.410770204420034,5.80590665008665e-15,0.0317954449826173,FALSE,TRUE,TRUE
"SSN3",6,"C2_04260W_A",0.248332687474067,2.00914987259734e-25,0.113956273113182,FALSE,TRUE,FALSE
"CAK1",2,"C2_04270W_A",0.368652408863902,1.17791271635177e-18,0.000275969607472742,FALSE,TRUE,TRUE
"CAALFM_C204280WA",8,"C2_04280W_A",1.08381095655193e-16,9.19044389909567e-54,9.3809834097177e-05,TRUE,TRUE,TRUE
"RIM11",8,"C2_04290W_A",8.98875813332436e-15,1.55683528833602e-31,0.00043788563050867,TRUE,TRUE,TRUE
"CAALFM_C204300CA",7,"C2_04300C_A",0.264796430348962,3.43457009555757e-22,0.326598878079792,FALSE,TRUE,FALSE
"ERG10",1,"C2_04310W_A",2.37421739064765e-05,1.0566180966058e-57,0.120869434317567,TRUE,TRUE,FALSE
"CAALFM_C204320WA",6,"C2_04320W_A",0.0036567473913039,2.51300020951039e-31,0.0374795852432296,TRUE,TRUE,TRUE
"CAALFM_C204330CA",8,"C2_04330C_A",2.2531200051189e-07,3.03522027764626e-06,7.4499959069766e-08,TRUE,TRUE,TRUE
"CAALFM_C204340CA",2,"C2_04340C_A",0.192175795092294,6.79429582585944e-08,0.465901934308157,FALSE,TRUE,FALSE
"SUV3",3,"C2_04350C_A",0.000621315810608414,9.28605897218083e-46,0.0717385537353876,TRUE,TRUE,FALSE
"CAALFM_C204360WA",2,"C2_04360W_A",0.0744829725876469,1.82583534113585e-30,0.00728887873618507,FALSE,TRUE,TRUE
"CAALFM_C204370WA",1,"C2_04370W_A",0.000180277076389575,1.00330791767386e-100,0.0931632081135161,TRUE,TRUE,FALSE
"CAALFM_C204380CA",4,"C2_04380C_A",0.00068374713565734,8.90107890106617e-14,0.00035251068573999,TRUE,TRUE,TRUE
"CAALFM_C204390WA",7,"C2_04390W_A",0.174078608919533,1.29534981947913e-12,0.0825157059100708,FALSE,TRUE,FALSE
"CAALFM_C204400WA",8,"C2_04400W_A",1.65818341827736e-08,1.32095163258928e-05,4.55688826004195e-08,TRUE,TRUE,TRUE
"CAALFM_C204410WA",8,"C2_04410W_A",0.000703550115341561,2.20391803390721e-23,0.0340722328062996,TRUE,TRUE,TRUE
"IFA4",6,"C2_04420W_A",0.735601978219398,1.549239097662e-14,0.063251068063086,FALSE,TRUE,FALSE
"CAALFM_C204430WA",7,"C2_04430W_A",0.0785420630538149,1.3703174478099e-20,0.295225240248738,FALSE,TRUE,FALSE
"CAALFM_C204440WA",7,"C2_04440W_A",0.694741209641161,1.31577672935085e-14,0.1181752532341,FALSE,TRUE,FALSE
"CAALFM_C204450WA",7,"C2_04450W_A",0.767256567496294,2.59504481101939e-10,0.502456126652434,FALSE,TRUE,FALSE
"LYS22",1,"C2_04460W_A",0.0211300152193955,2.2197579954609e-57,8.97237182332791e-16,TRUE,TRUE,TRUE
"ADH3",6,"C2_04470W_A",3.47316161385607e-10,1.95128827114091e-84,1.26362533831791e-08,TRUE,TRUE,TRUE
"CAALFM_C204480WA",5,"C2_04480W_A",4.47024024948318e-11,8.82393600354008e-155,0.000482186329649304,TRUE,TRUE,TRUE
"CAALFM_C204490WA",4,"C2_04490W_A",1.47973733935301e-05,4.68234257149941e-52,0.141447172605409,TRUE,TRUE,FALSE
"CAALFM_C204500WA",1,"C2_04500W_A",0.0416712540771242,0.000333709362365836,0.00480732926245269,TRUE,TRUE,TRUE
"RIM2",3,"C2_04510W_A",0.000270325668038687,1.26073664450897e-57,0.00143058804535856,TRUE,TRUE,TRUE
"CAALFM_C204520CA",8,"C2_04520C_A",0.0410474086739574,4.98202368986904e-05,0.238479901064274,TRUE,TRUE,FALSE
"MED8",8,"C2_04530W_A",0.200054719516681,0.000788497901593661,0.0435341120823301,FALSE,TRUE,TRUE
"GDT1",8,"C2_04540C_A",0.124564596890189,9.20763779616119e-42,0.018144407889981,FALSE,TRUE,TRUE
"NDH51",1,"C2_04550C_A",0.0011578727939743,2.63362770757678e-70,0.354514366991671,TRUE,TRUE,FALSE
"KTR2",8,"C2_04560W_A",0.0411497761213522,1.1962802556282e-08,0.00487828938987822,TRUE,TRUE,TRUE
"CAALFM_C204570WA",3,"C2_04570W_A",0.000725810556625272,1.61957017763989e-101,0.226388625556487,TRUE,TRUE,FALSE
"ERG20",4,"C2_04580W_A",0.00360260176839118,3.3537772379942e-26,0.00458711084242697,TRUE,TRUE,TRUE
"QCR8",4,"C2_04590C_A",0.0032471524836668,1.65343722665932e-34,0.496990091636943,TRUE,TRUE,FALSE
"RPL17B",1,"C2_04600C_A",4.35776812434982e-15,2.30299522028991e-132,0.00551434430529547,TRUE,TRUE,TRUE
"CAALFM_C204610CA",6,"C2_04610C_A",1.79343665698846e-05,6.36299992009382e-86,0.000150821240620099,TRUE,TRUE,TRUE
"CAALFM_C204620WA",6,"C2_04620W_A",0.00323141246246624,5.55536386705846e-39,0.185357997631151,TRUE,TRUE,FALSE
"SNU114",7,"C2_04640C_A",0.0175737165267023,1.37459137740464e-23,0.56319864063443,TRUE,TRUE,FALSE
"RPB4",3,"C2_04650C_A",0.391995930880138,6.41202518946005e-06,0.975213963010482,FALSE,TRUE,FALSE
"YAK1",8,"C2_04660C_A",1.4899167529578e-20,3.0463201759281e-110,2.80128302474202e-06,TRUE,TRUE,TRUE
"CAALFM_C204670WA",7,"C2_04670W_A",0.000110028483235095,3.93232699422553e-51,0.239178883405116,TRUE,TRUE,FALSE
"TIM17",1,"C2_04680W_A",0.330325965733652,1.26102587489172e-50,0.0740187477650333,FALSE,TRUE,FALSE
"TPO5",7,"C2_04690C_A",0.00298444566907294,7.24894283213144e-36,0.0143252004872999,TRUE,TRUE,TRUE
"CAALFM_C204700CA",8,"C2_04700C_A",0.000343857177986556,2.18204768722004e-21,0.922254575075618,TRUE,TRUE,FALSE
"URE2",2,"C2_04710C_A",0.228935011225361,7.36458898322798e-05,0.0732969284664207,FALSE,TRUE,FALSE
"FGR51",8,"C2_04720C_A",0.0328723521777315,1.83200704024904e-22,0.00473825707334173,TRUE,TRUE,TRUE
"CAALFM_C204730WA",2,"C2_04730W_A",0.262508107961109,4.30525472050948e-09,0.226252906063317,FALSE,TRUE,FALSE
"CAALFM_C204740CA",6,"C2_04740C_A",0.492651336398133,7.78668210637207e-23,0.251280327888835,FALSE,TRUE,FALSE
"CAALFM_C204750WA",8,"C2_04750W_A",2.79910377156442e-11,1.85432354320319e-19,0.000747373014528281,TRUE,TRUE,TRUE
"KIC1",6,"C2_04760W_A",0.220262446084814,4.84287009210479e-16,0.00138664971546964,FALSE,TRUE,TRUE
"CAALFM_C204770WA",7,"C2_04770W_A",0.728365603756598,1.16147856626802e-17,0.786909105346615,FALSE,TRUE,FALSE
"CAALFM_C204780WA",7,"C2_04780W_A",0.701598776045258,4.75494853345347e-19,0.647534229892699,FALSE,TRUE,FALSE
"CAALFM_C204790CA",1,"C2_04790C_A",0.000521116657690316,1.40571543850207e-89,0.49380922138901,TRUE,TRUE,FALSE
"MDM10",2,"C2_04800C_A",0.203729566044741,0.000800085576527203,0.127769563316571,FALSE,TRUE,FALSE
"HIS3",2,"C2_04810W_A",5.04243984840126e-07,4.34428270115998e-09,0.0299026791271284,TRUE,TRUE,TRUE
"CAALFM_C204820WA",2,"C2_04820W_A",0.136335954732544,2.01758439522189e-28,0.209838098168165,FALSE,TRUE,FALSE
"CAALFM_C204830WA",7,"C2_04830W_A",0.0003282957189821,7.13572283289183e-47,0.105322371431029,TRUE,TRUE,FALSE
"CAALFM_C204850CA",5,"C2_04850C_A",0.000389075984743922,4.63211367210288e-53,0.0356297669387841,TRUE,TRUE,TRUE
"PZF1",8,"C2_04860W_A",1.3089997798981e-06,1.99426920881624e-43,0.178488997351523,TRUE,TRUE,FALSE
"CAALFM_C204870CA",1,"C2_04870C_A",0.0458653043754123,1.94444240889249e-11,0.463867931177294,TRUE,TRUE,FALSE
"ARH2",4,"C2_04880C_A",0.550992629340363,1.46413021442973e-20,0.045724517690492,FALSE,TRUE,TRUE
"tG(GCC)3",7,"C2_04920W_A",0.00936861757839928,7.03902473845533e-30,0.0111727113386839,TRUE,TRUE,TRUE
"CRK1",1,"C2_04930C_A",0.158281004809341,6.94536427151978e-14,0.881408725226433,FALSE,TRUE,FALSE
"ITR1",6,"C2_04940C_A",1.21533963264146e-07,1.45829974245902e-15,3.31369057842411e-07,TRUE,TRUE,TRUE
"CYT1",1,"C2_04950C_A",4.08633977439064e-05,1.01635831085501e-104,0.356270853694069,TRUE,TRUE,FALSE
"CAALFM_C204960CA",4,"C2_04960C_A",0.000115068073930117,7.49065634805693e-24,0.0787093397363731,TRUE,TRUE,FALSE
"ABP2",7,"C2_04970W_A",0.0212328954909108,1.83817251405955e-31,0.00184850177227553,TRUE,TRUE,TRUE
"CKA2",3,"C2_04980C_A",0.0197372232502863,1.89546909068095e-21,0.029242912106509,TRUE,TRUE,TRUE
"CAALFM_C204990WA",6,"C2_04990W_A",0.715413881770431,0.00356396806332422,0.586477763277053,FALSE,TRUE,FALSE
"MRPL10",1,"C2_05000C_A",1.26201728058844e-05,1.78439236358393e-183,0.00738371863129013,TRUE,TRUE,TRUE
"tT(AGU)4",7,"C2_05010W_A",0.10313449791133,3.48940208852843e-35,0.0685677465791486,FALSE,TRUE,FALSE
"CAALFM_C205020WA",2,"C2_05020W_A",2.85927982708521e-05,1.06449466336517e-25,7.16939545667043e-05,TRUE,TRUE,TRUE
"RHO3",1,"C2_05030C_A",0.415824335410814,6.38410524021474e-51,0.372954814094808,FALSE,TRUE,FALSE
"CAALFM_C205040CA",3,"C2_05040C_A",0.567561716458292,6.33960484765461e-16,0.358174595182263,FALSE,TRUE,FALSE
"CAALFM_C205050CA",1,"C2_05050C_A",0.00194390182964417,2.72504699863165e-36,0.0369198581913902,TRUE,TRUE,TRUE
"CAALFM_C205060CA",6,"C2_05060C_A",6.4369945718213e-06,6.27359867515442e-85,5.49384887477171e-08,TRUE,TRUE,TRUE
"FRE9",6,"C2_05070W_A",3.57217496170597e-11,9.41938409859717e-23,7.40650249140242e-05,TRUE,TRUE,TRUE
"CAALFM_C205080CA",3,"C2_05080C_A",0.00208247584429105,2.39839669351834e-35,0.0278983051998587,TRUE,TRUE,TRUE
"MAK5",3,"C2_05090W_A",4.5428601447405e-05,1.08718072405796e-50,0.475240794447516,TRUE,TRUE,FALSE
"ERF1",1,"C2_05100C_A",8.13871268961536e-05,1.31820237578783e-97,0.0111565398582179,TRUE,TRUE,TRUE
"LEM3",5,"C2_05110W_A",0.139385067310955,4.53503911999598e-52,0.050972947691053,FALSE,TRUE,FALSE
"CAALFM_C205130WA",5,"C2_05130W_A",2.23113672922349e-06,1.05137923637206e-181,0.000868623576243874,TRUE,TRUE,TRUE
"CDC15",8,"C2_05140W_A",0.0187463401724238,5.7463122247023e-20,0.284909515674932,TRUE,TRUE,FALSE
"PEX2",5,"C2_05150W_A",0.00129923308893156,3.5470476016739e-92,0.127698757054432,TRUE,TRUE,FALSE
"CAALFM_C205160CA",1,"C2_05160C_A",0.000270181438863376,4.94543059799638e-211,0.0174533525618614,TRUE,TRUE,TRUE
"CAALFM_C205170WA",4,"C2_05170W_A",0.802682427618818,2.95925619852323e-08,0.376043489670855,FALSE,TRUE,FALSE
"WH11",6,"C2_05180W_A",6.27515344548735e-34,3.866384125791e-141,2.86997613885624e-06,TRUE,TRUE,TRUE
"CDC21",2,"C2_05190W_A",8.12923404256492e-08,8.57930560677276e-07,0.000256502726724836,TRUE,TRUE,TRUE
"SGO1",2,"C2_05200C_A",0.148035970342726,1.08764472266039e-14,0.116822569362228,FALSE,TRUE,FALSE
"DAD2",6,"C2_05210W_A",0.116824760373108,4.42841865875526e-26,0.0122798368679455,FALSE,TRUE,TRUE
"CAALFM_C205220CA",1,"C2_05220C_A",0.246114545725131,6.85675493201186e-26,0.29098736806156,FALSE,TRUE,FALSE
"RPF2",1,"C2_05230C_A",0.000534786967415111,2.30622618873995e-137,0.0126940035101925,TRUE,TRUE,TRUE
"AAT1",4,"C2_05250C_A",0.0273376406828286,1.5436688926132e-61,0.000986254704756706,TRUE,TRUE,TRUE
"BUD14",8,"C2_05260W_A",0.00593316832459444,0.000468898085509135,0.0112690208682946,TRUE,TRUE,TRUE
"CAALFM_C205270WA",8,"C2_05270W_A",0.00151626071717246,1.75571245992557e-107,0.0313277923294977,TRUE,TRUE,TRUE
"GPI19",5,"C2_05280C_A",0.301308858506805,2.12666318369847e-08,0.232712448001487,FALSE,TRUE,FALSE
"CAALFM_C205290CA",1,"C2_05290C_A",0.218428853809042,2.62038921643627e-73,0.0138392961740983,FALSE,TRUE,TRUE
"CAALFM_C205300CA",1,"C2_05300C_A",0.00212382947471042,1.03564984097828e-140,0.00195870899520445,TRUE,TRUE,TRUE
"CAALFM_C205310CA",1,"C2_05310C_A",0.00391785382897518,1.67570041912048e-86,8.45488719184803e-06,TRUE,TRUE,TRUE
"CDC7",8,"C2_05320W_A",0.000156488593639354,4.50447021496151e-20,0.0420813753735677,TRUE,TRUE,TRUE
"CAALFM_C205330CA",8,"C2_05330C_A",1.18252483818665e-17,5.72916013652972e-20,5.41697609966763e-05,TRUE,TRUE,TRUE
"RPC40",1,"C2_05340C_A",0.00286688223356196,1.27640078642529e-142,0.127546284881217,TRUE,TRUE,FALSE
"CAALFM_C205350CA",5,"C2_05350C_A",0.316631794920541,1.79216311570667e-19,0.000422371988818814,FALSE,TRUE,TRUE
"BIO32",8,"C2_05360C_A",8.19240209945684e-15,1.36742750329575e-21,4.40807413920523e-06,TRUE,TRUE,TRUE
"RXT3",8,"C2_05370C_A",0.276695196741485,3.07761022031048e-05,0.0946607102244617,FALSE,TRUE,FALSE
"CAALFM_C205380WA",8,"C2_05380W_A",4.08777271632119e-06,8.66628556964984e-05,0.00559844643630272,TRUE,TRUE,TRUE
"CAALFM_C205390CA",6,"C2_05390C_A",0.838756871472043,2.22748619016048e-49,1.25599913158182e-10,FALSE,TRUE,TRUE
"CAALFM_C205400WA",6,"C2_05400W_A",0.354396962373888,1.12255745258061e-27,0.00273183400120419,FALSE,TRUE,TRUE
"CAALFM_C205410WA",1,"C2_05410W_A",6.41410382455452e-11,3.62600595386988e-156,0.00754332751332571,TRUE,TRUE,TRUE
"CAALFM_C205420CA",8,"C2_05420C_A",1.2908522638442e-09,3.81940423540306e-08,0.000938814024882719,TRUE,TRUE,TRUE
"tI(AAU)3",8,"C2_05430C_A",0.111017283626186,6.85399884752266e-08,0.591368428523552,FALSE,TRUE,FALSE
"PEX6",6,"C2_05440W_A",0.000156179230133293,5.59273550028098e-94,0.000333880034525888,TRUE,TRUE,TRUE
"MDJ2",1,"C2_05450C_A",0.0847163701653263,0.00186387841040946,0.0454582356627231,FALSE,TRUE,TRUE
"CDC19",1,"C2_05460W_A",0.00568582104034706,5.31863774144604e-78,0.000645401199636511,TRUE,TRUE,TRUE
"COQ5",1,"C2_05470W_A",1.23403878964051e-07,1.86768312130293e-59,0.624027570471928,TRUE,TRUE,FALSE
"CAALFM_C205480CA",4,"C2_05480C_A",0.00177562443945002,6.27332908811816e-17,0.000832146285871094,TRUE,TRUE,TRUE
"CAALFM_C205490WA",2,"C2_05490W_A",0.0309395529599119,8.31035905860616e-07,0.00371215247621826,TRUE,TRUE,TRUE
"ATP4",4,"C2_05500W_A",0.00529483690112732,4.91198282830892e-79,0.169080049690967,TRUE,TRUE,FALSE
"CAALFM_C205510CA",2,"C2_05510C_A",0.0007309341862024,2.65099417800305e-09,0.000874017430146541,TRUE,TRUE,TRUE
"CAALFM_C205520WA",2,"C2_05520W_A",1.76015308494732e-07,7.22804820524589e-126,0.00719061762894125,TRUE,TRUE,TRUE
"CAALFM_C205530CA",1,"C2_05530C_A",0.34788331688928,0.000732252554995354,0.142920830277379,FALSE,TRUE,FALSE
"CAALFM_C205540CA",2,"C2_05540C_A",0.0409025133301943,1.87087370475115e-12,0.0148201270863697,TRUE,TRUE,TRUE
"CAALFM_C205550WA",6,"C2_05550W_A",0.13971738735145,1.77214810806076e-49,2.80128302474202e-06,FALSE,TRUE,TRUE
"CAALFM_C205560WA",6,"C2_05560W_A",3.89789008779357e-05,1.12464143488203e-39,0.00297483373951191,TRUE,TRUE,TRUE
"CAALFM_C205570CA",6,"C2_05570C_A",2.76838678813448e-05,2.78986750245475e-79,0.000445312707598513,TRUE,TRUE,TRUE
"CAALFM_C205580WA",2,"C2_05580W_A",0.548341313097012,7.20316736218651e-17,0.0644158998030534,FALSE,TRUE,FALSE
"CAALFM_C205590CA",2,"C2_05590C_A",0.387709543982343,9.51248628297263e-12,0.28729350336873,FALSE,TRUE,FALSE
"CAALFM_C205600WA",8,"C2_05600W_A",1.68703831167598e-05,5.4891521226821e-16,0.0192748607776085,TRUE,TRUE,TRUE
"RPS8A",1,"C2_05610C_A",1.10325041359401e-16,4.18424981995225e-194,0.000172339732532433,TRUE,TRUE,TRUE
"KTI11",8,"C2_05620W_A",1.12220912320866e-06,3.76512613530782e-41,0.229922079839388,TRUE,TRUE,FALSE
"tS(AGA)4",7,"C2_05630C_A",0.0766655787961764,4.3603396989537e-25,0.235027170863286,FALSE,TRUE,FALSE
"CAALFM_C205640WA",8,"C2_05640W_A",0.151230354023897,4.05902425571695e-43,8.36610903443653e-05,FALSE,TRUE,TRUE
"VPS35",5,"C2_05650W_A",0.00841330480808041,8.78092344851363e-91,0.0865762673584709,TRUE,TRUE,FALSE
"PNG2",8,"C2_05660W_A",1.28841214171216e-20,7.52330343372246e-26,5.31269756410989e-10,TRUE,TRUE,TRUE
"CAALFM_C205670CA",2,"C2_05670C_A",0.114481442183946,1.75046223301889e-08,0.975797081027874,FALSE,TRUE,FALSE
"COG4",4,"C2_05680W_A",2.73202852289093e-06,9.6714582293673e-28,0.570403739093134,TRUE,TRUE,FALSE
"YTH1",6,"C2_05690C_A",7.56826333277872e-09,7.27732355821214e-53,0.000138888080140133,TRUE,TRUE,TRUE
"OSM1",5,"C2_05700W_A",0.000241874528509444,1.32248436574588e-23,0.0327343156563414,TRUE,TRUE,TRUE
"CAALFM_C205710CA",1,"C2_05710C_A",2.51623070592586e-13,8.81882276242489e-102,0.00170008692643815,TRUE,TRUE,TRUE
"CAALFM_C205720CA",4,"C2_05720C_A",5.62018325531944e-09,8.08438774973537e-48,0.0724286525098453,TRUE,TRUE,FALSE
"GWT1",1,"C2_05730C_A",0.0142004583374731,5.10098189754092e-43,0.603070019278782,TRUE,TRUE,FALSE
"SPO7",6,"C2_05740W_A",0.00284643262675143,1.43018438200678e-16,0.0015950019905611,TRUE,TRUE,TRUE
"CAALFM_C205750WA",3,"C2_05750W_A",6.06414671802308e-05,7.99279636796923e-109,0.00777873491927763,TRUE,TRUE,TRUE
"CAALFM_C205760CA",4,"C2_05760C_A",0.241474416859577,4.55133266416947e-05,0.273169999344564,FALSE,TRUE,FALSE
"CAALFM_C205770WA",8,"C2_05770W_A",4.05530377510781e-17,1.30313377250991e-48,1.75060505964373e-09,TRUE,TRUE,TRUE
"MKK2",5,"C2_05780C_A",0.771168719021817,2.71378686686398e-25,0.00101245062617609,FALSE,TRUE,TRUE
"RFC1",4,"C2_05790C_A",0.0054721417918865,9.4659328665888e-12,0.66329621487994,TRUE,TRUE,FALSE
"CAALFM_C205800CA",4,"C2_05800C_A",0.0768190245554156,2.16438802532354e-23,0.957780934516472,FALSE,TRUE,FALSE
"CAALFM_C205810WA",8,"C2_05810W_A",4.17262709433063e-08,1.23912238613052e-26,0.00384402527661347,TRUE,TRUE,TRUE
"CAALFM_C205820WA",5,"C2_05820W_A",0.000321587859965334,4.4281833148073e-24,0.00801483753777293,TRUE,TRUE,TRUE
"CAALFM_C205830CA",3,"C2_05830C_A",1.38111119683277e-05,1.67989348350772e-11,0.000579582822614278,TRUE,TRUE,TRUE
"CAALFM_C205840WA",3,"C2_05840W_A",1.11662161420286e-09,5.62019548492344e-44,0.00121252414670057,TRUE,TRUE,TRUE
"CAALFM_C205850CA",4,"C2_05850C_A",0.600295775160214,3.48252683829695e-36,0.00758583428336565,FALSE,TRUE,TRUE
"CAALFM_C205860CA",8,"C2_05860C_A",0.361216624176763,1.61447207443673e-23,0.207242306218657,FALSE,TRUE,FALSE
"CAALFM_C205870WA",2,"C2_05870W_A",0.715506044526384,2.80485406790578e-20,0.000208829045472818,FALSE,TRUE,TRUE
"CAALFM_C205880WA",2,"C2_05880W_A",0.548641473055447,9.64877312226851e-20,2.80128302474202e-06,FALSE,TRUE,TRUE
"IDP1",1,"C2_05890C_A",8.61280169418498e-06,1.73323489706646e-185,3.6523364204899e-15,TRUE,TRUE,TRUE
"CAALFM_C205900WA",7,"C2_05900W_A",6.0651220710975e-07,9.87880731757494e-28,0.0782412625078192,TRUE,TRUE,FALSE
"CAALFM_C205910WA",8,"C2_05910W_A",4.79442860966302e-10,3.4223500422057e-22,2.52657552232412e-06,TRUE,TRUE,TRUE
"COX8",4,"C2_05920C_A",0.375630618944136,2.1135689840333e-07,0.741979810880364,FALSE,TRUE,FALSE
"COX9",5,"C2_05930W_A",0.976745446265238,9.78146841007324e-08,0.39708163463381,FALSE,TRUE,FALSE
"VPS33",6,"C2_05940C_A",0.717075961801743,8.13962176356435e-11,0.281597387925712,FALSE,TRUE,FALSE
"TES15",6,"C2_05950C_A",3.10931031568608e-13,2.52269433461227e-170,0.0526161013583298,TRUE,TRUE,FALSE
"CAALFM_C205960CA",3,"C2_05960C_A",0.00874167837768104,1.00257771557614e-23,0.511104899105704,TRUE,TRUE,FALSE
"TES1",8,"C2_05970C_A",0.0382921986990883,2.38878527255051e-08,0.406516941518548,TRUE,TRUE,FALSE
"CAALFM_C205980CA",6,"C2_05980C_A",0.0279789699583764,1.31525640042798e-11,0.805936655435143,TRUE,TRUE,FALSE
"CAALFM_C205990CA",8,"C2_05990C_A",1.57829170186476e-12,3.05450403960264e-108,0.133624509769624,TRUE,TRUE,FALSE
"LAS1",8,"C2_06000W_A",0.0436757627743283,1.03425992852888e-24,0.234280439936232,TRUE,TRUE,FALSE
"SPO72",6,"C2_06010W_A",1.48848430809554e-11,0,0.00186593423765161,TRUE,TRUE,TRUE
"CNT",8,"C2_06020W_A",0.0136121064494269,7.70738598999326e-36,0.00535934936213616,TRUE,TRUE,TRUE
"CAALFM_C206030WA",6,"C2_06030W_A",0.00104476931136515,6.19972259445561e-15,0.000172519428346895,TRUE,TRUE,TRUE
"CAALFM_C206040CA",5,"C2_06040C_A",0.019901409077047,2.32316175811117e-11,0.000466257215474378,TRUE,TRUE,TRUE
"tM(CAU)3",3,"C2_06050C_A",0.127988793360199,1.48198751008675e-11,0.721787214641328,FALSE,TRUE,FALSE
"FAA2-1",5,"C2_06070W_A",8.73321527454532e-11,6.99956180646226e-130,0.113502494155339,TRUE,TRUE,FALSE
"CAALFM_C206080CA",4,"C2_06080C_A",0.000268900101058729,9.04528984603971e-65,0.127575016177241,TRUE,TRUE,FALSE
"CAALFM_C206090WA",7,"C2_06090W_A",0.0553805728920969,0.00103186415344339,0.0377467187651801,FALSE,TRUE,TRUE
"PMT4",1,"C2_06100W_A",0.0446848095178035,2.10914995953136e-66,0.000485043990155414,TRUE,TRUE,TRUE
"CAALFM_C206110WA",4,"C2_06110W_A",1.91799951986103e-08,2.62857957582313e-73,6.97164020714983e-05,TRUE,TRUE,TRUE
"CAALFM_C206120CA",2,"C2_06120C_A",0.0519125595442601,2.6083350705319e-15,0.332648679810541,FALSE,TRUE,FALSE
"CSM3",2,"C2_06130W_A",5.91139167156291e-11,9.98919905976686e-32,0.00256224724147166,TRUE,TRUE,TRUE
"CAALFM_C206140CA",6,"C2_06140C_A",1.30965067001884e-06,8.70343072602293e-94,0.212612624332162,TRUE,TRUE,FALSE
"RPN10",4,"C2_06150C_A",4.52992533065561e-07,1.06218564894743e-16,4.79175163999792e-08,TRUE,TRUE,TRUE
"CAALFM_C206160WA",6,"C2_06160W_A",0.497957927356111,1.11020110479391e-43,1.21278417861442e-09,FALSE,TRUE,TRUE
"ECM17",1,"C2_06170C_A",0.00281204234013842,2.89119642295376e-225,1.25843344294108e-43,TRUE,TRUE,TRUE
"FGR12",7,"C2_06180C_A",4.1587810983296e-07,1.65175232446279e-52,0.180795038917597,TRUE,TRUE,FALSE
"ILV1",1,"C2_06190W_A",0.163839268747105,6.91886371674011e-65,3.36306590363654e-08,FALSE,TRUE,TRUE
"CAALFM_C206200CA",1,"C2_06200C_A",0.0013107282884948,5.18354327860881e-20,0.00447227033408323,TRUE,TRUE,TRUE
"SER1",1,"C2_06210C_A",0.262043905372705,2.4336093217022e-66,5.41697609966763e-05,FALSE,TRUE,TRUE
"MEC3",1,"C2_06220C_A",0.0835233828353424,2.44544289380205e-05,0.114372352821192,FALSE,TRUE,FALSE
"CAALFM_C206230WA",1,"C2_06230W_A",0.22606072431398,2.28951550280508e-31,0.107967718793449,FALSE,TRUE,FALSE
"SMD2",2,"C2_06240W_A",0.000290362931936499,4.87537779036976e-29,2.55284935128446e-07,TRUE,TRUE,TRUE
"CDC46",1,"C2_06250C_A",2.08816995622125e-08,1.1210573303437e-26,0.0628373714948026,TRUE,TRUE,FALSE
"CAALFM_C206260WA",6,"C2_06260W_A",0.0422389969581027,1.86702866080585e-96,3.10685795427608e-23,TRUE,TRUE,TRUE
"CAALFM_C206270WA",7,"C2_06270W_A",0.00224396125846266,5.85467987304712e-25,0.0412166394596549,TRUE,TRUE,TRUE
"CAALFM_C206280CA",2,"C2_06280C_A",0.0438872041081034,0.143244787904587,0.0639746120662154,TRUE,FALSE,FALSE
"ATP14",4,"C2_06290C_A",4.87367565810408e-05,1.84167008915925e-38,0.694075050259033,TRUE,TRUE,FALSE
"CAALFM_C206300WA",6,"C2_06300W_A",0.0498728568055357,7.96605702365604e-18,0.00854239548041826,TRUE,TRUE,TRUE
"GSP1",1,"C2_06310C_A",9.33769119657353e-06,1.67829170571733e-62,0.0185533728350234,TRUE,TRUE,TRUE
"CAALFM_C206320WA",2,"C2_06320W_A",0.0757660002840645,1.13286591989722e-14,4.48114333327855e-05,FALSE,TRUE,TRUE
"AVT1",1,"C2_06330C_A",0.857864713062468,7.39776089289457e-87,0.0107227687052646,FALSE,TRUE,TRUE
"EFH1",7,"C2_06340W_A",1.61078075704932e-08,9.57190505706378e-83,0.00157851291688718,TRUE,TRUE,TRUE
"CAALFM_C206350CA",7,"C2_06350C_A",0.802673125651463,2.15702428576606e-08,0.858626556758994,FALSE,TRUE,FALSE
"MAK16",8,"C2_06360C_A",5.82660395764738e-05,9.17552701744e-93,4.25805122389218e-05,TRUE,TRUE,TRUE
"SCP1",5,"C2_06370C_A",0.0620793603490013,1.03030863290725e-05,0.0221541178705677,FALSE,TRUE,TRUE
"IMH3",1,"C2_06390C_A",0.0479166470491632,7.19303154687093e-155,8.32281383252257e-06,TRUE,TRUE,TRUE
"CAALFM_C206400CA",8,"C2_06400C_A",0.0250176681119731,2.74912644810847e-33,0.000577947184444787,TRUE,TRUE,TRUE
"RTS1",5,"C2_06420C_A",0.0237098072032411,9.51900388207165e-44,0.212421068837981,TRUE,TRUE,FALSE
"CAALFM_C206430CA",5,"C2_06430C_A",0.0741981572506797,9.96329172630885e-34,0.000176479117122083,FALSE,TRUE,TRUE
"CAALFM_C206440CA",1,"C2_06440C_A",0.594656009999062,2.01347948348353e-20,0.0397038083710262,FALSE,TRUE,TRUE
"RTA3",8,"C2_06460W_A",1.15921914594405e-05,2.8514066055267e-05,0.000128405199956731,TRUE,TRUE,TRUE
"RTA2",8,"C2_06470W_A",2.36659519611571e-07,7.18340064713315e-43,5.9119918911843e-11,TRUE,TRUE,TRUE
"CAALFM_C206480WA",3,"C2_06480W_A",0.000172376064012767,3.72108775485238e-17,0.602022905294142,TRUE,TRUE,FALSE
"CAALFM_C206490WA",4,"C2_06490W_A",0.815125361481284,3.86359010132579e-30,0.0151411038649554,FALSE,TRUE,TRUE
"tI(AAU)1",7,"C2_06500W_A",0.484484886308,3.01045242046204e-09,0.254984794318626,FALSE,TRUE,FALSE
"CAALFM_C206510WA",6,"C2_06510W_A",1.07957539432857e-06,7.58941524357194e-84,0.0425836915333812,TRUE,TRUE,TRUE
"CAALFM_C206520CA",8,"C2_06520C_A",0.354396962373888,2.77585461744952e-31,0.116177066862316,FALSE,TRUE,FALSE
"CAALFM_C206530WA",8,"C2_06530W_A",0.000133685166565384,8.41322524736534e-25,0.0503570948127887,TRUE,TRUE,FALSE
"SPF1",1,"C2_06540C_A",0.0532935693624085,0,0.00126083611863984,FALSE,TRUE,TRUE
"CAALFM_C206550WA",7,"C2_06550W_A",0.492026497664494,4.48803390884289e-22,0.118257604864151,FALSE,TRUE,FALSE
"CAALFM_C206560WA",8,"C2_06560W_A",2.22938782901235e-06,1.8383233836863e-24,0.00432861249720464,TRUE,TRUE,TRUE
"CAALFM_C206570CA",5,"C2_06570C_A",1.7363127749428e-05,3.44422629812165e-70,8.42489828253299e-09,TRUE,TRUE,TRUE
"GIT1",5,"C2_06590C_A",1.89517447814998e-06,1.91341074500831e-20,0.000118395907552255,TRUE,TRUE,TRUE
"CAALFM_C206600WA",8,"C2_06600W_A",2.90221414556163e-20,2.80695728592345e-65,7.0850831249212e-06,TRUE,TRUE,TRUE
"CAALFM_C206620WA",7,"C2_06620W_A",0.154667495401617,2.51533667675706e-17,0.238767099403255,FALSE,TRUE,FALSE
"CAALFM_C206630CA",5,"C2_06630C_A",6.9107007317272e-14,0,0.000524815119298742,TRUE,TRUE,TRUE
"VAS1",2,"C2_06640C_A",9.52012341710657e-06,7.89266611470594e-61,0.0183999499612514,TRUE,TRUE,TRUE
"CAALFM_C206650CA",7,"C2_06650C_A",0.175793957252575,1.46117552735102e-08,0.373158163364129,FALSE,TRUE,FALSE
"CAALFM_C206660WA",3,"C2_06660W_A",0.0173512702458101,6.93000850440869e-15,0.270496587628276,TRUE,TRUE,FALSE
"DBF2",2,"C2_06670C_A",0.0176110343547389,2.82829973635926e-27,0.00677117574059288,TRUE,TRUE,TRUE
"FRP3",6,"C2_06680W_A",8.17629774517887e-06,3.36293605169155e-102,0.0152219379192872,TRUE,TRUE,TRUE
"PEX22",8,"C2_06690C_A",5.23027513355486e-08,8.580357936166e-12,0.0556482713250031,TRUE,TRUE,FALSE
"AMO2",8,"C2_06700W_A",0.000109886763228607,7.36975531615649e-36,5.51357380789907e-07,TRUE,TRUE,TRUE
"CAALFM_C206710WA",6,"C2_06710W_A",1.03121925428416e-06,1.65118692979764e-86,0.00377501271798963,TRUE,TRUE,TRUE
"GRE2",5,"C2_06720W_A",3.10263094578547e-07,1.97426821918321e-58,0.210059505698022,TRUE,TRUE,FALSE
"LSP1",1,"C2_06730W_A",0.135635286338063,5.9415125781541e-40,0.0152996024702043,FALSE,TRUE,TRUE
"CAALFM_C206740WA",8,"C2_06740W_A",3.15783003840566e-06,8.66124636130317e-37,0.00857872787723903,TRUE,TRUE,TRUE
"CAALFM_C206750CA",7,"C2_06750C_A",0.461123736071219,1.17330905556675e-11,0.0657803597941053,FALSE,TRUE,FALSE
"CAALFM_C206760CA",6,"C2_06760C_A",NA,3.18491849227547e-19,0.0196123109559782,FALSE,TRUE,TRUE
"CAALFM_C206770WA",4,"C2_06770W_A",1.41378539415663e-07,1.17932729963514e-87,0.359975243778855,TRUE,TRUE,FALSE
"CAALFM_C206780CA",7,"C2_06780C_A",0.000552272577628656,3.49527144515217e-65,0.172960609255864,TRUE,TRUE,FALSE
"CAALFM_C206790WA",2,"C2_06790W_A",0.316631794920541,9.86560245221443e-14,0.0162318886614814,FALSE,TRUE,TRUE
"CAALFM_C206800CA",7,"C2_06800C_A",0.0301670879144692,0.00704342425999187,0.585977311932042,TRUE,TRUE,FALSE
"RPL11",1,"C2_06810C_A",4.73923505367459e-13,2.98085445887467e-162,0.000249480912827738,TRUE,TRUE,TRUE
"PRE2",4,"C2_06820C_A",2.1415890288125e-10,8.8518613127971e-36,1.52295655944395e-08,TRUE,TRUE,TRUE
"FHL1",8,"C2_06830C_A",3.29502647653258e-06,5.81639174177758e-13,3.18061721725691e-05,TRUE,TRUE,TRUE
"SPR1",7,"C2_06840W_A",0.657213901276389,2.59205729115869e-18,0.298752863114296,FALSE,TRUE,FALSE
"CAALFM_C206850WA",3,"C2_06850W_A",0.000225607242598938,2.25867031131799e-54,0.184487956833271,TRUE,TRUE,FALSE
"LTE1",2,"C2_06860W_A",0.0139524786187303,4.08881218230475e-40,0.186061083511629,TRUE,TRUE,FALSE
"PST1",5,"C2_06870C_A",5.60535223968577e-19,2.54544664375044e-224,8.82696818764553e-06,TRUE,TRUE,TRUE
"PRB1",8,"C2_06880C_A",2.21296985684218e-12,1.53344037045209e-68,0.00216304020599526,TRUE,TRUE,TRUE
"CAALFM_C206890CA",2,"C2_06890C_A",0.0014791408659549,1.63483500735085e-37,0.00180744357247786,TRUE,TRUE,TRUE
"YPT72",4,"C2_06910W_A",0.719508714572238,4.39957645116845e-21,0.132092013420712,FALSE,TRUE,FALSE
"CAALFM_C206920CA",2,"C2_06920C_A",0.0120886898511476,1.19401721023478e-34,0.326213911564753,TRUE,TRUE,FALSE
"CAALFM_C206930CA",7,"C2_06930C_A",NA,1.35281342572445e-55,0.0736075037891952,FALSE,TRUE,FALSE
"ARE2",5,"C2_06940C_A",5.09785325365737e-05,1.71629691969465e-41,0.000546839812729065,TRUE,TRUE,TRUE
"CAALFM_C206950CA",2,"C2_06950C_A",0.000519870938093423,3.42381916464636e-19,0.095950341697278,TRUE,TRUE,FALSE
"SPE3",1,"C2_06960W_A",0.00114968446941407,2.78933244923681e-213,0.00508619005836089,TRUE,TRUE,TRUE
"AAH1",8,"C2_06970W_A",0.412676248138638,1.20194314348336e-70,0.176744133683833,FALSE,TRUE,FALSE
"CAALFM_C206980WA",7,"C2_06980W_A",0.0678823903971934,2.88797528709494e-38,0.652668178764147,FALSE,TRUE,FALSE
"CAALFM_C206990WA",6,"C2_06990W_A",0.000750302565546473,1.85066390678287e-169,6.93361225292087e-05,TRUE,TRUE,TRUE
"CAALFM_C207000WA",1,"C2_07000W_A",8.82063167709216e-06,5.55729303802252e-49,0.00445233006583225,TRUE,TRUE,TRUE
"CAALFM_C207010WA",1,"C2_07010W_A",0.000269626567088118,4.61888766366523e-125,5.41697609966763e-05,TRUE,TRUE,TRUE
"CAALFM_C207020CA",7,"C2_07020C_A",8.13871268961536e-05,4.55671631408289e-52,0.0054552659937343,TRUE,TRUE,TRUE
"CAALFM_C207030CA",2,"C2_07030C_A",1.82542622666217e-05,4.07150203330698e-98,0.119583266833076,TRUE,TRUE,FALSE
"CAALFM_C207040WA",3,"C2_07040W_A",0.0150915657788248,1.78766740287159e-10,0.00502198295168566,TRUE,TRUE,TRUE
"CAALFM_C207060WA",8,"C2_07060W_A",0.746692600463552,0.0125822820743932,0.475144226423856,FALSE,TRUE,FALSE
"CAALFM_C207070WA",5,"C2_07070W_A",3.65326607736427e-10,1.75497503886968e-49,0.0462421971796938,TRUE,TRUE,TRUE
"CAALFM_C207080CA",2,"C2_07080C_A",0.577925566849697,1.77872932306259e-09,0.000318378164990711,FALSE,TRUE,TRUE
"OLE2",8,"C2_07090C_A",1.83717880850844e-08,1.70752863141778e-27,0.0158910131525319,TRUE,TRUE,TRUE
"CAALFM_C207100WA",4,"C2_07100W_A",1.81858910379552e-06,2.21885407705316e-76,0.672185890807383,TRUE,TRUE,FALSE
"CAALFM_C207110CA",2,"C2_07110C_A",0.177237335589476,6.96373252145692e-15,0.00699116483581485,FALSE,TRUE,TRUE
"RFA2",1,"C2_07120W_A",3.01519983878612e-07,5.80205612773982e-15,0.00108864605757058,TRUE,TRUE,TRUE
"RCK2",1,"C2_07130C_A",0.290754707934325,2.13386715224056e-05,0.500938715888431,FALSE,TRUE,FALSE
"CAALFM_C207140WA",4,"C2_07140W_A",2.69853266106546e-16,3.24757700167067e-97,3.46697820399084e-10,TRUE,TRUE,TRUE
"SMF12",5,"C2_07160W_A",6.06624399103691e-08,1.40968131419715e-12,8.13620231322e-07,TRUE,TRUE,TRUE
"AFT2",8,"C2_07170C_A",2.05392833595293e-05,3.65630132123139e-47,0.00213634406388489,TRUE,TRUE,TRUE
"CAALFM_C207180WA",4,"C2_07180W_A",0.475023371981365,0.00045010587727224,0.801468850028672,FALSE,TRUE,FALSE
"CAALFM_C207190CA",1,"C2_07190C_A",2.3863793430663e-18,4.1382448594948e-130,0.0142546314450988,TRUE,TRUE,TRUE
"CAALFM_C207200WA",1,"C2_07200W_A",0.0935357169320619,2.0772465221784e-20,0.330686187588903,FALSE,TRUE,FALSE
"TPK2",5,"C2_07210C_A",0.000175613487696153,1.13556043447498e-47,0.218789589241224,TRUE,TRUE,FALSE
"CAALFM_C207220WA",4,"C2_07220W_A",0.301668657111029,2.85744709928806e-16,0.0269627694200391,FALSE,TRUE,TRUE
"ZCF10",7,"C2_07230C_A",0.0132770834865999,4.88797716630827e-45,0.0235337826925267,TRUE,TRUE,TRUE
"CAALFM_C207240CA",6,"C2_07240C_A",0.00857918908288186,5.99519108630811e-96,1.91790590845465e-05,TRUE,TRUE,TRUE
"CAALFM_C207250CA",6,"C2_07250C_A",2.44514978893235e-18,1.90304590117885e-267,2.25007319284964e-17,TRUE,TRUE,TRUE
"DQD1",4,"C2_07260C_A",0.00023249774496168,8.26835394069978e-15,0.00102565828949713,TRUE,TRUE,TRUE
"CAALFM_C207270WA",6,"C2_07270W_A",0.00241032942100316,3.06391309528255e-21,0.0293342655716362,TRUE,TRUE,TRUE
"CAALFM_C207280WA",7,"C2_07280W_A",0.0289687667973761,7.91735071193165e-15,0.621820548897638,TRUE,TRUE,FALSE
"CAALFM_C207290WA",1,"C2_07290W_A",2.76838678813448e-05,2.041457055859e-187,0.00168567189408978,TRUE,TRUE,TRUE
"RPA12",1,"C2_07300C_A",1.11022275664083e-09,4.82574905407736e-113,0.00476556609395579,TRUE,TRUE,TRUE
"CCT5",1,"C2_07310W_A",5.96569637884603e-10,7.90512331041493e-105,0.0538736897853245,TRUE,TRUE,FALSE
"ARP3",4,"C2_07320W_A",0.000964347053560777,3.78589562495283e-86,0.330409090475078,TRUE,TRUE,FALSE
"TOR1",8,"C2_07330W_A",0.264781622741256,2.74741112088546e-05,0.558321866515056,FALSE,TRUE,FALSE
"NOC4",3,"C2_07340W_A",0.00132207331490344,1.32886608623243e-130,0.000544151591983334,TRUE,TRUE,TRUE
"MCM3",1,"C2_07350W_A",2.73452958057741e-06,1.1071230239098e-23,0.024949987852217,TRUE,TRUE,TRUE
"CAALFM_C207360WA",2,"C2_07360W_A",7.50550509267297e-11,1.48001661652672e-30,0.0786272516474516,TRUE,TRUE,FALSE
"CAALFM_C207370WA",1,"C2_07370W_A",0.000261630159560427,1.14344378622962e-17,0.585977311932042,TRUE,TRUE,FALSE
"SSC1",1,"C2_07380W_A",0.0039452980225421,1.83698043666509e-70,0.0741108965708099,TRUE,TRUE,FALSE
"CAALFM_C207390CA",6,"C2_07390C_A",0.00939336857491839,5.37073912639229e-33,0.000403912485715004,TRUE,TRUE,TRUE
"APR1",5,"C2_07400C_A",4.58713349578163e-08,7.51714998467361e-66,0.000213392562144386,TRUE,TRUE,TRUE
"CAALFM_C207410WA",5,"C2_07410W_A",0.0221557396043589,2.14154084019097e-11,0.0144701089745817,TRUE,TRUE,TRUE
"CAALFM_C207420WA",1,"C2_07420W_A",0.00483266186646925,4.59999961307625e-88,0.0429068523161823,TRUE,TRUE,TRUE
"CAALFM_C207430CA",7,"C2_07430C_A",2.23620456666089e-09,4.46500585392967e-279,3.61987183303449e-08,TRUE,TRUE,TRUE
"CAALFM_C207440CA",6,"C2_07440C_A",1.71751399440825e-05,8.56513088293565e-161,0.0254098762063431,TRUE,TRUE,TRUE
"RCL1",3,"C2_07450C_A",8.73685196229463e-05,2.32131801512356e-25,0.237360362527705,TRUE,TRUE,FALSE
"TAF4",4,"C2_07460W_A",0.48418759745023,8.92034866325707e-14,0.0777794161295041,FALSE,TRUE,FALSE
"YCS4",1,"C2_07470W_A",3.66331889471844e-05,5.03588478741414e-14,0.337600513408408,TRUE,TRUE,FALSE
"LPT1",5,"C2_07480W_A",0.0471234355155496,4.15748356675559e-71,0.265263202507361,TRUE,TRUE,FALSE
"HEM15",1,"C2_07490W_A",0.000893107554404042,1.12343965120386e-88,0.000938654920014292,TRUE,TRUE,TRUE
"MED4",6,"C2_07500C_A",0.167595790668391,2.94171355355276e-22,0.0926193646928325,FALSE,TRUE,FALSE
"CAALFM_C207510WA",6,"C2_07510W_A",0.144079675747704,4.82186021560168e-11,0.000123930350719988,FALSE,TRUE,TRUE
"CAALFM_C207520CA",7,"C2_07520C_A",0.00117102486387343,1.57785337827011e-42,0.000969959285080741,TRUE,TRUE,TRUE
"CAALFM_C207530CA",7,"C2_07530C_A",0.000142242235338406,1.9981973040691e-85,0.0277484168671954,TRUE,TRUE,TRUE
"CAALFM_C207540WA",4,"C2_07540W_A",2.77972864883417e-05,8.45722796067112e-43,0.506670687608878,TRUE,TRUE,FALSE
"CAALFM_C207550WA",4,"C2_07550W_A",0.00113845836377958,7.32504299596293e-40,0.376675921235084,TRUE,TRUE,FALSE
"SWR1",4,"C2_07560W_A",0.0191729677947656,5.57819623857016e-09,0.62090181344531,TRUE,TRUE,FALSE
"RNR22",5,"C2_07570W_A",0.0011528138897406,3.19738678907279e-16,0.00233320802843746,TRUE,TRUE,TRUE
"CAALFM_C207580WA",8,"C2_07580W_A",2.51940788281068e-14,1.80767468928186e-15,2.7936580564206e-06,TRUE,TRUE,TRUE
"VMA10",4,"C2_07590W_A",2.30238993019276e-11,2.20375288747662e-71,2.40200088669192e-05,TRUE,TRUE,TRUE
"MSC7",4,"C2_07600C_A",0.0415523135177661,4.19844622176286e-11,0.014739477092273,TRUE,TRUE,TRUE
"CAALFM_C207610CA",2,"C2_07610C_A",0.0794612916695294,6.41278500951463e-13,0.00569743908527884,FALSE,TRUE,TRUE
"CAALFM_C207620WA",7,"C2_07620W_A",0.100790324480798,7.4904455130765e-29,0.232012301010431,FALSE,TRUE,FALSE
"CAALFM_C207630CA",5,"C2_07630C_A",7.90216670608183e-13,1.88341961947441e-203,5.13891961979595e-05,TRUE,TRUE,TRUE
"CAALFM_C207640WA",8,"C2_07640W_A",4.38755476085686e-13,1.70687838588253e-42,5.74845592562386e-07,TRUE,TRUE,TRUE
"CAALFM_C207650CA",1,"C2_07650C_A",0.121904805186536,8.75275153819972e-19,0.640041838925896,FALSE,TRUE,FALSE
"PDS5",2,"C2_07660W_A",0.0054069633859203,1.72477544060033e-08,0.024718643565456,TRUE,TRUE,TRUE
"GLE1",7,"C2_07670C_A",0.437495298385885,0.0018907659875435,0.0800502257679305,FALSE,TRUE,FALSE
"CAALFM_C207680WA",1,"C2_07680W_A",7.08439939660756e-11,4.21633230689187e-145,0.00552623560071811,TRUE,TRUE,TRUE
"CAALFM_C207690WA",7,"C2_07690W_A",0.00666636703929324,8.63269663735637e-25,0.0802052457547993,TRUE,TRUE,FALSE
"CAALFM_C207700CA",7,"C2_07700C_A",0.0634077141625017,8.53609093308389e-13,0.21819826471616,FALSE,TRUE,FALSE
"CAALFM_C207710WA",7,"C2_07710W_A",0.00598628141382019,2.98505064511541e-36,0.416240347871019,TRUE,TRUE,FALSE
"CAALFM_C207720CA",8,"C2_07720C_A",3.739677291783e-14,7.34219811050624e-36,3.17213787734079e-05,TRUE,TRUE,TRUE
"YVC1",1,"C2_07730W_A",0.781141926481316,1.12157801025854e-12,0.140092320346044,FALSE,TRUE,FALSE
"CAALFM_C207740WA",8,"C2_07740W_A",0.660252287333037,4.79044867411435e-07,0.178676266976458,FALSE,TRUE,FALSE
"RHO2",2,"C2_07750W_A",0.715672943368346,5.89877030748703e-07,0.615468307051914,FALSE,TRUE,FALSE
"CAALFM_C207760WA",8,"C2_07760W_A",7.70036230854211e-11,3.84496593459405e-19,0.00339080604522683,TRUE,TRUE,TRUE
"CAALFM_C207790CA",6,"C2_07790C_A",0.00806037134161595,5.91424512078394e-30,0.210868793356818,TRUE,TRUE,FALSE
"CAALFM_C207800WA",2,"C2_07800W_A",0.0237198170977966,8.85161825535032e-27,0.243755057083594,TRUE,TRUE,FALSE
"CAALFM_C207810WA",4,"C2_07810W_A",0.0110090032589493,7.46916836788529e-46,0.270920325630922,TRUE,TRUE,FALSE
"PHO86",5,"C2_07820C_A",0.00561948311711703,1.89904140125262e-26,6.26066924867528e-07,TRUE,TRUE,TRUE
"FLC3",1,"C2_07830W_A",0.929188285737566,2.39690425782984e-53,0.108254592806752,FALSE,TRUE,FALSE
"CAALFM_C207840WA",7,"C2_07840W_A",0.00482407444037376,5.93559636103673e-38,0.240967234703333,TRUE,TRUE,FALSE
"CAALFM_C207860WA",2,"C2_07860W_A",0.0123975050891917,7.65410127721548e-13,1.02964334659369e-05,TRUE,TRUE,TRUE
"APM4",4,"C2_07880W_A",0.594311255308095,1.67955651490416e-15,0.0153588163078714,FALSE,TRUE,TRUE
"PRS5",1,"C2_07890W_A",0.272561084459201,1.14077237951847e-117,0.000283774320545312,FALSE,TRUE,TRUE
"GDH2",8,"C2_07900W_A",0.000931947347317949,3.31849853241664e-40,0.0444158653319145,TRUE,TRUE,TRUE
"CAALFM_C207910CA",4,"C2_07910C_A",4.96998817988472e-11,2.68116202683469e-137,6.50159461896637e-07,TRUE,TRUE,TRUE
"CAALFM_C207920WA",8,"C2_07920W_A",0.00106808537109969,2.80717294882404e-17,0.0262434463117859,TRUE,TRUE,TRUE
"VRP1",6,"C2_07930C_A",0.000136291928906205,8.95766946950971e-36,0.000503439415283736,TRUE,TRUE,TRUE
"ALG7",1,"C2_07940C_A",0.103239536998677,6.94175949463457e-92,0.00758535108701359,FALSE,TRUE,TRUE
"SEH1",4,"C2_07950W_A",0.31946002510015,1.76138381523741e-14,0.0562752122429102,FALSE,TRUE,FALSE
"NSA1",1,"C2_07960C_A",5.44563605418712e-05,4.38084831484511e-154,0.00288362767110854,TRUE,TRUE,TRUE
"CAALFM_C207980WA",4,"C2_07980W_A",0.000202860642612464,1.13195098033965e-58,0.676129315727107,TRUE,TRUE,FALSE
"KRE30",1,"C2_08000C_A",0.000480307814348527,1.34713794790137e-201,0.00254181520683285,TRUE,TRUE,TRUE
"BLM3",6,"C2_08010W_A",0.650259020449442,6.3441177274486e-09,0.203528919247022,FALSE,TRUE,FALSE
"CAALFM_C208020CA",8,"C2_08020C_A",0.0028478064366494,0.230909263953036,0.0502149936412154,TRUE,FALSE,FALSE
"CAALFM_C208030WA",7,"C2_08030W_A",0.161532849737949,7.63422746061029e-12,0.041075624383783,FALSE,TRUE,TRUE
"RPS10",1,"C2_08040C_A",1.06140780835498e-14,3.08139209928261e-122,0.00107279908203754,TRUE,TRUE,TRUE
"SIT1",8,"C2_08050C_A",7.49974861259603e-13,5.20904250787229e-13,2.4676528488994e-13,TRUE,TRUE,TRUE
"RPR1",6,"C2_08055W_A",0.00576393676989276,1.8474512889899e-236,4.51184968074121e-11,TRUE,TRUE,TRUE
"CAALFM_C208060WA",6,"C2_08060W_A",0.089574796477741,6.25605865847862e-108,3.91982548366245e-09,FALSE,TRUE,TRUE
"MRS4",1,"C2_08070C_A",0.0253949684601278,6.31456470590372e-177,0.0154967631243492,TRUE,TRUE,TRUE
"IFM3",8,"C2_08080C_A",3.90978932139564e-11,3.46169301884385e-86,0.412852722423067,TRUE,TRUE,FALSE
"CAALFM_C208090WA",8,"C2_08090W_A",3.47077357865302e-05,4.29273238650388e-05,0.0399283122506366,TRUE,TRUE,TRUE
"CAALFM_C208100WA",5,"C2_08100W_A",0.00174159820790834,1.16957568181408e-10,0.00879797135960276,TRUE,TRUE,TRUE
"RAD57",6,"C2_08110W_A",0.738109726137738,3.41026386598841e-05,0.0794297785577836,FALSE,TRUE,FALSE
"MAF1",5,"C2_08120W_A",2.5521395920458e-09,1.82591990686029e-36,0.000234785238142798,TRUE,TRUE,TRUE
"ARA1",5,"C2_08130W_A",9.67452714973532e-11,1.03214626139347e-73,1.00726902393151e-06,TRUE,TRUE,TRUE
"PHM7",8,"C2_08140C_A",0.002359478819879,2.08835715588355e-34,0.00317843757022858,TRUE,TRUE,TRUE
"CAALFM_C208150WA",7,"C2_08150W_A",0.000244396280789101,6.47598812794393e-41,0.234301715305216,TRUE,TRUE,FALSE
"CAALFM_C208160CA",1,"C2_08160C_A",0.386934777984792,4.90099242862245e-57,0.00146144483075515,FALSE,TRUE,TRUE
"CAALFM_C208170WA",8,"C2_08170W_A",1.2166741894402e-06,4.93766716535743e-59,0.00511293560597392,TRUE,TRUE,TRUE
"CAALFM_C208180CA",3,"C2_08180C_A",0.000241874528509444,1.27233454934107e-121,0.214360990771711,TRUE,TRUE,FALSE
"VMA5",4,"C2_08190W_A",0.00247679056498815,8.05785805411651e-20,0.00492242306097262,TRUE,TRUE,TRUE
"CAALFM_C208200WA",7,"C2_08200W_A",5.17329616131782e-06,1.0211141921989e-162,6.4885180982338e-12,TRUE,TRUE,TRUE
"CAALFM_C208240WA",7,"C2_08240W_A",0.0246577461607205,3.30699916945872e-30,0.0513998519034476,TRUE,TRUE,FALSE
"CAALFM_C208260WA",6,"C2_08260W_A",2.52682126960297e-08,3.78734234718819e-179,4.2886347950822e-06,TRUE,TRUE,TRUE
"CAALFM_C208270CA",1,"C2_08270C_A",0.719741168400501,2.49674410005662e-15,0.0279871090127637,FALSE,TRUE,TRUE
"EAF3",3,"C2_08280W_A",0.419980837645306,5.46767944193556e-11,0.174041049395686,FALSE,TRUE,FALSE
"UCF1",5,"C2_08290C_A",7.7949296334433e-16,2.50617506905737e-21,8.46542634241465e-06,TRUE,TRUE,TRUE
"TIM22",1,"C2_08310W_A",0.0150579686781389,2.42757140128478e-13,0.221893345346336,TRUE,TRUE,FALSE
"CAALFM_C208320CA",2,"C2_08320C_A",0.00198864469494155,7.11737728244395e-09,0.0638340452981036,TRUE,TRUE,FALSE
"CAALFM_C208330WA",8,"C2_08330W_A",1.04447682835491e-23,8.38982633901702e-88,5.1916994586451e-07,TRUE,TRUE,TRUE
"CAALFM_C208340CA",8,"C2_08340C_A",1.68019584428059e-16,5.70699556859172e-99,4.98910465542395e-05,TRUE,TRUE,TRUE
"CAALFM_C208350CA",7,"C2_08350C_A",0.571341223735639,3.04732278420114e-12,0.250435720182389,FALSE,TRUE,FALSE
"OPT5",7,"C2_08360C_A",0.00523724765037472,7.08472762239891e-47,0.0145382105632873,TRUE,TRUE,TRUE
"TEF1",1,"C2_08370C_A",0.000249018649467816,2.74495935487592e-101,0.0206153444831022,TRUE,TRUE,TRUE
"CAALFM_C208380CA",2,"C2_08380C_A",0.0420899575392757,1.71262644671759e-07,0.362098226566417,TRUE,TRUE,FALSE
"CAALFM_C208390WA",5,"C2_08390W_A",1.22807933706166e-11,2.22289472184924e-81,0.000145267525490867,TRUE,TRUE,TRUE
"CAALFM_C208420WA",8,"C2_08420W_A",0.000453728483784575,3.89886267234764e-09,0.161225747618333,TRUE,TRUE,FALSE
"PGA46",6,"C2_08430C_A",1.56299124989445e-06,8.68081809857325e-18,0.942402440734881,TRUE,TRUE,FALSE
"CAALFM_C208450WA",5,"C2_08450W_A",0.404341207623469,4.5014656076955e-05,0.0245909422320589,FALSE,TRUE,TRUE
"CAALFM_C208460CA",6,"C2_08460C_A",2.58953443834499e-07,6.42463370732966e-188,1.52171208577522e-08,TRUE,TRUE,TRUE
"STN1",7,"C2_08470C_A",0.0483428730102993,8.57083063842235e-22,0.0724286525098453,TRUE,TRUE,FALSE
"RRP8",3,"C2_08480W_A",0.000135332685529183,1.78131698336114e-45,0.0512764765308471,TRUE,TRUE,FALSE
"DSE1",4,"C2_08490W_A",0.00937660943046109,3.61492545242563e-20,4.10519701720732e-05,TRUE,TRUE,TRUE
"RSP5",5,"C2_08500W_A",0.349242778501044,2.60665539707027e-41,0.0708096830641818,FALSE,TRUE,FALSE
"CAALFM_C208510WA",6,"C2_08510W_A",6.91780301143473e-06,4.86825903049606e-65,0.0010377438524831,TRUE,TRUE,TRUE
"CAALFM_C208520CA",6,"C2_08520C_A",0.902412837595583,5.39381566590492e-12,0.338498200572051,FALSE,TRUE,FALSE
"CAALFM_C208530CA",3,"C2_08530C_A",0.00685750446284145,7.20767584991792e-16,0.202032903087028,TRUE,TRUE,FALSE
"CAALFM_C208540CA",6,"C2_08540C_A",0.301308858506805,9.61467587155408e-06,0.022019771415793,FALSE,TRUE,TRUE
"MSU1",2,"C2_08550C_A",0.0235450101213487,5.14621646427225e-28,0.590108930690017,TRUE,TRUE,FALSE
"SMC2",2,"C2_08560W_A",9.31143247032674e-05,9.55067576287107e-11,0.000782045417384575,TRUE,TRUE,TRUE
"ANP1",8,"C2_08570W_A",0.882175103481294,2.05712457803772e-24,0.114428094096289,FALSE,TRUE,FALSE
"CAALFM_C208580WA",7,"C2_08580W_A",4.4396366612832e-08,7.4491765832219e-38,0.0892749920292547,TRUE,TRUE,FALSE
"YWP1",1,"C2_08590W_A",1.33147794790731e-07,3.23995941147225e-187,1.4286253500979e-05,TRUE,TRUE,TRUE
"GTR1",7,"C2_08600W_A",0.921216950943955,3.33421275507608e-08,0.332674673921162,FALSE,TRUE,FALSE
"ERG9",1,"C2_08610W_A",0.0416571730235102,3.69287972839579e-33,0.090218929404082,TRUE,TRUE,FALSE
"CAALFM_C208620WA",6,"C2_08620W_A",0.000700319311572363,5.25262226066886e-100,0.0264447535735511,TRUE,TRUE,TRUE
"CAALFM_C208630CA",6,"C2_08630C_A",0.475023371981365,8.95316164966319e-14,0.0094283720834208,FALSE,TRUE,TRUE
"PST2",5,"C2_08640C_A",3.77004526826301e-15,7.9397739272233e-158,0.00134601817862058,TRUE,TRUE,TRUE
"CAALFM_C208650WA",2,"C2_08650W_A",0.00139900200273289,1.54324816149672e-32,0.84624242056922,TRUE,TRUE,FALSE
"CAALFM_C208660CA",5,"C2_08660C_A",0.0151934572086687,5.59594881245684e-31,0.000103786665717319,TRUE,TRUE,TRUE
"UTP15",3,"C2_08670C_A",3.66958897079428e-05,4.93279270992429e-94,0.000903640870916726,TRUE,TRUE,TRUE
"MSH3",7,"C2_08680W_A",0.0087674147250684,3.77478314665273e-25,0.0397287746027676,TRUE,TRUE,TRUE
"CAALFM_C208690CA",8,"C2_08690C_A",2.59843428274995e-16,3.73621727379023e-97,0.000603418571947268,TRUE,TRUE,TRUE
"CAALFM_C208700CA",8,"C2_08700C_A",8.21401148904418e-11,2.16019726072516e-32,0.0134858441562283,TRUE,TRUE,TRUE
"PEX17",8,"C2_08710W_A",4.45638834784428e-06,1.84833654039117e-44,0.00332927868267618,TRUE,TRUE,TRUE
"CAALFM_C208720WA",6,"C2_08720W_A",0.00350381280453406,2.41281330806593e-32,0.155582746413224,TRUE,TRUE,FALSE
"MFG1",7,"C2_08730W_A",3.82549729140266e-05,5.57378813893521e-39,0.0468096656864717,TRUE,TRUE,TRUE
"CAALFM_C208740WA",7,"C2_08740W_A",4.07137212817977e-07,2.23554422469197e-42,0.00654044774707739,TRUE,TRUE,TRUE
"CAALFM_C208750WA",7,"C2_08750W_A",0.0045297404027012,1.22989690625615e-19,0.144605237856919,TRUE,TRUE,FALSE
"TIF4631",1,"C2_08760C_A",0.00846803968844949,4.40205237071801e-65,0.192202032541381,TRUE,TRUE,FALSE
"CAALFM_C208770CA",6,"C2_08770C_A",0.000311713636047929,1.51799812034775e-24,0.0134109789311793,TRUE,TRUE,TRUE
"RPT6",4,"C2_08780W_A",0.0847999611604834,2.2543527774988e-24,0.00542369906377432,FALSE,TRUE,TRUE
"JEM1",7,"C2_08790W_A",0.0622778337401177,6.28651918807133e-26,0.0166758040184064,FALSE,TRUE,TRUE
"APE3",4,"C2_08800C_A",0.00900727460883958,9.34607323876973e-55,0.0155413815668104,TRUE,TRUE,TRUE
"IPP1",1,"C2_08810C_A",0.00179770396812208,3.13028543877572e-62,0.000464904025501722,TRUE,TRUE,TRUE
"SPO11",7,"C2_08820C_A",3.62071053895532e-09,2.62999285087611e-110,0.0174712113029203,TRUE,TRUE,TRUE
"CAALFM_C208830WA",8,"C2_08830W_A",1.28626740329292e-08,6.73356594923311e-41,0.033686329064707,TRUE,TRUE,TRUE
"CAALFM_C208840WA",3,"C2_08840W_A",1.07635364418876e-05,9.2476174189774e-85,0.243755057083594,TRUE,TRUE,FALSE
"CAALFM_C208850CA",6,"C2_08850C_A",0.00534308247047084,3.63535670899102e-19,0.12073561867836,TRUE,TRUE,FALSE
"CAALFM_C208860WA",6,"C2_08860W_A",0.046996735924449,1.0644103031472e-24,0.0339701337589366,TRUE,TRUE,TRUE
"PIR1",6,"C2_08870C_A",0.052524860232581,4.65176263406952e-25,0.147814643158423,FALSE,TRUE,FALSE
"BUD20",7,"C2_08880W_A",0.0843304393679033,1.06498657825297e-56,0.107267925512949,FALSE,TRUE,FALSE
"CAALFM_C208890WA",7,"C2_08890W_A",3.58653699629088e-07,2.83010025430263e-32,0.00792565377336383,TRUE,TRUE,TRUE
"CAALFM_C208900WA",2,"C2_08900W_A",0.853330276123844,9.36063261124364e-08,0.0469658552414751,FALSE,TRUE,TRUE
"CAALFM_C208910CA",8,"C2_08910C_A",2.63723555475951e-06,2.42915328032735e-85,0.034701034145695,TRUE,TRUE,TRUE
"CAALFM_C208920WA",8,"C2_08920W_A",9.99055773042405e-30,1.74564065615387e-104,1.48809766890985e-11,TRUE,TRUE,TRUE
"CAALFM_C208930WA",4,"C2_08930W_A",1.66323691933945e-07,4.01653322655372e-26,0.000593383428001429,TRUE,TRUE,TRUE
"VPS28",8,"C2_08940C_A",1.30686629774918e-10,1.30653081908167e-35,2.47313846730679e-05,TRUE,TRUE,TRUE
"CAALFM_C208950WA",8,"C2_08950W_A",1.87264124598042e-20,3.99754583273293e-28,4.90579002635908e-07,TRUE,TRUE,TRUE
"CAALFM_C208960CA",7,"C2_08960C_A",0.331888671165471,6.11091188477016e-38,0.00011723174934869,FALSE,TRUE,TRUE
"PGA55",8,"C2_08980C_A",4.42180194571116e-20,6.98843433627682e-23,0.000118395907552255,TRUE,TRUE,TRUE
"CAALFM_C208990CA",7,"C2_08990C_A",2.02124613852902e-09,1.84166298840663e-48,0.00274789464666288,TRUE,TRUE,TRUE
"CAALFM_C209000CA",7,"C2_09000C_A",0.0366091174453989,1.71750004766196e-27,0.00416210856514175,TRUE,TRUE,TRUE
"STB3",8,"C2_09010W_A",9.33651486486972e-09,4.30032455197764e-33,0.0397287746027676,TRUE,TRUE,TRUE
"CDC47",2,"C2_09020W_A",2.00403237235027e-09,2.06287411314875e-31,0.0338842520027795,TRUE,TRUE,TRUE
"CAALFM_C209030WA",6,"C2_09030W_A",0.000564983005849316,6.13454784138482e-23,0.00354059531030948,TRUE,TRUE,TRUE
"CAALFM_C209040WA",4,"C2_09040W_A",6.4141414626515e-07,1.30941498852467e-16,0.0373628948739048,TRUE,TRUE,TRUE
"CAALFM_C209050CA",5,"C2_09050C_A",0.00392020902338184,4.67037727030656e-17,0.925582023862941,TRUE,TRUE,FALSE
"ASN1",1,"C2_09060C_A",1.12924742092276e-08,1.76355518547494e-141,0.00271165605396547,TRUE,TRUE,TRUE
"CAALFM_C209070CA",6,"C2_09070C_A",0.00856152893799572,0.0028178621830616,0.0163525590699887,TRUE,TRUE,TRUE
"FGR18",7,"C2_09080C_A",0.754327487021992,1.84122019760155e-20,0.694337407969846,FALSE,TRUE,FALSE
"CAALFM_C209100CA",2,"C2_09100C_A",0.0015661218384774,4.69099161102271e-08,0.0660216221922612,TRUE,TRUE,FALSE
"CAALFM_C209110CA",7,"C2_09110C_A",0.127412306393932,4.06620830939536e-18,0.035273519485564,FALSE,TRUE,TRUE
"IFF6",8,"C2_09130C_A",6.73644151323867e-10,1.87337738826585e-22,0.00338204775524882,TRUE,TRUE,TRUE
"MET10",1,"C2_09140C_A",0.0167760433645355,5.78253051672474e-189,1.00254910765899e-40,TRUE,TRUE,TRUE
"MIT1",8,"C2_09150W_A",1.3121844446036e-25,2.00278931831702e-21,2.33560707957745e-22,TRUE,TRUE,TRUE
"CAALFM_C209160WA",3,"C2_09160W_A",0.000372092361691353,2.21106566311666e-24,0.664677404569752,TRUE,TRUE,FALSE
"SLP2",2,"C2_09170W_A",0.000387754054654711,4.45054936112428e-05,0.000314019749999265,TRUE,TRUE,TRUE
"CAALFM_C209180WA",2,"C2_09180W_A",0.000152519827475457,3.7612271331498e-11,0.0485866818645777,TRUE,TRUE,TRUE
"tP(UGG)2",7,"C2_09200W_A",0.0191281693645959,4.64292270993709e-18,0.371051215868767,TRUE,TRUE,FALSE
"DDR48",5,"C2_09220W_A",4.74566044083596e-10,8.77445106549766e-209,3.41953218908789e-06,TRUE,TRUE,TRUE
"KIS1",8,"C2_09230C_A",0.137463638091373,5.44362835773523e-19,0.109733106227838,FALSE,TRUE,FALSE
"CAALFM_C209240CA",7,"C2_09240C_A",0.00976245103116786,6.12970483293472e-12,0.000938974209217973,TRUE,TRUE,TRUE
"CAALFM_C209250WA",6,"C2_09250W_A",0.194962815419168,2.40271904183849e-11,0.416470407326455,FALSE,TRUE,FALSE
"GLO2",5,"C2_09260C_A",0.149013862664263,3.44150199564579e-20,0.620993388172867,FALSE,TRUE,FALSE
"SGT1",2,"C2_09270C_A",0.00719258724740475,1.1434902063666e-11,0.00504009035739441,TRUE,TRUE,TRUE
"CAALFM_C209280CA",6,"C2_09280C_A",8.2157211858218e-09,6.68809724114131e-137,0.0363561642812066,TRUE,TRUE,TRUE
"CAALFM_C209290WA",2,"C2_09290W_A",0.000882578416002234,1.06592268171156e-48,0.00244035166349941,TRUE,TRUE,TRUE
"MED18",2,"C2_09300W_A",0.050165606756495,3.78598997655673e-14,0.310494914240128,FALSE,TRUE,FALSE
"CAALFM_C209310CA",6,"C2_09310C_A",0.121483092380439,4.38077060725772e-12,0.666784616752528,FALSE,TRUE,FALSE
"PES1",3,"C2_09320C_A",7.99186551123765e-06,2.75956470150225e-61,0.227051512555806,TRUE,TRUE,FALSE
"CAALFM_C209330CA",7,"C2_09330C_A",0.00331337241538554,1.96280140718092e-46,0.180255772365978,TRUE,TRUE,FALSE
"CAALFM_C209340WA",7,"C2_09340W_A",0.465445942086365,1.68987780455575e-28,0.39708163463381,FALSE,TRUE,FALSE
"TAZ1",2,"C2_09350W_A",8.65498041283435e-05,2.0923282146341e-47,0.0584779720705692,TRUE,TRUE,FALSE
"CAALFM_C209360WA",2,"C2_09360W_A",0.00984382341894682,7.25179431630713e-07,0.122540049180953,TRUE,TRUE,FALSE
"KAR3",2,"C2_09370C_A",0.0387527661905024,6.49275339140928e-29,0.000911231557031099,TRUE,TRUE,TRUE
"RRP15",3,"C2_09380W_A",2.08774589737566e-06,4.49387470167551e-88,0.0315606952352361,TRUE,TRUE,TRUE
"ABG1",4,"C2_09390W_A",0.00377594139182929,2.61388723215175e-43,0.00887436850492745,TRUE,TRUE,TRUE
"ERG24",1,"C2_09400C_A",3.73339640128951e-05,5.90568701834712e-28,0.00131526095701166,TRUE,TRUE,TRUE
"RPL3",1,"C2_09430W_A",5.68980496002476e-14,4.74374806983625e-134,0.000359805307862252,TRUE,TRUE,TRUE
"CAALFM_C209460CA",7,"C2_09460C_A",4.92539361941729e-05,4.77602336419471e-70,0.101223681551911,TRUE,TRUE,FALSE
"PMS1",7,"C2_09470C_A",6.17655004987383e-05,9.30878553871549e-29,0.0336654136786572,TRUE,TRUE,TRUE
"CAALFM_C209480WA",2,"C2_09480W_A",0.325628183052634,1.31429567380155e-11,0.0636220254943646,FALSE,TRUE,FALSE
"PHO13",2,"C2_09490W_A",0.00254736867025691,2.90449264705324e-12,0.00705354838829102,TRUE,TRUE,TRUE
"CAALFM_C209500WA",3,"C2_09500W_A",0.00327958855608757,1.27846679559419e-31,0.231175653499828,TRUE,TRUE,FALSE
"CAALFM_C209510CA",8,"C2_09510C_A",0.80823224140647,4.30669918826415e-12,0.274981919600708,FALSE,TRUE,FALSE
"CCT2",1,"C2_09520C_A",9.89194930242052e-08,6.53357639765945e-65,0.297298335052133,TRUE,TRUE,FALSE
"EAP1",8,"C2_09530W_A",0.0146068061361512,1.50876073511233e-43,0.000376286876502636,TRUE,TRUE,TRUE
"CAALFM_C209540WA",7,"C2_09540W_A",0.0176658546053883,7.56389329453243e-13,0.0364176555367895,TRUE,TRUE,TRUE
"CAALFM_C209550CA",8,"C2_09550C_A",0.16738552395591,8.44787691790308e-06,0.0409239857906986,FALSE,TRUE,TRUE
"CAALFM_C209560CA",6,"C2_09560C_A",0.79648303487746,4.64681406044447e-12,0.0453891313907588,FALSE,TRUE,TRUE
"CAALFM_C209570CA",8,"C2_09570C_A",0.0499307201366449,3.58822406807297e-06,0.0290415961227752,TRUE,TRUE,TRUE
"AGE2",4,"C2_09580W_A",7.73810413622942e-05,3.06969912762228e-21,0.0191493293501111,TRUE,TRUE,TRUE
"CAALFM_C209590CA",5,"C2_09590C_A",3.79580816548626e-08,1.34802959988266e-143,0.199330601011477,TRUE,TRUE,FALSE
"CAALFM_C209600CA",4,"C2_09600C_A",0.00103957918307004,2.9965353037392e-19,0.0403419365788647,TRUE,TRUE,TRUE
"CAALFM_C209610WA",1,"C2_09610W_A",0.590736504552799,3.79560883673096e-11,0.197946859954057,FALSE,TRUE,FALSE
"CAALFM_C209620WA",4,"C2_09620W_A",0.428530002412194,9.38857461100559e-18,0.945760214455843,FALSE,TRUE,FALSE
"CAALFM_C209630CA",7,"C2_09630C_A",3.51959366248316e-06,1.5276247853111e-31,7.7014693267351e-05,TRUE,TRUE,TRUE
"PMI1",1,"C2_09640W_A",7.46215231777316e-09,1.54198497525442e-54,0.00260491452018307,TRUE,TRUE,TRUE
"CAALFM_C209650WA",4,"C2_09650W_A",0.00297116960177321,3.68779465425861e-24,0.0547706301784855,TRUE,TRUE,FALSE
"CAALFM_C209660WA",3,"C2_09660W_A",0.000622663159407721,9.80357691246185e-96,0.0138446392470516,TRUE,TRUE,TRUE
"CAALFM_C209670CA",8,"C2_09670C_A",0.065787365209452,1.06325685968382e-25,0.0162318886614814,FALSE,TRUE,TRUE
"CAALFM_C209680WA",8,"C2_09680W_A",0.000991181235902864,1.1951956069804e-13,0.532862684381309,TRUE,TRUE,FALSE
"CAALFM_C209690CA",7,"C2_09690C_A",1.16027737429681e-06,1.28267476996303e-52,0.0117048620704191,TRUE,TRUE,TRUE
"YEA4",3,"C2_09700W_A",0.665274819010405,1.92824657467427e-08,0.392713402180232,FALSE,TRUE,FALSE
"CAALFM_C209710CA",5,"C2_09710C_A",2.33649559467406e-08,5.01927527663819e-108,2.80128302474202e-06,TRUE,TRUE,TRUE
"SUP35",1,"C2_09720W_A",3.08971239603951e-06,1.99212490060349e-66,0.17924123548676,TRUE,TRUE,FALSE
"IPK2",8,"C2_09730C_A",1.78363146248023e-05,6.80990037028766e-13,0.00060656400094476,TRUE,TRUE,TRUE
"SSO2",1,"C2_09740W_A",0.349224112948227,6.88229358779329e-77,3.07810975257881e-14,FALSE,TRUE,TRUE
"LEU42",8,"C2_09750W_A",0.000823549961510443,5.25783993596327e-26,1.08250171469224e-13,TRUE,TRUE,TRUE
"CAALFM_C209760WA",4,"C2_09760W_A",0.0605263630291004,1.40447431704905e-30,9.66658717385606e-07,FALSE,TRUE,TRUE
"INP51",6,"C2_09770C_A",0.34467988977282,1.46996113429622e-26,0.00560130675677587,FALSE,TRUE,TRUE
"CAALFM_C209780CA",1,"C2_09780C_A",0.100469818044863,2.85710459702763e-98,0.00887403253406073,FALSE,TRUE,TRUE
"CAALFM_C209800CA",6,"C2_09800C_A",4.16095096319439e-05,3.52801397060685e-143,3.41749021536768e-09,TRUE,TRUE,TRUE
"CAALFM_C209810CA",6,"C2_09810C_A",5.92003063855393e-07,1.58115265183718e-66,0.00851307048422407,TRUE,TRUE,TRUE
"CAALFM_C209820WA",5,"C2_09820W_A",8.49286706304626e-10,2.86290967376757e-42,0.000304545892256185,TRUE,TRUE,TRUE
"CAALFM_C209830CA",2,"C2_09830C_A",0.838081442256593,6.77897587645949e-09,0.288096787398704,FALSE,TRUE,FALSE
"MTW1",6,"C2_09840W_A",0.814987405799303,1.91595552593511e-08,0.00976022051904251,FALSE,TRUE,TRUE
"CAALFM_C209850CA",7,"C2_09850C_A",0.00103074380597433,1.74244023180956e-45,0.237436124048935,TRUE,TRUE,FALSE
"CAALFM_C209860CA",8,"C2_09860C_A",0.000171639274279395,1.06041827132058e-26,0.164973803580255,TRUE,TRUE,FALSE
"CAALFM_C209870WA",8,"C2_09870W_A",3.54449414258737e-10,2.25293013195042e-05,4.6069883347537e-05,TRUE,TRUE,TRUE
"CAALFM_C209880CA",8,"C2_09880C_A",1.10909752597044e-26,4.08143433107984e-80,0.00058985811946211,TRUE,TRUE,TRUE
"SMM1",8,"C2_09890W_A",1.28618432450881e-13,2.60246353991493e-34,0.00398017419139124,TRUE,TRUE,TRUE
"TIM23",1,"C2_09900C_A",0.00157889966770939,5.98888739978151e-108,0.19047676480647,TRUE,TRUE,FALSE
"CAALFM_C209910CA",4,"C2_09910C_A",0.000536620338303439,1.68592840610174e-64,0.7778470751532,TRUE,TRUE,FALSE
"CAALFM_C209920WA",2,"C2_09920W_A",0.0102903669621901,6.06426403979474e-18,0.0363561642812066,TRUE,TRUE,TRUE
"CAALFM_C209930WA",2,"C2_09930W_A",0.129268473987257,1.41284124950005e-11,0.0588837709664009,FALSE,TRUE,FALSE
"GCN4",8,"C2_09940W_A",6.90541895567814e-12,1.77485736682042e-11,8.41127498472612e-13,TRUE,TRUE,TRUE
"FCY21",8,"C2_09950W_A",0.0184267264192081,1.44697507470749e-77,0.00774629207347004,TRUE,TRUE,TRUE
"CAALFM_C209960WA",5,"C2_09960W_A",0.00394158519213455,6.01750271353711e-31,0.295142311190101,TRUE,TRUE,FALSE
"CAALFM_C209970CA",8,"C2_09970C_A",0.00195979048863215,0.000205345888193587,0.010786722049844,TRUE,TRUE,TRUE
"CAALFM_C209980WA",8,"C2_09980W_A",2.34692952851212e-19,6.51676517511389e-60,1.5098342300346e-05,TRUE,TRUE,TRUE
"YOR1",8,"C2_09990C_A",1.37580055442076e-10,1.99139420587722e-78,0.000631445108786451,TRUE,TRUE,TRUE
"CAALFM_C210000CA",7,"C2_10000C_A",1.18278374423312e-06,1.53689303069836e-56,0.00086227459799782,TRUE,TRUE,TRUE
"CAALFM_C210010CA",1,"C2_10010C_A",0.0101606822645007,1.08471478653844e-44,0.00271165605396547,TRUE,TRUE,TRUE
"CAALFM_C210020CA",7,"C2_10020C_A",0.000445136927376019,2.4464127260462e-47,0.068686696844899,TRUE,TRUE,FALSE
"MP65",1,"C2_10030C_A",0.636482469978356,1.01958459566037e-80,1.13470200133335e-05,FALSE,TRUE,TRUE
"CAALFM_C210050WA",6,"C2_10050W_A",0.000727803747603691,1.35792988782807e-224,0.000128300712975526,TRUE,TRUE,TRUE
"CAALFM_C210060CA",6,"C2_10060C_A",0.512106722650593,0.00472343777621631,0.513951489877739,FALSE,TRUE,FALSE
"CAALFM_C210070WA",7,"C2_10070W_A",9.88198374524352e-06,5.56711431499389e-39,0.00271860061372401,TRUE,TRUE,TRUE
"RAP1",2,"C2_10080W_A",0.00829666393905378,1.71663214395243e-12,0.00509943868822856,TRUE,TRUE,TRUE
"CAALFM_C210090CA",8,"C2_10090C_A",0.00442022785855317,4.44933241983983e-56,0.390658878555862,TRUE,TRUE,FALSE
"CWC22",7,"C2_10100W_A",8.94301891700604e-06,7.64244102181467e-63,0.239371046742689,TRUE,TRUE,FALSE
"CYC1",1,"C2_10110W_A",0.473863906454877,1.48147833021692e-10,0.54646359262958,FALSE,TRUE,FALSE
"CAALFM_C210120WA",7,"C2_10120W_A",0.293333682907807,9.57168261972361e-14,0.477806710775151,FALSE,TRUE,FALSE
"CAALFM_C210130WA",7,"C2_10130W_A",2.17168198693333e-05,1.95124591951938e-61,0.0168515266824887,TRUE,TRUE,TRUE
"CAALFM_C210140WA",7,"C2_10140W_A",0.125341208070648,7.32515216990717e-19,0.584958670105219,FALSE,TRUE,FALSE
"CAALFM_C210150WA",7,"C2_10150W_A",7.93860319386061e-06,6.82067969304363e-54,0.0461343279659207,TRUE,TRUE,TRUE
"CAALFM_C210160WA",7,"C2_10160W_A",0.0305189170401251,2.57547842415864e-15,0.585913509570468,TRUE,TRUE,FALSE
"CAALFM_C210170CA",8,"C2_10170C_A",5.39338182571393e-20,2.23755571418422e-120,0.000363936935331671,TRUE,TRUE,TRUE
"IFR1",6,"C2_10180W_A",9.88870961793666e-13,8.62567451378203e-39,0.0026739921569994,TRUE,TRUE,TRUE
"OCA1",2,"C2_10190C_A",0.0407767331969769,1.97945521731981e-05,0.0215018441078816,TRUE,TRUE,TRUE
"CAALFM_C210200WA",1,"C2_10200W_A",0.000684015783364303,4.8075294386838e-28,0.357185653732212,TRUE,TRUE,FALSE
"RAS1",4,"C2_10210C_A",0.000366226390748006,6.74157458003041e-76,0.273480164135716,TRUE,TRUE,FALSE
"PHO23",7,"C2_10220C_A",0.374533293417809,1.87608631922826e-13,0.0406106136760017,FALSE,TRUE,TRUE
"CAALFM_C210230WA",7,"C2_10230W_A",0.024152449381897,7.59421822618255e-45,4.74436813825034e-06,TRUE,TRUE,TRUE
"GPD1",8,"C2_10240W_A",0.013870943869767,7.70494479041677e-32,8.87093188067128e-08,TRUE,TRUE,TRUE
"SET2",7,"C2_10250C_A",0.0357535626836301,7.49292839970355e-12,0.234526701230326,TRUE,TRUE,FALSE
"CMK2",6,"C2_10260C_A",0.241906542029546,3.11851608035835e-62,0.00877698123588919,FALSE,TRUE,TRUE
"PUS7",1,"C2_10270W_A",0.011761004874714,1.2507535045106e-112,0.299359749025367,TRUE,TRUE,FALSE
"SPT23",8,"C2_10280C_A",3.01392941472471e-14,1.88923066359746e-24,6.16103041638367e-08,TRUE,TRUE,TRUE
"SLR1",8,"C2_10290W_A",0.0290785829404161,4.3756186895802e-07,0.164424267118772,TRUE,TRUE,FALSE
"CAALFM_C210300CA",7,"C2_10300C_A",NA,1.03266715453161e-30,0.0131183441369739,FALSE,TRUE,TRUE
"KIP2",2,"C2_10310C_A",0.0348370000036026,2.81058187373465e-13,0.0916788668937991,TRUE,TRUE,FALSE
"CAALFM_C210320CA",7,"C2_10320C_A",0.000328941860456389,6.97531512106014e-32,0.0482407711743559,TRUE,TRUE,TRUE
"CAALFM_C210330CA",7,"C2_10330C_A",4.49323943991711e-05,4.50872160067814e-29,0.0312340180799969,TRUE,TRUE,TRUE
"HEM4",2,"C2_10340W_A",0.321974418154216,3.66819180806875e-14,0.163666219322015,FALSE,TRUE,FALSE
"ACS1",8,"C2_10350C_A",2.18490680470522e-08,3.2939993208735e-171,3.05091299050585e-05,TRUE,TRUE,TRUE
"HEM3",8,"C2_10360C_A",8.50947901010028e-05,2.54927305135404e-21,1.98864506799681e-08,TRUE,TRUE,TRUE
"FGR6-4",7,"C2_10420W_A",4.87331988617715e-07,8.18176163108602e-31,0.000506995997221658,TRUE,TRUE,TRUE
"FGR29",4,"C2_10430C_A",0.000371421019957595,3.72840192566155e-15,0.287763913896846,TRUE,TRUE,FALSE
"RAD1",5,"C2_10440C_A",0.530817466461755,1.28486778915317e-10,0.218354548158169,FALSE,TRUE,FALSE
"NCE4",7,"C2_10450W_A",0.31048945020941,2.05316495213843e-30,0.000315898532632101,FALSE,TRUE,TRUE
"CAALFM_C210460CA",1,"C2_10460C_A",0.000337164468036315,2.32108867031092e-19,0.315196714338009,TRUE,TRUE,FALSE
"CAALFM_C210470CA",2,"C2_10470C_A",0.466123740797034,6.30932195423383e-10,0.0216482741245802,FALSE,TRUE,TRUE
"MDH1-3",5,"C2_10480W_A",0.000644692830629392,5.3774615627174e-83,0.352927056992191,TRUE,TRUE,FALSE
"tV(UAC)1",3,"C2_10490C_A",0.00043632666729256,1.12360671850204e-27,0.0177352585556503,TRUE,TRUE,TRUE
"tF(GAA)4",7,"C2_10500W_A",0.160215081012042,2.94596596161522e-15,0.534372597810153,FALSE,TRUE,FALSE
"KIN3",6,"C2_10530C_A",0.181971884475018,6.2574087570654e-11,0.0141351313385631,FALSE,TRUE,TRUE
"CAALFM_C210540WA",8,"C2_10540W_A",5.09091514866221e-07,3.16085063114347e-63,0.0163114403216348,TRUE,TRUE,TRUE
"GCN1",1,"C2_10550C_A",4.05432117073235e-06,3.02313732032973e-37,0.00877200580902205,TRUE,TRUE,TRUE
"ZSF1",5,"C2_10560C_A",0.00121908060149875,0.00296002690907621,0.268828521938681,TRUE,TRUE,FALSE
"SGS1",2,"C2_10570W_A",0.0301590793017905,3.39383735348799e-20,0.011798844561251,TRUE,TRUE,TRUE
"UBC15",2,"C2_10580W_A",0.0423535515104994,2.01688488776274e-20,0.0336654136786572,TRUE,TRUE,TRUE
"GAL4",8,"C2_10590W_A",0.143241909515356,4.3664928590792e-32,0.000623961179662178,FALSE,TRUE,TRUE
"CAALFM_C210600WA",6,"C2_10600W_A",1.21302692303025e-05,1.47083557602919e-66,0.24958153163846,TRUE,TRUE,FALSE
"GYP5",8,"C2_10610W_A",5.99294089044087e-09,1.66146378291624e-88,0.0138887373229561,TRUE,TRUE,TRUE
"RPS4A",1,"C2_10620W_A",1.24686486900124e-26,1.54175364066747e-200,1.22581441836157e-05,TRUE,TRUE,TRUE
"CAALFM_C210630WA",6,"C2_10630W_A",0.0174442447652503,8.78794451863335e-37,0.067568189499659,TRUE,TRUE,FALSE
"MTR2",2,"C2_10640C_A",1.50100375787731e-08,6.0061608349301e-40,0.420391488993892,TRUE,TRUE,FALSE
"CAALFM_C210650WA",6,"C2_10650W_A",1.25196102000515e-07,8.6121223668702e-94,4.30020873930045e-12,TRUE,TRUE,TRUE
"ASH1",4,"C2_10660W_A",0.0309395529599119,8.7488870263553e-17,0.650405354001686,TRUE,TRUE,FALSE
"CAALFM_C210670WA",4,"C2_10670W_A",0.00890783643147292,2.75215835371431e-60,0.168972039018414,TRUE,TRUE,FALSE
"CAALFM_C210680WA",6,"C2_10680W_A",0.901188953820718,6.0769459995936e-24,0.183077302357808,FALSE,TRUE,FALSE
"TPS3",5,"C2_10690W_A",2.99712605287309e-06,1.0365209583665e-92,0.0221969583133402,TRUE,TRUE,TRUE
"CAALFM_C210700CA",4,"C2_10700C_A",0.922845491800041,1.29252576554287e-29,0.0154527921565132,FALSE,TRUE,TRUE
"TIF11",1,"C2_10710W_A",3.22754476888561e-18,1.14933972618544e-97,0.0197230513384969,TRUE,TRUE,TRUE
"CAALFM_C210720CA",5,"C2_10720C_A",0.543918564550725,6.13218135413025e-21,0.0644368750714807,FALSE,TRUE,FALSE
"CAALFM_C210730WA",6,"C2_10730W_A",0.00107625894476573,7.91429478136627e-28,0.691507956061221,TRUE,TRUE,FALSE
"CAALFM_C210740CA",3,"C2_10740C_A",0.000153320060103801,3.76201124806819e-65,0.0634119941537727,TRUE,TRUE,FALSE
"AKL1",5,"C2_10750C_A",0.693980933571647,1.07120917846154e-22,0.769252814405705,FALSE,TRUE,FALSE
"CAALFM_C210760CA",1,"C2_10760C_A",0.200796828934229,5.87584581049763e-12,0.760562409279707,FALSE,TRUE,FALSE
"RPC11",1,"C2_10770W_A",0.000261931610886214,2.66599993944689e-41,0.437578435185513,TRUE,TRUE,FALSE
"PSO2",7,"C2_10780C_A",0.00090778803602744,3.00398056440122e-31,2.20584308770813e-05,TRUE,TRUE,TRUE
"CAALFM_C210790CA",4,"C2_10790C_A",0.970568567764574,2.76276966143932e-07,0.641256568822999,FALSE,TRUE,FALSE
"CAALFM_C210800WA",3,"C2_10800W_A",3.47075126658219e-05,1.66633345828775e-49,0.00243330469150211,TRUE,TRUE,TRUE
"CAALFM_C210810WA",3,"C2_10810W_A",0.0465096402286835,3.18812159995558e-12,0.0237548717108489,TRUE,TRUE,TRUE
"CAALFM_C210820CA",1,"C2_10820C_A",0.0515145653710553,1.67691565789662e-23,0.430911101843294,FALSE,TRUE,FALSE
"CAALFM_C210830WA",2,"C2_10830W_A",0.639316597124463,5.86644921091714e-35,0.000306612901594186,FALSE,TRUE,TRUE
"RDH54",1,"C2_10840W_A",0.0174960282032829,5.6725819616701e-10,0.730757970475305,TRUE,TRUE,FALSE
"CAALFM_C210850CA",4,"C2_10850C_A",1.12009938251252e-06,1.94052858577604e-18,0.000308615345265695,TRUE,TRUE,TRUE
"CAALFM_C210860CA",1,"C2_10860C_A",0.000474931266045187,4.86044003181298e-85,0.166722894600728,TRUE,TRUE,FALSE
"CAALFM_C210870WA",6,"C2_10870W_A",0.137321542712198,2.58353848914563e-07,0.0644368750714807,FALSE,TRUE,FALSE
"CAALFM_C300010CA",6,"C3_00010C_A",0.00740184262901081,3.52948624945514e-28,0.0175874792695098,TRUE,TRUE,TRUE
"CAALFM_C300030CA",6,"C3_00030C_A",NA,2.42653898417733e-41,0.00919620292778764,FALSE,TRUE,TRUE
"CAALFM_C300050CA",6,"C3_00050C_A",0.461123736071219,7.31949324643791e-21,0.0681015853763772,FALSE,TRUE,FALSE
"TLO7",1,"C3_00060W_A",6.32053317613338e-07,2.00650853572242e-25,0.206536092177349,TRUE,TRUE,FALSE
"RPS24",1,"C3_00090W_A",2.33875828172038e-28,3.77322468028387e-119,0.00102565828949713,TRUE,TRUE,TRUE
"CAALFM_C300100WA",8,"C3_00100W_A",0.133406470351607,3.40947055328081e-14,0.172699821063304,FALSE,TRUE,FALSE
"SEC6",4,"C3_00110C_A",0.000931660425774095,3.3531839610027e-26,0.744573105769431,TRUE,TRUE,FALSE
"CAALFM_C300120WA",7,"C3_00120W_A",0.000756075606361784,1.01903997599639e-40,0.477806710775151,TRUE,TRUE,FALSE
"CAALFM_C300130CA",6,"C3_00130C_A",0.248265484210185,1.86716573982568e-21,0.139433272461918,FALSE,TRUE,FALSE
"CAALFM_C300140WA",7,"C3_00140W_A",0.00107534984434468,1.31941270204491e-26,0.208568817409551,TRUE,TRUE,FALSE
"CAALFM_C300150WA",7,"C3_00150W_A",0.000130451284010219,2.31283053986145e-36,0.109916434480429,TRUE,TRUE,FALSE
"CAALFM_C300160CA",2,"C3_00160C_A",0.344427950519136,1.09822985104995e-10,0.395525652913446,FALSE,TRUE,FALSE
"CAALFM_C300170CA",2,"C3_00170C_A",0.046819605029327,1.77851989974264e-47,0.00569371160023576,TRUE,TRUE,TRUE
"DAL1",6,"C3_00180C_A",3.00223650658921e-09,1.20271179760543e-131,2.60896525405692e-05,TRUE,TRUE,TRUE
"CAALFM_C300190WA",6,"C3_00190W_A",4.17262709433063e-08,3.14698633585501e-51,4.54921635544334e-06,TRUE,TRUE,TRUE
"ETR1",5,"C3_00200C_A",2.94396805812377e-05,8.65083281715834e-50,0.525788696385333,TRUE,TRUE,FALSE
"CAALFM_C300210CA",5,"C3_00210C_A",2.41054395910275e-13,6.50139109839807e-113,1.13210244129094e-05,TRUE,TRUE,TRUE
"HGT19",5,"C3_00220W_A",2.70595888198804e-08,3.63774676509937e-110,0.315196714338009,TRUE,TRUE,FALSE
"CAALFM_C300230CA",6,"C3_00230C_A",0.313481388176382,5.87084093776711e-20,0.501691949559652,FALSE,TRUE,FALSE
"GLO3",1,"C3_00240C_A",0.0157884402308261,6.20396452770269e-35,0.677415910259751,TRUE,TRUE,FALSE
"TIM44",1,"C3_00250C_A",1.99470637776747e-10,5.28889364164447e-116,0.000950280623261144,TRUE,TRUE,TRUE
"BNA4",1,"C3_00260C_A",5.37244965992141e-05,9.92104073228041e-26,0.137838268722214,TRUE,TRUE,FALSE
"CAALFM_C300270CA",7,"C3_00270C_A",0.149344528339484,2.44334812754801e-28,0.227895761386061,FALSE,TRUE,FALSE
"ULP3",7,"C3_00280C_A",0.0064988327895932,2.54436479927523e-42,0.0105026811422003,TRUE,TRUE,TRUE
"RPT2",6,"C3_00290W_A",0.140847133558849,3.08130388802714e-15,7.48406576468856e-06,FALSE,TRUE,TRUE
"CAALFM_C300300WA",8,"C3_00300W_A",0.0014645472056473,1.37063323060786e-20,0.115621578762024,TRUE,TRUE,FALSE
"CAALFM_C300310CA",8,"C3_00310C_A",0.794949601286644,1.55268576285665e-24,0.0104878534361722,FALSE,TRUE,TRUE
"RHR2",8,"C3_00320W_A",0.0133577054017185,7.63536644118366e-10,0.042672722581624,TRUE,TRUE,TRUE
"UTP8",3,"C3_00330W_A",7.04075856597037e-05,1.71727455025251e-56,0.0192602549404158,TRUE,TRUE,TRUE
"CAALFM_C300340WA",1,"C3_00340W_A",1.47382846888165e-09,8.82510366291624e-66,0.00418687420720822,TRUE,TRUE,TRUE
"TPT1",2,"C3_00350W_A",0.00124796446905666,1.09684014910952e-10,0.0724824285811054,TRUE,TRUE,FALSE
"CAALFM_C300360WA",8,"C3_00360W_A",0.00289754440073256,4.63903481308291e-10,0.00147268174025878,TRUE,TRUE,TRUE
"BUD21",3,"C3_00370C_A",2.38096922759376e-06,1.31069569404273e-63,0.0243067356049476,TRUE,TRUE,TRUE
"CAALFM_C300380CA",6,"C3_00380C_A",0.000323042920331294,5.07647945234714e-28,0.0338817552064814,TRUE,TRUE,TRUE
"CAALFM_C300390WA",1,"C3_00390W_A",0.266749607547956,0.000133418920136963,0.144150386252468,FALSE,TRUE,FALSE
"CAALFM_C300400CA",6,"C3_00400C_A",5.78642098311242e-16,5.0584817887475e-228,0.418977623963576,TRUE,TRUE,FALSE
"CAALFM_C300410CA",7,"C3_00410C_A",0.000573885077559256,5.55278519259139e-49,0.0496942381513003,TRUE,TRUE,TRUE
"CAALFM_C300420WA",1,"C3_00420W_A",0.0954350727747431,6.27624346115756e-22,0.694586207828674,FALSE,TRUE,FALSE
"EST3",6,"C3_00430W_A",0.448615208552139,0.00515606369899939,0.847909448031225,FALSE,TRUE,FALSE
"CAALFM_C300440WA",6,"C3_00440W_A",0.193453768357285,0.00104368902035527,0.427449663741038,FALSE,TRUE,FALSE
"CAALFM_C300450CA",1,"C3_00450C_A",2.52679913974722e-07,1.36999436226038e-217,0.0513456228332403,TRUE,TRUE,FALSE
"ATP5",4,"C3_00460W_A",0.000190054514953309,1.4019691331848e-105,0.214396238712285,TRUE,TRUE,FALSE
"CAALFM_C300470WA",4,"C3_00470W_A",0.000224836994323328,4.23202633285125e-37,0.0208366323036111,TRUE,TRUE,TRUE
"DOT5",5,"C3_00480C_A",1.0192093518141e-07,6.76766600706715e-132,0.000909431231033055,TRUE,TRUE,TRUE
"ESA1",8,"C3_00490W_A",0.00280903294078105,3.43993849299944e-25,0.139433272461918,TRUE,TRUE,FALSE
"CAALFM_C300500CA",6,"C3_00500C_A",0.790604396396961,3.47390550737777e-13,0.0539723089707435,FALSE,TRUE,FALSE
"CAALFM_C300510WA",4,"C3_00510W_A",0.398451516838711,4.89703568242005e-17,0.0368309973042033,FALSE,TRUE,TRUE
"CAALFM_C300520WA",2,"C3_00520W_A",0.749674586832176,2.80718247876445e-13,0.22450453086108,FALSE,TRUE,FALSE
"CAALFM_C300530CA",2,"C3_00530C_A",0.015679424587736,5.9698058179366e-12,0.0177128269469454,TRUE,TRUE,TRUE
"IST1",4,"C3_00540C_A",0.000132102576425343,3.32369497382182e-55,6.16429385542861e-06,TRUE,TRUE,TRUE
"HRK1",4,"C3_00550C_A",5.44280669305701e-06,1.34001929244076e-82,0.147526678305281,TRUE,TRUE,FALSE
"SOF1",3,"C3_00560C_A",1.88315492159383e-06,1.54323641296354e-32,0.00578707250091593,TRUE,TRUE,TRUE
"CAALFM_C300570CA",1,"C3_00570C_A",0.148611695624883,1.48748384848151e-94,0.000349164875516558,FALSE,TRUE,TRUE
"FLO9",1,"C3_00580W_A",0.902112035695691,2.70732254153009e-07,0.0650375782588829,FALSE,TRUE,FALSE
"CAALFM_C300590WA",1,"C3_00590W_A",0.772025370686291,3.46166876399671e-10,0.014889807609291,FALSE,TRUE,TRUE
"IFF11",5,"C3_00600W_A",0.00464652356225036,5.13252862255506e-15,0.013109584934841,TRUE,TRUE,TRUE
"CAALFM_C300610WA",4,"C3_00610W_A",6.22499199229649e-06,2.09627538740075e-16,3.09549730050241e-06,TRUE,TRUE,TRUE
"CAALFM_C300620CA",6,"C3_00620C_A",0.204655901294438,1.20471705195307e-34,0.191251473341913,FALSE,TRUE,FALSE
"CAALFM_C300630WA",5,"C3_00630W_A",0.00909037302439357,1.1526054903533e-10,0.420878649981041,TRUE,TRUE,FALSE
"CAALFM_C300640WA",1,"C3_00640W_A",0.904914263017129,2.37119931377091e-51,0.0590062968020879,FALSE,TRUE,FALSE
"NGT1",6,"C3_00650W_A",1.03121925428416e-06,1.03577103511182e-182,0.00344228153300133,TRUE,TRUE,TRUE
"CAALFM_C300660WA",3,"C3_00660W_A",0.0255944081124043,1.99410244450333e-23,0.16678213796405,TRUE,TRUE,FALSE
"FKH2",8,"C3_00670C_A",0.233383245495057,3.83247309413999e-12,0.19561515424056,FALSE,TRUE,FALSE
"SWD1",2,"C3_00690C_A",0.036443700610701,7.12777040450499e-10,0.0660271402602525,TRUE,TRUE,FALSE
"VPS8",6,"C3_00700W_A",0.487117625440872,1.65009445756489e-11,0.603836202357574,FALSE,TRUE,FALSE
"CHS8",4,"C3_00710W_A",0.000263546556307229,1.24055627891436e-67,0.819947408294748,TRUE,TRUE,FALSE
"PMA1",1,"C3_00720W_A",0.874107144884585,7.19266249519999e-72,7.14830411354686e-08,FALSE,TRUE,TRUE
"CAALFM_C300730WA",1,"C3_00730W_A",0.00114356009694829,2.86501847683322e-47,0.00242080617639551,TRUE,TRUE,TRUE
"LYS144",6,"C3_00750W_A",6.0741537585395e-05,1.41237075983632e-49,0.725845190698959,TRUE,TRUE,FALSE
"ERG4",5,"C3_00760W_A",0.00109026561311173,4.52392987851554e-06,0.0248848122280516,TRUE,TRUE,TRUE
"SCL1",4,"C3_00770C_A",8.88664244998438e-08,2.78420132710241e-72,0.00023243113481983,TRUE,TRUE,TRUE
"HOS2",8,"C3_00780W_A",0.0479148112874922,7.3397704474829e-05,0.308497396856531,TRUE,TRUE,FALSE
"CAALFM_C300790WA",2,"C3_00790W_A",0.00857033783535541,3.0063153474985e-05,0.00313337373575912,TRUE,TRUE,TRUE
"MIH1",7,"C3_00800W_A",0.0410643648079578,1.9352605757157e-31,2.41534369993255e-08,TRUE,TRUE,TRUE
"FOX2",5,"C3_00810C_A",1.95906727518979e-06,1.84559910976137e-142,0.00164168926071885,TRUE,TRUE,TRUE
"SCT1",1,"C3_00820W_A",0.431278417821171,1.58070841932041e-23,0.349859882129366,FALSE,TRUE,FALSE
"CAALFM_C300830CA",2,"C3_00830C_A",1.37770210241068e-10,4.83923390216983e-09,1.84060791484508e-13,TRUE,TRUE,TRUE
"CAALFM_C300840CA",2,"C3_00840C_A",5.20469309524271e-11,8.6817622617801e-25,2.83642117818908e-09,TRUE,TRUE,TRUE
"CAALFM_C300850CA",5,"C3_00850C_A",0.000310122899823437,1.58154778089379e-59,0.00011723174934869,TRUE,TRUE,TRUE
"CSE4",4,"C3_00860W_A",5.07477697411637e-12,1.76308127781743e-39,0.0547917858073574,TRUE,TRUE,FALSE
"KGD1",1,"C3_00880W_A",0.0092483091507549,4.2067358634573e-29,0.609239894438861,TRUE,TRUE,FALSE
"CAALFM_C300890CA",2,"C3_00890C_A",0.733701021463469,1.67771891966317e-06,0.185563677370264,FALSE,TRUE,FALSE
"AYR1",4,"C3_00900C_A",0.0604934626501746,1.03888536633599e-37,0.806906952670273,FALSE,TRUE,FALSE
"CAALFM_C300910WA",6,"C3_00910W_A",0.425063112824039,3.63344081478503e-09,0.389319377669877,FALSE,TRUE,FALSE
"ATO1",8,"C3_00920W_A",5.96011717205659e-08,1.1817041566042e-171,5.41917437966149e-05,TRUE,TRUE,TRUE
"ATO2",6,"C3_00930W_A",0.0320349988663455,9.07893882350727e-88,0.00887403253406073,TRUE,TRUE,TRUE
"CAALFM_C300940WA",8,"C3_00940W_A",0.000624230852898746,2.32939083622196e-12,0.000938654920014292,TRUE,TRUE,TRUE
"CAALFM_C300950CA",2,"C3_00950C_A",0.04897186179689,7.20503858669497e-07,0.10602558247352,TRUE,TRUE,FALSE
"CAALFM_C300960WA",2,"C3_00960W_A",0.031915501206448,1.72844041760378e-15,0.736476711810265,TRUE,TRUE,FALSE
"FLC1",8,"C3_00980W_A",3.80356480348506e-19,4.59775194150646e-17,1.15853737660886e-17,TRUE,TRUE,TRUE
"CAALFM_C300990CA",7,"C3_00990C_A",0.0114652876735186,1.65952725784889e-27,0.30325637792432,TRUE,TRUE,FALSE
"BMS1",3,"C3_01000W_A",0.00174114628680184,9.02497428725732e-100,0.441735483150322,TRUE,TRUE,FALSE
"CAALFM_C301020WA",7,"C3_01020W_A",0.145683028193872,2.36587125575256e-10,0.109431163848435,FALSE,TRUE,FALSE
"ARP9",2,"C3_01030W_A",4.30471847865157e-05,7.20022776205302e-11,0.380753366686194,TRUE,TRUE,FALSE
"PRM9",6,"C3_01040C_A",0.102678204591483,1.36392282151041e-123,6.78319707466074e-08,FALSE,TRUE,TRUE
"CAALFM_C301050CA",7,"C3_01050C_A",0.524754987557808,1.69721375712137e-16,0.447893081362083,FALSE,TRUE,FALSE
"CAALFM_C301060WA",6,"C3_01060W_A",1.26031544197764e-10,3.76920534171499e-183,0.00047925017217129,TRUE,TRUE,TRUE
"MRPL33",2,"C3_01080W_A",0.00153811925296785,1.25968055919809e-50,0.226252906063317,TRUE,TRUE,FALSE
"CAALFM_C301090WA",1,"C3_01090W_A",0.0549228105860876,2.71524782403971e-26,0.942023024357262,FALSE,TRUE,FALSE
"CAALFM_C301100WA",4,"C3_01100W_A",0.000187260988396631,2.37480978716924e-09,0.035098197824212,TRUE,TRUE,TRUE
"CAALFM_C301110CA",8,"C3_01110C_A",0.0112318155566738,2.00955950354961e-21,0.526441000584708,TRUE,TRUE,FALSE
"CAALFM_C301120WA",7,"C3_01120W_A",0.554507755878639,5.94333022369158e-06,0.10590968708392,FALSE,TRUE,FALSE
"CAALFM_C301130CA",5,"C3_01130C_A",2.53117584356351e-20,1.21370292186379e-199,0.0256874157279935,TRUE,TRUE,TRUE
"CAALFM_C301140WA",6,"C3_01140W_A",0.00635391176692818,3.54326255751393e-11,0.470833848208244,TRUE,TRUE,FALSE
"CAALFM_C301150CA",8,"C3_01150C_A",0.00243605375677921,1.8885510744731e-22,0.000262415527080735,TRUE,TRUE,TRUE
"MSS4",8,"C3_01160W_A",0.000285309394346017,1.15652310719319e-34,0.0634119941537727,TRUE,TRUE,FALSE
"CAALFM_C301170WA",2,"C3_01170W_A",0.255450490750175,1.66670258210179e-09,0.276593812722619,FALSE,TRUE,FALSE
"CAALFM_C301180CA",7,"C3_01180C_A",0.00715862545344692,1.86581840091867e-34,0.0854701535190896,TRUE,TRUE,FALSE
"CAALFM_C301190CA",6,"C3_01190C_A",0.0977805146565829,1.36944457605048e-13,0.568756364190651,FALSE,TRUE,FALSE
"UTP20",3,"C3_01200W_A",0.00324319815593624,1.40305942972623e-48,0.305015737393435,TRUE,TRUE,FALSE
"CAALFM_C301210CA",4,"C3_01210C_A",0.0352385777178267,3.54036229213883e-09,0.263855039570146,TRUE,TRUE,FALSE
"CAALFM_C301220WA",6,"C3_01220W_A",0.890011410963806,3.77228427515258e-05,0.217582270960487,FALSE,TRUE,FALSE
"CAALFM_C301230CA",6,"C3_01230C_A",1.82648657159659e-09,3.78454560609048e-56,0.0820008691124715,TRUE,TRUE,FALSE
"tR(CCU)1",8,"C3_01240C_A",2.35781705351457e-09,9.32762645975273e-50,0.1316476743523,TRUE,TRUE,FALSE
"PMC1",8,"C3_01250W_A",4.57804516586861e-18,1.22087428687982e-10,3.92796595424229e-10,TRUE,TRUE,TRUE
"CAALFM_C301260CA",7,"C3_01260C_A",0.087762275442605,1.02951497929337e-26,0.003763645719242,FALSE,TRUE,TRUE
"CAALFM_C301280WA",8,"C3_01280W_A",1.99969688376483e-05,1.11449664394594e-15,3.18061721725691e-05,TRUE,TRUE,TRUE
"NCE103",8,"C3_01300C_A",1.39520945412263e-06,5.48235083176136e-50,1.04569062506308e-05,TRUE,TRUE,TRUE
"CAALFM_C301310WA",3,"C3_01310W_A",8.45129737727759e-06,1.61605352996331e-30,0.000929098495331006,TRUE,TRUE,TRUE
"SGA1",8,"C3_01320C_A",3.10772476209754e-07,4.42113723039825e-113,0.00678125272805982,TRUE,TRUE,TRUE
"ZCF8",8,"C3_01330W_A",0.0647489025857106,0.00177392949555885,0.0206119757915618,FALSE,TRUE,TRUE
"CAALFM_C301340WA",2,"C3_01340W_A",0.00525549390872466,0.000430531303489736,0.0502149936412154,TRUE,TRUE,FALSE
"URA3",2,"C3_01350C_A",1.29986803375197e-16,7.48510534043177e-67,0.00416596848125245,TRUE,TRUE,TRUE
"IRO1",2,"C3_01360C_A",0.0102903669621901,0.00220457923641639,0.00560130675677587,TRUE,TRUE,TRUE
"PGA44",7,"C3_01370C_A",0.00051655934884278,4.76240619103827e-44,0.00237328846719528,TRUE,TRUE,TRUE
"GEA2",7,"C3_01390C_A",0.113200685887069,8.8540158422578e-08,0.138091436575738,FALSE,TRUE,FALSE
"END3",4,"C3_01400W_A",0.281029274395012,6.48415259053223e-15,0.0325754106103077,FALSE,TRUE,TRUE
"ALI1",2,"C3_01410C_A",1.05792687413909e-07,5.74776200520715e-52,0.410559507539395,TRUE,TRUE,FALSE
"CAALFM_C301420CA",6,"C3_01420C_A",0.00171929835042781,7.68672685931293e-210,0.000644822576011431,TRUE,TRUE,TRUE
"CAALFM_C301430WA",3,"C3_01430W_A",0.000323042920331294,3.26948608405473e-88,0.0137216265332288,TRUE,TRUE,TRUE
"CAALFM_C301440CA",2,"C3_01440C_A",0.15848088717471,0.00111787781079197,0.0321562542389542,FALSE,TRUE,TRUE
"MET18",2,"C3_01450C_A",0.718274415469892,0.000339872327371616,0.456155380373755,FALSE,TRUE,FALSE
"FOX3",5,"C3_01460C_A",1.06785304960032e-05,4.77667352851548e-126,2.49812879577435e-09,TRUE,TRUE,TRUE
"ARF3",2,"C3_01470W_A",4.97322198393296e-08,3.03932773246508e-72,0.0860009967409192,TRUE,TRUE,FALSE
"RKI1",4,"C3_01480C_A",0.00432285589018571,1.13779237046467e-06,0.0360731279943507,TRUE,TRUE,TRUE
"RPS7A",1,"C3_01490W_A",5.80276087897273e-10,1.79329150240825e-147,0.000476089247590596,TRUE,TRUE,TRUE
"BZZ1",6,"C3_01500C_A",0.056584196399593,6.90696177788609e-37,0.842023361361611,FALSE,TRUE,FALSE
"CAALFM_C301510WA",6,"C3_01510W_A",0.298500149661417,3.70571171383191e-11,0.0250368027672974,FALSE,TRUE,TRUE
"CAALFM_C301520CA",8,"C3_01520C_A",0.000756075606361784,9.90088851757418e-64,0.000107005900422921,TRUE,TRUE,TRUE
"CAS4",2,"C3_01530C_A",0.337946736656026,0.0038838117596107,0.139776155308216,FALSE,TRUE,FALSE
"CAALFM_C301540WA",6,"C3_01540W_A",0.000204526454316021,1.84167008915925e-38,6.64747325539786e-05,TRUE,TRUE,TRUE
"TOS1",1,"C3_01550C_A",0.339897698610281,1.600170963515e-131,0.000135910509106235,FALSE,TRUE,TRUE
"CAALFM_C301560WA",3,"C3_01560W_A",0.000497353783089817,2.29111833046605e-43,0.372941468971985,TRUE,TRUE,FALSE
"CAALFM_C301570WA",6,"C3_01570W_A",0.00882580574743363,2.62275852493183e-41,0.00949529018573586,TRUE,TRUE,TRUE
"ZCF7",7,"C3_01580W_A",1.4814437109256e-06,2.86382239587642e-43,6.97164020714983e-05,TRUE,TRUE,TRUE
"CAALFM_C301590WA",7,"C3_01590W_A",0.0379616667009712,3.19353615777398e-23,0.00319782883926083,TRUE,TRUE,TRUE
"PPH21",1,"C3_01600W_A",0.6107630153978,1.12501921322174e-38,0.220307653322448,FALSE,TRUE,FALSE
"CAALFM_C301610WA",4,"C3_01610W_A",2.01254357396937e-05,4.51068466564262e-60,0.777157263760038,TRUE,TRUE,FALSE
"CAALFM_C301620WA",6,"C3_01620W_A",0.000202210492157556,3.57768337150354e-144,0.0196913302317848,TRUE,TRUE,TRUE
"TFP1",1,"C3_01630W_A",0.0218500585989363,2.95804011095756e-100,0.0494095721997966,TRUE,TRUE,TRUE
"CAALFM_C301640CA",7,"C3_01640C_A",0.000128338564520583,5.76552902977754e-42,0.000155752653956849,TRUE,TRUE,TRUE
"CAALFM_C301660WA",8,"C3_01660W_A",0.520762558731979,1.73533650174094e-11,0.0359418544586632,FALSE,TRUE,TRUE
"CAALFM_C301670WA",1,"C3_01670W_A",0.690515239717356,3.45641651937392e-09,0.00662552613638054,FALSE,TRUE,TRUE
"CAALFM_C301680CA",8,"C3_01680C_A",0.29831544864438,6.90268543584749e-16,0.714738639604459,FALSE,TRUE,FALSE
"CAALFM_C301690WA",8,"C3_01690W_A",0.486128329336294,7.7915104525797e-11,0.0888235423657187,FALSE,TRUE,FALSE
"CDC53",4,"C3_01700W_A",0.478296830593632,0.0400993548694481,0.269149070271096,FALSE,TRUE,FALSE
"PPT1",2,"C3_01710C_A",0.0246377059028413,1.18289936340777e-25,0.351906887032775,TRUE,TRUE,FALSE
"CAALFM_C301720CA",1,"C3_01720C_A",0.480132644194522,2.08893830899891e-15,0.000111310489402434,FALSE,TRUE,TRUE
"UTR2",8,"C3_01730C_A",0.00114856141488846,2.20220605027775e-27,0.0877747651457216,TRUE,TRUE,FALSE
"CAALFM_C301740CA",7,"C3_01740C_A",0.00915135587180685,2.19263721149861e-23,0.486460087061205,TRUE,TRUE,FALSE
"BRO1",5,"C3_01750C_A",0.148201154957645,6.49207960752386e-25,0.558990295900857,FALSE,TRUE,FALSE
"AFG3",8,"C3_01760W_A",0.258875056093268,0.00341987366181415,0.265764558361797,FALSE,TRUE,FALSE
"CAALFM_C301770CA",7,"C3_01770C_A",0.0556329950138657,4.99016324690878e-22,0.0446273099463191,FALSE,TRUE,TRUE
"CAALFM_C301780CA",2,"C3_01780C_A",0.0016381642204313,2.49475152332374e-17,2.95824394921432e-08,TRUE,TRUE,TRUE
"CAALFM_C301790CA",6,"C3_01790C_A",0.000885596444728622,5.74503442953344e-32,0.0763073376805792,TRUE,TRUE,FALSE
"CAALFM_C301800CA",2,"C3_01800C_A",0.0243950297386594,5.96107792848801e-17,0.000458126161101495,TRUE,TRUE,TRUE
"MNT1",1,"C3_01810C_A",0.343523082885868,4.63740490419749e-68,1.20474857109081e-06,FALSE,TRUE,TRUE
"CAALFM_C301820WA",6,"C3_01820W_A",0.00230345251142337,5.79793122956963e-20,0.0968263610883543,TRUE,TRUE,FALSE
"MNT2",8,"C3_01830C_A",0.347865559612044,3.72915535715158e-39,0.000669657586972889,FALSE,TRUE,TRUE
"CAALFM_C301850WA",2,"C3_01850W_A",0.00203877675321817,6.36537765462667e-62,0.315196714338009,TRUE,TRUE,FALSE
"DBP5",1,"C3_01860C_A",0.00016972129002941,1.001907312574e-113,0.0204819691769017,TRUE,TRUE,TRUE
"ALG8",8,"C3_01880W_A",0.149666908520505,8.7204400480647e-12,0.00920198038653268,FALSE,TRUE,TRUE
"CAALFM_C301890CA",6,"C3_01890C_A",0.131300659715266,7.67428657753433e-14,0.544251122463564,FALSE,TRUE,FALSE
"CAALFM_C301900CA",5,"C3_01900C_A",0.00846705269323003,2.89864706792412e-10,0.00570496170128437,TRUE,TRUE,TRUE
"CAALFM_C301910CA",5,"C3_01910C_A",0.0189050503273415,3.1518018014266e-05,0.154122895486191,TRUE,TRUE,FALSE
"PXP2",5,"C3_01930W_A",1.20906565141293e-07,1.35287193672845e-268,6.93457836833594e-07,TRUE,TRUE,TRUE
"CAALFM_C301940CA",1,"C3_01940C_A",0.522677030476338,1.00222137912692e-25,0.00451711358054894,FALSE,TRUE,TRUE
"CAALFM_C301950CA",5,"C3_01950C_A",0.0107604427483443,4.20139058565918e-15,0.135299126122518,TRUE,TRUE,FALSE
"POX1-3",5,"C3_01960C_A",0.000153944457895312,6.04199904808038e-76,0.0415053744896336,TRUE,TRUE,TRUE
"CAALFM_C301970CA",6,"C3_01970C_A",0.944155227525225,0.000739955385455732,0.231782486057247,FALSE,TRUE,FALSE
"TOM6",1,"C3_01980C_A",0.000237294079036325,2.15947939034327e-22,0.015290520861885,TRUE,TRUE,TRUE
"RNA1",2,"C3_01990W_A",7.52610487730059e-21,1.17239101919948e-98,0.0958335337713987,TRUE,TRUE,FALSE
"RAD50",2,"C3_02000W_A",0.133259708378767,6.81943813731532e-22,0.0279183110923776,FALSE,TRUE,TRUE
"CAALFM_C302010CA",7,"C3_02010C_A",0.948265525920898,1.01176824853064e-09,0.133210864746273,FALSE,TRUE,FALSE
"CAALFM_C302020WA",3,"C3_02020W_A",0.000882177416810783,1.19392212700971e-34,0.557034701012907,TRUE,TRUE,FALSE
"CAALFM_C302030WA",1,"C3_02030W_A",0.260199834209048,1.15793243151377e-12,0.000660842854304165,FALSE,TRUE,TRUE
"CAALFM_C302040CA",3,"C3_02040C_A",0.000141990055161431,1.4362221519878e-98,0.000868623576243874,TRUE,TRUE,TRUE
"tE(UUC)2",2,"C3_02050C_A",0.890011410963806,0.00105243487320445,0.536867120520143,FALSE,TRUE,FALSE
"CAALFM_C302060WA",6,"C3_02060W_A",3.82083944711414e-09,5.43742392501772e-57,0.152459605828326,TRUE,TRUE,FALSE
"CAALFM_C302070CA",6,"C3_02070C_A",0.128238042798262,1.502573003914e-12,0.347172839380897,FALSE,TRUE,FALSE
"CAALFM_C302080WA",7,"C3_02080W_A",0.0373175752612995,2.27979179399939e-27,0.0963279509157349,TRUE,TRUE,FALSE
"CAALFM_C302090CA",4,"C3_02090C_A",0.218373473155201,1.91629307084102e-24,0.744573105769431,FALSE,TRUE,FALSE
"STE50",6,"C3_02100W_A",0.0325487510210238,4.60907408593513e-57,0.0439412139636236,TRUE,TRUE,TRUE
"RPL12",1,"C3_02110W_A",5.95027554267503e-16,2.19940324731369e-154,0.000141179908084036,TRUE,TRUE,TRUE
"CAALFM_C302120WA",6,"C3_02120W_A",0.0785196872020008,2.33377019326202e-25,0.19047676480647,FALSE,TRUE,FALSE
"UTP4",3,"C3_02130W_A",0.00259116843579341,2.2421418964426e-150,0.130228634935828,TRUE,TRUE,FALSE
"CAALFM_C302140CA",5,"C3_02140C_A",2.41712536821127e-09,8.90060756906511e-45,0.0628722533068889,TRUE,TRUE,FALSE
"ERG6",1,"C3_02150C_A",1.92465640236425e-10,1.59464739999483e-133,0.000296487454414748,TRUE,TRUE,TRUE
"CAALFM_C302160CA",2,"C3_02160C_A",0.0433560268630594,7.42517975990347e-08,0.000728823499405008,TRUE,TRUE,TRUE
"LAP41",5,"C3_02170C_A",2.16044981747792e-07,2.94624084008851e-95,0.0317322044836473,TRUE,TRUE,TRUE
"CAALFM_C302180CA",1,"C3_02180C_A",6.32333961673449e-09,3.1384058630545e-94,3.59628236387457e-07,TRUE,TRUE,TRUE
"CAALFM_C302190CA",4,"C3_02190C_A",0.359267368157417,1.86822660604126e-06,0.22152835727594,FALSE,TRUE,FALSE
"CAALFM_C302210CA",2,"C3_02210C_A",0.0633689140193581,7.13552496380509e-15,0.852884154458761,FALSE,TRUE,FALSE
"CAP1",8,"C3_02220W_A",7.51018623095384e-10,1.60783383393862e-41,0.000148725784158711,TRUE,TRUE,TRUE
"YCG1",2,"C3_02230C_A",0.00225699136107019,9.5150593323299e-25,0.00552427160318529,TRUE,TRUE,TRUE
"GPA2",6,"C3_02240C_A",0.332666489364928,0.0198047241556157,0.347848429823027,FALSE,TRUE,FALSE
"CAALFM_C302250CA",7,"C3_02250C_A",0.738884609230458,8.06262992465561e-21,0.822631255756225,FALSE,TRUE,FALSE
"CAALFM_C302260CA",8,"C3_02260C_A",0.0732729670150449,3.29288941347772e-34,0.0791786653738662,FALSE,TRUE,FALSE
"CAALFM_C302270WA",2,"C3_02270W_A",0.228086309110508,3.8886433142757e-12,0.547503071090761,FALSE,TRUE,FALSE
"GFA1",2,"C3_02280C_A",3.5382698381095e-07,1.23253544295886e-15,0.732231166061924,TRUE,TRUE,FALSE
"CAALFM_C302290WA",6,"C3_02290W_A",0.189954646147438,1.04689083666326e-11,0.0178990791312836,FALSE,TRUE,TRUE
"FGR23",7,"C3_02300W_A",0.00435999919169963,2.53788310597017e-34,7.7736923769549e-05,TRUE,TRUE,TRUE
"MEP1",2,"C3_02310W_A",4.35457974652957e-05,1.45432477978357e-66,1.07084361318634e-06,TRUE,TRUE,TRUE
"ILV2",1,"C3_02320W_A",0.838154127774652,2.84249000721765e-107,6.97321044644606e-15,FALSE,TRUE,TRUE
"CAALFM_C302330CA",6,"C3_02330C_A",0.0608430655664468,6.10889611398125e-98,4.22901837018171e-08,FALSE,TRUE,TRUE
"CAALFM_C302340WA",6,"C3_02340W_A",0.00328816553730935,8.91436957223488e-18,0.216084476468049,TRUE,TRUE,FALSE
"CAALFM_C302350WA",3,"C3_02350W_A",0.00197625143886753,2.21489693335623e-68,0.739630174541662,TRUE,TRUE,FALSE
"CAALFM_C302360CA",2,"C3_02360C_A",1.19143918497507e-05,7.39948628043205e-27,1.24596435096389e-13,TRUE,TRUE,TRUE
"ALR1",8,"C3_02370C_A",1.17953604373445e-08,1.08843443393905e-27,0.000483038825013893,TRUE,TRUE,TRUE
"CAALFM_C302390WA",7,"C3_02390W_A",0.000165009770937587,3.71670627359362e-42,1.60100144999438e-05,TRUE,TRUE,TRUE
"COX7",4,"C3_02400C_A",0.708603152245316,6.12986510597719e-27,0.0196318028572564,FALSE,TRUE,TRUE
"CAALFM_C302410CA",6,"C3_02410C_A",0.0738030718123473,5.82569163841832e-35,0.193743117581419,FALSE,TRUE,FALSE
"APL2",1,"C3_02430W_A",0.00048150600984348,5.27283675898864e-16,0.00385044249695143,TRUE,TRUE,TRUE
"MED7",7,"C3_02440C_A",0.550646504677934,1.90146944884075e-05,0.455045030806099,FALSE,TRUE,FALSE
"HRT1",1,"C3_02450W_A",0.354396962373888,1.11364169093259e-09,0.977384003178479,FALSE,TRUE,FALSE
"PHA2",2,"C3_02460C_A",0.0378876225813456,9.65628325403748e-11,0.638144614485365,TRUE,TRUE,FALSE
"RPL9B",1,"C3_02470C_A",4.62811394684671e-11,4.73588288536815e-146,3.85885663489047e-05,TRUE,TRUE,TRUE
"CCP1",5,"C3_02480C_A",8.16127984886929e-06,1.2084939053226e-20,0.611762522808862,TRUE,TRUE,FALSE
"CAALFM_C302490CA",1,"C3_02490C_A",0.0947224246808462,4.75318483530924e-32,0.0985871842296376,FALSE,TRUE,FALSE
"PAM17",1,"C3_02500W_A",0.00755771875010158,1.11973514836227e-66,0.338949526833113,TRUE,TRUE,FALSE
"SAP8",6,"C3_02510C_A",0.464461253514226,6.20262692370238e-15,0.0307502253710559,FALSE,TRUE,TRUE
"CAALFM_C302530WA",2,"C3_02530W_A",0.127236215853989,5.81524565754077e-14,0.507970152781352,FALSE,TRUE,FALSE
"OXR1",8,"C3_02540C_A",1.28442146056754e-10,4.06521176457906e-59,0.00201747122318599,TRUE,TRUE,TRUE
"DCG1",1,"C3_02550C_A",2.15730382537579e-06,1.86975023694658e-08,0.000117744582270229,TRUE,TRUE,TRUE
"DDC1",8,"C3_02560W_A",0.000160680222966419,6.10714763618358e-08,0.0224762165055129,TRUE,TRUE,TRUE
"CAALFM_C302570WA",8,"C3_02570W_A",3.38728854213802e-16,1.78277747706214e-40,0.000220573872344334,TRUE,TRUE,TRUE
"CAALFM_C302580CA",4,"C3_02580C_A",0.000546065113606606,0.000381671237437574,0.296332808547522,TRUE,TRUE,FALSE
"APL5",4,"C3_02590W_A",0.251294626071731,2.05457298083725e-07,0.107749271143115,FALSE,TRUE,FALSE
"SLC1",1,"C3_02600C_A",0.768070487598489,2.23367586728711e-68,0.00127064525649238,FALSE,TRUE,TRUE
"GLX3",5,"C3_02610C_A",9.26368006413592e-22,3.02300787207306e-146,2.7936580564206e-06,TRUE,TRUE,TRUE
"CAALFM_C302620CA",4,"C3_02620C_A",0.249894185087927,3.84770991425018e-47,0.194231359034402,FALSE,TRUE,FALSE
"CAALFM_C302630CA",8,"C3_02630C_A",2.20731341029876e-13,0.0217863274322138,2.92440983696892e-08,TRUE,TRUE,TRUE
"ZCF1",8,"C3_02640C_A",2.20758393798176e-18,2.16972147031361e-38,1.17025746618057e-08,TRUE,TRUE,TRUE
"CAALFM_C302660WA",8,"C3_02660W_A",1.2181802297347e-09,1.73145870532034e-19,0.0917397303834222,TRUE,TRUE,FALSE
"CAALFM_C302670WA",2,"C3_02670W_A",0.00551862384923271,4.32567757573137e-11,0.0814510526164463,TRUE,TRUE,FALSE
"SLD1",8,"C3_02680C_A",0.344793661621702,0.00014614463231016,0.179268922829913,FALSE,TRUE,FALSE
"CAALFM_C302690CA",3,"C3_02690C_A",0.566946510002687,4.19004929187118e-26,0.0366425876853103,FALSE,TRUE,TRUE
"SMC3",2,"C3_02700W_A",0.000595629935040872,1.46697471721186e-09,0.0439680960099586,TRUE,TRUE,TRUE
"CAALFM_C302710WA",8,"C3_02710W_A",2.35570803420739e-11,1.05868379628917e-08,0.000117744582270229,TRUE,TRUE,TRUE
"CAALFM_C302720WA",8,"C3_02720W_A",1.03524083171381e-11,1.66995343316076e-69,0.119151159032164,TRUE,TRUE,FALSE
"tF(GAA)1",8,"C3_02730C_A",4.93062209317896e-08,0.0459002658626772,0.041353164569858,TRUE,TRUE,TRUE
"CAALFM_C302750WA",8,"C3_02750W_A",2.0139991228476e-33,4.61896591484856e-41,1.17268259144834e-07,TRUE,TRUE,TRUE
"CAALFM_C302760CA",1,"C3_02760C_A",0.206353648156695,1.79079262635779e-17,0.202705873538458,FALSE,TRUE,FALSE
"CAALFM_C302770CA",5,"C3_02770C_A",0.00423903581868093,6.2586843040834e-36,4.35798744019354e-06,TRUE,TRUE,TRUE
"SES1",1,"C3_02780W_A",2.08371389689198e-08,2.72106145319278e-208,0.0121518035067596,TRUE,TRUE,TRUE
"CAALFM_C302790WA",8,"C3_02790W_A",0.0144921323228207,3.26113397599285e-13,0.286687361686636,TRUE,TRUE,FALSE
"ADH4",7,"C3_02800W_A",0.0252642846730931,8.65580192053152e-61,0.412763753665033,TRUE,TRUE,FALSE
"FAA21",6,"C3_02810C_A",0.0012003129716192,1.12698119701835e-68,9.16969251926525e-05,TRUE,TRUE,TRUE
"CAALFM_C302820CA",5,"C3_02820C_A",0.0562439722178094,2.87762495862697e-08,0.479820268793161,FALSE,TRUE,FALSE
"TFC4",6,"C3_02830W_A",0.461517795117216,4.68371636443633e-08,0.214474793156338,FALSE,TRUE,FALSE
"CAALFM_C302840WA",2,"C3_02840W_A",0.00190089187204379,7.09036772132375e-12,0.872888813451046,TRUE,TRUE,FALSE
"CAALFM_C302850CA",8,"C3_02850C_A",1.12901425384271e-07,0.000197641026186281,1.86853721154345e-05,TRUE,TRUE,TRUE
"THI6",6,"C3_02860W_A",4.43950559800434e-10,8.14864204282467e-31,0.00211872856526175,TRUE,TRUE,TRUE
"CAALFM_C302870CA",8,"C3_02870C_A",1.44931284846595e-10,2.18201102299157e-20,5.17140069240767e-05,TRUE,TRUE,TRUE
"CAALFM_C302880WA",6,"C3_02880W_A",0.50548876016395,2.94466318463282e-14,0.168631208358814,FALSE,TRUE,FALSE
"CAALFM_C302890CA",6,"C3_02890C_A",0.214234050450465,1.25001636773963e-08,0.0060476306723499,FALSE,TRUE,TRUE
"CAALFM_C302900WA",8,"C3_02900W_A",0.365864180415508,1.60152704578067e-40,0.0861214438252639,FALSE,TRUE,FALSE
"CAALFM_C302910WA",2,"C3_02910W_A",0.414795746609419,2.7706681918359e-14,0.0564582354147128,FALSE,TRUE,FALSE
"CAALFM_C302920WA",8,"C3_02920W_A",3.71065478404236e-13,1.11116523929143e-82,8.00044165763611e-05,TRUE,TRUE,TRUE
"CAALFM_C302930WA",8,"C3_02930W_A",0.00944244614177297,1.35509733110347e-18,0.213092106073155,TRUE,TRUE,FALSE
"NUO2",4,"C3_02940C_A",0.103506499063019,5.89120974813892e-09,0.58558567398683,FALSE,TRUE,FALSE
"MET13",2,"C3_02950C_A",2.42487182975848e-08,2.17691996332901e-197,3.80522063057078e-31,TRUE,TRUE,TRUE
"KRE5",4,"C3_02960C_A",0.303504598296497,5.87387147859563e-07,0.559484309922135,FALSE,TRUE,FALSE
"CAALFM_C302970CA",4,"C3_02970C_A",0.895956904811792,1.9624756708847e-09,0.33034277555888,FALSE,TRUE,FALSE
"CAALFM_C302980CA",1,"C3_02980C_A",0.0909001498580584,1.54516185161882e-40,0.0391426992456671,FALSE,TRUE,TRUE
"CAALFM_C302990CA",8,"C3_02990C_A",0.270798315709879,4.39931883264583e-37,0.077393886701245,FALSE,TRUE,FALSE
"CAALFM_C303000WA",6,"C3_03000W_A",0.238419125170346,1.41812648176645e-10,0.00356869903395302,FALSE,TRUE,TRUE
"DTD2",1,"C3_03010C_A",0.000261202554116436,1.54501155319291e-28,0.704307833796681,TRUE,TRUE,FALSE
"CAALFM_C303020WA",7,"C3_03020W_A",1.4943217480412e-06,3.71538181092704e-39,0.0896828554164768,TRUE,TRUE,FALSE
"ECM14",8,"C3_03030C_A",5.04430169176447e-08,2.59252570541595e-24,2.1760567829774e-07,TRUE,TRUE,TRUE
"AIP2",1,"C3_03040W_A",0.0357443678459685,9.35425595738633e-176,1.01678114471344e-08,TRUE,TRUE,TRUE
"PGA18",1,"C3_03050C_A",0.10399898483468,6.23632127823319e-11,0.0107506848274902,FALSE,TRUE,TRUE
"CAALFM_C303060WA",1,"C3_03060W_A",0.607607781354714,0.0151902296882957,0.352554701571012,FALSE,TRUE,FALSE
"CAALFM_C303070WA",8,"C3_03070W_A",0.339500242604635,2.4344858081925e-22,0.00854699633825311,FALSE,TRUE,TRUE
"CAALFM_C303080WA",8,"C3_03080W_A",0.00195772136260292,9.33829740878818e-08,0.0373628948739048,TRUE,TRUE,TRUE
"USO5",7,"C3_03090W_A",0.00760039816781494,4.67321308664756e-23,0.0866092366749195,TRUE,TRUE,FALSE
"CAALFM_C303100CA",1,"C3_03100C_A",0.0216369953224728,2.33158320427234e-31,0.826413985786694,TRUE,TRUE,FALSE
"CAALFM_C303110WA",8,"C3_03110W_A",0.0166873773682238,5.92611710208112e-05,0.302695080520048,TRUE,TRUE,FALSE
"DAL5",8,"C3_03120C_A",1.78118403585064e-11,3.08902564912942e-35,0.00320718644907972,TRUE,TRUE,TRUE
"CAALFM_C303130CA",7,"C3_03130C_A",0.0310425779418696,3.61516005919328e-17,0.0220907708349296,TRUE,TRUE,TRUE
"DAL4",7,"C3_03140C_A",3.17534138133767e-05,1.45478159984894e-26,0.0332234960537304,TRUE,TRUE,TRUE
"CAALFM_C303150WA",6,"C3_03150W_A",0.00723513806849449,9.57140777924468e-33,7.27476299346662e-05,TRUE,TRUE,TRUE
"CAALFM_C303160CA",2,"C3_03160C_A",0.128822376140265,5.98963949645303e-17,0.0109972120770643,FALSE,TRUE,TRUE
"SEC13",4,"C3_03170W_A",1.56765265829553e-06,2.08657254718363e-30,0.0556482713250031,TRUE,TRUE,FALSE
"PNP1",6,"C3_03180C_A",0.0859601552367687,4.7342173847884e-53,0.0847543436296666,FALSE,TRUE,FALSE
"CAALFM_C303190CA",2,"C3_03190C_A",0.0520854381039292,2.15143651126227e-11,0.00222746669905016,FALSE,TRUE,TRUE
"CAALFM_C303200CA",2,"C3_03200C_A",6.220466655592e-08,2.27536477871381e-33,0.134245987846454,TRUE,TRUE,FALSE
"CAALFM_C303210WA",8,"C3_03210W_A",1.7088190823658e-05,6.53816665038365e-20,0.00331373690736262,TRUE,TRUE,TRUE
"tK(CUU)1",7,"C3_03220C_A",0.0279282200568427,1.01109949759118e-26,0.175150364395565,TRUE,TRUE,FALSE
"CAALFM_C303230CA",6,"C3_03230C_A",0.00672330046677792,2.69271394897832e-25,0.0344717000620692,TRUE,TRUE,TRUE
"CAALFM_C303250WA",8,"C3_03250W_A",7.13047855213567e-10,8.57969959468284e-58,0.011269125849543,TRUE,TRUE,TRUE
"CAALFM_C303260WA",7,"C3_03260W_A",0.00968192361860154,1.27481795173778e-29,0.0039630395455637,TRUE,TRUE,TRUE
"CAALFM_C303270WA",6,"C3_03270W_A",0.0962503681908318,6.20707271833351e-05,0.0326452883581083,FALSE,TRUE,TRUE
"HTA3",4,"C3_03280C_A",9.13779662439707e-06,2.69626976828301e-74,0.193743117581419,TRUE,TRUE,FALSE
"NPR2",7,"C3_03290C_A",0.000802362844375879,4.22099930319055e-35,0.052165085565138,TRUE,TRUE,FALSE
"CAALFM_C303300CA",7,"C3_03300C_A",0.149666908520505,1.80945949959689e-41,0.00974172860293981,FALSE,TRUE,TRUE
"CAALFM_C303310CA",7,"C3_03310C_A",0.0262517174348196,1.94301144073474e-23,0.0021995822948564,TRUE,TRUE,TRUE
"RUB1",4,"C3_03320W_A",4.61552205626305e-07,0.0191262995421219,1.62187199183078e-09,TRUE,TRUE,TRUE
"CAALFM_C303330CA",7,"C3_03330C_A",0.0936012721947527,2.83514130919755e-29,0.0155413815668104,FALSE,TRUE,TRUE
"CAALFM_C303340CA",4,"C3_03340C_A",8.26396870698126e-05,1.39954764803891e-12,0.00533301617033661,TRUE,TRUE,TRUE
"tE(UUC)1",6,"C3_03350W_A",0.00324975037881312,3.63121883791718e-29,7.30412267023966e-07,TRUE,TRUE,TRUE
"FCY2",1,"C3_03360W_A",0.0129075489836912,4.96774774801019e-15,3.34885299425591e-06,TRUE,TRUE,TRUE
"CAALFM_C303370CA",8,"C3_03370C_A",8.16030123961448e-11,5.74195613080966e-17,1.0647050176381e-16,TRUE,TRUE,TRUE
"CAALFM_C303380WA",5,"C3_03380W_A",0.000228457042384097,2.09424337360329e-19,0.0585780334194393,TRUE,TRUE,FALSE
"YAH1",1,"C3_03390C_A",7.99058755013637e-05,7.54311784601129e-37,0.612209952033139,TRUE,TRUE,FALSE
"VTI1",4,"C3_03400C_A",0.324093023687779,1.28511027522312e-40,0.000115730782750441,FALSE,TRUE,TRUE
"CAALFM_C303410CA",5,"C3_03410C_A",6.11562343726942e-05,2.44471452809429e-91,0.000485043990155414,TRUE,TRUE,TRUE
"NDE1",1,"C3_03420C_A",0.000552311952875437,9.77796241183439e-143,7.27070567772737e-06,TRUE,TRUE,TRUE
"CAALFM_C303430CA",4,"C3_03430C_A",0.00383242063992093,3.98116220810079e-13,0.0024401403072233,TRUE,TRUE,TRUE
"CAALFM_C303440CA",8,"C3_03440C_A",0.00143520389899143,1.06683162460889e-31,1.1687464204373e-09,TRUE,TRUE,TRUE
"BMT7",6,"C3_03450C_A",2.15556845386025e-09,2.12069671785839e-42,0.0113022006089072,TRUE,TRUE,TRUE
"CAALFM_C303460CA",8,"C3_03460C_A",2.28157005451054e-12,4.61275884549982e-54,0.0201475534083003,TRUE,TRUE,TRUE
"CAALFM_C303470WA",2,"C3_03470W_A",0.101839645308815,2.62077280794845e-11,0.00895512370888333,FALSE,TRUE,TRUE
"ALT1",2,"C3_03480C_A",4.30599644560347e-05,3.70149701715113e-14,0.000310965559920296,TRUE,TRUE,TRUE
"RSN1",8,"C3_03490W_A",3.37598379769676e-20,2.35300082535479e-59,0.000241174995610039,TRUE,TRUE,TRUE
"SKN2",5,"C3_03500W_A",1.11662161420286e-09,1.5276189717278e-47,0.0519745616830294,TRUE,TRUE,FALSE
"CAALFM_C303510CA",4,"C3_03510C_A",0.0201509215644318,2.8403897297047e-46,0.00731637881183559,TRUE,TRUE,TRUE
"PRE9",4,"C3_03520C_A",4.80525959939411e-07,2.07564870844398e-26,0.00188221267190995,TRUE,TRUE,TRUE
"CAALFM_C303530WA",6,"C3_03530W_A",0.0196224072425112,4.68748685556075e-53,0.0591441118400634,TRUE,TRUE,FALSE
"CAALFM_C303540WA",4,"C3_03540W_A",0.813758430699332,2.27372472041846e-38,7.14664236848998e-06,FALSE,TRUE,TRUE
"ULP1",1,"C3_03550C_A",0.301308858506805,9.80040411456909e-60,0.415440698582483,FALSE,TRUE,FALSE
"CAALFM_C303560WA",1,"C3_03560W_A",4.51211600292099e-05,8.75855476081655e-24,0.488668489202254,TRUE,TRUE,FALSE
"CAALFM_C303570CA",7,"C3_03570C_A",6.44606428450178e-08,7.39077658783914e-36,0.199525567077049,TRUE,TRUE,FALSE
"GTT13",6,"C3_03580C_A",2.98874767762507e-20,4.87403493164397e-230,2.13253038273775e-18,TRUE,TRUE,TRUE
"CAALFM_C303590WA",4,"C3_03590W_A",0.000721862454264667,1.84423017197266e-22,0.406768325831711,TRUE,TRUE,FALSE
"GTT12",8,"C3_03600C_A",6.71831303403203e-05,1.64379387426864e-26,0.770377812481145,TRUE,TRUE,FALSE
"FUR4",7,"C3_03610W_A",1.6408027327692e-05,1.66447032665323e-22,0.0244166481536899,TRUE,TRUE,TRUE
"ECM18",7,"C3_03630W_A",0.0170893715168503,4.3957794252303e-23,0.0213422990245323,TRUE,TRUE,TRUE
"DAL9",6,"C3_03640W_A",2.96254824018097e-17,2.204088312202e-69,0.00332343233224403,TRUE,TRUE,TRUE
"HBR3",3,"C3_03650W_A",3.72366516184604e-05,1.40420040904939e-45,0.293185566176723,TRUE,TRUE,FALSE
"IRS4",7,"C3_03660W_A",0.000299638994888637,3.09653472812269e-43,0.0151873068835244,TRUE,TRUE,TRUE
"CAALFM_C303670WA",7,"C3_03670W_A",0.02211397529968,4.3875910716158e-31,0.384430487013818,TRUE,TRUE,FALSE
"CAALFM_C303680WA",8,"C3_03680W_A",8.01626470039262e-13,4.13193990903196e-40,4.17137766567502e-07,TRUE,TRUE,TRUE
"CAALFM_C303690WA",6,"C3_03690W_A",2.03562179242624e-12,7.01515515958963e-19,0.0165319857967903,TRUE,TRUE,TRUE
"CCC1",3,"C3_03710W_A",8.43581546152569e-06,5.52984191305722e-22,0.0425004367186537,TRUE,TRUE,TRUE
"GTT11",5,"C3_03720W_A",3.34197450008615e-09,6.89030296661103e-121,0.000454641736395622,TRUE,TRUE,TRUE
"PHB1",5,"C3_03730C_A",0.00347763883586505,4.36173871740198e-15,0.161203629374156,TRUE,TRUE,FALSE
"CAALFM_C303740WA",6,"C3_03740W_A",2.2942182598426e-08,2.61912644454201e-80,6.31747089683875e-06,TRUE,TRUE,TRUE
"ORC3",4,"C3_03750C_A",0.713161831167301,7.46141312060668e-13,0.683516082860145,FALSE,TRUE,FALSE
"CAALFM_C303760WA",5,"C3_03760W_A",5.22703147071106e-32,1.17890684321067e-156,2.14213406427426e-06,TRUE,TRUE,TRUE
"CAALFM_C303770CA",6,"C3_03770C_A",0.162233362231138,4.7784114886333e-24,0.558628927995939,FALSE,TRUE,FALSE
"CAALFM_C303780WA",7,"C3_03780W_A",2.01195996132488e-07,9.81802772824026e-49,0.0932646278805614,TRUE,TRUE,FALSE
"MEU1",2,"C3_03790W_A",1.1370035172126e-05,5.59367977427991e-100,0.0883292562744385,TRUE,TRUE,FALSE
"PTR22",8,"C3_03800W_A",0.640245599581793,9.81782140307301e-62,7.8950860129362e-05,FALSE,TRUE,TRUE
"RAD53",2,"C3_03810W_A",NA,1.24362533211923e-23,0.00552427160318529,FALSE,TRUE,TRUE
"CAALFM_C303820CA",1,"C3_03820C_A",0.093734350608169,2.37506359164174e-55,0.0701627424051806,FALSE,TRUE,FALSE
"CAALFM_C303830WA",6,"C3_03830W_A",0.670583301055739,1.50338448207379e-15,0.333511889611655,FALSE,TRUE,FALSE
"CAALFM_C303840CA",4,"C3_03840C_A",0.535103420086177,5.33918765860876e-20,0.408191058081184,FALSE,TRUE,FALSE
"SOL1",6,"C3_03850C_A",0.000282131199605726,2.09986965923032e-07,8.81528369178529e-05,TRUE,TRUE,TRUE
"CAALFM_C303860WA",2,"C3_03860W_A",0.00548897001877756,4.64032242783079e-14,0.0261271501594713,TRUE,TRUE,TRUE
"SAP9",8,"C3_03870C_A",7.06985840519838e-24,8.1885302636438e-17,9.83076903376766e-24,TRUE,TRUE,TRUE
"PEP8",4,"C3_03880C_A",0.761002015484966,7.81039317291779e-39,0.00504009035739441,FALSE,TRUE,TRUE
"CSC25",8,"C3_03890W_A",2.25683598252839e-12,2.138252068604e-31,3.43772271338387e-09,TRUE,TRUE,TRUE
"HTB1",1,"C3_03900C_A",0.241906542029546,2.92875396405958e-31,0.0792327927376353,FALSE,TRUE,FALSE
"HTA1",1,"C3_03910W_A",3.52908297070765e-07,1.74845385962427e-89,0.00085538341217327,TRUE,TRUE,TRUE
"CAALFM_C303920WA",6,"C3_03920W_A",0.00768959393222383,4.95918130216343e-24,7.18309460180209e-12,TRUE,TRUE,TRUE
"CAALFM_C303930WA",4,"C3_03930W_A",0.105852494263113,1.41771110769222e-16,0.981879372517623,FALSE,TRUE,FALSE
"CAALFM_C303980CA",5,"C3_03980C_A",4.49727582340397e-06,1.81447632534663e-11,0.0854874502404921,TRUE,TRUE,FALSE
"AAP1",8,"C3_03990C_A",4.88485961530182e-08,2.81738310431508e-14,2.21923733920306e-05,TRUE,TRUE,TRUE
"CTN3",8,"C3_04000C_A",5.62710114021533e-23,1.11866771785729e-172,1.0151982826199e-08,TRUE,TRUE,TRUE
"ZCF16",5,"C3_04020C_A",2.98744436335883e-11,5.87216233122075e-82,0.101603155133686,TRUE,TRUE,FALSE
"PEX8",5,"C3_04030C_A",0.000185455175965482,2.97391987326015e-106,0.0585780334194393,TRUE,TRUE,FALSE
"CAALFM_C304040WA",7,"C3_04040W_A",NA,2.32516227927512e-40,0.0921263887276555,FALSE,TRUE,FALSE
"tA(AGC)2",8,"C3_04050W_A",0.52818866679251,7.18243364036913e-06,0.586645053606541,FALSE,TRUE,FALSE
"HEM13",1,"C3_04060C_A",2.02199630254679e-13,6.97531512106014e-32,0.0547199414423385,TRUE,TRUE,FALSE
"CDR11",8,"C3_04070C_A",9.37058799357669e-19,2.05173173838798e-99,0.00103479837417131,TRUE,TRUE,TRUE
"CAALFM_C304080WA",1,"C3_04080W_A",2.65694685059263e-26,5.57303849574204e-187,8.51189130313086e-05,TRUE,TRUE,TRUE
"SBP1",4,"C3_04090W_A",0.872602304670764,2.92750750839403e-27,0.0172996273121477,FALSE,TRUE,TRUE
"CAALFM_C304100WA",6,"C3_04100W_A",0.665989567327416,4.77548351272299e-11,0.309350494769278,FALSE,TRUE,FALSE
"MBP1",6,"C3_04110C_A",0.416477311997414,2.95383586110835e-13,0.0369917221104951,FALSE,TRUE,TRUE
"CAALFM_C304120CA",2,"C3_04120C_A",0.00652769332298006,4.05322096733684e-19,0.0555197351787811,TRUE,TRUE,FALSE
"CAALFM_C304130WA",6,"C3_04130W_A",0.00346864076921169,3.56682359088812e-99,0.00157986361944318,TRUE,TRUE,TRUE
"EGD2",1,"C3_04140C_A",1.15559415038765e-34,0,0.000181759298625334,TRUE,TRUE,TRUE
"CAALFM_C304150WA",8,"C3_04150W_A",4.66540969329471e-09,0.0114329368741885,0.000497179012505431,TRUE,TRUE,TRUE
"DAL8",6,"C3_04160W_A",0.000101085518997831,1.72511297474379e-42,0.335956579960725,TRUE,TRUE,FALSE
"CAALFM_C304170WA",6,"C3_04170W_A",0.0126764366054048,1.08597313061939e-36,0.0116184280760508,TRUE,TRUE,TRUE
"KRE9",1,"C3_04180W_A",0.982258893779482,5.39410647704332e-40,0.126717358850192,FALSE,TRUE,FALSE
"CAALFM_C304190WA",6,"C3_04190W_A",0.676894119197513,1.94474434186823e-64,0.00147695199709087,FALSE,TRUE,TRUE
"AFP99",8,"C3_04200W_A",3.42130686871476e-17,3.74873353966189e-83,0.00114082889367717,TRUE,TRUE,TRUE
"CAALFM_C304210WA",8,"C3_04210W_A",2.90064738722441e-05,2.08688209596587e-24,0.0562845448232361,TRUE,TRUE,FALSE
"URK1",8,"C3_04220C_A",0.00017579503244791,1.01610959739805e-40,0.0636220254943646,TRUE,TRUE,FALSE
"CAALFM_C304230WA",7,"C3_04230W_A",0.106671687690595,3.38338539622197e-14,0.340279272785939,FALSE,TRUE,FALSE
"WSC1",8,"C3_04250W_A",2.24534184249073e-18,1.22202732408324e-06,6.4885180982338e-12,TRUE,TRUE,TRUE
"CAALFM_C304260WA",8,"C3_04260W_A",0.00608633891474024,2.47574598102867e-20,0.00525586811939988,TRUE,TRUE,TRUE
"CTP1",2,"C3_04270C_A",0.00142369490461458,1.17873888427298e-06,0.27760979079441,TRUE,TRUE,FALSE
"SNF5",6,"C3_04290C_A",0.010164782839915,2.42485449514311e-31,0.0107543461363011,TRUE,TRUE,TRUE
"POL1",2,"C3_04300C_A",0.000463001314484172,2.60710713600318e-14,0.00047925017217129,TRUE,TRUE,TRUE
"CAALFM_C304310CA",7,"C3_04310C_A",2.78413997431402e-05,1.82628025264384e-61,0.143921647522345,TRUE,TRUE,FALSE
"VAM3",6,"C3_04320W_A",0.224383783671209,2.21256839213484e-33,0.174031307377717,FALSE,TRUE,FALSE
"CAALFM_C304330CA",6,"C3_04330C_A",3.54789246604388e-12,1.75186484000311e-135,0.00651184832716307,TRUE,TRUE,TRUE
"ATF1",2,"C3_04340W_A",0.000789719853659775,1.43392252186888e-06,3.348937418043e-06,TRUE,TRUE,TRUE
"CAALFM_C304350CA",7,"C3_04350C_A",0.000700729634948387,4.02642295789789e-68,0.000462276604135375,TRUE,TRUE,TRUE
"CAALFM_C304360WA",6,"C3_04360W_A",0.0858724850771578,9.54307172158554e-16,0.0442285329384018,FALSE,TRUE,TRUE
"CAALFM_C304370CA",3,"C3_04370C_A",0.00309836435180782,3.16445661538728e-39,0.836990983817156,TRUE,TRUE,FALSE
"CAALFM_C304380CA",3,"C3_04380C_A",0.00129100894858426,7.41791357636348e-83,0.198096304800136,TRUE,TRUE,FALSE
"CUP5",4,"C3_04390W_A",0.171275613378013,2.43824565892263e-59,0.164937009423653,FALSE,TRUE,FALSE
"NUP85",1,"C3_04400C_A",0.00183089053674282,9.84474298425915e-19,0.774716355504147,TRUE,TRUE,FALSE
"CAALFM_C304410CA",4,"C3_04410C_A",0.438612424733431,3.84218187227447e-12,0.265911047694568,FALSE,TRUE,FALSE
"CAALFM_C304420WA",6,"C3_04420W_A",0.296931429829709,9.87529037212567e-14,0.0391505681087435,FALSE,TRUE,TRUE
"RIP1",1,"C3_04430W_A",2.23534056582781e-05,9.79328678929534e-78,0.18774743787911,TRUE,TRUE,FALSE
"CAALFM_C304440CA",7,"C3_04440C_A",0.00483266186646925,8.54002342934652e-39,0.00824675612477297,TRUE,TRUE,TRUE
"CAALFM_C304450CA",6,"C3_04450C_A",0.369735348089054,1.19688095190355e-46,0.148147941534067,FALSE,TRUE,FALSE
"CAALFM_C304460WA",6,"C3_04460W_A",0.0178210481404502,5.21756953028925e-26,0.000386194906505171,TRUE,TRUE,TRUE
"PKC1",2,"C3_04470W_A",0.00586042952223239,1.64047944361548e-21,0.000117744582270229,TRUE,TRUE,TRUE
"RAS2",8,"C3_04480C_A",7.20930254953799e-05,1.45915496999348e-16,0.0060476306723499,TRUE,TRUE,TRUE
"RAX1",8,"C3_04490W_A",4.03067203813254e-06,3.43090381700201e-28,0.000272494593980812,TRUE,TRUE,TRUE
"RPL19A",1,"C3_04500C_A",4.44637932465486e-19,6.83979115891645e-154,0.000727943823468376,TRUE,TRUE,TRUE
"CAALFM_C304510WA",3,"C3_04510W_A",2.02594627974453e-08,4.32336070473991e-115,0.0382901018078606,TRUE,TRUE,TRUE
"ADE2",1,"C3_04520C_A",0.198406368590275,1.08407739472151e-206,0.0143904704620072,FALSE,TRUE,TRUE
"TEC1",8,"C3_04530C_A",4.2352064873467e-06,8.56633405497247e-12,6.31638037079769e-05,TRUE,TRUE,TRUE
"CAALFM_C304540CA",8,"C3_04540C_A",5.15143741432239e-05,3.21986261231893e-43,0.0719846131488423,TRUE,TRUE,FALSE
"CMK1",5,"C3_04550C_A",1.2130619259723e-05,1.52806760580407e-16,0.000700260337393089,TRUE,TRUE,TRUE
"MAK21",3,"C3_04560W_A",0.0250176681119731,9.88184146905387e-75,0.800932613688526,TRUE,TRUE,FALSE
"DUR35",7,"C3_04570C_A",9.67639994712221e-12,8.12632078214647e-76,0.0387795393595699,TRUE,TRUE,TRUE
"STP1",6,"C3_04580C_A",0.0278824055173288,9.36918215424962e-30,0.0171770953315397,TRUE,TRUE,TRUE
"CAALFM_C304590WA",1,"C3_04590W_A",0.0797204828925581,1.42291899953225e-19,0.0384500066355648,FALSE,TRUE,TRUE
"MEA1",1,"C3_04610W_A",0.440121880121595,4.69966454252395e-62,0.00194497018774311,FALSE,TRUE,TRUE
"CAALFM_C304620CA",8,"C3_04620C_A",0.283613748289335,7.36081465328793e-54,0.887954819641964,FALSE,TRUE,FALSE
"CAALFM_C304630WA",5,"C3_04630W_A",0.0064988327895932,5.40828507593613e-84,0.000685783396791648,TRUE,TRUE,TRUE
"ZCF31",6,"C3_04640W_A",0.35794372140018,5.45241942102431e-14,0.900433525913521,FALSE,TRUE,FALSE
"CAALFM_C304650WA",8,"C3_04650W_A",0.000296577540658971,3.47085350598874e-16,3.26513085568552e-05,TRUE,TRUE,TRUE
"ARG11",2,"C3_04660C_A",6.17655004987383e-05,1.88368128535853e-28,0.0920684897713038,TRUE,TRUE,FALSE
"RPS15",1,"C3_04670C_A",1.5645625334554e-12,1.93279122590063e-199,0.000575866053526547,TRUE,TRUE,TRUE
"RPP2B",1,"C3_04680W_A",2.39894617174885e-17,1.58196768684835e-144,0.000359805307862252,TRUE,TRUE,TRUE
"CAALFM_C304690CA",2,"C3_04690C_A",0.00273101133068301,4.49865389505905e-07,0.00113808732976618,TRUE,TRUE,TRUE
"CAALFM_C304700WA",1,"C3_04700W_A",0.507640790315194,3.32180437975578e-11,0.636645966479817,FALSE,TRUE,FALSE
"ARV1",5,"C3_04710W_A",0.965831515856828,1.98576340960907e-07,0.111163918047952,FALSE,TRUE,FALSE
"CAALFM_C304720CA",8,"C3_04720C_A",1.20400619723978e-11,6.51829716224801e-101,0.0129065487782172,TRUE,TRUE,TRUE
"CAALFM_C304730CA",7,"C3_04730C_A",7.52910606321435e-12,5.25788096521805e-92,0.000360586125793524,TRUE,TRUE,TRUE
"CAALFM_C304740CA",2,"C3_04740C_A",0.000462355597776245,1.07744396301208e-13,0.0439412139636236,TRUE,TRUE,TRUE
"CAALFM_C304750WA",6,"C3_04750W_A",0.00258501028395788,1.41189258578444e-78,0.132966189739841,TRUE,TRUE,FALSE
"SEN1",2,"C3_04760C_A",1.19900533032691e-05,9.50856734805975e-13,0.000467968083427541,TRUE,TRUE,TRUE
"ZCF32",6,"C3_04770C_A",9.52882149696379e-06,2.80144203101115e-32,0.0208436721301627,TRUE,TRUE,TRUE
"CAALFM_C304780CA",1,"C3_04780C_A",0.0752849492663138,3.48112896263981e-89,0.250459522531405,FALSE,TRUE,FALSE
"CAALFM_C304790WA",5,"C3_04790W_A",0.909437858969951,2.66101701766463e-13,0.559484309922135,FALSE,TRUE,FALSE
"CAALFM_C304800CA",5,"C3_04800C_A",4.18644382529003e-06,4.50282850958535e-130,0.00243324524955046,TRUE,TRUE,TRUE
"CAALFM_C304810CA",1,"C3_04810C_A",1.06207606510588e-20,9.22312465575681e-135,0.0655845239229908,TRUE,TRUE,FALSE
"SEC7",4,"C3_04820C_A",0.0523488660512302,1.37468160270191e-98,0.00991758721014299,FALSE,TRUE,TRUE
"FAS2",1,"C3_04830C_A",0.0136932432808007,1.80946612011565e-100,0.000174810301208227,TRUE,TRUE,TRUE
"CAALFM_C304840CA",5,"C3_04840C_A",3.00707400203246e-05,7.40704376474138e-45,0.000553607832470064,TRUE,TRUE,TRUE
"SFP1",8,"C3_04860W_A",0.119831341544806,4.51895112664427e-12,0.000577947184444787,FALSE,TRUE,TRUE
"CAALFM_C304870WA",7,"C3_04870W_A",5.19486123509301e-06,7.23927217722328e-62,0.0353032736765524,TRUE,TRUE,TRUE
"PIN3",6,"C3_04880W_A",0.0768966041944441,7.07463101405049e-36,0.0791786653738662,FALSE,TRUE,FALSE
"CDR2",8,"C3_04890W_A",6.34098410123217e-18,8.19255912154742e-71,3.25600389506961e-05,TRUE,TRUE,TRUE
"NOP14",3,"C3_04900W_A",0.00113845836377958,3.36517196562553e-41,0.437084370731877,TRUE,TRUE,FALSE
"NCE102",5,"C3_04910C_A",4.43238560751481e-11,6.03180929787609e-16,6.9929618170332e-06,TRUE,TRUE,TRUE
"CAALFM_C304920CA",6,"C3_04920C_A",1.19143918497507e-05,4.05599194122873e-125,5.15613047257611e-08,TRUE,TRUE,TRUE
"HGT4",8,"C3_04930C_A",1.43566024532302e-09,1.61609879148577e-35,0.00897248491151099,TRUE,TRUE,TRUE
"CAALFM_C304940WA",8,"C3_04940W_A",0.00260156031348691,1.05621538849003e-32,0.406324845832937,TRUE,TRUE,FALSE
"ARF2",2,"C3_04950W_A",4.03622347468803e-07,3.26507558068391e-35,0.010786722049844,TRUE,TRUE,TRUE
"RPL35",1,"C3_04960W_A",3.31724168829498e-08,6.4919245492545e-229,0.0022954431757473,TRUE,TRUE,TRUE
"CAALFM_C304970CA",4,"C3_04970C_A",0.0173518503878384,9.26938825073109e-32,0.0153999398141729,TRUE,TRUE,TRUE
"FGR44",2,"C3_04990W_A",0.000933451039945785,1.2065927303216e-09,2.09707757749076e-05,TRUE,TRUE,TRUE
"RDI1",4,"C3_05000W_A",0.395475275088129,3.00114077681521e-31,0.0174712113029203,FALSE,TRUE,TRUE
"CAALFM_C305010CA",4,"C3_05010C_A",0.00896877083984091,6.26705352258295e-18,0.0026242067327256,TRUE,TRUE,TRUE
"CAALFM_C305020WA",7,"C3_05020W_A",0.711688180483965,2.78763115925065e-08,0.000571789756182428,FALSE,TRUE,TRUE
"PHB2",4,"C3_05030W_A",0.0700835228208346,1.20854648540772e-29,0.0273432466465162,FALSE,TRUE,TRUE
"ATG9",6,"C3_05040C_A",6.23721115680285e-14,1.33246421874027e-72,0.182413114080788,TRUE,TRUE,FALSE
"TRY4",8,"C3_05050W_A",4.1651834371022e-15,2.27047596602865e-127,0.0655876317132181,TRUE,TRUE,FALSE
"CAALFM_C305060WA",8,"C3_05060W_A",5.49716891032933e-10,1.95840081203662e-35,0.00421074735465797,TRUE,TRUE,TRUE
"CEM1",7,"C3_05070W_A",0.0134655743666507,4.68346316651763e-14,0.0733048483561186,TRUE,TRUE,FALSE
"CAALFM_C305080WA",7,"C3_05080W_A",NA,8.38419200095307e-45,0.149752101931279,FALSE,TRUE,FALSE
"CAALFM_C305090CA",5,"C3_05090C_A",0.0462998886304313,6.11151900671537e-49,0.336057064601326,TRUE,TRUE,FALSE
"RPL18",1,"C3_05100C_A",1.02393318262929e-10,3.96706282273574e-134,0.000264002345621717,TRUE,TRUE,TRUE
"CAALFM_C305110WA",7,"C3_05110W_A",0.489116413122513,5.93014845314142e-10,0.220742427760857,FALSE,TRUE,FALSE
"CAALFM_C305120CA",4,"C3_05120C_A",0.00017929257544305,5.36014125544076e-23,0.0297926314377248,TRUE,TRUE,TRUE
"THI4",5,"C3_05130C_A",0.0327797092145409,4.03322288526718e-18,0.516655577482604,TRUE,TRUE,FALSE
"CAALFM_C305140CA",1,"C3_05140C_A",0.0106508384199545,1.48949364660688e-81,0.00741390974619495,TRUE,TRUE,TRUE
"CAALFM_C305150WA",2,"C3_05150W_A",0.0157309356815047,1.78647822361392e-16,0.0139569421923112,TRUE,TRUE,TRUE
"CAALFM_C305160CA",1,"C3_05160C_A",0.000446139867578803,1.06948427715242e-76,0.0139522444826022,TRUE,TRUE,TRUE
"WOR2",2,"C3_05170W_A",0.00543314537948473,1.76184075529509e-16,0.0139569421923112,TRUE,TRUE,TRUE
"RHB1",1,"C3_05180W_A",0.0903600324852448,7.89187178903341e-10,0.0151873068835244,FALSE,TRUE,TRUE
"MCA1",5,"C3_05190C_A",0.157532198674379,3.1299028035097e-23,0.216112327794578,FALSE,TRUE,FALSE
"RPS19A",1,"C3_05200W_A",2.88780310826127e-15,1.45469683517373e-167,0.00212169034839288,TRUE,TRUE,TRUE
"DYN1",2,"C3_05210C_A",6.10749122228799e-05,2.49144203415839e-12,0.959343388753816,TRUE,TRUE,FALSE
"CDR1",8,"C3_05220W_A",1.91067888775789e-12,1.08710121269591e-09,1.70114502911301e-08,TRUE,TRUE,TRUE
"SAP3",6,"C3_05230W_A",2.2416082303017e-08,8.80962294076747e-75,0.000485043990155414,TRUE,TRUE,TRUE
"RPL8B",1,"C3_05240C_A",5.82419901977314e-14,5.40447759301674e-143,0.000124231157643414,TRUE,TRUE,TRUE
"CAALFM_C305250CA",8,"C3_05250C_A",1.60784199739919e-05,2.64240483839621e-30,0.395373781708011,TRUE,TRUE,FALSE
"HGT5",8,"C3_05270C_A",3.74042195788893e-10,5.78488624622361e-24,5.0623316653894e-08,TRUE,TRUE,TRUE
"CAALFM_C305280CA",1,"C3_05280C_A",0.109051886422527,2.38017433834903e-125,1.33554998256402e-14,FALSE,TRUE,TRUE
"CAALFM_C305290CA",4,"C3_05290C_A",0.00269123489084469,2.14266914132283e-39,0.00174715111974588,TRUE,TRUE,TRUE
"CAALFM_C305300CA",6,"C3_05300C_A",0.630350464822921,3.17715305531828e-09,0.592229914268497,FALSE,TRUE,FALSE
"USO6",2,"C3_05310W_A",0.120721769015581,2.82983032049812e-16,0.947815166168288,FALSE,TRUE,FALSE
"CAALFM_C305320WA",8,"C3_05320W_A",3.0462337973792e-06,3.76606609262437e-06,3.97364682554133e-05,TRUE,TRUE,TRUE
"CAALFM_C305330CA",6,"C3_05330C_A",0.0720224653470867,4.07255481009045e-07,0.000398842125420277,FALSE,TRUE,TRUE
"DIE2",2,"C3_05340W_A",0.0413320843686386,0.00190946452055229,0.0125339770492423,TRUE,TRUE,TRUE
"SMI1B",2,"C3_05350C_A",0.00033740224288564,5.59169105085102e-15,2.49156157742782e-05,TRUE,TRUE,TRUE
"CAALFM_C305360CA",6,"C3_05360C_A",4.79643753003963e-13,3.34782926723009e-94,0.00256652794746884,TRUE,TRUE,TRUE
"YST1",1,"C3_05370C_A",9.43980094106005e-20,1.06553032258599e-190,7.26059393092326e-05,TRUE,TRUE,TRUE
"CAALFM_C305380WA",6,"C3_05380W_A",1.81455293407321e-07,1.21650245579753e-76,0.0657803597941053,TRUE,TRUE,FALSE
"GPI1",8,"C3_05390C_A",0.100490809916615,1.971900117614e-20,0.256691789592705,FALSE,TRUE,FALSE
"CAALFM_C305400CA",7,"C3_05400C_A",0.0161191293412178,7.99927793813042e-27,0.0431336802488338,TRUE,TRUE,TRUE
"CAALFM_C305410WA",8,"C3_05410W_A",8.62337177350533e-09,1.4337799627227e-50,8.17935840277064e-06,TRUE,TRUE,TRUE
"CAALFM_C305420WA",6,"C3_05420W_A",0.300046236490119,1.79567817747069e-10,0.789223422120946,FALSE,TRUE,FALSE
"CAALFM_C305430WA",6,"C3_05430W_A",0.0280867341360436,2.59680794983707e-107,4.83168193918777e-06,TRUE,TRUE,TRUE
"CAALFM_C305440CA",7,"C3_05440C_A",0.00527476685253559,9.73446962907226e-24,0.0609775934556958,TRUE,TRUE,FALSE
"CAALFM_C305450CA",6,"C3_05450C_A",0.0802488795366092,1.86265985906678e-33,8.80455478186781e-07,FALSE,TRUE,TRUE
"CAALFM_C305460WA",7,"C3_05460W_A",0.018236484564452,1.64666682564668e-22,0.373158163364129,TRUE,TRUE,FALSE
"TEA1",6,"C3_05470W_A",0.0545191012473303,6.0339717803577e-39,0.00864225048752256,FALSE,TRUE,TRUE
"tV(AAC)5",8,"C3_05480C_A",0.132631576065643,1.66232368138014e-29,0.11781673021834,FALSE,TRUE,FALSE
"tV(AAC)6",8,"C3_05490C_A",9.16873035831854e-10,0.000791153416483406,0.0256188464723212,TRUE,TRUE,TRUE
"SNR6",8,"C3_05500W_A",9.54042602702415e-14,1.37272565615452e-10,0.00222322925825052,TRUE,TRUE,TRUE
"CAALFM_C305510WA",7,"C3_05510W_A",0.0667894893274843,1.65462409894958e-33,0.00523859741658818,FALSE,TRUE,TRUE
"DNM1",1,"C3_05520C_A",0.479868506303654,4.37773339376626e-19,0.00854308805521607,FALSE,TRUE,TRUE
"OST1",1,"C3_05530W_A",0.00299721451506422,2.53426516323216e-58,0.0117769140313963,TRUE,TRUE,TRUE
"CAALFM_C305540CA",6,"C3_05540C_A",1.18382111155648e-06,1.49930211430619e-47,0.000222929077547071,TRUE,TRUE,TRUE
"CAALFM_C305550CA",6,"C3_05550C_A",0.0455478389956275,1.58671757587571e-50,5.05971975490267e-14,TRUE,TRUE,TRUE
"PRE3",4,"C3_05560W_A",2.11555138703689e-06,5.31601190673791e-32,1.64444759700634e-06,TRUE,TRUE,TRUE
"QDR2",8,"C3_05570W_A",0.00858573793822476,2.76006428344881e-12,0.000195925332299934,TRUE,TRUE,TRUE
"GAP2",8,"C3_05580C_A",3.14224433442668e-09,3.4363657357989e-193,0.000249383765710637,TRUE,TRUE,TRUE
"BAT22",1,"C3_05590C_A",0.372473283580397,3.65017568658021e-48,3.74373950478628e-05,FALSE,TRUE,TRUE
"ATO6",8,"C3_05600W_A",8.98074669954168e-18,1.14031055071233e-73,0.000130971973920836,TRUE,TRUE,TRUE
"MNN14",8,"C3_05610W_A",5.99547971181539e-06,1.8545086657e-95,0.0870641083832027,TRUE,TRUE,FALSE
"ATO5",6,"C3_05620W_A",1.37190758941056e-09,2.64049824929581e-83,0.000411844353705909,TRUE,TRUE,TRUE
"GTT1",6,"C3_05630W_A",2.18490680470522e-08,4.92092329774359e-80,0.000226924290147591,TRUE,TRUE,TRUE
"CAALFM_C305640WA",7,"C3_05640W_A",6.06347281557044e-06,5.26047521103271e-139,0.037498804361876,TRUE,TRUE,TRUE
"YCK2",8,"C3_05650W_A",5.42927441487303e-05,4.79606530497973e-16,0.00041543266839843,TRUE,TRUE,TRUE
"CAALFM_C305660CA",6,"C3_05660C_A",7.38131812576697e-07,1.66677187998186e-17,0.0325754106103077,TRUE,TRUE,TRUE
"CAALFM_C305680WA",7,"C3_05680W_A",0.043160765496224,1.11871614249292e-64,0.118025731734807,TRUE,TRUE,FALSE
"CHS4",8,"C3_05700W_A",0.0368265141171647,5.30550909815443e-30,0.00917176700402731,TRUE,TRUE,TRUE
"RCT1",5,"C3_05710W_A",9.52825237224586e-07,4.8800193101021e-62,0.00165887680027328,TRUE,TRUE,TRUE
"KIP3",7,"C3_05720C_A",0.000143919286510077,8.7275511555935e-52,0.000792946206255728,TRUE,TRUE,TRUE
"LAC1",2,"C3_05730C_A",0.000865998645786071,1.40745410227657e-21,3.39592812056683e-05,TRUE,TRUE,TRUE
"SSN8",7,"C3_05740C_A",0.0155318168017195,4.1264847353768e-17,0.193615547963376,TRUE,TRUE,FALSE
"CAALFM_C305750CA",6,"C3_05750C_A",1.61225070164887e-17,1.08123912023866e-291,0.107937458147993,TRUE,TRUE,FALSE
"CAALFM_C305760WA",6,"C3_05760W_A",0.232662964235038,7.04552119018508e-17,0.989671017874032,FALSE,TRUE,FALSE
"SAM50",2,"C3_05770C_A",0.00244682586270896,1.8162152042948e-22,0.0120166437309213,TRUE,TRUE,TRUE
"CRZ1",8,"C3_05780C_A",3.5428962673793e-35,8.44082177316951e-26,3.22514354010215e-14,TRUE,TRUE,TRUE
"CAALFM_C305790CA",7,"C3_05790C_A",0.138085502945417,3.60871047841613e-15,0.949762553381356,FALSE,TRUE,FALSE
"CAALFM_C305800WA",2,"C3_05800W_A",0.050165606756495,9.78197496098887e-15,0.675285663684694,FALSE,TRUE,FALSE
"SKN1",8,"C3_05810C_A",3.64795969990144e-09,1.60922430999353e-53,0.0325920560877399,TRUE,TRUE,TRUE
"CAALFM_C305820WA",1,"C3_05820W_A",0.0622143618654435,1.73189635516085e-32,2.54269742258411e-06,FALSE,TRUE,TRUE
"KRE6",8,"C3_05830W_A",0.00102041687801977,3.3922438154999e-22,0.000136564441391727,TRUE,TRUE,TRUE
"CAALFM_C305840WA",7,"C3_05840W_A",7.05376798338007e-05,5.00516216664274e-47,0.303039832393804,TRUE,TRUE,FALSE
"CAALFM_C305850WA",6,"C3_05850W_A",0.0807250142946629,9.05239561200598e-38,0.00577149213652115,FALSE,TRUE,TRUE
"CAALFM_C305860CA",3,"C3_05860C_A",0.00156607101444325,1.29931660430975e-27,0.0363561642812066,TRUE,TRUE,TRUE
"UBP1",3,"C3_05870C_A",0.0203799163925547,7.45732704301682e-19,0.771555435456397,TRUE,TRUE,FALSE
"CAALFM_C305880CA",1,"C3_05880C_A",0.000100041723646495,6.83359173577092e-61,0.00670137132600546,TRUE,TRUE,TRUE
"TRM12",8,"C3_05890W_A",4.32489320491423e-05,1.3069675780209e-39,0.7778470751532,TRUE,TRUE,FALSE
"CAALFM_C305900WA",8,"C3_05900W_A",6.95935942351206e-10,0.0152262287767092,2.38047420471249e-08,TRUE,TRUE,TRUE
"ZCF35",8,"C3_05910W_A",3.45771859644656e-07,2.06263708224732e-145,0.104163596405574,TRUE,TRUE,FALSE
"MRR1",8,"C3_05920W_A",5.44563605418712e-05,8.61485615640777e-19,0.012502285157091,TRUE,TRUE,TRUE
"CTA4",8,"C3_05930W_A",4.31767620388658e-07,2.04387935718393e-49,2.79730248522249e-07,TRUE,TRUE,TRUE
"CAALFM_C305940CA",4,"C3_05940C_A",0.139130018989805,1.50190929736426e-13,0.0235975184138171,FALSE,TRUE,TRUE
"CAALFM_C305950WA",7,"C3_05950W_A",2.76025746661507e-06,3.11116783263153e-33,0.0252781514434837,TRUE,TRUE,TRUE
"ASE1",7,"C3_05960W_A",0.00249046071375254,6.7747503506983e-34,0.105559013364188,TRUE,TRUE,FALSE
"CAALFM_C305970CA",1,"C3_05970C_A",0.819690585993065,9.87171414603387e-09,0.83490483931417,FALSE,TRUE,FALSE
"FAA2",6,"C3_05980C_A",4.18666635967658e-08,3.27620540513918e-92,9.07735268788448e-06,TRUE,TRUE,TRUE
"CAALFM_C305990CA",7,"C3_05990C_A",0.00205568862218076,1.56237396036138e-39,0.00227521506549521,TRUE,TRUE,TRUE
"AHR1",2,"C3_06000W_A",0.000527523910372373,6.39267721108956e-12,0.0137231291373419,TRUE,TRUE,TRUE
"CAM1",1,"C3_06010W_A",1.98840850445222e-06,1.764898157717e-148,0.00691572065412461,TRUE,TRUE,TRUE
"MNN9",1,"C3_06020W_A",0.00691754996615866,1.020837668809e-45,0.0309609949551038,TRUE,TRUE,TRUE
"NOG1",3,"C3_06030W_A",2.03519288091244e-06,8.13617382864056e-158,0.0373925047686429,TRUE,TRUE,TRUE
"CAALFM_C306040WA",8,"C3_06040W_A",5.54054579922817e-18,1.00126290167917e-187,0.000102527956589618,TRUE,TRUE,TRUE
"CAALFM_C306050CA",1,"C3_06050C_A",0.00670740249608832,3.94178500906667e-78,0.124901360778393,TRUE,TRUE,FALSE
"ELP3",8,"C3_06060W_A",4.90049522182536e-10,9.39796896242049e-68,0.0351430526638716,TRUE,TRUE,TRUE
"PBS2",1,"C3_06070C_A",0.0352462147194503,9.18830584235427e-19,0.00207587926009516,TRUE,TRUE,TRUE
"REV3",6,"C3_06080W_A",2.26589541232612e-09,3.60620124050553e-63,0.000154576595893525,TRUE,TRUE,TRUE
"OCH1",3,"C3_06090C_A",0.507909846254688,9.70762534097403e-35,0.0071074569407919,FALSE,TRUE,TRUE
"DED1",8,"C3_06100C_A",2.48417092178594e-08,2.76284780903256e-58,2.59327522514556e-14,TRUE,TRUE,TRUE
"CAALFM_C306110CA",1,"C3_06110C_A",0.698284301588077,7.85060079686536e-41,4.8833151634252e-05,FALSE,TRUE,TRUE
"GDA1",1,"C3_06120C_A",0.575630998225426,2.94477253892667e-34,0.00810855730862945,FALSE,TRUE,TRUE
"CAALFM_C306140WA",6,"C3_06140W_A",0.00262789791212452,7.18097412174586e-36,0.00154829811664699,TRUE,TRUE,TRUE
"CAALFM_C306150WA",7,"C3_06150W_A",0.0747692484972207,4.87789418699304e-16,0.0132009237916763,FALSE,TRUE,TRUE
"CAALFM_C306160CA",3,"C3_06160C_A",3.07257781965486e-05,1.23952450724123e-12,0.179633110340163,TRUE,TRUE,FALSE
"CAALFM_C306170CA",6,"C3_06170C_A",0.904206906823018,5.01667548462772e-09,0.329789692962672,FALSE,TRUE,FALSE
"TSA1",1,"C3_06180C_A",4.79106670486873e-05,5.90304349793281e-12,0.00285810211901923,TRUE,TRUE,TRUE
"ALS6",7,"C3_06190C_A",0.0380898423258985,1.05773723980672e-33,0.0159247355850276,TRUE,TRUE,TRUE
"MMS21",2,"C3_06200C_A",0.0390340790057964,1.09733042082052e-11,0.013398072856661,TRUE,TRUE,TRUE
"MUB1",7,"C3_06210C_A",2.03716075009885e-05,1.23364048406873e-46,0.00774629207347004,TRUE,TRUE,TRUE
"OAC1",2,"C3_06220C_A",0.00108983045802228,9.77616485806131e-30,0.00595538598310848,TRUE,TRUE,TRUE
"CYM1",8,"C3_06230W_A",0.20298725678237,9.52289609125089e-09,0.0206352153887779,FALSE,TRUE,TRUE
"CAALFM_C306240CA",1,"C3_06240C_A",0.000668328682444601,1.86428346026761e-53,0.142554446994901,TRUE,TRUE,FALSE
"ERV25",4,"C3_06250W_A",6.17849624081676e-05,4.13269224768443e-82,0.0556545381887273,TRUE,TRUE,FALSE
"CAALFM_C306260CA",7,"C3_06260C_A",4.17262709433063e-08,8.60163646425514e-72,0.0272923425481537,TRUE,TRUE,TRUE
"CAALFM_C306270CA",7,"C3_06270C_A",0.00444142356670996,3.0635181104154e-21,0.0055742722098061,TRUE,TRUE,TRUE
"CAALFM_C306280WA",4,"C3_06280W_A",0.000387265936506415,2.09452660416296e-17,0.0560002540657013,TRUE,TRUE,FALSE
"CAALFM_C306290WA",6,"C3_06290W_A",3.59215763281417e-09,2.13255294428616e-74,0.000499844455684633,TRUE,TRUE,TRUE
"DOT1",2,"C3_06300W_A",0.00128749140830107,6.21929898020836e-22,0.000782045417384575,TRUE,TRUE,TRUE
"ISW2",7,"C3_06310C_A",0.00247194824940374,8.45068157407919e-28,0.0350901796430223,TRUE,TRUE,TRUE
"ALS7",7,"C3_06320W_A",0.00200751509361121,5.76876607156344e-38,0.0120261542708672,TRUE,TRUE,TRUE
"TSA1B",4,"C3_06330W_A",5.25824730597555e-06,4.94057154083326e-21,1.99856122461837e-05,TRUE,TRUE,TRUE
"HNT2",2,"C3_06340W_A",0.0619905337213991,0.0279027141965949,0.0088158482026435,FALSE,TRUE,TRUE
"CAALFM_C306350WA",6,"C3_06350W_A",0.69756025328398,3.26249821476713e-28,0.0538846974734166,FALSE,TRUE,FALSE
"CYP5",4,"C3_06360C_A",1.13444950146279e-05,3.47091024435148e-53,0.0112160644177748,TRUE,TRUE,TRUE
"CAALFM_C306370CA",3,"C3_06370C_A",1.21410845682442e-05,1.00169491348921e-37,0.293299434405558,TRUE,TRUE,FALSE
"NSA2",2,"C3_06380W_A",2.08034281371324e-05,1.76334888901668e-33,0.00888943614979779,TRUE,TRUE,TRUE
"CAALFM_C306390WA",2,"C3_06390W_A",6.44075956122584e-05,6.03265459557484e-35,0.00590727561989878,TRUE,TRUE,TRUE
"CAALFM_C306400CA",2,"C3_06400C_A",0.037104558975136,1.08012550743261e-25,0.00360013311669536,TRUE,TRUE,TRUE
"CAALFM_C306410CA",2,"C3_06410C_A",0.363090263423551,2.38672320510492e-12,0.316292674947768,FALSE,TRUE,FALSE
"CAALFM_C306420CA",8,"C3_06420C_A",0.0816823418773769,9.28168039723796e-105,0.0023073400612613,FALSE,TRUE,TRUE
"APN1",4,"C3_06430W_A",0.0115449353896823,4.39868887923047e-58,0.384371666064991,TRUE,TRUE,FALSE
"CAALFM_C306440WA",4,"C3_06440W_A",0.0423749708252851,2.11865847141129e-73,0.394206531422973,TRUE,TRUE,FALSE
"GLG2",5,"C3_06450W_A",0.000147201085294331,1.62518920299992e-160,0.0682890654044218,TRUE,TRUE,FALSE
"tH(GUG)3",8,"C3_06460C_A",0.0248996084427365,0.00604207497706244,0.770377812481145,TRUE,TRUE,FALSE
"AAF1",8,"C3_06470W_A",4.13331177408596e-06,1.71696230837485e-37,4.90656652443421e-10,TRUE,TRUE,TRUE
"ECM15",4,"C3_06480C_A",0.000851786799504672,1.04049239458808e-44,6.2365772234688e-12,TRUE,TRUE,TRUE
"CAALFM_C306490WA",5,"C3_06490W_A",3.23530102103573e-07,9.08161459589519e-49,0.0212422847481784,TRUE,TRUE,TRUE
"UBA1",1,"C3_06500W_A",0.00617604284335499,1.11105505555758e-35,0.247826378168237,TRUE,TRUE,FALSE
"HST6",7,"C3_06510C_A",1.04133763412542e-05,5.71714532987417e-54,0.12073561867836,TRUE,TRUE,FALSE
"CAALFM_C306520CA",8,"C3_06520C_A",3.57293390461234e-06,1.26229512840895e-16,0.201471486905327,TRUE,TRUE,FALSE
"CAALFM_C306530WA",3,"C3_06530W_A",0.175994390582742,5.1931730793006e-16,0.000392714362742417,FALSE,TRUE,TRUE
"CAALFM_C306540CA",2,"C3_06540C_A",0.712102454988852,1.42628009234918e-10,0.513323027671917,FALSE,TRUE,FALSE
"CAALFM_C306550CA",6,"C3_06550C_A",0.0415148852373727,1.85426925029668e-37,0.101525503436855,TRUE,TRUE,FALSE
"CAALFM_C306560WA",8,"C3_06560W_A",2.58951782568526e-17,1.1395910901898e-30,3.25600389506961e-05,TRUE,TRUE,TRUE
"OPI3",1,"C3_06570C_A",0.0608358445198014,8.0645293136326e-119,2.97038092116185e-05,FALSE,TRUE,TRUE
"JEN1",5,"C3_06580W_A",4.69049147823157e-07,5.26159931369038e-123,0.499711178536577,TRUE,TRUE,FALSE
"LYS9",1,"C3_06590W_A",0.0042873770383159,8.05600114410933e-143,1.80128582999523e-18,TRUE,TRUE,TRUE
"CAALFM_C306600CA",6,"C3_06600C_A",0.283290637107342,4.74347986410543e-12,0.0633837969778176,FALSE,TRUE,FALSE
"FUN31",8,"C3_06620W_A",1.7578110002749e-11,1.33786040737334e-11,0.000265485782511122,TRUE,TRUE,TRUE
"CAALFM_C306630WA",2,"C3_06630W_A",0.000853365574910366,4.01619820753966e-06,0.0027793927733799,TRUE,TRUE,TRUE
"CAALFM_C306640WA",2,"C3_06640W_A",5.65479515148739e-09,6.36589675565019e-07,0.000159662088911249,TRUE,TRUE,TRUE
"TAF60",4,"C3_06650C_A",0.0483302396483371,5.16503615615625e-42,0.166609533738159,TRUE,TRUE,FALSE
"CAALFM_C306660CA",7,"C3_06660C_A",0.000382012256880282,1.44722735654048e-28,0.00511419571806779,TRUE,TRUE,TRUE
"CAALFM_C306670CA",5,"C3_06670C_A",0.0384938170151598,8.14796120797712e-07,0.369393781746965,TRUE,TRUE,FALSE
"CAALFM_C306680CA",5,"C3_06680C_A",0.209344459510547,2.13118407808274e-18,0.00439917590443364,FALSE,TRUE,TRUE
"CAALFM_C306690CA",4,"C3_06690C_A",1.6876621058948e-09,5.16124451668726e-14,9.65879929892817e-08,TRUE,TRUE,TRUE
"CAALFM_C306700CA",8,"C3_06700C_A",1.38196189148491e-07,3.68694642441408e-08,0.000112846126055897,TRUE,TRUE,TRUE
"CAALFM_C306710WA",4,"C3_06710W_A",0.254885992909956,1.23952450724123e-12,0.528502238459563,FALSE,TRUE,FALSE
"PRP5",8,"C3_06720W_A",3.14364188667298e-06,2.89529909299324e-31,0.0772452602680684,TRUE,TRUE,FALSE
"CAALFM_C306730WA",5,"C3_06730W_A",7.79298876411247e-10,7.47541086826873e-206,1.9174863949309e-06,TRUE,TRUE,TRUE
"CAALFM_C306740WA",3,"C3_06740W_A",0.0219261851366278,3.75666665010711e-21,0.060985837246399,TRUE,TRUE,FALSE
"CAALFM_C306750WA",1,"C3_06750W_A",0.0038885433295309,1.17391535010552e-51,0.0023073400612613,TRUE,TRUE,TRUE
"CAALFM_C306760WA",3,"C3_06760W_A",NA,1.1146077881449e-175,0.0390401137958269,FALSE,TRUE,TRUE
"SLU7",7,"C3_06770W_A",0.0247895754293683,6.79429582585944e-08,0.617377005062859,TRUE,TRUE,FALSE
"SLF1",7,"C3_06780C_A",2.35227490007959e-08,1.40870373640973e-31,0.00158331343291159,TRUE,TRUE,TRUE
"TRY6",8,"C3_06790W_A",8.95898452184569e-31,6.30386549837508e-108,3.67364421903635e-06,TRUE,TRUE,TRUE
"CAALFM_C306800CA",4,"C3_06800C_A",0.00523244577843484,5.41514671354353e-12,0.0813872841738488,TRUE,TRUE,FALSE
"CAALFM_C306810WA",6,"C3_06810W_A",0.490816005528635,0.00010773694350533,0.143781405358619,FALSE,TRUE,FALSE
"CAALFM_C306820CA",6,"C3_06820C_A",0.139861711722996,3.54904783580219e-16,0.0751434539553033,FALSE,TRUE,FALSE
"CAALFM_C306830CA",2,"C3_06830C_A",0.00879104589953578,1.55392953462295e-21,0.0142795188189692,TRUE,TRUE,TRUE
"tW(CCA)2",7,"C3_06840C_A",0.170387683288671,2.12032559149393e-26,0.283836804198801,FALSE,TRUE,FALSE
"FCR1",8,"C3_06850W_A",9.73137770254797e-08,5.43330272925656e-32,0.0504896410749381,TRUE,TRUE,FALSE
"CAALFM_C306860CA",5,"C3_06860C_A",7.46975999143302e-13,4.20472358662002e-92,3.56402048567584e-05,TRUE,TRUE,TRUE
"TDH3",5,"C3_06870W_A",6.01853615783004e-08,1.8307710994742e-103,6.50504948672671e-12,TRUE,TRUE,TRUE
"CAALFM_C306880WA",7,"C3_06880W_A",0.0159134930676022,9.14520022895285e-23,0.0853609022962071,TRUE,TRUE,FALSE
"PMT2",1,"C3_06890W_A",0.719802062665632,2.04685196974005e-18,3.51771155204739e-05,FALSE,TRUE,TRUE
"ISA2",8,"C3_06900W_A",3.38257559532584e-10,1.32439653376589e-111,0.0221636984356384,TRUE,TRUE,TRUE
"TPD3",1,"C3_06910C_A",0.0160188748059708,1.81784068675131e-13,0.512512001369439,TRUE,TRUE,FALSE
"CAALFM_C306920WA",4,"C3_06920W_A",0.0251196523500278,1.27964827625114e-17,0.166162544910889,TRUE,TRUE,FALSE
"CAALFM_C306940WA",7,"C3_06940W_A",1.75823010800421e-09,5.54029060316524e-113,0.00242096897758275,TRUE,TRUE,TRUE
"CAALFM_C306950WA",6,"C3_06950W_A",3.25749232922702e-06,5.90064244534717e-21,0.0272499545063708,TRUE,TRUE,TRUE
"tY(GUA)3",3,"C3_06960C_A",0.127575757479098,9.4539358920188e-10,0.1272281427704,FALSE,TRUE,FALSE
"CAALFM_C306970WA",3,"C3_06970W_A",0.0355779030378329,1.41609251838477e-17,0.808959520552064,TRUE,TRUE,FALSE
"HUT1",2,"C3_06980W_A",0.000167415244585856,2.30770316303247e-17,0.00123658773646065,TRUE,TRUE,TRUE
"CAALFM_C306990WA",6,"C3_06990W_A",0.554451665154624,2.41491652290953e-13,0.039725157139888,FALSE,TRUE,TRUE
"RPD31",4,"C3_07000W_A",0.00237652740336833,1.30790319273705e-09,0.0196988339250287,TRUE,TRUE,TRUE
"POS5",6,"C3_07010W_A",0.00318874479780394,2.12267056693041e-14,0.0128570978469671,TRUE,TRUE,TRUE
"SSN6",1,"C3_07020W_A",0.0793893891833108,6.78786796355938e-19,0.024868590030867,FALSE,TRUE,TRUE
"CAALFM_C307030CA",6,"C3_07030C_A",0.00225353728178572,1.13997579485846e-34,0.0877416247848026,TRUE,TRUE,FALSE
"YSA1",6,"C3_07040C_A",0.0158255357954573,5.23896778596901e-10,0.118025731734807,TRUE,TRUE,FALSE
"CAALFM_C307050WA",4,"C3_07050W_A",0.000147367680219295,5.66472273865873e-13,1.70114502911301e-08,TRUE,TRUE,TRUE
"FESUR1",1,"C3_07060W_A",0.00238209225639829,1.81245772605879e-122,0.242028826840394,TRUE,TRUE,FALSE
"CAALFM_C307070CA",8,"C3_07070C_A",7.37806583659693e-25,3.20883493805343e-173,0.0114427506395972,TRUE,TRUE,TRUE
"RRD1",7,"C3_07080W_A",0.0494094646587758,1.52662159791917e-63,0.0222447236197376,TRUE,TRUE,TRUE
"HHT1",8,"C3_07090W_A",9.21282447314805e-19,1.36757057067896e-78,0.0119216050956716,TRUE,TRUE,TRUE
"CAALFM_C307100CA",6,"C3_07100C_A",1.12616914037486e-06,3.88557762443087e-43,0.34427825187975,TRUE,TRUE,FALSE
"CAALFM_C307110WA",7,"C3_07110W_A",0.000109071979684418,1.13416303193208e-22,0.0590062968020879,TRUE,TRUE,FALSE
"CAALFM_C307120WA",5,"C3_07120W_A",0.000181504093721493,2.2198887737728e-141,0.559484309922135,TRUE,TRUE,FALSE
"CAALFM_C307130WA",3,"C3_07130W_A",0.600302845099413,3.47154679351035e-32,0.0420145662181604,FALSE,TRUE,TRUE
"CAALFM_C307140CA",7,"C3_07140C_A",0.00225056806684002,2.68923364478478e-35,0.072296082625996,TRUE,TRUE,FALSE
"RPS12",1,"C3_07150C_A",7.11570891900218e-19,4.1004428053971e-179,0.00496802991652887,TRUE,TRUE,TRUE
"PGA32",2,"C3_07160W_A",0.237367202367344,9.94001864128915e-69,3.32289430479614e-06,FALSE,TRUE,TRUE
"CAALFM_C307170CA",6,"C3_07170C_A",0.0182506089074759,4.03305214742554e-06,0.433510916807714,TRUE,TRUE,FALSE
"BMT1",2,"C3_07180C_A",0.0237444435010601,1.55408730999175e-07,0.0192691677380236,TRUE,TRUE,TRUE
"ZFU2",2,"C3_07200C_A",0.00390802305538999,1.09255856596618e-31,0.00164834044249455,TRUE,TRUE,TRUE
"MET8",4,"C3_07210W_A",0.311331968267542,4.60544152709834e-07,0.296197815340422,FALSE,TRUE,FALSE
"PRO2",1,"C3_07220C_A",0.000724476665399512,4.48901040295572e-37,0.0010808964870795,TRUE,TRUE,TRUE
"CAALFM_C307230WA",2,"C3_07230W_A",0.314383783569796,1.00120000216954e-08,0.00857872787723903,FALSE,TRUE,TRUE
"CAALFM_C307240WA",7,"C3_07240W_A",0.000320900152870684,5.1718958845912e-47,0.516636800356965,TRUE,TRUE,FALSE
"GCD2",3,"C3_07250W_A",1.11698945263687e-06,1.11020160900624e-43,0.0545025759517281,TRUE,TRUE,FALSE
"ECM29",4,"C3_07260C_A",0.00359646261347217,2.96781564673239e-41,0.00560130675677587,TRUE,TRUE,TRUE
"UBI4",8,"C3_07270C_A",3.45789042142648e-13,3.35279794142558e-22,6.74607857181302e-07,TRUE,TRUE,TRUE
"CAALFM_C307280CA",8,"C3_07280C_A",6.86668072036543e-05,9.47314644837624e-11,0.00711263462311167,TRUE,TRUE,TRUE
"CAALFM_C307290WA",8,"C3_07290W_A",0.0361346787392306,7.341819068772e-09,0.0277004566189641,TRUE,TRUE,TRUE
"NOP13",3,"C3_07300W_A",5.22249392824236e-05,1.82694537609761e-76,0.562076057632819,TRUE,TRUE,FALSE
"SLK19",5,"C3_07310C_A",3.02935655104152e-05,7.48247583963227e-63,0.0131151814093561,TRUE,TRUE,TRUE
"MDS3",6,"C3_07320W_A",0.735928623336496,0.00229986165077429,0.393645402149209,FALSE,TRUE,FALSE
"CAALFM_C307330WA",6,"C3_07330W_A",0.022593711114442,1.15143419306477e-64,0.0608133774731109,TRUE,TRUE,FALSE
"GCY1",6,"C3_07340W_A",4.32765926404539e-07,4.42978421585359e-184,0.000799494369140011,TRUE,TRUE,TRUE
"CAALFM_C307350WA",1,"C3_07350W_A",0.773700033871216,1.22124388877075e-21,0.515484571592078,FALSE,TRUE,FALSE
"DLD2",1,"C3_07360W_A",0.0363699297236249,1.62184887711828e-40,1.42648904674411e-08,TRUE,TRUE,TRUE
"CAALFM_C307370WA",8,"C3_07370W_A",2.85677132389231e-08,7.26895351029818e-13,7.86068793400721e-09,TRUE,TRUE,TRUE
"CAALFM_C307380WA",6,"C3_07380W_A",2.52905743161836e-07,3.29730477645791e-51,3.80902815918433e-13,TRUE,TRUE,TRUE
"CAALFM_C307390CA",1,"C3_07390C_A",0.00225114799326945,5.55277695974969e-65,0.100159927014447,TRUE,TRUE,FALSE
"CAALFM_C307400WA",1,"C3_07400W_A",0.00166467546767569,1.91685254832317e-100,0.375082725840269,TRUE,TRUE,FALSE
"KRS1",1,"C3_07410C_A",2.66912893123478e-15,3.60088764770106e-184,0.00371215247621826,TRUE,TRUE,TRUE
"CAALFM_C307420WA",1,"C3_07420W_A",9.13855937730424e-09,8.7933406191256e-124,0.0264548297183845,TRUE,TRUE,TRUE
"CAALFM_C307430WA",6,"C3_07430W_A",0.0128985931735702,6.43138903044693e-41,0.335045240927506,TRUE,TRUE,FALSE
"TPI1",5,"C3_07440W_A",7.21947092845565e-08,6.6515015732976e-89,6.12223051271409e-06,TRUE,TRUE,TRUE
"CAALFM_C307450CA",6,"C3_07450C_A",0.325375508283926,6.42216262093544e-06,0.22984736967544,FALSE,TRUE,FALSE
"CAALFM_C307460WA",2,"C3_07460W_A",0.307308953534157,3.67488964929181e-05,0.131315589648504,FALSE,TRUE,FALSE
"CAALFM_C307470WA",2,"C3_07470W_A",0.00879104589953578,1.00023577823246e-14,0.302733614514679,TRUE,TRUE,FALSE
"CAALFM_C307480WA",1,"C3_07480W_A",0.00168213138737432,1.547709310012e-14,0.473006320643348,TRUE,TRUE,FALSE
"CAALFM_C307490WA",5,"C3_07490W_A",0.00548674761372769,2.54014767826779e-65,0.386528177130594,TRUE,TRUE,FALSE
"VAN1",1,"C3_07500W_A",0.333313995411119,1.88269265648482e-19,0.0910286889556415,FALSE,TRUE,FALSE
"SNR52",8,"C3_07510C_A",0.00027476654857138,0.00373520961301142,0.0406807491452982,TRUE,TRUE,TRUE
"CAALFM_C307540CA",2,"C3_07540C_A",1.33257909154312e-08,1.04066209658832e-24,3.01219580938843e-09,TRUE,TRUE,TRUE
"CAALFM_C307550CA",8,"C3_07550C_A",0.00387605746161698,2.91504090060383e-33,0.0432700538428798,TRUE,TRUE,TRUE
"TCC1",1,"C3_07560W_A",0.696650971873957,2.39458182351674e-18,0.000414653203849753,FALSE,TRUE,TRUE
"CAALFM_C307570CA",6,"C3_07570C_A",0.0165861989785557,1.15700428655058e-56,1.61600202254041e-08,TRUE,TRUE,TRUE
"CAALFM_C307580WA",6,"C3_07580W_A",0.00532695424054108,9.07705436301667e-85,1.86183378322161e-15,TRUE,TRUE,TRUE
"CAALFM_C307590WA",6,"C3_07590W_A",0.00070550234955485,1.70448589664561e-87,1.85895314229069e-10,TRUE,TRUE,TRUE
"CAALFM_C307600WA",3,"C3_07600W_A",0.000123165121293967,2.51785225634249e-54,0.231211565457092,TRUE,TRUE,FALSE
"TIP120",5,"C3_07610W_A",0.228086309110508,1.51157332777537e-67,0.600595342054359,FALSE,TRUE,FALSE
"RIT1",8,"C3_07620C_A",3.68283088161756e-05,1.77565718816194e-06,0.221211884392965,TRUE,TRUE,FALSE
"CAALFM_C307630CA",2,"C3_07630C_A",0.284751861032933,1.84142904570239e-07,0.152974487884636,FALSE,TRUE,FALSE
"FUM12",1,"C3_07640C_A",3.51547137277421e-06,1.01087798529988e-103,0.740869942242425,TRUE,TRUE,FALSE
"CAALFM_C307650CA",3,"C3_07650C_A",0.00205895981644753,4.3744294731451e-16,0.108507311589993,TRUE,TRUE,FALSE
"CAALFM_C307660WA",7,"C3_07660W_A",0.122564304042538,5.34008037008561e-19,0.441735483150322,FALSE,TRUE,FALSE
"CAALFM_C307670WA",5,"C3_07670W_A",0.134472663108288,8.4415490346784e-20,0.122029578864993,FALSE,TRUE,FALSE
"CAALFM_C307680WA",7,"C3_07680W_A",0.0985367030651983,5.26024859181906e-21,0.0532727146423918,FALSE,TRUE,FALSE
"CAALFM_C307690CA",1,"C3_07690C_A",0.00049038987160625,1.27099254333315e-61,0.0059699977005975,TRUE,TRUE,TRUE
"CAALFM_C307700WA",2,"C3_07700W_A",2.99054846066556e-06,3.06805719513622e-66,0.530606058979383,TRUE,TRUE,FALSE
"ABD1",7,"C3_07710W_A",0.0549414402318224,3.35919047435909e-20,0.0861640364381101,FALSE,TRUE,FALSE
"WOR4",8,"C3_07730W_A",0.0138653459910457,1.99156467973815e-12,0.0768953130742443,TRUE,TRUE,FALSE
"CAALFM_C307740WA",2,"C3_07740W_A",0.202737698610653,0.0289107028195396,0.0985187349064775,FALSE,TRUE,FALSE
"UTP9",3,"C3_07750W_A",0.000668189203000855,2.60615207510531e-112,0.0447748457176308,TRUE,TRUE,TRUE
"CAALFM_C307760CA",5,"C3_07760C_A",7.95589424730603e-10,1.04104639560065e-163,0.710003173838763,TRUE,TRUE,FALSE
"CAALFM_C307770CA",2,"C3_07770C_A",0.223163380413392,2.73418269460288e-11,0.0766642315744744,FALSE,TRUE,FALSE
"NUP159",4,"C3_07780C_A",0.11627226863692,1.125574078312e-18,0.757654428845555,FALSE,TRUE,FALSE
"STD1",8,"C3_07790W_A",2.81520415994521e-06,7.20075366601291e-27,0.3642702938476,TRUE,TRUE,FALSE
"CAALFM_C307800CA",3,"C3_07800C_A",7.18316524021238e-10,1.33191682015896e-35,0.3259696498513,TRUE,TRUE,FALSE
"SEC61",1,"C3_07810C_A",0.00755916784000123,1.91463860593674e-93,6.23772814699176e-07,TRUE,TRUE,TRUE
"CAALFM_C307820WA",2,"C3_07820W_A",1.60810310324827e-08,2.05666036651685e-11,6.52272871429376e-06,TRUE,TRUE,TRUE
"FBP1",5,"C3_07830W_A",2.06966426851339e-07,2.2891598185128e-47,0.736476711810265,TRUE,TRUE,FALSE
"CAALFM_C307840CA",7,"C3_07840C_A",NA,2.55188991136934e-41,0.0294426742071231,FALSE,TRUE,TRUE
"CAALFM_C307850WA",4,"C3_07850W_A",0.0952517756746292,6.63329099636815e-21,0.831688392563203,FALSE,TRUE,FALSE
"MRR2",1,"C3_07860C_A",0.0744583251475726,3.14233773461935e-12,0.00479299457864482,FALSE,TRUE,TRUE
"CAALFM_C307880CA",2,"C3_07880C_A",0.247002330092633,1.87208894330914e-08,0.113817145532487,FALSE,TRUE,FALSE
"TIM8",2,"C3_07890W_A",3.41834062558978e-10,1.92827744432404e-38,0.000200440307673892,TRUE,TRUE,TRUE
"CAALFM_C307900CA",2,"C3_07900C_A",0.47155552653619,2.00887371293675e-17,0.0652293031541882,FALSE,TRUE,FALSE
"CAALFM_C307920WA",2,"C3_07920W_A",0.00601238359568077,5.19800984029948e-15,0.102083745112595,TRUE,TRUE,FALSE
"CAALFM_C307910WA",4,"C3_07910W_A",0.0460188283135225,2.39754726583828e-12,0.0877416247848026,TRUE,TRUE,FALSE
"CAALFM_C307930CA",7,"C3_07930C_A",0.000242277432490471,1.80444255787637e-27,0.355168443116697,TRUE,TRUE,FALSE
"CAALFM_C307940WA",4,"C3_07940W_A",0.281937468671971,1.38609516395681e-07,0.172902922766811,FALSE,TRUE,FALSE
"SRB1",1,"C3_07950C_A",0.000167638274557266,6.0368824303601e-82,0.0432286388982985,TRUE,TRUE,TRUE
"TLO8",4,"C3_07970C_A",0.000152934884403609,3.11998592848247e-10,0.0214661963183589,TRUE,TRUE,TRUE
"TLO9",4,"C4_00010W_A",0.0377702138404643,0.000580605829445604,0.215931805811858,TRUE,TRUE,FALSE
"CAALFM_C400020WA",4,"C4_00020W_A",0.00124052041362564,2.57052566513442e-71,0.506670687608878,TRUE,TRUE,FALSE
"CAALFM_C400030CA",4,"C4_00030C_A",0.195812408791173,3.65838930710934e-10,0.476344777836414,FALSE,TRUE,FALSE
"CNH1",2,"C4_00040W_A",0.424857830715876,1.77930574740523e-16,0.029498042604482,FALSE,TRUE,TRUE
"CAALFM_C400050WA",6,"C4_00050W_A",0.0218591296386688,1.24696915160098e-61,0.00345362829526041,TRUE,TRUE,TRUE
"CAALFM_C400060WA",6,"C4_00060W_A",0.0919500744630469,1.98072131288047e-13,0.0585042235226688,FALSE,TRUE,FALSE
"CAALFM_C400070CA",5,"C4_00070C_A",0.0861665394485365,0.000595877733173977,0.439502941711548,FALSE,TRUE,FALSE
"CAALFM_C400080CA",5,"C4_00080C_A",2.83640637215847e-07,1.49106960069997e-86,0.388817632934665,TRUE,TRUE,FALSE
"PHR3",7,"C4_00090W_A",3.97745186879956e-06,2.79401746216617e-63,0.0736407886670286,TRUE,TRUE,FALSE
"CAALFM_C400100CA",1,"C4_00100C_A",0.415602745803513,2.60693058011477e-13,0.137838268722214,FALSE,TRUE,FALSE
"FRP1",5,"C4_00110C_A",3.96275042730966e-18,1.1371584453048e-86,7.2056874358018e-10,TRUE,TRUE,TRUE
"PGA7",5,"C4_00120W_A",3.37402629709991e-15,2.5405407757104e-87,3.54470797677016e-05,TRUE,TRUE,TRUE
"RBT5",5,"C4_00130W_A",7.80400549137141e-18,3.29933712070986e-128,1.29647153012169e-08,TRUE,TRUE,TRUE
"HIS4",1,"C4_00140C_A",0.0222160397427863,1.69720052390952e-76,6.85842521406112e-09,TRUE,TRUE,TRUE
"PEX5",8,"C4_00150C_A",0.0132366139156154,5.8167856067263e-35,0.0547645253323763,TRUE,TRUE,FALSE
"CAR2",5,"C4_00160C_A",3.40328633331143e-06,9.0519321933382e-49,0.484029493687092,TRUE,TRUE,FALSE
"CAALFM_C400170WA",5,"C4_00170W_A",0.00238209225639829,2.01099246769926e-42,0.187624162722925,TRUE,TRUE,FALSE
"ECM7",8,"C4_00180W_A",3.47800878122492e-06,1.00974846447661e-33,0.000306612901594186,TRUE,TRUE,TRUE
"CAALFM_C400190WA",6,"C4_00190W_A",0.000894603673311676,6.61776222654919e-19,0.000403912485715004,TRUE,TRUE,TRUE
"MET15",1,"C4_00200C_A",3.41144703851763e-12,1.49903071393057e-127,3.2141981492291e-22,TRUE,TRUE,TRUE
"CAALFM_C400210WA",2,"C4_00210W_A",0.038105893270725,1.03762130817717e-14,0.0205648116664534,TRUE,TRUE,TRUE
"SUB2",1,"C4_00220C_A",0.00154300680217849,3.15715151656353e-196,0.0112639595871017,TRUE,TRUE,TRUE
"CAALFM_C400230WA",2,"C4_00230W_A",0.000147823464132229,2.9953261422171e-21,0.000438253334007385,TRUE,TRUE,TRUE
"PRO3",1,"C4_00240C_A",0.000902906056966878,9.62927431929002e-64,0.09603788928605,TRUE,TRUE,FALSE
"CAALFM_C400250WA",7,"C4_00250W_A",4.76531236137117e-06,9.98642314147487e-47,0.132664949232562,TRUE,TRUE,FALSE
"CAALFM_C400260WA",6,"C4_00260W_A",0.000214775234650175,2.40468311722417e-66,0.00565203155096605,TRUE,TRUE,TRUE
"ATP2",1,"C4_00270W_A",0.00197634581718299,3.65295323184198e-245,0.0103356795987505,TRUE,TRUE,TRUE
"STE24",1,"C4_00280W_A",0.000864199173979341,5.22587926507099e-37,0.0209356444723723,TRUE,TRUE,TRUE
"CAALFM_C400290CA",6,"C4_00290C_A",1.87158602701537e-07,6.76089269964757e-68,0.013976705090335,TRUE,TRUE,TRUE
"SWI1",7,"C4_00300C_A",0.208461976557768,2.2608308161449e-18,0.0409710996828935,FALSE,TRUE,TRUE
"MNN10",2,"C4_00310C_A",0.0372727089447082,1.53810751677236e-21,0.01461445714865,TRUE,TRUE,TRUE
"CAALFM_C400320CA",6,"C4_00320C_A",0.000220764775321431,1.20895789534149e-98,0.00233057474989329,TRUE,TRUE,TRUE
"CAALFM_C400330CA",4,"C4_00330C_A",4.56820990132705e-08,8.20972573526031e-22,0.0969775139237985,TRUE,TRUE,FALSE
"PTC7",4,"C4_00340W_A",0.0734938301758268,4.8344144522731e-36,0.832517441443422,FALSE,TRUE,FALSE
"PEP7",6,"C4_00350W_A",0.353122644374128,2.82712628951128e-33,0.045420486712202,FALSE,TRUE,TRUE
"RCH1",8,"C4_00360C_A",7.53198930605631e-05,9.62244247934898e-29,5.8963604588324e-05,TRUE,TRUE,TRUE
"HOF1",4,"C4_00370W_A",1.53452815649499e-05,1.03989519332215e-24,0.0104422778484431,TRUE,TRUE,TRUE
"CAALFM_C400380WA",1,"C4_00380W_A",0.0545191012473303,5.71871830027166e-93,0.608472279760838,FALSE,TRUE,FALSE
"CAALFM_C400390WA",4,"C4_00390W_A",1.36150239661346e-12,3.08521117461145e-12,1.79123705570463e-08,TRUE,TRUE,TRUE
"MNR2",6,"C4_00400W_A",0.991833515916217,0.00244185993915406,0.601595502226063,FALSE,TRUE,FALSE
"CAALFM_C400410WA",4,"C4_00410W_A",0.0457880455511804,2.42999900389491e-22,0.410414502978856,TRUE,TRUE,FALSE
"CAALFM_C400420CA",5,"C4_00420C_A",1.22776175852671e-06,4.45070267689791e-64,0.0800669012613679,TRUE,TRUE,FALSE
"MEP2",2,"C4_00430W_A",1.46718190054141e-12,3.57945900983636e-68,6.31195218020697e-15,TRUE,TRUE,TRUE
"OPT7",7,"C4_00440C_A",1.16811558579182e-05,9.95777451740033e-39,0.000129948416608906,TRUE,TRUE,TRUE
"PGA10",6,"C4_00450C_A",4.50352536906331e-05,1.72898132017938e-39,0.000211115174825698,TRUE,TRUE,TRUE
"CAALFM_C400460CA",7,"C4_00460C_A",0.0156102046646209,3.78011298294944e-16,0.00161803359351197,TRUE,TRUE,TRUE
"CAALFM_C400470CA",2,"C4_00470C_A",0.796773031078206,0.00137883029831776,0.172132549924825,FALSE,TRUE,FALSE
"DUR4",7,"C4_00480W_A",8.50051609373582e-05,1.68164630281241e-19,0.681320059702097,TRUE,TRUE,FALSE
"CAALFM_C400490WA",8,"C4_00490W_A",0.000256390394872565,1.52016283134341e-15,0.00254181520683285,TRUE,TRUE,TRUE
"CAALFM_C400500WA",5,"C4_00500W_A",0.0746385435484385,1.46281096528032e-30,0.015290520861885,FALSE,TRUE,TRUE
"RLP24",3,"C4_00510C_A",0.0010729022702803,5.15852908935848e-88,0.0141765454587384,TRUE,TRUE,TRUE
"PAM18",1,"C4_00520W_A",0.00564595112364912,1.34903948732789e-124,0.109302153383603,TRUE,TRUE,FALSE
"CAALFM_C400530CA",8,"C4_00530C_A",5.91161753488633e-06,0.000120864233078723,0.114866091491016,TRUE,TRUE,FALSE
"NMD5",1,"C4_00540C_A",0.132749110698077,7.00051696241251e-62,0.0121919623453546,FALSE,TRUE,TRUE
"CAALFM_C400560CA",5,"C4_00560C_A",0.0156694003851186,4.85867657335891e-36,0.00506212653142394,TRUE,TRUE,TRUE
"PCT1",4,"C4_00570C_A",0.102806097987027,3.88867524812602e-36,0.003618537224133,FALSE,TRUE,TRUE
"CAALFM_C400580WA",4,"C4_00580W_A",0.00401841263366526,1.85705310997646e-09,0.000743065408787493,TRUE,TRUE,TRUE
"CAALFM_C400590CA",1,"C4_00590C_A",1.995519638536e-07,1.56574290693556e-60,0.408191058081184,TRUE,TRUE,FALSE
"MUC1",5,"C4_00600C_A",0.0872113125571539,1.52272953363681e-19,0.435110098687403,FALSE,TRUE,FALSE
"CAALFM_C400610WA",8,"C4_00610W_A",0.000187276345928612,6.91297191489784e-31,0.0835291120752702,TRUE,TRUE,FALSE
"SPC2",4,"C4_00620C_A",0.360311049238421,5.26990000716672e-10,0.18278630038941,FALSE,TRUE,FALSE
"SEC72",4,"C4_00630C_A",0.225250189794921,1.86391747398112e-20,0.255341835300053,FALSE,TRUE,FALSE
"CAALFM_C400640WA",7,"C4_00640W_A",0.43669368955493,2.32170670877808e-08,0.763229300327619,FALSE,TRUE,FALSE
"HIS5",1,"C4_00650W_A",0.000761780514745573,3.22833870139897e-37,3.02134361866581e-08,TRUE,TRUE,TRUE
"CAALFM_C400660WA",1,"C4_00660W_A",5.41854383083601e-05,3.1770126762877e-208,0.0589257790406709,TRUE,TRUE,FALSE
"TOK1",8,"C4_00670W_A",5.08553739328978e-09,4.44382560579758e-09,0.00754332751332571,TRUE,TRUE,TRUE
"CAALFM_C400680WA",8,"C4_00680W_A",4.39152309992448e-05,8.37693335272434e-15,0.0634984062867738,TRUE,TRUE,FALSE
"CAALFM_C400690CA",8,"C4_00690C_A",0.00124394924029288,3.23308293590956e-12,0.018003235742705,TRUE,TRUE,TRUE
"CAALFM_C400700CA",1,"C4_00700C_A",0.0824914969419063,6.84724687651116e-13,0.00939860178976297,FALSE,TRUE,TRUE
"CAALFM_C400710WA",4,"C4_00710W_A",2.10724180724049e-09,6.4599826236264e-40,0.226904804301469,TRUE,TRUE,FALSE
"CSP2",6,"C4_00720W_A",0.137806218649678,1.13904949844264e-89,3.61411728277081e-07,FALSE,TRUE,TRUE
"CAALFM_C400730CA",7,"C4_00730C_A",0.0506429657572667,3.49124697080827e-26,0.0423837500793881,FALSE,TRUE,TRUE
"CAALFM_C400740WA",4,"C4_00740W_A",0.100763302676797,2.0852942620244e-08,0.0098182513271428,FALSE,TRUE,TRUE
"CAALFM_C400750CA",2,"C4_00750C_A",0.00366568293471039,5.83409009275595e-27,0.0100999651308169,TRUE,TRUE,TRUE
"ZCF21",8,"C4_00760W_A",0.014608232534725,1.15016935037961e-05,0.212928062298195,TRUE,TRUE,FALSE
"CAALFM_C400770CA",4,"C4_00770C_A",0.0692041266150814,2.22036073312281e-16,0.0239200015410309,FALSE,TRUE,TRUE
"CAALFM_C400780CA",6,"C4_00780C_A",0.713968133222835,0.000304193954757293,0.46458476958791,FALSE,TRUE,FALSE
"MLH1",7,"C4_00790C_A",0.0299729570725922,4.89825184160294e-18,0.0427326238523106,TRUE,TRUE,TRUE
"CAALFM_C400800WA",2,"C4_00800W_A",0.000747866416363211,5.08188900039814e-20,0.0561618691628885,TRUE,TRUE,FALSE
"CAALFM_C400810CA",2,"C4_00810C_A",0.00618761867832262,6.19884331741327e-33,0.0066097651164158,TRUE,TRUE,TRUE
"CAALFM_C400820WA",1,"C4_00820W_A",0.0080001094004025,3.62554052763038e-123,0.0977013134988831,TRUE,TRUE,FALSE
"SPS20",5,"C4_00830W_A",5.17386834077783e-07,6.62520623915583e-89,0.205963882213697,TRUE,TRUE,FALSE
"CAALFM_C400840WA",8,"C4_00840W_A",0.0415523135177661,1.166437731883e-33,0.0135562556366716,TRUE,TRUE,TRUE
"CAALFM_C400850CA",6,"C4_00850C_A",8.06080395091621e-05,4.09316702860457e-22,0.446460631977614,TRUE,TRUE,FALSE
"CAALFM_C400860CA",8,"C4_00860C_A",1.28569449157728e-06,4.66833311381478e-10,2.19863092513839e-06,TRUE,TRUE,TRUE
"CAALFM_C400880WA",1,"C4_00880W_A",3.77440117217878e-05,4.56176845164096e-107,0.0206259017213518,TRUE,TRUE,TRUE
"ARO1",1,"C4_00890W_A",0.00296476125108379,1.25265134173563e-83,4.92504641345575e-10,TRUE,TRUE,TRUE
"CAALFM_C400910CA",6,"C4_00910C_A",0.0869730576697917,6.93804713482196e-24,0.0678274377107102,FALSE,TRUE,FALSE
"CAALFM_C400920CA",7,"C4_00920C_A",0.00187896277085264,3.79912242643363e-21,0.531130166631023,TRUE,TRUE,FALSE
"CAALFM_C400940WA",3,"C4_00940W_A",0.289534273655084,9.87709916281355e-20,0.233184336465533,FALSE,TRUE,FALSE
"CAALFM_C400950CA",6,"C4_00950C_A",2.20315734629367e-10,6.88404837624588e-77,0.00485025838091904,TRUE,TRUE,TRUE
"PTC8",8,"C4_00960W_A",1.5626738473812e-13,1.43299395079469e-05,5.69169058227903e-05,TRUE,TRUE,TRUE
"MDN1",2,"C4_00970C_A",0.00530226539054407,5.35805387798969e-16,0.12073561867836,TRUE,TRUE,FALSE
"MRV1",6,"C4_00980C_A",5.44681634768513e-15,1.30063618745119e-136,0.00250939256770275,TRUE,TRUE,TRUE
"CAALFM_C400990WA",6,"C4_00990W_A",3.02935655104152e-05,1.0496872059588e-24,0.096861913468661,TRUE,TRUE,FALSE
"PGA57",6,"C4_01000C_A",1.05156891159566e-10,2.60041665431234e-25,2.35612253413881e-11,TRUE,TRUE,TRUE
"DAG7",3,"C4_01010C_A",0.529149141914274,3.10146871235936e-36,0.391241776669845,FALSE,TRUE,FALSE
"CAALFM_C401020CA",6,"C4_01020C_A",0.301308858506805,4.2549712876497e-08,0.0877416247848026,FALSE,TRUE,FALSE
"RPL40B",1,"C4_01050C_A",3.01753146399065e-22,9.5314437342263e-114,0.00399082634066172,TRUE,TRUE,TRUE
"MLP1",4,"C4_01060W_A",0.319912445978991,2.88277628221576e-08,0.0254098762063431,FALSE,TRUE,TRUE
"HGT17",5,"C4_01070W_A",1.32254989705713e-10,1.39951026569934e-71,1.92443034460965e-07,TRUE,TRUE,TRUE
"RAT1",3,"C4_01080W_A",0.0231104321307411,3.19488479164006e-30,0.620993388172867,TRUE,TRUE,FALSE
"CAALFM_C401090CA",6,"C4_01090C_A",0.000106913506593081,1.93900426960522e-26,0.60854153786658,TRUE,TRUE,FALSE
"AGP2",8,"C4_01100C_A",6.72821455966633e-14,2.82909145890675e-49,5.06765499439952e-09,TRUE,TRUE,TRUE
"CAALFM_C401120CA",6,"C4_01120C_A",0.688966801203665,2.92362402812529e-25,0.000766633253389168,FALSE,TRUE,TRUE
"CAALFM_C401130CA",8,"C4_01130C_A",0.175994390582742,3.82748445247986e-12,0.297190886196483,FALSE,TRUE,FALSE
"CAALFM_C401140CA",2,"C4_01140C_A",0.503274826367887,1.36100593516663e-23,0.0112639595871017,FALSE,TRUE,TRUE
"ASK1",2,"C4_01150W_A",0.000164396774914282,0.00186457027949951,0.000654274426791986,TRUE,TRUE,TRUE
"CRD2",2,"C4_01160W_A",1.17255707676936e-19,7.03165808885283e-20,1.12879153381648e-15,TRUE,TRUE,TRUE
"BMT9",6,"C4_01170C_A",1.60988995605412e-11,7.13757772929146e-78,0.0158910257976597,TRUE,TRUE,TRUE
"CAS5",1,"C4_01190W_A",0.056584196399593,5.94998210232391e-48,0.0637442264676261,FALSE,TRUE,FALSE
"AAT22",1,"C4_01200C_A",0.066147713735379,1.14160338019967e-17,0.0201154618448917,FALSE,TRUE,TRUE
"tS(UGA)3",8,"C4_01210C_A",0.00176424489909213,2.2455933517955e-16,0.792223911207908,TRUE,TRUE,FALSE
"CAALFM_C401220CA",7,"C4_01220C_A",2.0188285042463e-12,1.90203612273188e-80,0.00457155658333789,TRUE,TRUE,TRUE
"CAALFM_C401230CA",2,"C4_01230C_A",0.207847703652582,5.01453184804905e-36,0.00170008692643815,FALSE,TRUE,TRUE
"CAALFM_C401240CA",7,"C4_01240C_A",0.0634548850797363,6.94427877743144e-47,3.71803832086502e-06,FALSE,TRUE,TRUE
"NAT4",2,"C4_01250W_A",0.000534051679659109,5.17657726848267e-11,0.00184151220715924,TRUE,TRUE,TRUE
"RLM1",8,"C4_01260W_A",8.85210542877548e-08,2.42649706073711e-07,6.20874720317546e-05,TRUE,TRUE,TRUE
"RPS6A",1,"C4_01270W_A",2.15217486145447e-15,2.25208034166826e-162,0.000841932587565361,TRUE,TRUE,TRUE
"CAALFM_C401280CA",7,"C4_01280C_A",0.10631343666751,1.30136662590252e-30,0.317895807296158,FALSE,TRUE,FALSE
"CAALFM_C401290WA",6,"C4_01290W_A",0.897751948505531,1.1680259137816e-16,0.499386041131304,FALSE,TRUE,FALSE
"CAALFM_C401300WA",8,"C4_01300W_A",5.91139167156291e-11,7.15140690867319e-27,0.00572303522182532,TRUE,TRUE,TRUE
"CAALFM_C401310WA",2,"C4_01310W_A",0.868323760542292,0.0362739376276099,0.827029694983793,FALSE,TRUE,FALSE
"OPT6",7,"C4_01320C_A",0.000725810556625272,2.44528789392861e-56,0.00173531174192202,TRUE,TRUE,TRUE
"CAALFM_C401340WA",8,"C4_01340W_A",2.10746799825641e-09,1.01981772913572e-06,1.84006316307856e-06,TRUE,TRUE,TRUE
"PGA53",1,"C4_01360W_A",1.16383538972813e-05,1.1991824313234e-103,0.000639657624417501,TRUE,TRUE,TRUE
"ILV6",1,"C4_01370W_A",0.000133650322600789,5.7650514089846e-206,5.33227168579935e-13,TRUE,TRUE,TRUE
"ZCF27",7,"C4_01380W_A",0.0107189836785014,1.93269957258869e-26,0.0610532237791204,TRUE,TRUE,FALSE
"HAP3",6,"C4_01390W_A",1.87579882555286e-05,1.86340145360777e-29,0.0545277169089511,TRUE,TRUE,FALSE
"UEC1",7,"C4_01400W_A",NA,3.87189808570755e-39,0.000145291866567309,FALSE,TRUE,TRUE
"BEM1",2,"C4_01410W_A",0.0809999279436791,4.40121655579665e-13,0.0127567472343713,FALSE,TRUE,TRUE
"CAALFM_C401420WA",7,"C4_01420W_A",5.45043772233076e-08,2.53647496417184e-56,0.00189580098482443,TRUE,TRUE,TRUE
"CAALFM_C401430CA",2,"C4_01430C_A",0.507909846254688,6.01794992430098e-11,0.478142726834494,FALSE,TRUE,FALSE
"NMT1",2,"C4_01440W_A",0.650148086860036,0.0163563476262701,0.526612176392576,FALSE,TRUE,FALSE
"PWP1",3,"C4_01450W_A",0.00116112080646633,1.171120887854e-65,0.710415993760396,TRUE,TRUE,FALSE
"CAALFM_C401460CA",7,"C4_01460C_A",0.791906282242276,9.70461239680956e-43,0.000204752725287579,FALSE,TRUE,TRUE
"CAALFM_C401470WA",7,"C4_01470W_A",0.229134416635924,2.00306572553102e-16,0.0158515757047908,FALSE,TRUE,TRUE
"NIP1",1,"C4_01490W_A",0.00153945285474546,4.18822559857875e-113,0.0179396206364906,TRUE,TRUE,TRUE
"CAALFM_C401500WA",8,"C4_01500W_A",0.000174055531580563,3.81504698556605e-49,0.722092693622923,TRUE,TRUE,FALSE
"CAALFM_C401510WA",6,"C4_01510W_A",6.5957836998552e-06,6.18764481330273e-50,0.173115756315298,TRUE,TRUE,FALSE
"RPL20B",1,"C4_01520C_A",1.48051261973282e-10,1.99772524878953e-170,0.000348382553323506,TRUE,TRUE,TRUE
"ERG251",5,"C4_01530C_A",0.0252084198589351,7.70128057132585e-23,0.00976360711759141,TRUE,TRUE,TRUE
"CPA1",2,"C4_01550C_A",7.6520595094318e-14,4.2471729248333e-36,3.9254566864391e-32,TRUE,TRUE,TRUE
"CAALFM_C401560CA",6,"C4_01560C_A",0.000895287421652563,7.82372480814817e-44,0.826547363561912,TRUE,TRUE,FALSE
"CAALFM_C401570CA",8,"C4_01570C_A",6.84087166475704e-09,0.0624432496124678,0.0380279315612563,TRUE,FALSE,TRUE
"CAALFM_C401580CA",8,"C4_01580C_A",2.28962556344753e-06,9.65348185026847e-61,0.810133511737076,TRUE,TRUE,FALSE
"CAALFM_C401590CA",8,"C4_01590C_A",0.000173507420732555,5.85732665645252e-25,0.504096721325348,TRUE,TRUE,FALSE
"CAALFM_C401600CA",8,"C4_01600C_A",0.000311948753946769,3.56298949697026e-05,0.0166720655838781,TRUE,TRUE,TRUE
"CAALFM_C401610CA",8,"C4_01610C_A",0.0128848859759108,3.39150674421901e-18,0.642854449467534,TRUE,TRUE,FALSE
"CAALFM_C401620CA",8,"C4_01620C_A",0.000537607708880575,7.15165068194284e-35,0.0451722402766236,TRUE,TRUE,TRUE
"CAALFM_C401630CA",8,"C4_01630C_A",2.35772250838466e-07,1.48371592271033e-95,0.0168379885289125,TRUE,TRUE,TRUE
"CAALFM_C401640CA",8,"C4_01640C_A",1.33360613318769e-09,4.86827120464931e-27,0.000215466992966341,TRUE,TRUE,TRUE
"CAALFM_C401650CA",2,"C4_01650C_A",0.10010186733406,7.08069127474191e-08,0.107967718793449,FALSE,TRUE,FALSE
"CAALFM_C401660WA",2,"C4_01660W_A",0.612191552598391,1.42073890042227e-09,0.486607829457911,FALSE,TRUE,FALSE
"CAALFM_C401670CA",4,"C4_01670C_A",0.114612809534157,3.6057477993824e-27,0.174031307377717,FALSE,TRUE,FALSE
"TOA2",7,"C4_01680W_A",0.875577000375716,3.06687349018151e-10,0.0336031527938024,FALSE,TRUE,TRUE
"HRT2",4,"C4_01690C_A",7.35998265193838e-10,9.19716556981562e-77,0.000379223124886279,TRUE,TRUE,TRUE
"NHP6A",4,"C4_01700C_A",0.00282159455530251,2.36979758645408e-16,6.69924120911108e-06,TRUE,TRUE,TRUE
"CAALFM_C401710CA",1,"C4_01710C_A",0.0274554738159224,1.84794258640753e-15,0.00821003705675418,TRUE,TRUE,TRUE
"CAALFM_C401720CA",1,"C4_01720C_A",0.0147506573733435,4.19126812682257e-25,0.000205906791303956,TRUE,TRUE,TRUE
"CAALFM_C401730CA",4,"C4_01730C_A",0.00087352284874065,2.34071936362945e-51,0.640952116312378,TRUE,TRUE,FALSE
"TIM12",1,"C4_01740W_A",1.14207716954961e-05,1.0551798451424e-85,0.0007768427163175,TRUE,TRUE,TRUE
"FBA1",1,"C4_01750C_A",1.81858910379552e-06,9.84643033858101e-88,3.77461076079815e-06,TRUE,TRUE,TRUE
"CAALFM_C401760WA",4,"C4_01760W_A",0.0024074820656924,1.73546410637395e-11,0.000340292869351348,TRUE,TRUE,TRUE
"POL30",1,"C4_01770W_A",5.01798120252252e-13,1.6110692011878e-26,0.037943164685698,TRUE,TRUE,TRUE
"CAALFM_C401780CA",6,"C4_01780C_A",0.270420497138067,1.01412333417871e-30,0.805344704039293,FALSE,TRUE,FALSE
"CAALFM_C401790WA",6,"C4_01790W_A",0.000256390394872565,3.28464953078743e-52,0.00882192044855332,TRUE,TRUE,TRUE
"CAALFM_C401800WA",5,"C4_01800W_A",0.302091575457047,5.26037731762683e-24,0.0158515757047908,FALSE,TRUE,TRUE
"CAALFM_C401820CA",4,"C4_01820C_A",0.142804325295599,5.16728180972522e-23,0.216706838019124,FALSE,TRUE,FALSE
"CAALFM_C401830CA",5,"C4_01830C_A",0.000747002990526177,2.67859222377691e-62,0.0291808922403451,TRUE,TRUE,TRUE
"CAALFM_C401840CA",5,"C4_01840C_A",0.00349283514844642,7.27413030789421e-22,0.296332808547522,TRUE,TRUE,FALSE
"PDC12",5,"C4_01850C_A",0.812388886603829,1.67986049790761e-10,0.714258464535228,FALSE,TRUE,FALSE
"CAALFM_C401860CA",5,"C4_01860C_A",0.233215302200001,6.69142353960505e-41,0.00289834111197763,FALSE,TRUE,TRUE
"ERG8",4,"C4_01870C_A",0.000374254084189944,2.08022694188656e-87,0.852541522520051,TRUE,TRUE,FALSE
"TYR1",4,"C4_01880W_A",0.0025178177859693,1.75948785902999e-38,0.953241524173254,TRUE,TRUE,FALSE
"ARL1",2,"C4_01890C_A",0.220915645619932,0.000981737162251574,0.532136236433154,FALSE,TRUE,FALSE
"MDH1-1",1,"C4_01900C_A",4.74533566851838e-05,2.47742384660092e-79,0.00222426765037568,TRUE,TRUE,TRUE
"CAALFM_C401910WA",4,"C4_01910W_A",4.07544729029395e-06,1.12629868976614e-30,5.90689139328232e-05,TRUE,TRUE,TRUE
"DPM3",1,"C4_01920W_A",2.68617100959948e-07,2.177525842968e-59,0.00100220705160024,TRUE,TRUE,TRUE
"CAALFM_C401930CA",4,"C4_01930C_A",0.173189711384528,4.80722296980702e-35,0.00232437925570643,FALSE,TRUE,TRUE
"PHO89",8,"C4_01940W_A",9.86359881451371e-14,6.87583126604936e-10,1.00325462743564e-09,TRUE,TRUE,TRUE
"CAALFM_C401950WA",4,"C4_01950W_A",2.44470290904294e-05,1.13142634323204e-48,2.99777355373434e-08,TRUE,TRUE,TRUE
"CAALFM_C401960CA",8,"C4_01960C_A",0.198748469034785,9.74002796102007e-10,0.000277919466142055,FALSE,TRUE,TRUE
"CAALFM_C401970WA",6,"C4_01970W_A",0.015897308455205,2.03852076226264e-61,0.00088828631688071,TRUE,TRUE,TRUE
"CLC1",4,"C4_01980C_A",7.61218697441041e-07,1.79304662692313e-30,2.7936580564206e-06,TRUE,TRUE,TRUE
"CAALFM_C401990WA",2,"C4_01990W_A",0.007303166608052,4.46312609453272e-23,0.412515596404523,TRUE,TRUE,FALSE
"RGA2",8,"C4_02000C_A",7.12780635890253e-06,1.96491156563795e-21,0.000277919466142055,TRUE,TRUE,TRUE
"HSX11",7,"C4_02010C_A",0.00586889842073452,3.10877305336732e-08,0.0954230635537979,TRUE,TRUE,FALSE
"CAT2",5,"C4_02020W_A",2.16044981747792e-07,4.97629576652906e-111,0.137961032495865,TRUE,TRUE,FALSE
"RFX2",3,"C4_02030W_A",0.000352135684075309,7.46411810835384e-08,0.676576550781884,TRUE,TRUE,FALSE
"CAALFM_C402040WA",5,"C4_02040W_A",0.210291790558161,2.76591640134557e-26,0.162752279319757,FALSE,TRUE,FALSE
"HGH1",1,"C4_02050W_A",3.70873487943522e-07,8.77935953742012e-164,0.139408385496942,TRUE,TRUE,FALSE
"TFG1",2,"C4_02060C_A",0.003924094376468,1.10538147391272e-11,2.00777419485149e-10,TRUE,TRUE,TRUE
"PHO114",6,"C4_02070W_A",0.000741436222957732,3.09932462935828e-48,1.74836994087438e-05,TRUE,TRUE,TRUE
"CAALFM_C402080WA",1,"C4_02080W_A",0.354396962373888,2.79031049398062e-62,0.000172339732532433,FALSE,TRUE,TRUE
"CAALFM_C402090CA",3,"C4_02090C_A",0.022275379918239,2.24552786708063e-25,0.054451437416194,TRUE,TRUE,FALSE
"CAALFM_C402100CA",1,"C4_02100C_A",0.104876367855295,4.30849673576093e-24,0.0100520140343772,FALSE,TRUE,TRUE
"CAALFM_C402110WA",6,"C4_02110W_A",0.252549570185448,3.69789973009116e-86,5.30142290383649e-10,FALSE,TRUE,TRUE
"ERV29",1,"C4_02120W_A",0.233671336908964,1.0384280516741e-51,0.0877906215154441,FALSE,TRUE,FALSE
"CYT2",1,"C4_02130W_A",0.000555202048055754,7.47256649034224e-21,0.173115756315298,TRUE,TRUE,FALSE
"TIM10",2,"C4_02140C_A",0.00111322981628767,1.64791493606018e-20,0.000692152614520477,TRUE,TRUE,TRUE
"CAALFM_C402150CA",8,"C4_02150C_A",6.99755861753713e-15,5.10378115969014e-162,0.00418094599376541,TRUE,TRUE,TRUE
"CAALFM_C402160CA",5,"C4_02160C_A",0.118485567495496,6.12369856298955e-18,0.270756098252313,FALSE,TRUE,FALSE
"CAALFM_C402170CA",6,"C4_02170C_A",6.15057059257112e-05,5.18404500070609e-08,0.0267853537179574,TRUE,TRUE,TRUE
"ZCF26",7,"C4_02180C_A",7.01229296547162e-06,2.41096612950245e-46,0.243755057083594,TRUE,TRUE,FALSE
"CAALFM_C402190CA",7,"C4_02190C_A",5.3501979286254e-08,1.33883048649269e-77,0.0111326880610925,TRUE,TRUE,TRUE
"CAALFM_C402200CA",6,"C4_02200C_A",2.16044981747792e-07,2.81930371702525e-67,1.70536027702932e-19,TRUE,TRUE,TRUE
"CAALFM_C402210WA",6,"C4_02210W_A",3.83672058320143e-07,1.24871031337829e-110,6.65838411873585e-07,TRUE,TRUE,TRUE
"ZCF25",6,"C4_02220C_A",1.80418646842822e-11,7.53618058454669e-35,0.000724421937639342,TRUE,TRUE,TRUE
"CAALFM_C402230CA",6,"C4_02230C_A",1.76361962180411e-11,1.29751450107586e-203,2.10687273132125e-07,TRUE,TRUE,TRUE
"CAALFM_C402240CA",7,"C4_02240C_A",0.0916026352504028,4.8468179818539e-33,0.619734856766117,FALSE,TRUE,FALSE
"BGL2",1,"C4_02250C_A",0.0594268346226725,8.64168672764335e-16,0.00901441756377688,FALSE,TRUE,TRUE
"CAALFM_C402260CA",3,"C4_02260C_A",0.000150982419669194,4.05453665972265e-76,0.00120152828145239,TRUE,TRUE,TRUE
"BFR1",1,"C4_02270C_A",3.90978967780139e-20,8.71684940162814e-151,0.000685797877181572,TRUE,TRUE,TRUE
"IDI1",1,"C4_02280W_A",0.0779338511469046,4.68265710714533e-101,0.0604256615066507,FALSE,TRUE,FALSE
"LAB5",6,"C4_02290W_A",0.519313948441173,0.00429912970007338,0.0818698723521128,FALSE,TRUE,FALSE
"HOS3",6,"C4_02300W_A",2.15730382537579e-06,1.77994728122531e-95,0.00847394692894783,TRUE,TRUE,TRUE
"BEM3",7,"C4_02310W_A",0.0041789191350714,1.14071279335876e-28,0.00474706538005858,TRUE,TRUE,TRUE
"SOD1",4,"C4_02320C_A",1.6876621058948e-09,1.42164470544515e-77,8.68814577895737e-12,TRUE,TRUE,TRUE
"CAALFM_C402330CA",6,"C4_02330C_A",1.69679391966347e-05,3.77962632627037e-123,0.000268029818017959,TRUE,TRUE,TRUE
"CAALFM_C402340WA",6,"C4_02340W_A",6.18192464845078e-14,6.44152651017224e-125,0.00726269220525231,TRUE,TRUE,TRUE
"AMS1",5,"C4_02360W_A",2.58977782844632e-23,1.53489613766509e-269,2.86681699234027e-07,TRUE,TRUE,TRUE
"PGA59",1,"C4_02370C_A",2.24871874060663e-06,5.40207600672869e-84,0.00077344249543609,TRUE,TRUE,TRUE
"PGA62",8,"C4_02390W_A",0.0233040673486962,1.79292905993339e-19,3.5132342874632e-06,TRUE,TRUE,TRUE
"CAALFM_C402400CA",7,"C4_02400C_A",0.0598720788543328,3.2903226758371e-29,0.0450287764100503,FALSE,TRUE,TRUE
"AHP1",5,"C4_02410C_A",3.38605961041408e-06,2.38542251254862e-48,0.00283573188374048,TRUE,TRUE,TRUE
"CAALFM_C402420CA",2,"C4_02420C_A",0.542986160081048,1.450736348363e-18,0.0067004915588181,FALSE,TRUE,TRUE
"CAALFM_C402430WA",2,"C4_02430W_A",0.0697536074782772,5.0918112711299e-23,0.719446035349465,FALSE,TRUE,FALSE
"PGA38",1,"C4_02440C_A",3.83299934847119e-05,5.36255653131618e-90,1.51382528457222e-08,TRUE,TRUE,TRUE
"CAALFM_C402450WA",4,"C4_02450W_A",0.466299620553807,6.16186200739092e-11,0.486797084154279,FALSE,TRUE,FALSE
"CAALFM_C402460WA",1,"C4_02460W_A",0.106445500019863,5.76952583847806e-22,0.17673393119602,FALSE,TRUE,FALSE
"CAALFM_C402470CA",4,"C4_02470C_A",0.00131771401304589,6.94999923942066e-76,0.00166927960121957,TRUE,TRUE,TRUE
"TIM13",2,"C4_02480C_A",7.15685600000726e-10,2.98065672785688e-47,0.00155885204243779,TRUE,TRUE,TRUE
"ZCF15",8,"C4_02490W_A",6.90476993827847e-05,8.01847992517947e-47,0.0113046573421524,TRUE,TRUE,TRUE
"ADR1",8,"C4_02500C_A",2.73088218489548e-18,6.1021377304468e-147,3.3159465872731e-05,TRUE,TRUE,TRUE
"CAALFM_C402510WA",8,"C4_02510W_A",6.35561359843499e-10,9.86052960247726e-35,0.00547585652432798,TRUE,TRUE,TRUE
"CAALFM_C402520CA",7,"C4_02520C_A",5.44563605418712e-05,4.31770468524155e-162,0.000540337307095886,TRUE,TRUE,TRUE
"ARG83",6,"C4_02530W_A",2.55910801423263e-05,2.16057205359015e-51,0.496399131914555,TRUE,TRUE,FALSE
"RGT1",6,"C4_02540W_A",1.43350733776712e-07,1.67053690039112e-71,0.0992439262868807,TRUE,TRUE,FALSE
"EMP70",1,"C4_02550C_A",0.914613809877585,2.74887406239518e-21,0.0253073071979948,FALSE,TRUE,TRUE
"UME7",7,"C4_02560C_A",2.82592278693826e-06,3.47322729809415e-67,0.185026497224052,TRUE,TRUE,FALSE
"CAALFM_C402570CA",6,"C4_02570C_A",0.0347714815009194,2.90079900853004e-30,0.00255145886413102,TRUE,TRUE,TRUE
"CAALFM_C402590CA",7,"C4_02590C_A",0.002705753054792,9.47230942111164e-37,3.30036990941446e-06,TRUE,TRUE,TRUE
"CAALFM_C402600CA",2,"C4_02600C_A",2.01428345760998e-06,5.75748041347626e-08,0.00652908381423889,TRUE,TRUE,TRUE
"SUL2",1,"C4_02610C_A",0.000320051234547126,2.75049722466607e-136,3.26198746955903e-22,TRUE,TRUE,TRUE
"CAALFM_C402620CA",5,"C4_02620C_A",1.4149144978343e-11,4.74189639550995e-63,0.0088158482026435,TRUE,TRUE,TRUE
"HFL2",7,"C4_02630C_A",8.90678399553698e-06,2.85744310489353e-30,0.354514366991671,TRUE,TRUE,FALSE
"SEN2",3,"C4_02640C_A",2.86330201030419e-11,7.64331261347057e-57,5.2714942006391e-05,TRUE,TRUE,TRUE
"CAALFM_C402650CA",8,"C4_02650C_A",8.69525075177468e-06,3.62180861028386e-11,0.000368378320506167,TRUE,TRUE,TRUE
"CAALFM_C402660WA",6,"C4_02660W_A",6.76142660301911e-07,5.8259183442508e-82,1.12796287462643e-05,TRUE,TRUE,TRUE
"CAALFM_C402670WA",6,"C4_02670W_A",0.000911263873545486,1.88828522199662e-103,0.13050406227642,TRUE,TRUE,FALSE
"CAALFM_C402690WA",6,"C4_02690W_A",0.0479166470491632,2.12501414442448e-35,0.00412524618475837,TRUE,TRUE,TRUE
"CAALFM_C402700WA",2,"C4_02700W_A",0.062456757987719,0.019408742029694,0.0132049790345886,FALSE,TRUE,TRUE
"GRX3",3,"C4_02710C_A",0.449389752216537,4.43753367579048e-50,0.0760501764621369,FALSE,TRUE,FALSE
"CAALFM_C402720CA",8,"C4_02720C_A",3.63638203151338e-14,4.39987528472474e-34,1.7287805596329e-10,TRUE,TRUE,TRUE
"CAALFM_C402740WA",8,"C4_02740W_A",1.16573580954726e-23,2.81011003517173e-22,6.57628147485193e-09,TRUE,TRUE,TRUE
"HIT1",7,"C4_02750W_A",2.90866399962183e-05,1.63227837098776e-17,0.176744133683833,TRUE,TRUE,FALSE
"CGR1",5,"C4_02760C_A",9.09538032334135e-11,2.31403186178795e-59,0.243755057083594,TRUE,TRUE,FALSE
"CAALFM_C402770CA",2,"C4_02770C_A",0.237148331231272,2.49953919293537e-23,0.0155768705474303,FALSE,TRUE,TRUE
"CAALFM_C402780WA",1,"C4_02780W_A",5.81768115296971e-05,2.50550561896756e-83,0.198521539183108,TRUE,TRUE,FALSE
"SAS10",3,"C4_02790C_A",0.00196553527915907,1.34491964315862e-58,0.359471482410252,TRUE,TRUE,FALSE
"RPC53",3,"C4_02800W_A",0.00172732064949635,4.73413248295736e-26,0.472460304816569,TRUE,TRUE,FALSE
"CAALFM_C402820WA",7,"C4_02820W_A",NA,2.48089205675013e-78,0.00374538856370489,FALSE,TRUE,TRUE
"HCA4",3,"C4_02830C_A",0.000248140809090596,3.59000096187102e-81,0.418668528460914,TRUE,TRUE,FALSE
"MED20",4,"C4_02840C_A",0.0257529294295795,3.85044499182159e-13,0.0162318886614814,TRUE,TRUE,TRUE
"CAALFM_C402850WA",1,"C4_02850W_A",0.000370938297786111,6.15230843785551e-79,0.518433257688334,TRUE,TRUE,FALSE
"CAALFM_C402860WA",5,"C4_02860W_A",0.00180103542656849,8.6785992090178e-69,0.069651172314312,TRUE,TRUE,FALSE
"ZUO1",1,"C4_02870C_A",2.67126502154583e-13,4.60548485163385e-217,0.0151852122447725,TRUE,TRUE,TRUE
"CAALFM_C402880CA",3,"C4_02880C_A",0.00380814686694944,6.04859001705654e-27,0.00351568415461695,TRUE,TRUE,TRUE
"QCR9",4,"C4_02890C_A",2.21408873312453e-07,5.73515092095114e-15,0.000483038825013893,TRUE,TRUE,TRUE
"CRH11",1,"C4_02900C_A",0.000318891171804663,2.82858864860759e-12,0.237062069651601,TRUE,TRUE,FALSE
"CAALFM_C402920WA",8,"C4_02920W_A",6.12455131652129e-06,1.57789852513088e-34,0.532992249191002,TRUE,TRUE,FALSE
"CAALFM_C402930WA",8,"C4_02930W_A",4.16724789582902e-14,8.66627059301278e-190,0.292011890030615,TRUE,TRUE,FALSE
"ABP1",5,"C4_02940W_A",8.33488333707581e-06,4.74579729462023e-150,0.0163634886669062,TRUE,TRUE,TRUE
"CAALFM_C402950CA",4,"C4_02950C_A",0.0105718373130102,4.01734166151696e-14,3.06448655653454e-08,TRUE,TRUE,TRUE
"CAALFM_C402960WA",8,"C4_02960W_A",0.000717052038761908,1.66813798155152e-09,0.0865920766865915,TRUE,TRUE,FALSE
"UBR1",1,"C4_02970C_A",0.541880191341432,1.04798753996546e-18,0.0274712953224291,FALSE,TRUE,TRUE
"TYS1",1,"C4_02980W_A",0.000131982309588368,4.91601861190629e-240,0.000148179743768439,TRUE,TRUE,TRUE
"GST2",5,"C4_02990C_A",4.3445017623989e-17,2.62549922292774e-22,7.54171798662521e-05,TRUE,TRUE,TRUE
"CAALFM_C403000CA",8,"C4_03000C_A",1.89856121963539e-07,1.5445779838303e-37,0.0537045359952641,TRUE,TRUE,FALSE
"CAALFM_C403020WA",5,"C4_03020W_A",0.00620751128602397,3.22549090594831e-09,0.218474568721651,TRUE,TRUE,FALSE
"NAN1",3,"C4_03030C_A",0.000945927695624447,8.84327434531727e-130,0.00559844643630272,TRUE,TRUE,TRUE
"CAALFM_C403040WA",3,"C4_03040W_A",0.0115346001323391,2.5238346628222e-29,0.0761285846966936,TRUE,TRUE,FALSE
"CAALFM_C403050CA",5,"C4_03050C_A",3.20243735363664e-11,2.55272446182097e-153,2.87686735220842e-09,TRUE,TRUE,TRUE
"PGA54",1,"C4_03070W_A",0.000315832734873192,3.14504186754283e-95,0.00709355685384129,TRUE,TRUE,TRUE
"CAALFM_C403080WA",2,"C4_03080W_A",0.218639854356276,1.83796623586428e-10,0.409992309898137,FALSE,TRUE,FALSE
"CAALFM_C403090WA",6,"C4_03090W_A",0.0239747005558516,5.32719524118726e-26,0.0474046163130226,TRUE,TRUE,TRUE
"RBT7",5,"C4_03100W_A",0.0402732552224518,1.94677044261514e-33,0.0665305203520688,TRUE,TRUE,FALSE
"CAALFM_C403110WA",8,"C4_03110W_A",0.613743532426112,0.000596268077114252,0.311476546953629,FALSE,TRUE,FALSE
"BUB1",2,"C4_03120C_A",1.79374342282971e-05,3.48418012663151e-07,0.0533658343853345,TRUE,TRUE,FALSE
"CAALFM_C403130WA",4,"C4_03130W_A",0.842046339619063,1.81076503031007e-10,0.18929611818891,FALSE,TRUE,FALSE
"CAALFM_C403140CA",1,"C4_03140C_A",0.061337680253686,1.84034486801506e-98,0.0122798368679455,FALSE,TRUE,TRUE
"CAALFM_C403150WA",2,"C4_03150W_A",0.235014078704335,0.000247777815385457,0.40279127042584,FALSE,TRUE,FALSE
"CAALFM_C403160CA",6,"C4_03160C_A",0.235995588958604,3.31415887373285e-81,7.76759548157342e-12,FALSE,TRUE,TRUE
"CAALFM_C403170WA",2,"C4_03170W_A",0.000101803601147789,2.31182634314838e-09,0.000454431739606173,TRUE,TRUE,TRUE
"NCP1",1,"C4_03180W_A",0.137166063941784,1.36156069240019e-32,0.360920424582201,FALSE,TRUE,FALSE
"CAALFM_C403190WA",6,"C4_03190W_A",0.0427464399378851,9.9093084129004e-18,0.728533667489173,TRUE,TRUE,FALSE
"CAALFM_C403200CA",4,"C4_03200C_A",0.00164326811167931,1.74748349764176e-25,0.324716165769802,TRUE,TRUE,FALSE
"CAALFM_C403230CA",2,"C4_03230C_A",5.2410823027699e-10,1.0530916413799e-84,0.583157501501705,TRUE,TRUE,FALSE
"RHD2",1,"C4_03250C_A",0.000384267189444074,2.9034091205151e-123,0.0163525590699887,TRUE,TRUE,TRUE
"RPF1",3,"C4_03270W_A",0.000307655501474226,2.613177028367e-58,0.00922137138912154,TRUE,TRUE,TRUE
"MSN5",8,"C4_03280W_A",2.47945720815096e-13,3.76882390495004e-29,5.48636173040455e-06,TRUE,TRUE,TRUE
"CAALFM_C403290WA",4,"C4_03290W_A",0.734498475833029,1.12657499710932e-40,0.00176788870329589,FALSE,TRUE,TRUE
"CAALFM_C403300CA",8,"C4_03300C_A",1.68928472690789e-07,0.00039549861487637,8.01127534367837e-05,TRUE,TRUE,TRUE
"CAALFM_C403310CA",6,"C4_03310C_A",1.78215351971256e-07,2.47902213304759e-100,0.101235529690511,TRUE,TRUE,FALSE
"CAALFM_C403320WA",4,"C4_03320W_A",0.377670420507423,3.47210523794436e-15,0.122304506611397,FALSE,TRUE,FALSE
"IPK1",3,"C4_03330W_A",0.025639647710808,3.37900597390841e-12,0.000102527956589618,TRUE,TRUE,TRUE
"CAALFM_C403340CA",6,"C4_03340C_A",0.00145289809684278,2.98669101384571e-16,0.0199382617693868,TRUE,TRUE,TRUE
"CAALFM_C403350CA",6,"C4_03350C_A",0.0384817444735816,3.10675401088785e-23,0.518188822066834,TRUE,TRUE,FALSE
"VTC4",1,"C4_03360C_A",0.00453567670269694,6.447548207223e-18,0.160676802298171,TRUE,TRUE,FALSE
"CAALFM_C403370CA",5,"C4_03370C_A",1.0019098272163e-12,3.00044674091999e-126,2.07438384309207e-09,TRUE,TRUE,TRUE
"DAO2",1,"C4_03380C_A",0.949965974291388,7.04967727753828e-31,0.00015716059838564,FALSE,TRUE,TRUE
"CSH3",4,"C4_03390W_A",0.00511309071671589,1.18624141167069e-61,0.250459522531405,TRUE,TRUE,FALSE
"CAALFM_C403400WA",4,"C4_03400W_A",0.227561161137811,8.3200008805109e-08,0.46225198853955,FALSE,TRUE,FALSE
"CAALFM_C403410WA",1,"C4_03410W_A",3.80404827859707e-06,2.14826758828202e-165,0.0229417442721426,TRUE,TRUE,TRUE
"MOH1",8,"C4_03430W_A",1.04526273615159e-35,4.21508669380375e-128,7.67218941286856e-08,TRUE,TRUE,TRUE
"DOT4",8,"C4_03440C_A",0.00639475719484347,1.9807638425962e-101,0.000443386745957531,TRUE,TRUE,TRUE
"JAB1",6,"C4_03450C_A",0.595606017387193,1.83672064764021e-15,0.00541826635143716,FALSE,TRUE,TRUE
"CAALFM_C403460CA",6,"C4_03460C_A",3.25749232922702e-06,3.42322457544748e-105,4.32709943615069e-17,TRUE,TRUE,TRUE
"ECE1",8,"C4_03470C_A",1.00784850997473e-05,1.68499039638116e-07,0.029237647459263,TRUE,TRUE,TRUE
"CAALFM_C403490CA",6,"C4_03490C_A",0.0307193237280493,5.19524222825534e-05,0.796012841584636,TRUE,TRUE,FALSE
"CAALFM_C403500CA",8,"C4_03500C_A",2.67257005840882e-09,0.0115051340458539,0.00222099325013329,TRUE,TRUE,TRUE
"HWP2",6,"C4_03510C_A",0.00299456749438691,4.61953867932155e-15,0.00641066866266274,TRUE,TRUE,TRUE
"RBT1",1,"C4_03520C_A",1.90798506161088e-05,1.18788535014917e-157,4.74436813825034e-06,TRUE,TRUE,TRUE
"CAALFM_C403530WA",1,"C4_03530W_A",0.365981711172314,2.90339937829728e-09,0.101376447409111,FALSE,TRUE,FALSE
"ECM38",5,"C4_03540C_A",2.8019960678833e-10,8.92039661577712e-51,6.52048087738013e-06,TRUE,TRUE,TRUE
"RAD2",4,"C4_03550W_A",0.624907399888786,6.20262692370238e-15,0.0140175262303913,FALSE,TRUE,TRUE
"CAALFM_C403560WA",4,"C4_03560W_A",0.610720483052617,9.25519167798496e-57,0.0135734671938349,FALSE,TRUE,TRUE
"HWP1",8,"C4_03570W_A",0.00206561179498644,1.12373954817681e-16,0.0188467357410812,TRUE,TRUE,TRUE
"CAALFM_C403580WA",6,"C4_03580W_A",1.91647137148952e-06,1.46421405253944e-30,0.0756428553765805,TRUE,TRUE,FALSE
"OSH3",5,"C4_03590C_A",7.68023335033301e-05,2.18434291861097e-49,0.330686187588903,TRUE,TRUE,FALSE
"CAALFM_C403600CA",6,"C4_03600C_A",2.20486635651556e-05,4.1332971368497e-95,5.71537836862637e-05,TRUE,TRUE,TRUE
"CDR3",6,"C4_03620C_A",0.644020262630495,7.38191839148552e-43,5.64538537521112e-06,FALSE,TRUE,TRUE
"tD(GUC)3",8,"C4_03650W_A",2.1081957566736e-12,4.35820686110991e-05,0.0866259324915979,TRUE,TRUE,FALSE
"tD(GUC)2",7,"C4_03660W_A",0.485568703810302,5.90910017013767e-29,0.428180942147794,FALSE,TRUE,FALSE
"SPO75",7,"C4_03670W_A",5.31241196276787e-10,2.53037069801495e-128,4.18249153859179e-05,TRUE,TRUE,TRUE
"CAALFM_C403690CA",7,"C4_03690C_A",0.212492616154494,9.96300503345446e-63,1.01488043235387e-07,FALSE,TRUE,TRUE
"CAALFM_C403700WA",2,"C4_03700W_A",0.848984394942413,3.31950607758765e-09,0.19857026488627,FALSE,TRUE,FALSE
"CAALFM_C403710CA",8,"C4_03710C_A",2.50433345245486e-16,8.64437948521078e-19,8.87854556850188e-09,TRUE,TRUE,TRUE
"CAALFM_C403720CA",3,"C4_03720C_A",0.00905581326115906,3.23467855930799e-62,0.00109169131219069,TRUE,TRUE,TRUE
"CAALFM_C403730CA",1,"C4_03730C_A",0.00427715562730592,2.20702669337369e-94,0.0377124551960995,TRUE,TRUE,TRUE
"CAALFM_C403740WA",8,"C4_03740W_A",0.00682854690071923,4.68274586633517e-30,0.702884522616496,TRUE,TRUE,FALSE
"CAALFM_C403750CA",8,"C4_03750C_A",0.000960369137592966,1.84444421112469e-16,0.000687345851365781,TRUE,TRUE,TRUE
"CAALFM_C403760WA",7,"C4_03760W_A",8.63213119046323e-11,1.99256092408249e-44,0.0705521926035417,TRUE,TRUE,FALSE
"CAALFM_C403770WA",6,"C4_03770W_A",0.162832220446682,6.56968601735208e-10,0.000149034254006603,FALSE,TRUE,TRUE
"CAALFM_C403780CA",1,"C4_03780C_A",0.0188273278371973,8.94223599717158e-31,0.214674551080851,TRUE,TRUE,FALSE
"RPN6",6,"C4_03790W_A",0.558061058595842,7.4915517946609e-10,0.015787557998744,FALSE,TRUE,TRUE
"NUP84",3,"C4_03800C_A",0.160821565582434,2.80887184870837e-19,0.223027909228156,FALSE,TRUE,FALSE
"CAALFM_C403810WA",6,"C4_03810W_A",9.02515952617537e-09,9.52699406258724e-100,0.00505553448433285,TRUE,TRUE,TRUE
"HRQ2",8,"C4_03820C_A",1.68075101035217e-09,1.67389863698048e-35,0.00159111803263534,TRUE,TRUE,TRUE
"CAALFM_C403830WA",8,"C4_03830W_A",6.25427377453723e-09,1.07113367515049e-39,0.00730043752388455,TRUE,TRUE,TRUE
"RRP42",2,"C4_03840C_A",0.0096360930811316,3.79213967424257e-22,0.506670687608878,TRUE,TRUE,FALSE
"CAALFM_C403860CA",7,"C4_03860C_A",0.391995930880138,3.04900696972385e-27,0.00159268342316322,FALSE,TRUE,TRUE
"CAALFM_C403880WA",7,"C4_03880W_A",0.0471708312486439,4.31325166115861e-23,0.00569371160023576,TRUE,TRUE,TRUE
"PTP2",8,"C4_03890W_A",6.59857298732102e-21,9.54196051064212e-69,2.36267621322768e-05,TRUE,TRUE,TRUE
"RAM1",7,"C4_03900C_A",0.0280696827782301,2.07477257877963e-35,0.0538763774310517,TRUE,TRUE,FALSE
"FGR28",7,"C4_03910W_A",1.43211837422222e-05,8.3254788697186e-43,0.0324681004369243,TRUE,TRUE,TRUE
"CAALFM_C403920WA",6,"C4_03920W_A",0.00249577099483619,4.44854001459158e-50,0.00578203344591606,TRUE,TRUE,TRUE
"CAALFM_C403930CA",2,"C4_03930C_A",0.0214005518668042,1.16416726629769e-07,0.10881967348833,TRUE,TRUE,FALSE
"PYC2",2,"C4_03940C_A",0.00222569566422616,9.10460756458269e-124,1.55735144124476e-21,TRUE,TRUE,TRUE
"CAALFM_C403950CA",7,"C4_03950C_A",8.34340333755151e-11,5.06521243287532e-55,0.000629533016426849,TRUE,TRUE,TRUE
"CAALFM_C403960WA",1,"C4_03960W_A",0.00187750684841128,6.5556448915194e-99,2.17839614365204e-10,TRUE,TRUE,TRUE
"CAALFM_C403990CA",7,"C4_03990C_A",6.7630271658108e-06,1.75726954470386e-23,0.00451315274318516,TRUE,TRUE,TRUE
"MET4",7,"C4_04000W_A",0.016897949646848,3.60934819255852e-16,0.0318404787032701,TRUE,TRUE,TRUE
"CAALFM_C404010WA",6,"C4_04010W_A",0.0977444769287472,1.36259003909223e-17,0.000496585877458909,FALSE,TRUE,TRUE
"CAALFM_C404020CA",6,"C4_04020C_A",6.96690317671813e-06,5.10162296677853e-262,2.93665070497878e-29,TRUE,TRUE,TRUE
"JEN2",5,"C4_04030W_A",1.07186069807082e-11,5.1277098403687e-107,0.114943318105674,TRUE,TRUE,FALSE
"CAALFM_C404040WA",7,"C4_04040W_A",0.155798163236601,7.61479854577421e-24,0.61730535828023,FALSE,TRUE,FALSE
"RHD3",5,"C4_04050C_A",0.000196685737078281,8.87672225970647e-32,0.0722447388208619,TRUE,TRUE,FALSE
"PGA30",7,"C4_04070C_A",0.0429561898092746,5.41967527725029e-33,0.042517678798108,TRUE,TRUE,TRUE
"PGA31",8,"C4_04080C_A",3.09643152840802e-06,8.17718857783579e-42,0.507267499180744,TRUE,TRUE,FALSE
"CAALFM_C404090CA",4,"C4_04090C_A",0.651501130965471,1.41025501978372e-12,0.531130166631023,FALSE,TRUE,FALSE
"ECM1",3,"C4_04100C_A",0.000513283687968908,3.92610987294763e-98,0.0184975404186855,TRUE,TRUE,TRUE
"CAALFM_C404110WA",8,"C4_04110W_A",1.52410847970135e-06,1.0302011868428e-31,0.000726219698804084,TRUE,TRUE,TRUE
"CAALFM_C404120CA",6,"C4_04120C_A",0.930930179756546,3.65894193250128e-11,0.14764491497319,FALSE,TRUE,FALSE
"CAALFM_C404130WA",4,"C4_04130W_A",0.0461598122014717,1.84628225690859e-14,0.332497351879203,TRUE,TRUE,FALSE
"CAALFM_C404140WA",5,"C4_04140W_A",1.29917459742598e-24,6.35760553411695e-215,1.97877091378404e-06,TRUE,TRUE,TRUE
"PDB1",1,"C4_04150C_A",2.88539595426279e-05,7.51727719192822e-157,3.64801638099981e-06,TRUE,TRUE,TRUE
"CAALFM_C404160WA",1,"C4_04160W_A",0.00146387561147122,6.01892997467428e-11,0.188886262344497,TRUE,TRUE,FALSE
"AXL2",1,"C4_04170C_A",0.281752303312117,1.20538445481777e-39,0.00157899925372551,FALSE,TRUE,TRUE
"CAALFM_C404180CA",2,"C4_04180C_A",0.838756871472043,2.75990251602875e-09,0.606146597405536,FALSE,TRUE,FALSE
"CAALFM_C404190CA",6,"C4_04190C_A",2.22938782901235e-06,2.27708486482406e-45,0.000490970021069545,TRUE,TRUE,TRUE
"CAALFM_C404200CA",6,"C4_04200C_A",4.44762358247631e-06,6.17563055237934e-43,0.000583737571743941,TRUE,TRUE,TRUE
"SOH1",2,"C4_04210C_A",0.0109053278175646,0.0572385903936945,0.000653395516313562,TRUE,FALSE,TRUE
"DUO1",2,"C4_04220W_A",0.000516770612273288,1.53516078469302e-05,0.0222471178129643,TRUE,TRUE,TRUE
"CAALFM_C404230WA",2,"C4_04230W_A",0.207697049140006,0.000758617414987396,0.171848938598694,FALSE,TRUE,FALSE
"CAALFM_C404240CA",2,"C4_04240C_A",0.00664157515141298,2.86188743019186e-31,0.000352554687993265,TRUE,TRUE,TRUE
"CAALFM_C404250WA",8,"C4_04250W_A",2.46441053156633e-05,3.52635756498004e-54,0.0878097483445411,TRUE,TRUE,FALSE
"FZO1",8,"C4_04260C_A",3.95460522720694e-09,1.40094443416697e-19,0.00218765654644775,TRUE,TRUE,TRUE
"CAALFM_C404270WA",5,"C4_04270W_A",3.11900575568048e-08,2.22348238029598e-79,5.57347504217949e-05,TRUE,TRUE,TRUE
"CAALFM_C404280CA",6,"C4_04280C_A",0.321761988127625,3.15680154754264e-12,0.0861960857782195,FALSE,TRUE,FALSE
"SEC15",4,"C4_04290W_A",0.8373615412003,4.94237895255646e-31,0.434786214535934,FALSE,TRUE,FALSE
"CAALFM_C404300CA",6,"C4_04300C_A",0.0131120403848735,2.75023403134377e-27,0.834939182276476,TRUE,TRUE,FALSE
"COX11",2,"C4_04310W_A",0.579787434350699,1.35958459920641e-10,0.323400051401607,FALSE,TRUE,FALSE
"FRE10",1,"C4_04320W_A",0.00355643512922498,3.77662731184053e-225,1.18170395766287e-08,TRUE,TRUE,TRUE
"CAALFM_C404330CA",6,"C4_04330C_A",0.352432850903532,7.66879845107206e-13,0.0516276765567234,FALSE,TRUE,FALSE
"YFH1",4,"C4_04340C_A",0.0206956361697071,2.08277296160679e-07,0.433380405413599,TRUE,TRUE,FALSE
"CAALFM_C404350WA",2,"C4_04350W_A",0.00702475567837221,1.19823971007077e-11,2.19328859913901e-07,TRUE,TRUE,TRUE
"CAALFM_C404360WA",7,"C4_04360W_A",4.01599635466618e-09,7.13523223599724e-80,0.0373628948739048,TRUE,TRUE,TRUE
"VAC7",7,"C4_04370C_A",0.170925466041363,3.00685245237169e-28,0.0863286089796912,FALSE,TRUE,FALSE
"CAALFM_C404380CA",8,"C4_04380C_A",0.0214628588432614,1.4605065246436e-10,0.00748142382117111,TRUE,TRUE,TRUE
"CAALFM_C404390WA",1,"C4_04390W_A",3.29185936532843e-15,3.29268976319685e-194,0.00046822332503914,TRUE,TRUE,TRUE
"CAALFM_C404400CA",6,"C4_04400C_A",4.56223274232398e-07,4.41573459436553e-127,0.200843466964873,TRUE,TRUE,FALSE
"LYS4",1,"C4_04410C_A",1.2914793587252e-05,1.6535657101996e-61,8.50318343848284e-06,TRUE,TRUE,TRUE
"FGR3",6,"C4_04420W_A",5.46497306611631e-06,2.72606967611187e-165,0.000759990799427595,TRUE,TRUE,TRUE
"MRP8",4,"C4_04430W_A",0.0656280870434459,4.70645245472416e-13,0.611531810509524,FALSE,TRUE,FALSE
"CAALFM_C404440WA",2,"C4_04440W_A",0.476754203712357,0.00262887602101557,0.680552364250627,FALSE,TRUE,FALSE
"ATG1",8,"C4_04450C_A",4.89830178500817e-25,3.88479825049321e-63,0.000303117180788828,TRUE,TRUE,TRUE
"CAALFM_C404460CA",4,"C4_04460C_A",0.0703299409038756,2.64117541270737e-27,0.00733079495646201,FALSE,TRUE,TRUE
"SAP10",8,"C4_04470W_A",2.32507630037504e-26,2.81810690688755e-60,0.000189926719441534,TRUE,TRUE,TRUE
"EFB1",1,"C4_04480C_A",2.88861112205035e-08,7.58779809705327e-139,0.183473758721537,TRUE,TRUE,FALSE
"CAALFM_C404490CA",1,"C4_04490C_A",7.67353975383586e-06,1.50789593587226e-123,0.0855433895003348,TRUE,TRUE,FALSE
"CAALFM_C404500CA",1,"C4_04500C_A",1.43216611633132e-07,2.11865847141129e-73,0.45582567624596,TRUE,TRUE,FALSE
"CAALFM_C404510WA",7,"C4_04510W_A",5.55807130053033e-06,3.43519150904203e-87,0.034473214546576,TRUE,TRUE,TRUE
"CAALFM_C404520WA",8,"C4_04520W_A",0.0011521536034337,2.57958299933508e-18,0.225388188289694,TRUE,TRUE,FALSE
"PHR1",8,"C4_04530C_A",0.529659627287067,7.17972362056701e-10,0.202154142545399,FALSE,TRUE,FALSE
"CAALFM_C404550CA",6,"C4_04550C_A",0.00961498966499787,9.26590915470389e-25,0.028304248766916,TRUE,TRUE,TRUE
"CAALFM_C404560CA",8,"C4_04560C_A",2.94910997187624e-11,0.000127914167469038,1.39188618435869e-06,TRUE,TRUE,TRUE
"RCE1",1,"C4_04570W_A",0.194646500082629,1.41138214395132e-10,0.0432528096883514,FALSE,TRUE,TRUE
"ZDS1",2,"C4_04580W_A",0.00667806512241889,2.99112799876733e-15,0.00296168841568524,TRUE,TRUE,TRUE
"SCS7",8,"C4_04590W_A",0.238598668057557,1.1973254382543e-23,2.84675360564049e-05,FALSE,TRUE,TRUE
"CAALFM_C404600CA",4,"C4_04600C_A",0.0235981065713424,2.72985026996542e-20,0.217840587738613,TRUE,TRUE,FALSE
"CAALFM_C404620CA",6,"C4_04620C_A",0.0804089373071661,4.80226909984645e-15,0.0883187073316585,FALSE,TRUE,FALSE
"CAALFM_C404630CA",6,"C4_04630C_A",0.544203261456735,3.76807519783439e-15,5.48636173040455e-06,FALSE,TRUE,TRUE
"GOA1",6,"C4_04640C_A",0.712157533594838,4.19355789663669e-12,0.0602242941364139,FALSE,TRUE,FALSE
"CAALFM_C404650WA",4,"C4_04650W_A",0.130645139107632,5.85892334821287e-05,0.227700773634855,FALSE,TRUE,FALSE
"CAALFM_C404660CA",8,"C4_04660C_A",4.09797147283069e-13,9.48028638027417e-47,2.02712080525565e-05,TRUE,TRUE,TRUE
"CAALFM_C404670CA",6,"C4_04670C_A",4.45519733325333e-13,1.32475077876617e-71,0.000728929239578809,TRUE,TRUE,TRUE
"tQ(UUG)5",8,"C4_04680C_A",0.0287182780086369,1.25208347839152e-12,0.46380740919357,TRUE,TRUE,FALSE
"tQ(UUG)4",8,"C4_04690C_A",6.64834754336305e-12,0.00068178065559709,0.0968495723543486,TRUE,TRUE,FALSE
"SSZ1",1,"C4_04700W_A",2.13958750148414e-05,5.65092276877487e-306,0.00117228900447812,TRUE,TRUE,TRUE
"GYP1",6,"C4_04710W_A",0.000339946632474671,2.33258422792788e-24,6.09544903434161e-05,TRUE,TRUE,TRUE
"CAALFM_C404720WA",1,"C4_04720W_A",0.10341964989992,2.97803273327061e-170,1.19050791321995e-05,FALSE,TRUE,TRUE
"BAS1",8,"C4_04730W_A",0.0018811317598496,3.63994438242599e-11,5.96793091889448e-05,TRUE,TRUE,TRUE
"CAALFM_C404750WA",5,"C4_04750W_A",0.068597349284204,1.24214068300726e-74,0.00862086674056596,FALSE,TRUE,TRUE
"CAALFM_C404760CA",2,"C4_04760C_A",0.368082591075383,0.0126338469551892,0.607267780562291,FALSE,TRUE,FALSE
"MNN22",6,"C4_04770C_A",0.014608232534725,7.62865776475964e-39,0.20868841869042,TRUE,TRUE,FALSE
"PMT6",1,"C4_04780W_A",0.00205895981644753,5.13710961914667e-31,0.0163525590699887,TRUE,TRUE,TRUE
"FAV1",7,"C4_04790W_A",8.13447054198587e-06,2.26555621376083e-41,0.00370296840890552,TRUE,TRUE,TRUE
"CAALFM_C404800WA",1,"C4_04800W_A",0.0989554584599164,9.94799618442233e-133,0.00184380412934477,FALSE,TRUE,TRUE
"CAALFM_C404810CA",1,"C4_04810C_A",2.13309443914041e-05,2.92682499836752e-37,0.481731933846281,TRUE,TRUE,FALSE
"CAALFM_C404820CA",1,"C4_04820C_A",1.46921497407234e-10,6.9871251307785e-153,0.0106393238633138,TRUE,TRUE,TRUE
"DCR1",1,"C4_04830W_A",2.71495429254672e-06,9.61121792682592e-63,0.987093303877555,TRUE,TRUE,FALSE
"AGP3",2,"C4_04840C_A",0.437986855713575,2.55127692298546e-78,1.98086279386008e-10,FALSE,TRUE,TRUE
"CSR1",5,"C4_04850C_A",1.51236941235149e-11,2.49190016430455e-84,1.51488861840503e-31,TRUE,TRUE,TRUE
"CAALFM_C404860WA",6,"C4_04860W_A",0.0604408244509621,9.48399233985937e-09,0.512512001369439,FALSE,TRUE,FALSE
"CAALFM_C404870CA",4,"C4_04870C_A",0.00235635454305998,7.5945576642461e-85,0.39708163463381,TRUE,TRUE,FALSE
"FGR10",6,"C4_04880W_A",0.0454715822154974,1.51163343677245e-26,0.0150953808433164,TRUE,TRUE,TRUE
"RPL24A",1,"C4_04890C_A",3.57217496170597e-11,7.3972610917092e-171,0.00311337127964664,TRUE,TRUE,TRUE
"RPL30",1,"C4_04900W_A",1.09017426587082e-10,3.36534848648654e-129,0.00110606524005435,TRUE,TRUE,TRUE
"SPC34",2,"C4_04910C_A",1.32356097321037e-06,1.92351112747529e-09,0.231540446880261,TRUE,TRUE,FALSE
"CAALFM_C404920WA",2,"C4_04920W_A",8.36847356653148e-10,2.24188684096525e-34,0.273347231470893,TRUE,TRUE,FALSE
"CAALFM_C404930CA",6,"C4_04930C_A",0.011694487832921,2.80272618578877e-13,0.00917971661142478,TRUE,TRUE,TRUE
"CAALFM_C404950WA",8,"C4_04950W_A",0.000659166219328472,5.40759718349057e-08,0.352456537316544,TRUE,TRUE,FALSE
"CAALFM_C404970CA",4,"C4_04970C_A",6.2047112273601e-07,2.13578931161882e-74,0.12895498329598,TRUE,TRUE,FALSE
"CAALFM_C404980WA",8,"C4_04980W_A",0.00342320117298083,6.67059844538547e-09,0.009482972067473,TRUE,TRUE,TRUE
"CAALFM_C404990CA",8,"C4_04990C_A",0.10081974392348,0.0021840148961335,0.115895288157143,FALSE,TRUE,FALSE
"CAALFM_C405000WA",7,"C4_05000W_A",0.192175795092294,1.67172215195703e-32,0.000577947184444787,FALSE,TRUE,TRUE
"CAALFM_C405010WA",3,"C4_05010W_A",7.88347924700261e-09,7.52935146610817e-101,0.135964146443229,TRUE,TRUE,FALSE
"IMG2",2,"C4_05020W_A",0.211928457947159,2.17123925369762e-20,0.604987269548053,FALSE,TRUE,FALSE
"SSK2",1,"C4_05030C_A",0.384349006432501,9.63308839736299e-46,0.0135576158066042,FALSE,TRUE,TRUE
"CAALFM_C405040WA",4,"C4_05040W_A",0.392371730503513,0.0205319078062774,0.409596422838539,FALSE,TRUE,FALSE
"PPG1",8,"C4_05050C_A",0.0103791515050446,2.23855568770532e-18,0.00249478584258562,TRUE,TRUE,TRUE
"CDL1",8,"C4_05060W_A",0.0176473212084644,3.16934717959578e-28,0.0112565290784852,TRUE,TRUE,TRUE
"ARG8",2,"C4_05070C_A",1.2629695803299e-14,1.49563493073033e-38,2.70972872250222e-39,TRUE,TRUE,TRUE
"CAALFM_C405080CA",5,"C4_05080C_A",0.0956925119707226,1.19325591236499e-08,0.0211795292105745,FALSE,TRUE,TRUE
"SRB8",5,"C4_05090C_A",0.297804715172533,2.00999248518745e-10,0.210697913526105,FALSE,TRUE,FALSE
"MYO5",5,"C4_05100C_A",0.0626712330317742,1.46624382117763e-28,0.0354731949142714,FALSE,TRUE,TRUE
"HAP41",8,"C4_05110C_A",0.000132128252669582,2.28924470425843e-27,2.53901165194808e-09,TRUE,TRUE,TRUE
"ALD6",5,"C4_05130C_A",6.1731713257485e-09,4.91256919064068e-125,0.672462502275112,TRUE,TRUE,FALSE
"GDB1",5,"C4_05140C_A",9.63034202225119e-08,5.44549687413832e-73,0.0504152154917059,TRUE,TRUE,FALSE
"VAC8",6,"C4_05150W_A",2.67814533109031e-08,1.65061732367857e-91,0.00736618210675783,TRUE,TRUE,TRUE
"CAALFM_C405160CA",7,"C4_05160C_A",0.0364193475528738,9.36291921388575e-27,0.693964244924342,TRUE,TRUE,FALSE
"CAALFM_C405180CA",7,"C4_05180C_A",0.256238308888682,1.41255009099594e-10,0.159718689373825,FALSE,TRUE,FALSE
"EDC3",2,"C4_05190C_A",0.100597579376794,2.2374368240799e-07,0.65272564450379,FALSE,TRUE,FALSE
"CAALFM_C405200CA",7,"C4_05200C_A",0.000916945979685205,1.07012005558159e-40,0.0754297269599893,TRUE,TRUE,FALSE
"CAALFM_C405210WA",1,"C4_05210W_A",0.606998563549231,2.90228384976541e-23,0.0880180086579739,FALSE,TRUE,FALSE
"CAALFM_C405220CA",6,"C4_05220C_A",2.98841880578014e-08,5.41937313336247e-87,0.196304552316354,TRUE,TRUE,FALSE
"CAALFM_C405230CA",3,"C4_05230C_A",0.000555455922071104,5.95327605518822e-59,0.205186312800486,TRUE,TRUE,FALSE
"VPH1",5,"C4_05240C_A",0.0248904639373444,3.59388255939857e-91,0.0237299630268762,TRUE,TRUE,TRUE
"CAALFM_C405250WA",7,"C4_05250W_A",0.0185610786808639,1.9749166531372e-81,0.000172339732532433,TRUE,TRUE,TRUE
"CAALFM_C405260WA",3,"C4_05260W_A",0.00108115721353022,4.96211669573764e-38,0.384660108127002,TRUE,TRUE,FALSE
"RAD59",4,"C4_05270C_A",0.0477846265357264,9.58373478480736e-15,0.00476556609395579,TRUE,TRUE,TRUE
"USO1",7,"C4_05280W_A",0.0350055154374527,3.57233565018255e-18,0.112290615821639,TRUE,TRUE,FALSE
"ABZ1",2,"C4_05290W_A",0.0659962048794038,2.5852148858862e-10,0.196304552316354,FALSE,TRUE,FALSE
"XKS1",6,"C4_05300W_A",6.47620448664511e-06,2.54138644764531e-44,0.00101144923503783,TRUE,TRUE,TRUE
"CAALFM_C405310WA",2,"C4_05310W_A",0.0640461785665714,1.99195288052419e-15,0.262403200465692,FALSE,TRUE,FALSE
"LYS1",1,"C4_05320W_A",0.30416121024819,1.23996557003711e-90,1.90628738112764e-10,FALSE,TRUE,TRUE
"CAALFM_C405330CA",3,"C4_05330C_A",4.77430021413175e-05,1.17136507638596e-128,0.0707057022563975,TRUE,TRUE,FALSE
"CAALFM_C405340WA",7,"C4_05340W_A",0.0244272712257729,1.57448379825269e-19,0.0100156626823191,TRUE,TRUE,TRUE
"CAALFM_C405350WA",7,"C4_05350W_A",0.000508629567519201,5.35022568725182e-98,0.0183234619269005,TRUE,TRUE,TRUE
"CAALFM_C405360CA",2,"C4_05360C_A",0.0461874308115701,2.19867841047868e-12,0.630231815000059,TRUE,TRUE,FALSE
"PUF3",8,"C4_05370W_A",4.7469033253874e-06,3.69402537547556e-09,4.47893011724953e-05,TRUE,TRUE,TRUE
"CAALFM_C405380CA",6,"C4_05380C_A",0.0290490738174671,2.25206979903969e-09,3.82920254344195e-06,TRUE,TRUE,TRUE
"CAALFM_C405390WA",5,"C4_05390W_A",1.37088628883172e-15,4.15223052185005e-131,0.000360114490212231,TRUE,TRUE,TRUE
"CAALFM_C405400CA",8,"C4_05400C_A",1.02212488957732e-08,5.13439486478576e-11,2.87129024056674e-11,TRUE,TRUE,TRUE
"TSC2",6,"C4_05420C_A",0.341200398563852,1.19110355907668e-09,0.48557534527299,FALSE,TRUE,FALSE
"GAP5",8,"C4_05430C_A",0.185411742862516,2.36809834458099e-15,4.86008315418652e-06,FALSE,TRUE,TRUE
"CAALFM_C405440CA",8,"C4_05440C_A",6.0028647803504e-21,3.17673854583214e-55,0.00132897760025144,TRUE,TRUE,TRUE
"CBR1",4,"C4_05450C_A",0.516586690009099,3.61247510662709e-72,0.00884519740239476,FALSE,TRUE,TRUE
"OFD1",1,"C4_05460C_A",0.256637001942614,2.02663919769416e-18,0.717101418516387,FALSE,TRUE,FALSE
"FGR6-10",7,"C4_05530W_A",2.66518784277455e-07,1.45278376283875e-47,0.000639657624417501,TRUE,TRUE,TRUE
"HOM3",1,"C4_05540W_A",0.0259806835515374,3.50665900307686e-25,0.000205401504835416,TRUE,TRUE,TRUE
"GVP36",4,"C4_05550C_A",0.465565237889287,1.38126726010528e-19,0.00691279924290746,FALSE,TRUE,TRUE
"ARO9",6,"C4_05560C_A",0.00256589497221569,1.15135691937014e-30,0.0245909422320589,TRUE,TRUE,TRUE
"TUB4",2,"C4_05570C_A",0.0035555693271936,1.70888896955105e-07,0.0348579379900399,TRUE,TRUE,TRUE
"CAALFM_C405580CA",6,"C4_05580C_A",3.29085305975096e-14,1.27295383596833e-140,3.22901246756463e-14,TRUE,TRUE,TRUE
"CAALFM_C405590WA",6,"C4_05590W_A",1.21210603876224e-06,2.64038770449478e-60,0.00844688686355488,TRUE,TRUE,TRUE
"GYP2",7,"C4_05600W_A",0.0160100878685701,1.32091047266983e-08,0.00254181520683285,TRUE,TRUE,TRUE
"CAALFM_C405610CA",5,"C4_05610C_A",0.0414544097686668,5.37732905888913e-28,0.398088000124709,TRUE,TRUE,FALSE
"CAALFM_C405620CA",4,"C4_05620C_A",0.000155431865070721,4.63489657898083e-20,0.00984879946576047,TRUE,TRUE,TRUE
"CAALFM_C405630WA",1,"C4_05630W_A",0.0321895801859657,4.06926509924774e-09,0.17378070884028,TRUE,TRUE,FALSE
"CAALFM_C405640CA",4,"C4_05640C_A",4.30680758892477e-13,1.1697357010803e-27,8.8196889598787e-07,TRUE,TRUE,TRUE
"CAALFM_C405650WA",3,"C4_05650W_A",2.45104653618692e-05,1.59091784524064e-25,0.145094484524506,TRUE,TRUE,FALSE
"BRN1",2,"C4_05660C_A",1.5428804292284e-09,6.58416295564904e-17,0.0276988753312446,TRUE,TRUE,TRUE
"YME1",8,"C4_05670W_A",7.65848114031958e-07,3.71745555503159e-47,0.0258985710823758,TRUE,TRUE,TRUE
"PHO4",6,"C4_05680W_A",0.00092565763608181,6.67685179648506e-32,0.00187567973175005,TRUE,TRUE,TRUE
"SEC23",1,"C4_05690W_A",0.0223681317342777,6.41685900558183e-47,0.225404668136546,TRUE,TRUE,FALSE
"ZCF5",6,"C4_05700W_A",4.34746750991891e-10,2.20042094172371e-247,0.088201572925497,TRUE,TRUE,FALSE
"CAALFM_C405730WA",4,"C4_05730W_A",0.000651846675917702,5.00023481051653e-16,0.359876918629215,TRUE,TRUE,FALSE
"CAALFM_C405740CA",4,"C4_05740C_A",0.490967375245825,2.67872001733627e-11,0.255866195647665,FALSE,TRUE,FALSE
"LEA1",3,"C4_05750C_A",0.0602668817629771,5.10342723038704e-26,0.0888948038694784,FALSE,TRUE,FALSE
"CGT1",8,"C4_05760W_A",0.0322414322215601,1.05916437883634e-17,0.0896828554164768,TRUE,TRUE,FALSE
"CFL1",5,"C4_05770C_A",0.00481664596015151,2.35473520941438e-06,3.10966702706196e-05,TRUE,TRUE,TRUE
"CFL2",1,"C4_05780C_A",0.311984502214222,1.90509498132728e-11,0.0457260738344985,FALSE,TRUE,TRUE
"CAALFM_C405790WA",2,"C4_05790W_A",0.00660810492704988,3.59897124797679e-11,0.230499271805432,TRUE,TRUE,FALSE
"CAALFM_C405800CA",8,"C4_05800C_A",0.000389069306111345,2.53884426541569e-37,0.0160616701766378,TRUE,TRUE,TRUE
"CAALFM_C405810WA",5,"C4_05810W_A",0.0792038720779202,7.06752007051966e-56,2.50303824433375e-06,FALSE,TRUE,TRUE
"CAALFM_C405820WA",7,"C4_05820W_A",0.94102787065371,2.78457796918935e-08,0.44581144686414,FALSE,TRUE,FALSE
"CAALFM_C405830WA",8,"C4_05830W_A",0.000180696681694409,9.47295080267118e-14,0.389021901887563,TRUE,TRUE,FALSE
"FRE3",8,"C4_05840W_A",1.03983250832168e-09,1.08762430347922e-27,0.00798699979264917,TRUE,TRUE,TRUE
"CAALFM_C405850CA",4,"C4_05850C_A",0.205923070600138,1.25922672651414e-41,2.40522475612482e-06,FALSE,TRUE,TRUE
"CAALFM_C405860WA",4,"C4_05860W_A",6.76142660301911e-07,3.63981303675475e-18,2.47517330424735e-18,TRUE,TRUE,TRUE
"CAALFM_C405870CA",6,"C4_05870C_A",1.29788351315753e-05,4.61486994511141e-143,0.0099142794825663,TRUE,TRUE,TRUE
"GAT1",2,"C4_05880W_A",0.0120701868439228,2.70868008026881e-56,0.000114353031254971,TRUE,TRUE,TRUE
"CAALFM_C405890WA",6,"C4_05890W_A",0.516007967655999,4.96273456665844e-40,0.000230258657694924,FALSE,TRUE,TRUE
"CAALFM_C405900CA",8,"C4_05900C_A",1.4753241814826e-12,9.68208076075126e-47,2.35743271889207e-07,TRUE,TRUE,TRUE
"VPS11",5,"C4_05910C_A",0.0744404493409875,7.62570836982324e-30,0.583551242569287,FALSE,TRUE,FALSE
"PGA49",7,"C4_05920C_A",9.50823565190237e-05,1.04305712469467e-38,0.381696904297389,TRUE,TRUE,FALSE
"PPS1",8,"C4_05940W_A",0.00159211888952661,4.02089973979758e-06,0.360157549014506,TRUE,TRUE,FALSE
"NIF3",4,"C4_05960W_A",0.00213779255687544,1.22053127608307e-84,0.328876948711317,TRUE,TRUE,FALSE
"CAALFM_C405970WA",5,"C4_05970W_A",0.428878272585926,1.81666984562954e-09,0.714269095075594,FALSE,TRUE,FALSE
"CAALFM_C405980CA",6,"C4_05980C_A",0.0196744645450556,0.0010811812275651,0.0490440298844141,TRUE,TRUE,TRUE
"ALG1",4,"C4_06000W_A",0.919892534367991,2.98359229245034e-12,0.0879849523722011,FALSE,TRUE,FALSE
"HOS1",6,"C4_06010C_A",0.0116566615915361,3.04616263315891e-42,0.0596203871095306,TRUE,TRUE,FALSE
"CAALFM_C406020CA",6,"C4_06020C_A",0.0468231535693187,2.40116315952349e-50,0.108656264936594,TRUE,TRUE,FALSE
"CMD1",6,"C4_06030W_A",0.314826494565094,1.31525640042798e-11,0.000311822020306418,FALSE,TRUE,TRUE
"CAALFM_C406040WA",6,"C4_06040W_A",0.0334638798335567,4.48597930149369e-12,0.344732619003879,TRUE,TRUE,FALSE
"MED3",8,"C4_06050W_A",9.54633588408968e-05,6.76454099809534e-23,0.0311155802177447,TRUE,TRUE,TRUE
"VPS13",5,"C4_06060W_A",0.0415784140943949,5.7921743470938e-10,0.664747393703931,TRUE,TRUE,FALSE
"FMT1",3,"C4_06070C_A",0.10536347559473,6.71313362792112e-07,0.298717889052222,FALSE,TRUE,FALSE
"CAALFM_C406080WA",1,"C4_06080W_A",0.626446179775059,4.57351313197777e-17,0.0504152154917059,FALSE,TRUE,FALSE
"CAALFM_C406090CA",8,"C4_06090C_A",6.09263404411544e-05,2.26443220239264e-08,0.0588379640903635,TRUE,TRUE,FALSE
"CWH41",1,"C4_06100W_A",0.00460839290821294,1.15747438745534e-44,0.124002409984679,TRUE,TRUE,FALSE
"TRP5",1,"C4_06110C_A",0.0865539321367236,6.95282215937484e-65,1.48809766890985e-11,FALSE,TRUE,TRUE
"GDH3",8,"C4_06120W_A",2.18086207244842e-24,1.08756342809177e-96,3.56252046798612e-36,TRUE,TRUE,TRUE
"CAALFM_C406130WA",1,"C4_06130W_A",0.0526361473226905,6.31088237182432e-05,0.427655343619802,FALSE,TRUE,FALSE
"CAALFM_C406140CA",8,"C4_06140C_A",0.0205080392485687,2.03999369310653e-23,0.0125339770492423,TRUE,TRUE,TRUE
"CAALFM_C406150CA",7,"C4_06150C_A",0.636959070804785,1.26438948789767e-10,0.409436331712464,FALSE,TRUE,FALSE
"CAALFM_C406160WA",5,"C4_06160W_A",0.162915818388653,4.6782738646924e-18,0.411267938260138,FALSE,TRUE,FALSE
"CAALFM_C406170CA",4,"C4_06170C_A",8.93348771851958e-05,5.16705355783503e-44,0.203842250966481,TRUE,TRUE,FALSE
"CAALFM_C406180CA",8,"C4_06180C_A",1.71644375227414e-10,2.59281588117365e-07,0.0120407103043356,TRUE,TRUE,TRUE
"MPH1",2,"C4_06190C_A",0.00148499481900812,0.00612216967944473,0.112880951660245,TRUE,TRUE,FALSE
"CAALFM_C406200WA",6,"C4_06200W_A",0.000833037852394831,3.80340903738569e-120,0.000174810301208227,TRUE,TRUE,TRUE
"CAALFM_C406210CA",1,"C4_06210C_A",6.4369945718213e-06,2.82670950203264e-147,0.018640913825523,TRUE,TRUE,TRUE
"CAALFM_C406220CA",7,"C4_06220C_A",0.0449953695027603,1.45080620832318e-10,0.268733095887844,TRUE,TRUE,FALSE
"CAALFM_C406230CA",5,"C4_06230C_A",0.561338006212842,8.55651264840956e-10,0.15814026917672,FALSE,TRUE,FALSE
"CAALFM_C406240WA",4,"C4_06240W_A",0.1036753876219,3.89871080455352e-26,0.000850204975639663,FALSE,TRUE,TRUE
"SEC3",6,"C4_06250C_A",0.824202788287321,3.13781820078013e-28,0.668576390755906,FALSE,TRUE,FALSE
"PGA43",4,"C4_06260W_A",0.188876520591682,1.56149235999736e-17,0.00158474751964892,FALSE,TRUE,TRUE
"ERG26",4,"C4_06270C_A",6.38609174291277e-06,1.69442106812339e-116,0.625568811110329,TRUE,TRUE,FALSE
"CAALFM_C406280CA",6,"C4_06280C_A",0.428515840670653,1.79292905993339e-19,0.0845670808270063,FALSE,TRUE,FALSE
"CAALFM_C406290WA",4,"C4_06290W_A",2.64641044123156e-06,4.02411303604299e-16,3.59689982085779e-11,TRUE,TRUE,TRUE
"PGA42",7,"C4_06300C_A",0.000164180582290979,8.67173973868817e-30,0.0363561642812066,TRUE,TRUE,TRUE
"PGA41",6,"C4_06310C_A",1.33021793121047e-06,2.50890898789277e-50,0.0135103430202243,TRUE,TRUE,TRUE
"AGO1",4,"C4_06340W_A",0.846364691073453,1.4823079788663e-53,0.00706197131901473,FALSE,TRUE,TRUE
"NUP60",8,"C4_06350C_A",0.00032845412757945,0.000193577958143383,0.023408141182357,TRUE,TRUE,TRUE
"CAALFM_C406360CA",7,"C4_06360C_A",1.91268806185829e-06,2.75169685740454e-65,0.268459237468001,TRUE,TRUE,FALSE
"CAALFM_C406370CA",8,"C4_06370C_A",1.07269898763171e-11,2.85227621465161e-46,0.0104105725059965,TRUE,TRUE,TRUE
"SOU2",6,"C4_06380W_A",4.71953670085686e-19,5.93685645726962e-206,0.220307653322448,TRUE,TRUE,FALSE
"SOU1",5,"C4_06390W_A",2.81671574211843e-16,9.81149801782889e-69,0.636640250664862,TRUE,TRUE,FALSE
"VMA8",4,"C4_06400C_A",3.05667791826233e-05,4.8648384890721e-161,0.582177304004312,TRUE,TRUE,FALSE
"CAALFM_C406410WA",2,"C4_06410W_A",0.475288577087742,4.60834904480456e-17,0.217110110840888,FALSE,TRUE,FALSE
"CAALFM_C406420WA",7,"C4_06420W_A",0.68704154703742,7.40430299267398e-13,0.767298637906624,FALSE,TRUE,FALSE
"CAALFM_C406430CA",8,"C4_06430C_A",3.25749232922702e-06,4.04126479086096e-37,0.000451682549289814,TRUE,TRUE,TRUE
"CAALFM_C406440CA",8,"C4_06440C_A",0.00227178952240978,9.13081034170838e-12,0.117087035896942,TRUE,TRUE,FALSE
"CAALFM_C406450WA",2,"C4_06450W_A",0.0972244195387859,1.33310427473249e-13,0.000687345851365781,FALSE,TRUE,TRUE
"CAALFM_C406460CA",2,"C4_06460C_A",0.115457437009383,1.04400751910576e-07,0.385849171743602,FALSE,TRUE,FALSE
"CAALFM_C406470WA",8,"C4_06470W_A",0.000458363370339993,2.0020582045377e-10,0.0413658051111133,TRUE,TRUE,TRUE
"CEK1",6,"C4_06480C_A",0.00290107095241682,2.53435894089179e-16,0.0172130730580505,TRUE,TRUE,TRUE
"PRI2",2,"C4_06490C_A",0.000152926033420837,6.67292192938538e-11,0.017177577153309,TRUE,TRUE,TRUE
"CDC68",1,"C4_06500W_A",0.87284729719278,0.000865024286954693,0.525788696385333,FALSE,TRUE,FALSE
"CSO99",6,"C4_06510C_A",0.00017633234436127,5.11688915292566e-77,0.000100732673948875,TRUE,TRUE,TRUE
"CAALFM_C406520WA",7,"C4_06520W_A",8.22599822204072e-06,1.35868427272538e-43,0.183118339795724,TRUE,TRUE,FALSE
"XUT1",6,"C4_06530C_A",3.97808950012938e-14,6.24535166502437e-215,0.000360586125793524,TRUE,TRUE,TRUE
"MNN4",8,"C4_06540W_A",9.18364319041270e-09,1.9029130628039e-38,0.00031260812391676,TRUE,TRUE,TRUE
"IFF5",7,"C4_06550C_A",1.89804399034228e-07,1.98195940317938e-63,0.0797962610165764,TRUE,TRUE,FALSE
"PGA15",6,"C4_06560W_A",3.700746011021e-06,5.04397331621965e-134,0.00379027106750559,TRUE,TRUE,TRUE
"PDC11",5,"C4_06570C_A",2.41515653922113e-07,1.13068364443417e-49,5.12647922924226e-06,TRUE,TRUE,TRUE
"CBF1",6,"C4_06580W_A",0.000398274929042259,4.38627573248171e-09,0.01486640926478,TRUE,TRUE,TRUE
"CAALFM_C406590WA",2,"C4_06590W_A",0.0241478775654884,1.51993525733209e-46,0.000455688235311953,TRUE,TRUE,TRUE
"TOP2",2,"C4_06600W_A",3.43837987621003e-05,2.09001794562912e-16,0.00034832992241148,TRUE,TRUE,TRUE
"SDH12",1,"C4_06610C_A",0.00829650476245548,1.33689007615496e-87,0.0729125033587059,TRUE,TRUE,FALSE
"CAALFM_C406620CA",8,"C4_06620C_A",5.57948150355118e-35,4.35327064299735e-137,4.64613313870727e-07,TRUE,TRUE,TRUE
"CAALFM_C406630CA",7,"C4_06630C_A",0.988957229189128,1.10447137878934e-08,0.74960117969269,FALSE,TRUE,FALSE
"CAALFM_C406640CA",6,"C4_06640C_A",0.980462265314583,6.51104850932177e-18,0.363096876263363,FALSE,TRUE,FALSE
"CAALFM_C406650WA",6,"C4_06650W_A",0.703624090242806,7.25901217843615e-84,0.0467346777859948,FALSE,TRUE,TRUE
"CAALFM_C406660WA",6,"C4_06660W_A",0.0645885836498163,4.44714354757405e-31,0.00474703403610931,FALSE,TRUE,TRUE
"CAALFM_C406670WA",2,"C4_06670W_A",1.22971003583633e-05,3.76740311092373e-12,1.01801393543415e-09,TRUE,TRUE,TRUE
"CAALFM_C406680CA",1,"C4_06680C_A",0.121603592104231,8.87080500410835e-53,0.00601699715684011,FALSE,TRUE,TRUE
"CAALFM_C406690CA",4,"C4_06690C_A",1.1081047210798e-10,1.04322921024925e-11,1.96827851384332e-11,TRUE,TRUE,TRUE
"CAALFM_C406710WA",1,"C4_06710W_A",0.0138207204804108,9.71421634909122e-09,0.164162142568937,TRUE,TRUE,FALSE
"NOP1",1,"C4_06720W_A",3.37268696934041e-11,2.92278494704142e-192,0.00121401143926472,TRUE,TRUE,TRUE
"CAALFM_C406730CA",8,"C4_06730C_A",2.62052166182446e-09,4.85783929933655e-29,0.00100384346412228,TRUE,TRUE,TRUE
"CAALFM_C406740CA",4,"C4_06740C_A",0.591260578568167,1.89899489921908e-52,4.94040259175334e-05,FALSE,TRUE,TRUE
"GUT2",1,"C4_06760W_A",0.342122590866965,5.02205130500319e-60,0.000619177933393625,FALSE,TRUE,TRUE
"CAALFM_C406770WA",8,"C4_06770W_A",0.00504312112621929,1.71544295237638e-13,0.00704744977093852,TRUE,TRUE,TRUE
"OYE32",5,"C4_06780C_A",1.14699484627916e-07,2.55557593698292e-20,0.00741021850526813,TRUE,TRUE,TRUE
"CAALFM_C406790WA",3,"C4_06790W_A",0.00235379309361963,7.87442410192313e-25,0.350459598301756,TRUE,TRUE,FALSE
"CAALFM_C406800WA",2,"C4_06800W_A",0.190150436595482,1.02992943078512e-16,0.638144614485365,FALSE,TRUE,FALSE
"CAALFM_C406810CA",4,"C4_06810C_A",0.582812163672858,2.38464890969061e-29,0.0899246514404022,FALSE,TRUE,FALSE
"CZF1",8,"C4_06820C_A",5.79126935632387e-05,0.731762035205542,0.0113902979428542,TRUE,FALSE,TRUE
"CCT6",1,"C4_06830C_A",2.44072851908417e-08,1.14490713269558e-76,0.518784397806251,TRUE,TRUE,FALSE
"CAALFM_C406840WA",3,"C4_06840W_A",0.227185955936556,3.9809884176991e-26,0.881800252183633,FALSE,TRUE,FALSE
"CAALFM_C406850CA",1,"C4_06850C_A",7.33613292315122e-07,5.82456348474349e-120,0.127655727485987,TRUE,TRUE,FALSE
"CAALFM_C406860CA",4,"C4_06860C_A",0.000276983704806782,1.55451878674847e-26,0.17610093595912,TRUE,TRUE,FALSE
"RPT5",4,"C4_06870W_A",5.76383527732894e-06,2.22559142100178e-47,2.59200349854706e-06,TRUE,TRUE,TRUE
"CAALFM_C406880CA",6,"C4_06880C_A",0.00151819012769363,6.20225307331625e-28,3.26466522603457e-17,TRUE,TRUE,TRUE
"ARR3",8,"C4_06890W_A",2.53117584356351e-20,3.05063964534453e-09,8.85566060285389e-08,TRUE,TRUE,TRUE
"GST1",6,"C4_06900W_A",2.55379339068981e-10,8.70758125301396e-17,0.0504152154917059,TRUE,TRUE,FALSE
"CAALFM_C406910WA",8,"C4_06910W_A",8.06080395091621e-05,1.05115708427983e-41,0.166399153215554,TRUE,TRUE,FALSE
"EXM2",4,"C4_06930C_A",0.883952785069963,1.47670451186121e-21,0.00343427850400051,FALSE,TRUE,TRUE
"CAALFM_C406940CA",2,"C4_06940C_A",0.00656651684484215,3.74857324542419e-11,7.66457030125867e-06,TRUE,TRUE,TRUE
"CAALFM_C406950WA",8,"C4_06950W_A",0.000175859077107867,0.000556394976856156,3.97318216000753e-05,TRUE,TRUE,TRUE
"CAALFM_C406960WA",8,"C4_06960W_A",0.0016659958272409,0.0913805910090949,0.0159764457786326,TRUE,FALSE,TRUE
"ZRT1",8,"C4_06970C_A",2.41939037791405e-09,4.5207085322986e-05,0.0117412838955234,TRUE,TRUE,TRUE
"PRA1",8,"C4_06980W_A",8.91421788212469e-08,2.55557593698292e-20,0.112110082220302,TRUE,TRUE,FALSE
"CAALFM_C406990WA",8,"C4_06990W_A",4.55229327706238e-19,2.1781135842508e-48,3.61511279122401e-05,TRUE,TRUE,TRUE
"CAALFM_C407000WA",7,"C4_07000W_A",0.00243605375677921,5.05948674879436e-19,0.816602012673117,TRUE,TRUE,FALSE
"CAALFM_C407010CA",8,"C4_07010C_A",9.41386269201382e-15,3.91147063586006e-08,2.79194581548482e-15,TRUE,TRUE,TRUE
"CAALFM_C407020CA",6,"C4_07020C_A",8.15824479428982e-09,3.28734709538946e-48,3.54641050544264e-07,TRUE,TRUE,TRUE
"MET16",1,"C4_07030W_A",1.30157523733224e-07,3.12589410282134e-171,2.60568863222083e-16,TRUE,TRUE,TRUE
"CAALFM_C407040WA",8,"C4_07040W_A",6.62366496383335e-15,1.86307179268528e-14,1.13285954535511e-07,TRUE,TRUE,TRUE
"YDC1",5,"C4_07050W_A",3.70229461218368e-11,1.3404271554036e-53,0.0925727348810942,TRUE,TRUE,FALSE
"CAALFM_C407060WA",1,"C4_07060W_A",0.0238034054428514,8.53276385336769e-29,0.262074586600243,TRUE,TRUE,FALSE
"CTA6",5,"C4_07070W_A",0.741206700566259,4.49032682543475e-15,0.216084476468049,FALSE,TRUE,FALSE
"CAALFM_C407080CA",4,"C4_07080C_A",5.06723080111218e-05,0.00130024022069368,0.0703856262144481,TRUE,TRUE,FALSE
"TRP4",1,"C4_07090C_A",2.34731418483628e-29,1.0755680894766e-40,0.0527431254444388,TRUE,TRUE,FALSE
"CAALFM_C407100CA",2,"C4_07100C_A",0.0537513375042237,1.0953238281684e-07,0.383653268713374,FALSE,TRUE,FALSE
"PDA1",1,"C4_07110C_A",0.000135107325974065,2.9296537546559e-73,0.00394581945922641,TRUE,TRUE,TRUE
"MSH2",2,"C4_07120C_A",0.437859375935966,0.00332126574561431,0.263691346393846,FALSE,TRUE,FALSE
"CAALFM_C407130WA",1,"C4_07130W_A",0.0755582597034811,1.56245735097373e-12,0.428883246818874,FALSE,TRUE,FALSE
"CAALFM_C407140WA",8,"C4_07140W_A",0.177237335589476,2.1226738171787e-26,0.000560567454247321,FALSE,TRUE,TRUE
"CAALFM_C407150WA",3,"C4_07150W_A",2.23730958258488e-06,2.50371163529185e-68,0.0509071672268069,TRUE,TRUE,FALSE
"CAALFM_C407160WA",2,"C4_07160W_A",0.000344178989699378,2.56411738829919e-12,0.0213683777531864,TRUE,TRUE,TRUE
"CAALFM_C407170CA",2,"C4_07170C_A",0.00193383862331717,3.19476861538195e-30,0.0208330805953653,TRUE,TRUE,TRUE
"UBI3",1,"C4_07180W_A",1.16878161885738e-14,5.38677664387625e-123,0.000830283468231311,TRUE,TRUE,TRUE
"SEC10",1,"C4_07190W_A",0.000186979642443089,1.61190214254045e-83,0.138553055747029,TRUE,TRUE,FALSE
"CAALFM_C407200CA",6,"C4_07200C_A",0.350585573609566,1.51995898464924e-21,0.114433288251517,FALSE,TRUE,FALSE
"CAALFM_C407210WA",4,"C4_07210W_A",0.0547519260365928,2.51720835343093e-13,0.0234974826322323,FALSE,TRUE,TRUE
"CAALFM_C407220CA",8,"C4_07220C_A",0.349691002752223,2.9023049301293e-24,0.0767292521424502,FALSE,TRUE,FALSE
"VID21",8,"C4_07230C_A",0.0421881391542042,1.90150652446297e-24,0.0649826483458315,TRUE,TRUE,FALSE
"CAALFM_C407240WA",4,"C4_07240W_A",0.0315351782914336,0.0206325025479643,0.168877415554851,TRUE,TRUE,FALSE
"TLO10",4,"C4_07250C_A",0.00474348570258248,0.000124326615322278,0.645510429256243,TRUE,TRUE,FALSE
"CAALFM_C407260WA",7,"C4_07260W_A",0.0925478227486761,1.43559833926333e-12,0.161203629374156,FALSE,TRUE,FALSE
"TLO11",4,"C5_00010W_A",0.000184974804235464,3.92801432747842e-07,0.0082676464706682,TRUE,TRUE,TRUE
"CAALFM_C500030WA",1,"C5_00030W_A",1.17871512521089e-06,1.04910830222128e-44,0.00812365874322507,TRUE,TRUE,TRUE
"CAALFM_C500040CA",2,"C5_00040C_A",0.111939065657486,2.56911537176549e-22,0.0390632532841264,FALSE,TRUE,TRUE
"CAALFM_C500050WA",1,"C5_00050W_A",0.0418016779459137,1.24885484060804e-06,0.17610093595912,TRUE,TRUE,FALSE
"CAALFM_C500060CA",8,"C5_00060C_A",0.0114965135948758,4.64702860742311e-32,0.237072275142479,TRUE,TRUE,FALSE
"CDC11",1,"C5_00070W_A",0.000513536261164461,6.6857871436099e-34,0.757899727828107,TRUE,TRUE,FALSE
"CAALFM_C500080CA",1,"C5_00080C_A",0.000934172243219895,9.71651579113523e-95,0.607795293697575,TRUE,TRUE,FALSE
"CAALFM_C500090CA",6,"C5_00090C_A",0.344793661621702,6.0063691311972e-49,0.0018035628624082,FALSE,TRUE,TRUE
"CAALFM_C500100CA",5,"C5_00100C_A",3.14360995208681e-15,2.71982783907026e-216,0.0456104938630311,TRUE,TRUE,TRUE
"THS1",1,"C5_00110C_A",4.98465155921188e-07,1.10605176305524e-74,0.00610381730237434,TRUE,TRUE,TRUE
"CAALFM_C500120WA",2,"C5_00120W_A",1.31756606620193e-06,2.25139786784225e-27,3.74899527721796e-05,TRUE,TRUE,TRUE
"CAALFM_C500130CA",1,"C5_00130C_A",1.3174385841483e-13,9.22158188488134e-135,0.0603691999566745,TRUE,TRUE,FALSE
"CAALFM_C500140CA",5,"C5_00140C_A",0.000252779258170484,5.42160213032517e-42,0.330409090475078,TRUE,TRUE,FALSE
"CAALFM_C500150CA",1,"C5_00150C_A",0.156939095525116,5.48024964142169e-49,0.18823343547683,FALSE,TRUE,FALSE
"CAALFM_C500160WA",2,"C5_00160W_A",5.99221097683089e-05,1.98174402569598e-15,0.0123594655568653,TRUE,TRUE,TRUE
"CAALFM_C500170WA",2,"C5_00170W_A",0.139218434812603,0.00510769248267181,0.198383500013883,FALSE,TRUE,FALSE
"AFL1",1,"C5_00180W_A",0.650942111513148,9.73918717783838e-117,2.26784158246805e-05,FALSE,TRUE,TRUE
"FAS1",1,"C5_00190C_A",0.00330889938466362,2.68155747050847e-156,1.11562560640653e-05,TRUE,TRUE,TRUE
"BDF1",8,"C5_00200C_A",0.0105474591308492,3.18044398174834e-11,0.000681864361846514,TRUE,TRUE,TRUE
"BRE1",8,"C5_00210C_A",0.000337326413130774,1.92739809048521e-27,1.11681534340515e-05,TRUE,TRUE,TRUE
"ROT2",5,"C5_00220W_A",0.0224209562465217,1.57506882504815e-41,0.323400051401607,TRUE,TRUE,FALSE
"CAALFM_C500230CA",7,"C5_00230C_A",0.00282300282557131,4.54509930544902e-18,0.162649176000779,TRUE,TRUE,FALSE
"SKN7",8,"C5_00240W_A",0.00342485094131238,4.0281844967105e-82,0.0638340452981036,TRUE,TRUE,FALSE
"CAALFM_C500250CA",2,"C5_00250C_A",0.080112793693464,1.68404998207081e-05,0.10100434453746,FALSE,TRUE,FALSE
"CAALFM_C500260WA",1,"C5_00260W_A",0.200834360295654,8.6957643790242e-80,0.028304248766916,FALSE,TRUE,TRUE
"PGA14",3,"C5_00270W_A",0.854202509631795,4.76013003212987e-06,0.668938945722924,FALSE,TRUE,FALSE
"CAALFM_C500280CA",1,"C5_00280C_A",0.0232202244120726,8.57272410398608e-71,0.0972090206443056,TRUE,TRUE,FALSE
"DUS4",4,"C5_00290W_A",0.424905881146019,1.20636413452049e-09,0.230186383667671,FALSE,TRUE,FALSE
"SMC4",2,"C5_00300C_A",0.0331439782820825,0.00661533592865424,0.263855039570146,TRUE,TRUE,FALSE
"CAALFM_C500310CA",3,"C5_00310C_A",2.28089762252916e-11,2.18331295445134e-141,0.028792053870437,TRUE,TRUE,TRUE
"CAALFM_C500320WA",2,"C5_00320W_A",2.58905840283324e-06,6.1212826572692e-31,0.0280505079924156,TRUE,TRUE,TRUE
"CAALFM_C500330CA",7,"C5_00330C_A",0.00107227427561503,7.59659649906064e-26,0.0788495848324287,TRUE,TRUE,FALSE
"CAALFM_C500340WA",1,"C5_00340W_A",0.745526623938633,6.64405384990309e-07,0.887128878591541,FALSE,TRUE,FALSE
"CAALFM_C500350CA",2,"C5_00350C_A",0.317988924613188,2.68947589678794e-17,0.486658460304573,FALSE,TRUE,FALSE
"tS(CAG)1",8,"C5_00360C_A",0.00580540392990868,1.53938612440442e-08,0.515267707361941,TRUE,TRUE,FALSE
"COF1",1,"C5_00370W_A",0.00915135587180685,2.22420324428107e-65,0.216152131613127,TRUE,TRUE,FALSE
"CAALFM_C500380WA",7,"C5_00380W_A",0.229409412333616,3.68319192816605e-32,0.00249300368266145,FALSE,TRUE,TRUE
"CAALFM_C500390CA",5,"C5_00390C_A",3.85944176741537e-18,5.2912216520935e-22,0.00038099936141197,TRUE,TRUE,TRUE
"CAALFM_C500400CA",1,"C5_00400C_A",0.47608197963626,2.33465436703968e-13,0.0119216050956716,FALSE,TRUE,TRUE
"MRP17",1,"C5_00420C_A",2.63829162460115e-05,8.49639210794742e-115,0.000773623890423335,TRUE,TRUE,TRUE
"MET14",1,"C5_00430W_A",2.31782538138532e-07,5.93029085487954e-86,6.73992763584853e-22,TRUE,TRUE,TRUE
"VPS2",6,"C5_00440C_A",1.37151385719648e-08,7.92002489793838e-27,2.66421481322928e-18,TRUE,TRUE,TRUE
"IFG3",5,"C5_00450C_A",4.27708133337732e-06,4.30957766090789e-33,1.84386025698196e-07,TRUE,TRUE,TRUE
"FET33",3,"C5_00460C_A",0.000183028709517927,1.79037520800313e-55,0.00556519779760055,TRUE,TRUE,TRUE
"KRE62",7,"C5_00470C_A",4.44301379631561e-07,3.59199245695691e-73,0.508842024217775,TRUE,TRUE,FALSE
"SEC14",8,"C5_00480C_A",0.0402294723064384,3.13074453544684e-92,1.54723691335587e-07,TRUE,TRUE,TRUE
"BUD2",8,"C5_00490C_A",2.85507751499582e-08,1.65268116056883e-28,0.260482944831853,TRUE,TRUE,FALSE
"NAM7",3,"C5_00500W_A",6.71092003431096e-07,7.21980386503461e-23,0.00288912829296081,TRUE,TRUE,TRUE
"CAALFM_C500510WA",7,"C5_00510W_A",0.00615362325211746,5.7255191277976e-29,0.00733079495646201,TRUE,TRUE,TRUE
"CAALFM_C500530WA",7,"C5_00530W_A",0.0134002715961716,5.75739257211487e-51,0.952282463357386,TRUE,TRUE,FALSE
"AGA1",6,"C5_00540C_A",2.6880431165453e-10,6.3991803914318e-197,1.32108031113297e-13,TRUE,TRUE,TRUE
"CAALFM_C500550CA",2,"C5_00550C_A",0.0215875713546195,0.0775331368528409,0.0758789508976229,TRUE,FALSE,FALSE
"CAALFM_C500560WA",4,"C5_00560W_A",0.100771440221615,3.32096720681885e-26,0.143176669353038,FALSE,TRUE,FALSE
"CAALFM_C500570WA",8,"C5_00570W_A",2.05096391508191e-10,0.00864181255618962,1.77099916870609e-08,TRUE,TRUE,TRUE
"CAALFM_C500580WA",5,"C5_00580W_A",0.00204620655217126,6.57376433130554e-43,0.121003066776456,TRUE,TRUE,FALSE
"PET9",1,"C5_00590W_A",0.0198878702682903,1.24511873604266e-146,0.000331053243383832,TRUE,TRUE,TRUE
"CAALFM_C500600CA",7,"C5_00600C_A",0.000871047990155271,2.15001601581806e-55,0.0637911763089174,TRUE,TRUE,FALSE
"CAALFM_C500610CA",7,"C5_00610C_A",0.0713294604623763,2.90211384809291e-17,0.0462586920703293,FALSE,TRUE,TRUE
"CAALFM_C500620WA",2,"C5_00620W_A",0.00582592120047238,5.98269585598123e-21,0.583536595470246,TRUE,TRUE,FALSE
"EXO1",2,"C5_00630C_A",2.22966532184694e-08,2.25652077316292e-21,0.0164840602355262,TRUE,TRUE,TRUE
"SAM51",4,"C5_00640C_A",0.00612666197699795,1.50229095999336e-20,0.883226178848834,TRUE,TRUE,FALSE
"THR1",1,"C5_00650C_A",6.10770729667466e-18,1.29352788099789e-86,0.00506404293594863,TRUE,TRUE,TRUE
"ERG11",1,"C5_00660C_A",0.0833139806112313,1.97058740857482e-63,0.0223639212809057,FALSE,TRUE,TRUE
"HMS1",5,"C5_00670C_A",0.29488594342034,1.91745394567114e-15,0.34820492116561,FALSE,TRUE,FALSE
"RMT2",2,"C5_00680W_A",0.00674571982123691,8.82528281592873e-37,0.371763657945213,TRUE,TRUE,FALSE
"TFB3",6,"C5_00690C_A",0.0814404048750711,2.93695594592653e-25,0.194089062375829,FALSE,TRUE,FALSE
"SPE2",1,"C5_00700C_A",0.151366446201069,5.6781775359816e-97,4.25245570543839e-06,FALSE,TRUE,TRUE
"IFF8",7,"C5_00710W_A",1.59427602309124e-08,9.92188208841031e-51,0.00790086018212854,TRUE,TRUE,TRUE
"HYR3",8,"C5_00730W_A",3.17534138133767e-05,4.85626878802309e-24,0.0275603485465506,TRUE,TRUE,TRUE
"CTF8",2,"C5_00740W_A",1.39120598196017e-13,4.37532121257715e-31,0.000505661072172363,TRUE,TRUE,TRUE
"CAALFM_C500750CA",5,"C5_00750C_A",0.00667806512241889,4.28497025203119e-70,0.00905748033443599,TRUE,TRUE,TRUE
"CAALFM_C500760WA",8,"C5_00760W_A",0.00567597884187901,2.19495225565327e-32,0.393357004795594,TRUE,TRUE,FALSE
"FOL1",4,"C5_00770C_A",0.05483443310353,3.37572324315475e-19,0.863262394763715,FALSE,TRUE,FALSE
"CAALFM_C500780CA",6,"C5_00780C_A",0.228594756591975,2.46785061459018e-28,0.479991508999703,FALSE,TRUE,FALSE
"CAALFM_C500790CA",8,"C5_00790C_A",1.42543451969674e-05,7.49065634805693e-24,4.58760993333381e-10,TRUE,TRUE,TRUE
"CAALFM_C500800CA",5,"C5_00800C_A",0.00801605314295816,7.24720530623588e-05,0.000964632885579098,TRUE,TRUE,TRUE
"CAALFM_C500810CA",7,"C5_00810C_A",NA,8.61107114570658e-40,0.514024972201085,FALSE,TRUE,FALSE
"CAALFM_C500820WA",1,"C5_00820W_A",4.6770717009684e-05,1.73349420224143e-192,0.136064456014448,TRUE,TRUE,FALSE
"ERV46",1,"C5_00830C_A",1.11173889109982e-05,3.16016564832839e-48,0.0791786653738662,TRUE,TRUE,FALSE
"CAALFM_C500840WA",2,"C5_00840W_A",0.0309159522630634,0.000398508671608166,0.658137276638755,TRUE,TRUE,FALSE
"CAALFM_C500850CA",2,"C5_00850C_A",5.30996928513564e-07,4.83030041654673e-18,0.219647381662858,TRUE,TRUE,FALSE
"IMP2",7,"C5_00860W_A",0.790604396396961,0.00576263116303623,0.490246081002945,FALSE,TRUE,FALSE
"GIT4",6,"C5_00870C_A",0.000660901614870216,1.1923224652138e-29,0.00587785470267758,TRUE,TRUE,TRUE
"GIT3",5,"C5_00880C_A",2.44286098168481e-09,4.82616233467172e-48,2.26355539559582e-07,TRUE,TRUE,TRUE
"GIT2",8,"C5_00890C_A",7.80533490064518e-07,5.87675832788831e-05,8.37425442337076e-05,TRUE,TRUE,TRUE
"URA4",4,"C5_00900C_A",0.000176632611557764,1.53390917163823e-66,0.389186612551092,TRUE,TRUE,FALSE
"TRX2",8,"C5_00910C_A",0.00110772718074071,0.00102617816360525,0.00616275417114616,TRUE,TRUE,TRUE
"CAALFM_C500920WA",2,"C5_00920W_A",0.214095702737723,1.63167628371364e-16,0.365509029942477,FALSE,TRUE,FALSE
"TFS1",5,"C5_00930C_A",1.94802630081562e-06,1.40444758154604e-229,0.0504152154917059,TRUE,TRUE,FALSE
"HAP5",4,"C5_00940C_A",0.000179937787369977,6.85822594498008e-26,0.0704630324858923,TRUE,TRUE,FALSE
"CAALFM_C500950CA",2,"C5_00950C_A",0.319077492559978,1.6775221160236e-33,0.000150564750092123,FALSE,TRUE,TRUE
"tE(UUC)4",8,"C5_00960W_A",3.73424416279808e-09,2.62104590490826e-25,0.20329531629768,TRUE,TRUE,FALSE
"tE(UUC)3",7,"C5_00970W_A",NA,2.68432792881064e-42,0.0817694220746098,FALSE,TRUE,FALSE
"TRY3",8,"C5_00980W_A",0.0082127121698229,1.05562125266948e-40,0.211260065881724,TRUE,TRUE,FALSE
"tQ(CUG)1",7,"C5_00990W_A",0.0479166470491632,8.09117679372507e-18,0.977384003178479,TRUE,TRUE,FALSE
"CAALFM_C501000CA",4,"C5_01000C_A",0.00480988990349391,8.12837503337668e-19,0.293185566176723,TRUE,TRUE,FALSE
"CCW14",7,"C5_01010W_A",0.000353809133765893,3.31065068855496e-112,0.035098197824212,TRUE,TRUE,TRUE
"CAALFM_C501020CA",8,"C5_01020C_A",0.135048675340664,8.85600993075676e-14,0.0203413086046473,FALSE,TRUE,TRUE
"CAALFM_C501030WA",8,"C5_01030W_A",7.91188077772252e-14,4.72749134191632e-15,0.00144754992713589,TRUE,TRUE,TRUE
"CAALFM_C501040WA",7,"C5_01040W_A",0.0942696622389825,6.07201198755206e-21,0.00538381595213784,FALSE,TRUE,TRUE
"CAALFM_C501050CA",1,"C5_01050C_A",4.12214297944557e-09,1.07414681862983e-208,0.111995988244364,TRUE,TRUE,FALSE
"BUD23",3,"C5_01060C_A",1.64439005295677e-06,2.19711168999421e-38,0.0918473063710046,TRUE,TRUE,FALSE
"CAALFM_C501070CA",1,"C5_01070C_A",0.734812194950926,1.0408085481409e-45,0.00112797590621864,FALSE,TRUE,TRUE
"GDS1",1,"C5_01080C_A",0.339897698610281,3.00091939678149e-40,0.00450998394345266,FALSE,TRUE,TRUE
"CAALFM_C501090CA",1,"C5_01090C_A",0.093290330327744,5.58711309767311e-18,0.622578383639812,FALSE,TRUE,FALSE
"CLN3",1,"C5_01100C_A",0.877529593058591,4.56526345079319e-97,0.0333465638321033,FALSE,TRUE,TRUE
"CAALFM_C501110WA",2,"C5_01110W_A",9.0394610265167e-08,2.47682099681556e-46,0.260805543838272,TRUE,TRUE,FALSE
"CYC3",8,"C5_01130W_A",0.0530241012360903,6.98166723126542e-12,0.195263818274403,FALSE,TRUE,FALSE
"CAALFM_C501140CA",2,"C5_01140C_A",0.0041491467424304,3.33018690400676e-35,0.0537093881217845,TRUE,TRUE,FALSE
"CAALFM_C501150CA",3,"C5_01150C_A",0.168487976653948,2.36236064406596e-11,0.921385030732693,FALSE,TRUE,FALSE
"CAALFM_C501160CA",8,"C5_01160C_A",5.90623697945699e-07,2.71764994028708e-07,0.00776466876801246,TRUE,TRUE,TRUE
"CAALFM_C501170WA",8,"C5_01170W_A",3.67602072853382e-06,2.11688040299215e-05,0.03264414730715,TRUE,TRUE,TRUE
"PUS4",3,"C5_01180W_A",0.000373302139568258,3.51718440683529e-24,0.00766771922538907,TRUE,TRUE,TRUE
"CAALFM_C501190WA",4,"C5_01190W_A",0.442897842667935,2.19536831888068e-23,0.295142311190101,FALSE,TRUE,FALSE
"CAALFM_C501200WA",5,"C5_01200W_A",0.000292029210796881,2.42429817431223e-20,0.0183954726929468,TRUE,TRUE,TRUE
"VPS1",1,"C5_01210W_A",0.634310085285543,4.23220710722359e-63,0.00315186234142416,FALSE,TRUE,TRUE
"CAALFM_C501220WA",2,"C5_01220W_A",0.40535405365792,3.65940797448427e-07,0.636640250664862,FALSE,TRUE,FALSE
"CAALFM_C501230CA",4,"C5_01230C_A",0.00619234559391138,5.53297741648705e-55,0.227104517646221,TRUE,TRUE,FALSE
"AUR1",8,"C5_01240W_A",9.2624148755892e-08,3.84179634003253e-11,3.92862329178954e-10,TRUE,TRUE,TRUE
"GPR1",8,"C5_01250W_A",0.00888743061998436,0.00310652950594339,0.00396785040002511,TRUE,TRUE,TRUE
"CAALFM_C501260WA",8,"C5_01260W_A",3.28545056370531e-13,1.57626957900237e-126,0.00158331343291159,TRUE,TRUE,TRUE
"SGE1",5,"C5_01270W_A",0.00501098428495652,0.0982941919413196,0.0810706853739218,TRUE,FALSE,FALSE
"NUF2",6,"C5_01280C_A",0.0123548021610185,2.85252077745511e-25,0.603836202357574,TRUE,TRUE,FALSE
"CAALFM_C501290CA",4,"C5_01290C_A",0.198774343248821,2.60938978895346e-26,0.856148809137668,FALSE,TRUE,FALSE
"CAALFM_C501300CA",6,"C5_01300C_A",0.0415523135177661,3.25373100578222e-168,2.1967716627064e-30,TRUE,TRUE,TRUE
"CAALFM_C501310WA",7,"C5_01310W_A",0.118099835033422,5.02490541619978e-29,2.0215375480687e-14,FALSE,TRUE,TRUE
"SNF1",6,"C5_01320W_A",0.0651751453502882,2.9966229391304e-14,0.672063592727767,FALSE,TRUE,FALSE
"HST3",4,"C5_01340W_A",0.00358414690840093,2.78285499474166e-16,0.00116335256929005,TRUE,TRUE,TRUE
"CAALFM_C501350WA",4,"C5_01350W_A",0.000780095303122576,1.02371825003677e-61,0.000705312029657788,TRUE,TRUE,TRUE
"CFL4",6,"C5_01360W_A",1.07200927601857e-08,7.34693154359145e-08,1.86853721154345e-05,TRUE,TRUE,TRUE
"CFL5",2,"C5_01380W_A",1.17531256013454e-09,3.07652125464787e-05,0.000105141930303498,TRUE,TRUE,TRUE
"SNM1",2,"C5_01390C_A",0.00016860430974721,1.12587614782299e-06,4.65671510042474e-05,TRUE,TRUE,TRUE
"SEF2",6,"C5_01400W_A",0.45131645691922,4.38714539573195e-12,1.34248360488058e-05,FALSE,TRUE,TRUE
"CAALFM_C501410CA",4,"C5_01410C_A",0.123382109397434,2.64638060186358e-76,0.0108273523153388,FALSE,TRUE,TRUE
"CAALFM_C501420WA",5,"C5_01420W_A",4.7120610609461e-09,1.8438241549847e-120,0.232712448001487,TRUE,TRUE,FALSE
"CAALFM_C501430CA",2,"C5_01430C_A",0.0205051675155564,1.38330759765423e-26,1.42653641416356e-08,TRUE,TRUE,TRUE
"CAALFM_C501440CA",5,"C5_01440C_A",0.000172102941838786,1.25153982904838e-36,8.44787321735004e-05,TRUE,TRUE,TRUE
"PRC2",5,"C5_01450W_A",8.16308424682924e-15,1.11623987429336e-152,0.038912148162399,TRUE,TRUE,TRUE
"YBL053",2,"C5_01460W_A",1.5645625334554e-12,1.57491337509144e-13,2.45248104219002e-06,TRUE,TRUE,TRUE
"CAALFM_C501470CA",5,"C5_01470C_A",0.493063044676866,1.05446336419158e-05,0.0220907708349296,FALSE,TRUE,TRUE
"FYV5",3,"C5_01480W_A",1.11181418901306e-05,5.0293694450331e-67,0.130371483503076,TRUE,TRUE,FALSE
"CAALFM_C501490CA",8,"C5_01490C_A",0.0454047939377097,1.47488262359385e-13,0.359975243778855,TRUE,TRUE,FALSE
"ZCF20",6,"C5_01500C_A",0.000514104332216591,1.58195713938946e-10,0.00116619401359919,TRUE,TRUE,TRUE
"SMD3",6,"C5_01510W_A",0.198457764676112,1.02666097010065e-34,5.31323748393076e-09,FALSE,TRUE,TRUE
"GLR1",4,"C5_01520C_A",0.00432771907134292,1.94272944366575e-20,0.125507012605669,TRUE,TRUE,FALSE
"CAALFM_C501530CA",4,"C5_01530C_A",0.0284293941204361,0.00034438545018084,0.457793766876722,TRUE,TRUE,FALSE
"CAALFM_C501540WA",1,"C5_01540W_A",3.70199031141302e-15,2.26033392196525e-150,3.27853574159357e-05,TRUE,TRUE,TRUE
"CAALFM_C501550CA",2,"C5_01550C_A",0.0537856111523424,6.1898571392376e-07,0.00578203344591606,FALSE,TRUE,TRUE
"CAALFM_C501560CA",6,"C5_01560C_A",0.000515934787813498,1.94198726855409e-64,0.0423429117780101,TRUE,TRUE,TRUE
"SPO1",7,"C5_01570C_A",0.000526153306713181,1.20104780515203e-45,0.0172996273121477,TRUE,TRUE,TRUE
"CEF3",1,"C5_01580C_A",NA,9.91734360686329e-167,0.000214531058676451,FALSE,TRUE,TRUE
"CAALFM_C501590WA",2,"C5_01590W_A",0.864802044291248,8.2600443376733e-05,0.558278706242527,FALSE,TRUE,FALSE
"SPB4",8,"C5_01600C_A",0.000104077955846732,1.542308221119e-27,0.405875054863174,TRUE,TRUE,FALSE
"CAALFM_C501610WA",3,"C5_01610W_A",8.74157203043168e-05,2.37174001948029e-50,0.304008210405793,TRUE,TRUE,FALSE
"VPS22",6,"C5_01620C_A",0.024822177043075,1.39020507260895e-24,0.0408172433720888,TRUE,TRUE,TRUE
"MAS2",1,"C5_01640W_A",0.050148484158076,2.33042394805263e-35,0.0538736897853245,FALSE,TRUE,FALSE
"MYO1",2,"C5_01650C_A",0.000258308327679433,1.38658040442559e-27,0.00505553448433285,TRUE,TRUE,TRUE
"DAL52",6,"C5_01670W_A",0.0962662959073504,1.35551007100879e-190,4.50746055602656e-24,FALSE,TRUE,TRUE
"CCN1",2,"C5_01680C_A",0.0339831924147656,1.68427554357564e-17,0.000310590107903112,TRUE,TRUE,TRUE
"CCT7",2,"C5_01690C_A",9.30711658144566e-10,1.2672299455574e-43,0.138101895933957,TRUE,TRUE,FALSE
"MRPL36",1,"C5_01700W_A",0.0196224072425112,5.99700017816522e-51,0.101654491603604,TRUE,TRUE,FALSE
"CAALFM_C501710CA",8,"C5_01710C_A",4.30471847865157e-05,1.08237844877163e-26,0.37909429426475,TRUE,TRUE,FALSE
"RCY1",7,"C5_01720C_A",0.604574630049875,5.01962413486064e-11,0.139141313366129,FALSE,TRUE,FALSE
"CAALFM_C501730WA",3,"C5_01730W_A",0.0256260175305581,9.00443202582964e-14,0.49834963131983,TRUE,TRUE,FALSE
"MTLA1",6,"C5_01740C_A",0.0415523135177661,3.44913569030885e-51,0.000967913318748802,TRUE,TRUE,TRUE
"MTLA2",7,"C5_01750C_A",0.0543245969239146,1.29251745160264e-29,0.102521998144584,FALSE,TRUE,FALSE
"PIKA",6,"C5_01760C_A",0.00227529943904554,1.9242782437545e-15,0.000188295063538207,TRUE,TRUE,TRUE
"OBPA",4,"C5_01770C_A",5.75085239831537e-06,1.07767171656606e-116,9.48572385623545e-06,TRUE,TRUE,TRUE
"PAP1",1,"C5_01780W_A",0.211846750504286,3.41704005387754e-45,0.255866195647665,FALSE,TRUE,FALSE
"HIP1",8,"C5_01800C_A",1.24514207890863e-05,1.46461942609685e-08,0.00142240150146636,TRUE,TRUE,TRUE
"FCR3",8,"C5_01810W_A",2.00766048449673e-07,0.0148661207592944,2.10687273132125e-07,TRUE,TRUE,TRUE
"STI1",2,"C5_01820W_A",0.0253163387091016,4.97635543226481e-05,4.74969253898672e-05,TRUE,TRUE,TRUE
"HAL9",8,"C5_01830C_A",9.54042602702415e-14,2.50710418633213e-53,7.70748316119392e-05,TRUE,TRUE,TRUE
"TAC1",7,"C5_01840C_A",7.58567719966901e-08,1.82450833271011e-33,0.0175874792695098,TRUE,TRUE,TRUE
"ZNC1",8,"C5_01850C_A",6.71416980050485e-07,7.07294515843681e-87,0.0130033573625046,TRUE,TRUE,TRUE
"CAALFM_C501870WA",1,"C5_01870W_A",0.0105349646963652,9.77161727887068e-60,0.0874440756110736,TRUE,TRUE,FALSE
"CAALFM_C501880CA",8,"C5_01880C_A",0.0475337289627758,2.28288565360893e-21,0.56419056069894,TRUE,TRUE,FALSE
"CAALFM_C501890WA",6,"C5_01890W_A",0.218342508291427,4.44132002906157e-06,0.000315024597582389,FALSE,TRUE,TRUE
"CAALFM_C501900CA",2,"C5_01900C_A",0.856817184781232,3.64658404638125e-37,0.178807189335086,FALSE,TRUE,FALSE
"GIS2",1,"C5_01910W_A",0.529466646470492,3.3133202967993e-53,0.0259914349045545,FALSE,TRUE,TRUE
"CAALFM_C501920CA",5,"C5_01920C_A",0.00092565763608181,1.40547541150936e-46,0.174983510213718,TRUE,TRUE,FALSE
"CAALFM_C501930WA",4,"C5_01930W_A",0.954580472854439,1.94483157004943e-09,0.114187885026148,FALSE,TRUE,FALSE
"CAALFM_C501940WA",1,"C5_01940W_A",0.0133679581722078,9.07202340655643e-33,0.770546440006661,TRUE,TRUE,FALSE
"RIM21",6,"C5_01950C_A",2.52060610350775e-05,2.12982422777004e-92,0.0843103359047512,TRUE,TRUE,FALSE
"CAALFM_C501960CA",1,"C5_01960C_A",0.376641116500294,5.59492245881135e-15,0.000967913318748802,FALSE,TRUE,TRUE
"CDC24",1,"C5_01970C_A",0.0139704063881808,1.32786508235554e-43,0.140390038700663,TRUE,TRUE,FALSE
"CAALFM_C501980CA",4,"C5_01980C_A",0.000703022311681778,2.60833732220319e-12,0.0178297699783134,TRUE,TRUE,TRUE
"CAALFM_C501990WA",6,"C5_01990W_A",0.0493655374174001,2.06944830819093e-16,0.513169262086838,TRUE,TRUE,FALSE
"ACH1",5,"C5_02000C_A",0.00430499770217946,1.66677436386793e-76,0.129332430010203,TRUE,TRUE,FALSE
"CAALFM_C502010CA",3,"C5_02010C_A",0.018236484564452,4.87531839921442e-64,0.131315589648504,TRUE,TRUE,FALSE
"CAALFM_C502020CA",6,"C5_02020C_A",0.618903730758787,1.50122668814429e-06,0.118246755359707,FALSE,TRUE,FALSE
"RPN8",4,"C5_02030W_A",0.000290548864509939,2.5231931113274e-26,0.00143858532816405,TRUE,TRUE,TRUE
"CAALFM_C502040WA",1,"C5_02040W_A",0.0790815212336384,2.7885791043199e-75,0.234429789273252,FALSE,TRUE,FALSE
"CAALFM_C502050WA",1,"C5_02050W_A",0.00240372046429228,7.84544629353243e-17,0.141660685521885,TRUE,TRUE,FALSE
"CAALFM_C502060WA",6,"C5_02060W_A",0.9149462891588,1.47286708385084e-06,0.765950369798424,FALSE,TRUE,FALSE
"CAALFM_C502070CA",6,"C5_02070C_A",0.00716357070078132,9.68544993254127e-25,0.580435417595058,TRUE,TRUE,FALSE
"HSP12",6,"C5_02080C_A",9.57940351392716e-21,1.09050566780693e-153,1.46426876482464e-05,TRUE,TRUE,TRUE
"CAALFM_C502110WA",6,"C5_02110W_A",8.76302630270628e-23,2.31793515756358e-157,2.56065689116183e-06,TRUE,TRUE,TRUE
"RIX7",2,"C5_02120C_A",0.00090295946687996,1.39342643331541e-27,0.0504152154917059,TRUE,TRUE,FALSE
"CAALFM_C502130WA",7,"C5_02130W_A",0.00310842168109953,5.52083386888162e-30,0.0987201436053511,TRUE,TRUE,FALSE
"CAALFM_C502140CA",4,"C5_02140C_A",0.0444227236541462,1.48317003163386e-07,0.0485867303273126,TRUE,TRUE,TRUE
"ORC4",7,"C5_02150C_A",0.232184986041335,0.0403816475955122,0.0258462237933765,FALSE,TRUE,TRUE
"SST2",8,"C5_02160W_A",2.28160676760775e-16,1.83467107825365e-77,0.000379223124886279,TRUE,TRUE,TRUE
"GCD11",1,"C5_02170C_A",9.94781691807406e-11,2.4121328032837e-69,0.0606425876097902,TRUE,TRUE,FALSE
"LEU3",7,"C5_02180C_A",0.0595822744717499,1.63842017536805e-20,9.89838989141414e-05,FALSE,TRUE,TRUE
"CAALFM_C502190CA",6,"C5_02190C_A",0.00046940916217472,5.21657449057946e-12,7.34583489789982e-05,TRUE,TRUE,TRUE
"CAALFM_C502200WA",6,"C5_02200W_A",0.176502124713408,6.68155507738376e-20,0.18183279734703,FALSE,TRUE,FALSE
"CAALFM_C502210WA",4,"C5_02210W_A",4.79292010277424e-05,7.91619758271292e-10,1.07835814200791e-05,TRUE,TRUE,TRUE
"CAALFM_C502220CA",5,"C5_02220C_A",9.51400666267569e-14,6.63013817934606e-235,0.184372695143956,TRUE,TRUE,FALSE
"CAALFM_C502230WA",4,"C5_02230W_A",6.05352145098733e-05,1.18950636401681e-22,0.0213601651177782,TRUE,TRUE,TRUE
"PTH2",8,"C5_02240W_A",5.5509643912632e-05,9.0801127142211e-41,0.256938336716261,TRUE,TRUE,FALSE
"PTH1",7,"C5_02260C_A",3.46194546082582e-06,2.29088734381496e-29,0.00528244179799628,TRUE,TRUE,TRUE
"THR4",1,"C5_02270W_A",0.10536347559473,3.07006107676314e-106,2.82936643500134e-13,FALSE,TRUE,TRUE
"CAALFM_C502280CA",8,"C5_02280C_A",0.00278779848367316,1.42517190586479e-23,0.32602518606452,TRUE,TRUE,FALSE
"PDE1",8,"C5_02290W_A",1.12009213677409e-05,4.09007410271058e-25,0.196304552316354,TRUE,TRUE,FALSE
"RET2",1,"C5_02300C_A",0.0155318168017195,4.44226448181701e-20,0.0473399506197572,TRUE,TRUE,TRUE
"CAALFM_C502310CA",7,"C5_02310C_A",NA,8.02812944935333e-28,0.0531195469824499,FALSE,TRUE,FALSE
"CAALFM_C502320CA",2,"C5_02320C_A",0.496875786402411,1.18819844909422e-08,0.287114468496348,FALSE,TRUE,FALSE
"CAALFM_C502330WA",1,"C5_02330W_A",0.0003282957189821,2.51827107239765e-37,0.111796755623171,TRUE,TRUE,FALSE
"CST20",7,"C5_02340C_A",0.0790815212336384,1.31698052789331e-10,0.0016819758609309,FALSE,TRUE,TRUE
"CAALFM_C502350CA",6,"C5_02350C_A",0.403002167486475,7.30301160250927e-13,0.0935822814215763,FALSE,TRUE,FALSE
"CAALFM_C502360CA",8,"C5_02360C_A",0.0634548850797363,1.78782841318049e-11,0.978187260459642,FALSE,TRUE,FALSE
"CAALFM_C502370CA",2,"C5_02370C_A",0.472666451984681,2.9105291904125e-07,0.323167122443574,FALSE,TRUE,FALSE
"CAALFM_C502380WA",5,"C5_02380W_A",1.03801691495917e-08,7.30583638992114e-65,7.3945683877732e-05,TRUE,TRUE,TRUE
"CAALFM_C502390CA",4,"C5_02390C_A",0.000670837062038588,9.74295765484132e-11,0.0206178919356381,TRUE,TRUE,TRUE
"CAALFM_C502400WA",4,"C5_02400W_A",0.0789141422449803,4.37800964437754e-43,0.957923613256752,FALSE,TRUE,FALSE
"CAALFM_C502410CA",2,"C5_02410C_A",0.0252383762445878,5.36774514391256e-11,0.0943603872212122,TRUE,TRUE,FALSE
"ZCF22",7,"C5_02430W_A",3.80836210172084e-05,2.12224197827105e-49,0.328468765075125,TRUE,TRUE,FALSE
"CAALFM_C502440CA",2,"C5_02440C_A",0.00147247957640172,0.0028551021190749,0.406322348728376,TRUE,TRUE,FALSE
"CAALFM_C502450WA",6,"C5_02450W_A",0.210252322922104,3.76968304191965e-17,0.053696659058429,FALSE,TRUE,FALSE
"ECM331",7,"C5_02460C_A",0.0232435796100807,2.57307640288667e-11,0.00123147554160928,TRUE,TRUE,TRUE
"INT1",2,"C5_02470W_A",0.217210793315022,1.98128937764797e-13,0.252933364480902,FALSE,TRUE,FALSE
"CAALFM_C502480WA",2,"C5_02480W_A",0.100565373642687,2.72419779505607e-08,0.00351568415461695,FALSE,TRUE,TRUE
"TIF5",1,"C5_02490C_A",3.72342525093283e-05,3.02419016077196e-113,0.0510711697848705,TRUE,TRUE,FALSE
"CAALFM_C502500CA",6,"C5_02500C_A",0.123111860594938,1.54289572215959e-19,0.0363561642812066,FALSE,TRUE,TRUE
"CAALFM_C502510CA",6,"C5_02510C_A",0.0946830616520669,3.74699592432918e-17,0.0153752863902586,FALSE,TRUE,TRUE
"CAALFM_C502520WA",6,"C5_02520W_A",0.00535212614194645,2.45933773225883e-36,0.409985571707433,TRUE,TRUE,FALSE
"UAP1",3,"C5_02530W_A",0.0992773181081967,7.14460100040218e-18,0.481478043080136,FALSE,TRUE,FALSE
"SPR28",7,"C5_02540C_A",0.000590612712684677,5.63314165946534e-28,0.444024937273438,TRUE,TRUE,FALSE
"UTP13",3,"C5_02550C_A",0.00241937254116968,1.59602073432884e-45,0.253360791134186,TRUE,TRUE,FALSE
"CAALFM_C502560CA",5,"C5_02560C_A",0.000308351462355614,2.32120296811177e-120,0.00598476552192536,TRUE,TRUE,TRUE
"MNN13",6,"C5_02570W_A",1.08561077865518e-05,5.01058884055983e-39,0.0161022809490283,TRUE,TRUE,TRUE
"CAALFM_C502580WA",4,"C5_02580W_A",0.0314382311470398,3.8692996688053e-05,0.00619917035037364,TRUE,TRUE,TRUE
"CAALFM_C502590CA",3,"C5_02590C_A",0.000425030383999907,9.19634338426667e-73,0.0635795611069125,TRUE,TRUE,FALSE
"PUT1",8,"C5_02600W_A",4.85559902750168e-11,5.28500136931416e-157,5.61232636633133e-05,TRUE,TRUE,TRUE
"RAD9",6,"C5_02610C_A",0.0265256107623792,8.92496860642652e-79,0.626932767886037,TRUE,TRUE,FALSE
"CAALFM_C502620CA",8,"C5_02620C_A",0.000988552832908201,0.000266457304414145,0.00457734787050921,TRUE,TRUE,TRUE
"MNN1",6,"C5_02630C_A",0.00136508061894784,1.24520418612738e-67,0.832893544675178,TRUE,TRUE,FALSE
"CAALFM_C502640WA",6,"C5_02640W_A",0.000741310262455377,2.79657962968993e-90,0.00703155053096236,TRUE,TRUE,TRUE
"IFH1",8,"C5_02650C_A",8.62219875902162e-05,2.88455931424131e-12,0.00792668203385225,TRUE,TRUE,TRUE
"CAALFM_C502660CA",1,"C5_02660C_A",5.00756809565916e-06,4.44851602216403e-254,0.00175700648450593,TRUE,TRUE,TRUE
"BUR2",7,"C5_02670W_A",0.000780826313258614,2.94550206561842e-36,0.0135724152928168,TRUE,TRUE,TRUE
"CAALFM_C502680WA",8,"C5_02680W_A",7.91547150340663e-25,1.69013951356382e-180,1.00386533218748e-05,TRUE,TRUE,TRUE
"CAALFM_C502690WA",5,"C5_02690W_A",9.00388654235861e-06,3.39065086822205e-132,1.76905308604521e-06,TRUE,TRUE,TRUE
"CTA7",7,"C5_02700W_A",9.03902223078216e-05,2.25685484263121e-29,0.00501442751261964,TRUE,TRUE,TRUE
"TRR1",2,"C5_02710W_A",0.392216483716092,5.09074490301106e-52,2.35550297548814e-07,FALSE,TRUE,TRUE
"PEP12",6,"C5_02720W_A",3.54967832150308e-06,5.75893793130269e-45,0.0590409012561993,TRUE,TRUE,FALSE
"CAALFM_C502730CA",1,"C5_02730C_A",0.000697987568750955,6.35190050497552e-28,0.526645770844814,TRUE,TRUE,FALSE
"CAALFM_C502740WA",7,"C5_02740W_A",0.034695982271842,4.13335886784875e-24,0.0877416247848026,TRUE,TRUE,FALSE
"CAALFM_C502750CA",6,"C5_02750C_A",0.902862071112995,2.33928391328707e-06,0.220372518356609,FALSE,TRUE,FALSE
"CKB2",6,"C5_02760W_A",0.222236853918056,0.00124026687182318,0.564129474459173,FALSE,TRUE,FALSE
"MSW1",7,"C5_02770W_A",0.0059121251851346,9.12066862542933e-27,0.00242497146419509,TRUE,TRUE,TRUE
"CAALFM_C502780WA",2,"C5_02780W_A",NA,2.8871290151247e-22,0.00473825707334173,FALSE,TRUE,TRUE
"GAP1",8,"C5_02790C_A",0.0164135923045956,3.57917081160113e-13,0.187269504309389,TRUE,TRUE,FALSE
"CAALFM_C502800CA",7,"C5_02800C_A",0.904914263017129,9.35231977499432e-30,0.00058985811946211,FALSE,TRUE,TRUE
"CAALFM_C502810WA",6,"C5_02810W_A",0.0123473947181637,3.39870021690651e-132,5.04360400067067e-11,TRUE,TRUE,TRUE
"CAALFM_C502820CA",4,"C5_02820C_A",7.38307641751014e-06,1.16204517661412e-113,0.117136116681622,TRUE,TRUE,FALSE
"CAALFM_C502830WA",6,"C5_02830W_A",0.537275878273134,6.92664043049841e-42,0.00889682762521675,FALSE,TRUE,TRUE
"HSL1",2,"C5_02840C_A",2.61702617184834e-12,8.21061849051218e-18,0.0196051775320063,TRUE,TRUE,TRUE
"CAALFM_C502850WA",1,"C5_02850W_A",0.0292403911327602,1.74076708096027e-105,0.00305633215430369,TRUE,TRUE,TRUE
"GRP2",5,"C5_02860C_A",5.00885287555336e-11,6.35202259693565e-20,2.13505755387768e-05,TRUE,TRUE,TRUE
"YNK1",1,"C5_02890W_A",2.38864471602984e-14,3.67691611139461e-214,0.0521683850105324,TRUE,TRUE,FALSE
"CAALFM_C502900WA",4,"C5_02900W_A",0.00960045325255504,3.33806471298563e-08,0.30437874479882,TRUE,TRUE,FALSE
"GYP8",8,"C5_02910C_A",0.000282118339197287,6.20225307331625e-28,0.0766877816292241,TRUE,TRUE,FALSE
"CAALFM_C502920WA",5,"C5_02920W_A",0.245091327562342,3.9135175665332e-40,0.115223645966677,FALSE,TRUE,FALSE
"GRE3",5,"C5_02930C_A",1.39272442455961e-10,1.85553401624652e-30,0.0116180099609631,TRUE,TRUE,TRUE
"MIG1",8,"C5_02940C_A",0.00776868124341838,0.397927373126065,0.446304955100648,TRUE,FALSE,FALSE
"DAP2",8,"C5_02970W_A",0.00559109634317242,0.00021342913124492,0.00070577102518381,TRUE,TRUE,TRUE
"CAALFM_C502980CA",6,"C5_02980C_A",0.00983566677983784,6.67039044290076e-54,0.00170008692643815,TRUE,TRUE,TRUE
"CAALFM_C502990WA",4,"C5_02990W_A",0.000934036507466355,2.15628269742083e-20,0.058256213851361,TRUE,TRUE,FALSE
"CAALFM_C503000CA",1,"C5_03000C_A",1.89105440893267e-05,6.75065855630743e-16,0.274330857216778,TRUE,TRUE,FALSE
"CAALFM_C503010WA",6,"C5_03010W_A",0.493552463302176,1.03829010927008e-31,0.391837638115128,FALSE,TRUE,FALSE
"CCC2",8,"C5_03020W_A",1.08547232320604e-14,0.00599822299256669,7.6768994806279e-15,TRUE,TRUE,TRUE
"CAALFM_C503030WA",6,"C5_03030W_A",0.706120609545017,2.1844871109495e-11,0.343021045326858,FALSE,TRUE,FALSE
"CAALFM_C503040WA",6,"C5_03040W_A",0.789405691619385,4.5241600613871e-05,0.504702048697385,FALSE,TRUE,FALSE
"PGA58",6,"C5_03050C_A",0.000678724199553698,2.56641602571948e-05,1.60482695039946e-05,TRUE,TRUE,TRUE
"TNA1",2,"C5_03060C_A",3.48072735934738e-07,1.55664912872317e-24,5.50979639525048e-13,TRUE,TRUE,TRUE
"RPS5",1,"C5_03070W_A",1.37214857585425e-19,1.13644151490287e-173,3.69050304996844e-05,TRUE,TRUE,TRUE
"CAALFM_C503080CA",6,"C5_03080C_A",7.240733016982e-06,4.79635592659786e-39,0.573294245913065,TRUE,TRUE,FALSE
"VPS4",4,"C5_03090W_A",0.0465016282668742,3.58798408613015e-33,0.0373087606798144,TRUE,TRUE,TRUE
"CAALFM_C503100CA",4,"C5_03100C_A",3.36312520357942e-05,1.30025918492372e-53,0.0341199341511844,TRUE,TRUE,TRUE
"CAALFM_C503110CA",3,"C5_03110C_A",0.119902486730871,1.4342698632218e-27,0.0160359365864173,FALSE,TRUE,TRUE
"CAALFM_C503120WA",1,"C5_03120W_A",0.00645480758651015,1.032974368167e-18,0.0138537897238181,TRUE,TRUE,TRUE
"SUT1",5,"C5_03130W_A",0.923729656434599,7.47407162722514e-09,0.0337284228133626,FALSE,TRUE,TRUE
"CAALFM_C503140CA",1,"C5_03140C_A",4.08061642984406e-06,1.19394025546456e-15,0.271337233636877,TRUE,TRUE,FALSE
"CAALFM_C503150WA",8,"C5_03150W_A",4.57804516586861e-18,3.11197127409542e-13,6.59053876619049e-15,TRUE,TRUE,TRUE
"MED14",4,"C5_03160W_A",0.796792725129318,1.04620999521017e-14,0.053969524085739,FALSE,TRUE,FALSE
"CAALFM_C503170CA",4,"C5_03170C_A",4.71157492198981e-09,5.44252432555743e-46,0.00690392290690232,TRUE,TRUE,TRUE
"CAALFM_C503210CA",2,"C5_03210C_A",0.0400660962926219,6.14992142738287e-07,0.0381106903152819,TRUE,TRUE,TRUE
"BUB3",8,"C5_03240W_A",7.97198915150158e-17,2.05975247690476e-76,2.4220080623941e-08,TRUE,TRUE,TRUE
"RMS1",8,"C5_03250W_A",3.64109671244192e-07,4.14059190581466e-31,0.00442011913841002,TRUE,TRUE,TRUE
"CAALFM_C503260CA",8,"C5_03260C_A",0.0241301896011282,0.0587817398638808,0.0469847228209757,TRUE,FALSE,TRUE
"TEF4",7,"C5_03270W_A",1.42892749032886e-09,1.24097968156181e-85,3.33248928814975e-10,TRUE,TRUE,TRUE
"CAM1-1",1,"C5_03280W_A",1.21764588128447e-08,1.30717668227708e-212,0.0358630888671145,TRUE,TRUE,TRUE
"CAALFM_C503290CA",2,"C5_03290C_A",9.87609497860972e-09,1.3809862486062e-59,0.00346586741673633,TRUE,TRUE,TRUE
"CAALFM_C503300CA",8,"C5_03300C_A",1.14041074663886e-08,9.41228405576724e-38,0.0906382549745033,TRUE,TRUE,FALSE
"PCL1",2,"C5_03310C_A",0.483783331850868,4.69247627733785e-22,0.000644595597396298,FALSE,TRUE,TRUE
"ZCF14",6,"C5_03320C_A",0.270683768468907,7.87099218051641e-19,0.182180784595054,FALSE,TRUE,FALSE
"ZCF13",6,"C5_03330C_A",1.17904981055805e-12,2.2666194353575e-90,0.00121006223114853,TRUE,TRUE,TRUE
"QCR2",1,"C5_03350W_A",0.0054204862317623,3.34734880300959e-219,0.156397890207079,TRUE,TRUE,FALSE
"RPO26",3,"C5_03360W_A",0.0227549789100534,6.55466924748147e-44,0.0691454828070491,TRUE,TRUE,FALSE
"CAALFM_C503370CA",4,"C5_03370C_A",0.051345151448668,0.00458422265385337,0.209838098168165,FALSE,TRUE,FALSE
"ARP1",2,"C5_03380W_A",0.000147823464132229,9.85943222149203e-13,0.000140555506793963,TRUE,TRUE,TRUE
"FUR1",2,"C5_03390C_A",0.000135106260132071,2.37119931377091e-51,0.00914063869460163,TRUE,TRUE,TRUE
"CAALFM_C503400CA",2,"C5_03400C_A",1.48054675291663e-05,4.44320973680007e-19,0.000535591851785829,TRUE,TRUE,TRUE
"CAALFM_C503410CA",1,"C5_03410C_A",4.09001808902745e-05,4.24258867321514e-83,0.00300874973373759,TRUE,TRUE,TRUE
"tE(UUC)5",7,"C5_03420W_A",0.754685813084281,3.05000593985115e-11,0.352867285432625,FALSE,TRUE,FALSE
"CAALFM_C503430WA",7,"C5_03430W_A",0.00218686249796949,2.62687070295294e-20,0.121298692216126,TRUE,TRUE,FALSE
"CAALFM_C503440WA",1,"C5_03440W_A",0.00319133961397854,2.14883701552988e-141,0.00105566784899035,TRUE,TRUE,TRUE
"CAALFM_C503450WA",8,"C5_03450W_A",1.96554112116853e-07,3.17100031485446e-15,0.0214958126724733,TRUE,TRUE,TRUE
"CAALFM_C503460CA",2,"C5_03460C_A",0.957720724261445,1.48952507347313e-23,0.110580936259409,FALSE,TRUE,FALSE
"CAALFM_C503470CA",8,"C5_03470C_A",0.0479166470491632,1.73476198373943e-25,0.000121603064709774,TRUE,TRUE,TRUE
"CAALFM_C503480CA",4,"C5_03480C_A",0.563068405153298,3.50121312155721e-19,0.949851505918318,FALSE,TRUE,FALSE
"CAALFM_C503490CA",5,"C5_03490C_A",1.0177428806055e-06,2.20169156545653e-150,0.0307438265723122,TRUE,TRUE,TRUE
"GAP6",8,"C5_03500W_A",0.000126826505096556,2.75698291551313e-17,3.06056411884629e-05,TRUE,TRUE,TRUE
"CAALFM_C503510CA",5,"C5_03510C_A",9.44658583555956e-05,3.33018616345944e-40,0.048057264078352,TRUE,TRUE,TRUE
"CAALFM_C503520WA",7,"C5_03520W_A",0.0225889073727044,1.52120964676834e-12,0.313073523300267,TRUE,TRUE,FALSE
"CAALFM_C503530CA",2,"C5_03530C_A",0.00199767805303259,8.14745612852152e-56,0.0747738522942005,TRUE,TRUE,FALSE
"RPS25B",1,"C5_03540C_A",4.34214679699408e-15,3.21452998059246e-105,0.00531933148137429,TRUE,TRUE,TRUE
"CAALFM_C503550WA",1,"C5_03550W_A",0.000619973117071751,5.26752053571374e-74,0.0406807491452982,TRUE,TRUE,TRUE
"CAALFM_C503560WA",6,"C5_03560W_A",0.660449728536282,2.30119448167936e-22,0.409408020002815,FALSE,TRUE,FALSE
"CAALFM_C503570WA",6,"C5_03570W_A",0.743743423163457,6.18896519638276e-30,0.0163525590699887,FALSE,TRUE,TRUE
"CAC2",2,"C5_03580C_A",0.000509926924784476,1.2523833615839e-10,0.0103357985564932,TRUE,TRUE,TRUE
"LAP4",6,"C5_03590W_A",0.00111158466611395,7.45274829440464e-62,0.110300101957051,TRUE,TRUE,FALSE
"MDJ1",2,"C5_03600W_A",0.0629048402593729,3.27710066536177e-19,0.391275326239234,FALSE,TRUE,FALSE
"HEX1",5,"C5_03610W_A",0.0485314910457031,2.64881841114781e-13,0.460704180436807,TRUE,TRUE,FALSE
"BTS1",5,"C5_03620W_A",0.0497263376507344,5.28122813183441e-21,0.00354716493507996,TRUE,TRUE,TRUE
"CAALFM_C503630CA",3,"C5_03630C_A",0.000678263257657173,8.1012574471229e-86,0.0531858079414998,TRUE,TRUE,FALSE
"CAALFM_C503640WA",3,"C5_03640W_A",0.00213193610836791,2.57019327645888e-18,0.116177066862316,TRUE,TRUE,FALSE
"CAALFM_C503650CA",6,"C5_03650C_A",0.0805492311093878,7.04432450512865e-08,0.00929355003822886,FALSE,TRUE,TRUE
"CAALFM_C503670CA",8,"C5_03670C_A",9.54246626304664e-10,1.5595320559504e-10,6.89702188032491e-07,TRUE,TRUE,TRUE
"FGR27",8,"C5_03680W_A",0.000697748971338548,0.00235827089110759,0.216587590383339,TRUE,TRUE,FALSE
"CAALFM_C503690WA",6,"C5_03690W_A",2.17895403493939e-07,6.74517169772684e-54,0.00600886105801278,TRUE,TRUE,TRUE
"CAALFM_C503700CA",3,"C5_03700C_A",1.45383244704883e-05,1.5104911053656e-43,0.0513998519034476,TRUE,TRUE,FALSE
"CAALFM_C503710CA",5,"C5_03710C_A",1.78485961676916e-12,1.35740688942529e-217,0.37176424761831,TRUE,TRUE,FALSE
"CAALFM_C503730WA",8,"C5_03730W_A",4.3042660532372e-11,2.43991654151285e-46,0.153586787853373,TRUE,TRUE,FALSE
"CAALFM_C503740WA",6,"C5_03740W_A",0.0224566933152376,5.12234887590032e-121,0.118147500348088,TRUE,TRUE,FALSE
"FAV2",8,"C5_03750W_A",0.121758412480818,4.48897585225693e-20,0.930813152420111,FALSE,TRUE,FALSE
"MTR10",2,"C5_03760C_A",0.378972150652933,2.38804275557232e-11,0.53230118931221,FALSE,TRUE,FALSE
"CAALFM_C503770CA",7,"C5_03770C_A",0.000149491349256343,1.16114459555975e-61,4.4489172518566e-06,TRUE,TRUE,TRUE
"CAALFM_C503780CA",2,"C5_03780C_A",0.401510587164281,2.24601213129876e-12,0.0111985772855297,FALSE,TRUE,TRUE
"GUK1",1,"C5_03790W_A",0.00616599895959429,1.15580861290352e-84,0.0224798136241006,TRUE,TRUE,TRUE
"CAALFM_C503800WA",8,"C5_03800W_A",0.00116621879415947,2.57035391519102e-50,0.0176909093680874,TRUE,TRUE,TRUE
"CAALFM_C503810CA",2,"C5_03810C_A",0.024313735373595,9.62219184976498e-27,0.000200440307673892,TRUE,TRUE,TRUE
"BUD7",6,"C5_03820C_A",0.843504371477416,2.2169122022501e-06,0.560326554536406,FALSE,TRUE,FALSE
"CAALFM_C503830CA",7,"C5_03830C_A",0.249077568090116,1.94195935549448e-19,0.000317410837296822,FALSE,TRUE,TRUE
"CAALFM_C503850WA",1,"C5_03850W_A",8.27140266650626e-06,8.36320975746378e-79,0.456608357645782,TRUE,TRUE,FALSE
"HAM1",3,"C5_03860W_A",0.00113268652256079,1.8610522439176e-13,1.51486781542425e-06,TRUE,TRUE,TRUE
"CAALFM_C503870CA",8,"C5_03870C_A",1.48205929274342e-14,3.96490847546043e-82,0.00218941085176646,TRUE,TRUE,TRUE
"CAALFM_C503880CA",7,"C5_03880C_A",2.92387842914571e-07,3.82549703862516e-39,0.0704630324858923,TRUE,TRUE,FALSE
"CAALFM_C503890CA",7,"C5_03890C_A",9.89642829124849e-06,3.91823670338298e-56,0.00750171662965386,TRUE,TRUE,TRUE
"PGA56",8,"C5_03900W_A",0.112745887329294,2.45874899746349e-50,1.21278417861442e-09,FALSE,TRUE,TRUE
"CAALFM_C503910CA",7,"C5_03910C_A",0.206612657941749,6.68900343949066e-21,0.272426202084185,FALSE,TRUE,FALSE
"CAALFM_C503920CA",8,"C5_03920C_A",0.000646543794509226,6.15934092351557e-29,0.493109056203499,TRUE,TRUE,FALSE
"CAALFM_C503930CA",7,"C5_03930C_A",0.153829128262305,1.30391520061221e-25,0.00449504356910047,FALSE,TRUE,TRUE
"CAALFM_C503940CA",7,"C5_03940C_A",0.00317523752833213,3.69595881511642e-111,6.96784690835356e-05,TRUE,TRUE,TRUE
"CAALFM_C503950WA",2,"C5_03950W_A",0.00958398694551604,2.03204065811251e-11,0.00191683814953604,TRUE,TRUE,TRUE
"CAALFM_C503960WA",8,"C5_03960W_A",0.000260221372223227,1.12991092251708e-34,0.178357150572618,TRUE,TRUE,FALSE
"CAALFM_C503970WA",7,"C5_03970W_A",0.0859601552367687,2.41622212286908e-16,0.687961880910542,FALSE,TRUE,FALSE
"CAALFM_C503980WA",8,"C5_03980W_A",7.70734118276593e-07,6.82662630611617e-38,7.0026152719177e-05,TRUE,TRUE,TRUE
"MID1",7,"C5_03990W_A",3.5122401386524e-07,1.87615865378924e-34,0.0196123109559782,TRUE,TRUE,TRUE
"RFC3",2,"C5_04000W_A",NA,1.19931263655468e-13,0.0178105242754846,FALSE,TRUE,TRUE
"CAALFM_C504010CA",7,"C5_04010C_A",0.000712009397230888,6.1790862437395e-44,0.0369619387719554,TRUE,TRUE,TRUE
"FGR42",7,"C5_04020C_A",2.44536335132471e-08,7.12696563851539e-76,0.0409239857906986,TRUE,TRUE,TRUE
"CAALFM_C504030WA",8,"C5_04030W_A",1.77627434081641e-15,1.09675420421337e-46,2.55284935128446e-07,TRUE,TRUE,TRUE
"CAALFM_C504050WA",8,"C5_04050W_A",5.77396723395429e-14,5.94540370503347e-92,1.49568097963185e-06,TRUE,TRUE,TRUE
"MEC1",7,"C5_04060C_A",0.0888436167395144,1.78880896322281e-26,0.0231518325332509,FALSE,TRUE,TRUE
"CKS1",1,"C5_04070C_A",0.139830804243495,9.39210189401153e-14,0.485127451563618,FALSE,TRUE,FALSE
"CAALFM_C504080CA",6,"C5_04080C_A",2.35325796026543e-05,4.8864767557102e-48,0.1763277484843,TRUE,TRUE,FALSE
"SUI1",8,"C5_04090C_A",0.000550017992311957,6.52528466267188e-18,0.719251846881948,TRUE,TRUE,FALSE
"CDS1",5,"C5_04100W_A",0.0373794922705003,3.73435114851216e-10,0.0334145835550271,TRUE,TRUE,TRUE
"SCW11",1,"C5_04110W_A",0.00014513226414341,2.79882068356233e-75,1.28366833903742e-06,TRUE,TRUE,TRUE
"CAALFM_C504120CA",6,"C5_04120C_A",6.82757886199768e-09,2.75380257124845e-76,0.346192291369314,TRUE,TRUE,FALSE
"CHT2",1,"C5_04130C_A",3.18488092273876e-07,1.7988860362606e-220,9.55604147091329e-05,TRUE,TRUE,TRUE
"CAALFM_C504140WA",2,"C5_04140W_A",0.0234069846951191,3.35058081736178e-14,0.000382709249322196,TRUE,TRUE,TRUE
"CAALFM_C504150CA",6,"C5_04150C_A",0.376546213061332,3.79349715200525e-22,0.256815454656882,FALSE,TRUE,FALSE
"SDC1",2,"C5_04160W_A",2.38536778076813e-06,9.21380759999141e-07,6.31195218020697e-15,TRUE,TRUE,TRUE
"CAALFM_C504170WA",5,"C5_04170W_A",0.030472704082615,1.77572188841389e-09,0.249093141193823,TRUE,TRUE,FALSE
"CAALFM_C504180WA",6,"C5_04180W_A",0.00618886462095485,5.66808336218407e-12,0.0844321777306709,TRUE,TRUE,FALSE
"MRV2",8,"C5_04190W_A",6.99755861753713e-15,6.38790890032595e-216,0.17610093595912,TRUE,TRUE,FALSE
"MRV3",8,"C5_04200W_A",0.000203269651033392,8.22265732583331e-28,0.736476711810265,TRUE,TRUE,FALSE
"MRV4",8,"C5_04210C_A",7.18088248673135e-12,7.1317005440982e-104,0.000111208415767884,TRUE,TRUE,TRUE
"MRV5",8,"C5_04220W_A",1.86692881701804e-09,1.91540889696956e-45,1.61140809767127e-06,TRUE,TRUE,TRUE
"MRV6",8,"C5_04230W_A",2.27329380217923e-17,1.09598680073532e-60,0.000104203822030373,TRUE,TRUE,TRUE
"MRV8",8,"C5_04250W_A",1.29440167181265e-11,3.22664509180483e-44,0.0428111852234666,TRUE,TRUE,TRUE
"CAALFM_C504260WA",6,"C5_04260W_A",1.81476293193257e-07,1.49309730310933e-121,0.000565888031613383,TRUE,TRUE,TRUE
"SAH1",1,"C5_04270C_A",0.0106370469652817,1.69465275235391e-157,5.33133766413311e-08,TRUE,TRUE,TRUE
"GLN3",8,"C5_04280C_A",1.86256946836142e-18,0.0161866266243766,3.56720119660458e-08,TRUE,TRUE,TRUE
"CAALFM_C504290CA",8,"C5_04290C_A",0.00855113072953464,8.40625646097357e-28,0.0098182513271428,TRUE,TRUE,TRUE
"CAALFM_C504300CA",1,"C5_04300C_A",8.16932905211017e-05,4.94544181174138e-20,0.257255968202515,TRUE,TRUE,FALSE
"CAALFM_C504310WA",2,"C5_04310W_A",0.0469350953514754,4.39112651203344e-14,0.000131078553439644,TRUE,TRUE,TRUE
"CAALFM_C504320CA",5,"C5_04320C_A",0.111951151528176,1.82482362598696e-57,0.00502430305726271,FALSE,TRUE,TRUE
"CAALFM_C504330WA",1,"C5_04330W_A",0.0841226133484747,1.61906586850564e-40,0.653307884144265,FALSE,TRUE,FALSE
"CAALFM_C504340WA",2,"C5_04340W_A",1.98956468465749e-08,1.42272072190925e-56,0.503364514170073,TRUE,TRUE,FALSE
"CAALFM_C504350CA",1,"C5_04350C_A",1.23481082871813e-08,2.06424104505521e-91,0.00458711084242697,TRUE,TRUE,TRUE
"CAALFM_C504360CA",5,"C5_04360C_A",0.000344040026102005,3.1113982354869e-20,0.0139532757172278,TRUE,TRUE,TRUE
"PGA37",8,"C5_04370C_A",3.92853305724914e-23,2.00007057315613e-30,9.50725307090179e-09,TRUE,TRUE,TRUE
"CAALFM_C504380CA",6,"C5_04380C_A",1.28695589352641e-09,3.59565491183686e-211,9.8646530543311e-13,TRUE,TRUE,TRUE
"CAALFM_C504390CA",5,"C5_04390C_A",5.14054199851497e-05,2.92983851490601e-16,0.350182760720528,TRUE,TRUE,FALSE
"RNY11",7,"C5_04400W_A",1.44881316218176e-06,2.32884180508641e-37,0.200093714980149,TRUE,TRUE,FALSE
"CAALFM_C504410CA",4,"C5_04410C_A",2.28875090530464e-14,5.28222467202954e-57,6.49376923399175e-06,TRUE,TRUE,TRUE
"CAALFM_C504420WA",4,"C5_04420W_A",3.08730455239071e-05,6.09799698584069e-43,0.365088534069229,TRUE,TRUE,FALSE
"YUH2",4,"C5_04430C_A",0.717075961801743,2.4116408321638e-25,0.0162254774702444,FALSE,TRUE,TRUE
"SFC1",5,"C5_04440C_A",2.43726995211841e-09,1.38792738337514e-37,0.050972947691053,TRUE,TRUE,FALSE
"CAALFM_C504470CA",5,"C5_04470C_A",9.51225712478334e-22,3.63267083041192e-160,7.03768161843661e-05,TRUE,TRUE,TRUE
"CAALFM_C504480CA",8,"C5_04480C_A",7.66520529301291e-06,2.68560320981356e-33,0.0246195271016684,TRUE,TRUE,TRUE
"CAR1",5,"C5_04490C_A",0.381724731080761,3.74965559156248e-183,1.40025108696685e-08,FALSE,TRUE,TRUE
"GDE1",8,"C5_04510W_A",0.0766077019926897,9.85241656029965e-37,9.66457660695436e-08,FALSE,TRUE,TRUE
"TIP41",6,"C5_04520W_A",0.330325965733652,8.62091127620762e-15,0.0280505079924156,FALSE,TRUE,TRUE
"CAALFM_C504530WA",1,"C5_04530W_A",0.0114294684652156,4.79305024846577e-109,0.499625115525712,TRUE,TRUE,FALSE
"CAALFM_C504540CA",4,"C5_04540C_A",0.353195350265113,3.40789525938733e-10,0.0824512541413014,FALSE,TRUE,FALSE
"CAALFM_C504550WA",6,"C5_04550W_A",0.611023920060846,3.97831303182041e-13,0.00600886105801278,FALSE,TRUE,TRUE
"CUP1",6,"C5_04560C_A",1.91545653119251e-11,4.2842250774294e-66,0.0663414548027458,TRUE,TRUE,FALSE
"URA7",1,"C5_04570C_A",2.27770820583642e-05,2.45534694791726e-145,0.000575014578518013,TRUE,TRUE,TRUE
"CAALFM_C504580CA",2,"C5_04580C_A",0.0678862161115873,6.6181730823217e-09,1.70202645778387e-05,FALSE,TRUE,TRUE
"RPL43A",1,"C5_04590C_A",3.37493107038497e-13,1.36169873568347e-120,0.0041917271391194,TRUE,TRUE,TRUE
"GRR1",5,"C5_04600C_A",0.13006681845467,2.57399098386549e-12,0.000220638720912056,FALSE,TRUE,TRUE
"CAALFM_C504610WA",2,"C5_04610W_A",0.39750445541562,9.13143232506524e-08,0.0489567869413953,FALSE,TRUE,TRUE
"CAALFM_C504620CA",4,"C5_04620C_A",0.0439824386468008,1.29931660430975e-27,0.721821406957344,TRUE,TRUE,FALSE
"CAALFM_C504630WA",4,"C5_04630W_A",0.00451166644948345,3.5389069283978e-10,2.80128302474202e-06,TRUE,TRUE,TRUE
"CAALFM_C504640CA",4,"C5_04640C_A",0.777931677276337,6.98360463132558e-24,0.433584392257443,FALSE,TRUE,FALSE
"MSM1",1,"C5_04650C_A",0.147624721174491,2.13615194377854e-07,0.419568874951846,FALSE,TRUE,FALSE
"TIP1",4,"C5_04660C_A",0.113814290011491,1.02877192049614e-48,0.313332994640841,FALSE,TRUE,FALSE
"SRP101",4,"C5_04670W_A",0.00547862199546838,3.92206369619607e-11,0.000155945231133463,TRUE,TRUE,TRUE
"PSD2",6,"C5_04680W_A",0.0702415272983443,7.2290565536349e-35,0.0959801613733518,FALSE,TRUE,FALSE
"CAALFM_C504690CA",5,"C5_04690C_A",1.00923450968173e-05,3.86991850113857e-29,0.00330696189338694,TRUE,TRUE,TRUE
"MES1",1,"C5_04700C_A",3.27629749637337e-08,6.23116329364213e-117,8.93050018537404e-05,TRUE,TRUE,TRUE
"CAALFM_C504710WA",2,"C5_04710W_A",0.10701588079107,2.63365491020514e-09,0.349075694192363,FALSE,TRUE,FALSE
"CAALFM_C504720CA",1,"C5_04720C_A",0.0153624931712894,4.72651804149535e-239,2.09935282912637e-11,TRUE,TRUE,TRUE
"SSD1",1,"C5_04730C_A",0.985129797944626,6.96076526550301e-25,0.0206259017213518,FALSE,TRUE,TRUE
"HYS2",2,"C5_04740C_A",0.00137707423109261,3.19058015744406e-19,0.00382842940167932,TRUE,TRUE,TRUE
"HAS1",3,"C5_04750C_A",4.47385549684943e-07,1.39397795267076e-222,0.246907134097664,TRUE,TRUE,FALSE
"tA(AGC)5",2,"C5_04760W_A",0.392371730503513,8.32701626595031e-14,0.00945088277418619,FALSE,TRUE,TRUE
"CAALFM_C504770WA",4,"C5_04770W_A",0.833436180674671,6.21931475215539e-10,0.75134617691557,FALSE,TRUE,FALSE
"ASH2",2,"C5_04780W_A",0.00366568293471039,1.20095153661963e-08,0.0359513182409601,TRUE,TRUE,TRUE
"CAALFM_C504790CA",2,"C5_04790C_A",0.00890783643147292,1.91377299991894e-10,0.00878213898481846,TRUE,TRUE,TRUE
"CRH12",7,"C5_04800W_A",4.75822862616396e-05,4.39548450903753e-68,7.59130523512035e-05,TRUE,TRUE,TRUE
"PFK1",5,"C5_04810W_A",5.02636167921134e-06,2.44590014028783e-12,0.00417500627943379,TRUE,TRUE,TRUE
"SFL2",8,"C5_04830W_A",0.0315481993517149,1.2072987880482e-33,0.000102767211931797,TRUE,TRUE,TRUE
"CAALFM_C504840CA",2,"C5_04840C_A",0.000448507512437426,2.67712692648919e-16,0.128325322706578,TRUE,TRUE,FALSE
"CAALFM_C504850WA",7,"C5_04850W_A",0.0184890064215704,2.71578123377707e-11,0.866198482915397,TRUE,TRUE,FALSE
"CAALFM_C504860CA",3,"C5_04860C_A",0.892123426934821,3.69619917628196e-14,0.111603230729106,FALSE,TRUE,FALSE
"CAALFM_C504870WA",6,"C5_04870W_A",0.00606549892932305,8.09453383132846e-99,0.0204819691769017,TRUE,TRUE,TRUE
"PUT2",5,"C5_04880C_A",9.84381930965203e-07,7.46598893507542e-17,0.000492587228794987,TRUE,TRUE,TRUE
"CAALFM_C504890CA",2,"C5_04890C_A",0.55412925017521,9.17974038253765e-08,0.246405323727392,FALSE,TRUE,FALSE
"CAALFM_C504900CA",2,"C5_04900C_A",0.00448537190727484,6.01099421995625e-31,0.888690673086956,TRUE,TRUE,FALSE
"CAALFM_C504910WA",3,"C5_04910W_A",0.000422581283908854,1.86535696105127e-93,0.290394953903422,TRUE,TRUE,FALSE
"CAALFM_C504920CA",6,"C5_04920C_A",0.377529949323946,8.48579761059141e-14,0.0637442264676261,FALSE,TRUE,FALSE
"MAL31",5,"C5_04930C_A",6.30610942103818e-07,1.15476334357746e-146,5.23655079683181e-05,TRUE,TRUE,TRUE
"CAALFM_C504940WA",6,"C5_04940W_A",0.000165006253424698,0,3.25403111194498e-09,TRUE,TRUE,TRUE
"CAALFM_C504950CA",2,"C5_04950C_A",0.182193327850092,5.24806832334219e-08,0.0835291120752702,FALSE,TRUE,FALSE
"CAALFM_C504960WA",8,"C5_04960W_A",1.45794782092701e-21,2.73815205779863e-112,2.89156603317225e-06,TRUE,TRUE,TRUE
"PPR1",8,"C5_04970C_A",1.65446525473816e-12,7.62400247936396e-21,0.00043821879255449,TRUE,TRUE,TRUE
"CAALFM_C504980WA",8,"C5_04980W_A",1.81149089061452e-09,1.41724201324448e-42,0.000166588393619446,TRUE,TRUE,TRUE
"CAALFM_C504990WA",3,"C5_04990W_A",0.00478151667271078,5.10603477866398e-53,0.0210792934138215,TRUE,TRUE,TRUE
"CAALFM_C505000CA",7,"C5_05000C_A",0.00950164592180994,9.69544829179535e-21,0.0234465572789975,TRUE,TRUE,TRUE
"CAALFM_C505010WA",4,"C5_05010W_A",0.0011521536034337,1.33109203068573e-06,0.000164870915366356,TRUE,TRUE,TRUE
"CAALFM_C505020CA",1,"C5_05020C_A",0.100565373642687,1.13195098033965e-58,0.0158910131525319,FALSE,TRUE,TRUE
"RIM13",6,"C5_05030C_A",0.59603677143521,1.1779986021676e-08,0.0428412041995583,FALSE,TRUE,TRUE
"CAALFM_C505040WA",1,"C5_05040W_A",0.00343993941985742,3.32983432287769e-68,0.647897387892156,TRUE,TRUE,FALSE
"ADH1",5,"C5_05050W_A",4.6070471361686e-08,2.85243253617509e-46,0.00262017376040998,TRUE,TRUE,TRUE
"CAALFM_C505060CA",7,"C5_05060C_A",0.0849641316658873,0.000161867879754124,0.00333954779605063,FALSE,TRUE,TRUE
"CAALFM_C505070WA",6,"C5_05070W_A",0.353195350265113,2.6083350705319e-15,0.700080722963856,FALSE,TRUE,FALSE
"GRF10",8,"C5_05080W_A",4.53379335412426e-06,9.63381670188075e-35,5.63641492275175e-08,TRUE,TRUE,TRUE
"CAALFM_C505090WA",4,"C5_05090W_A",0.301308858506805,8.9458930795204e-11,0.0792327927376353,FALSE,TRUE,FALSE
"DUN1",4,"C5_05100C_A",0.000431321544742249,5.04003772868458e-25,0.56319864063443,TRUE,TRUE,FALSE
"TIP20",5,"C5_05110C_A",0.425488552379127,1.83694897884116e-50,0.126147391133005,FALSE,TRUE,FALSE
"CCT3",1,"C5_05120W_A",8.6222915325911e-12,6.04157623100797e-73,0.24475769976112,TRUE,TRUE,FALSE
"CAALFM_C505130CA",4,"C5_05130C_A",0.0175915758190537,6.28637857986336e-24,0.0461782190049923,TRUE,TRUE,TRUE
"CAALFM_C505140WA",4,"C5_05140W_A",0.0527886143993277,1.19150349559986e-18,0.393821620024281,FALSE,TRUE,FALSE
"CAALFM_C505150CA",4,"C5_05150C_A",0.0512657585241993,8.3698026883061e-10,0.714738639604459,FALSE,TRUE,FALSE
"CNB1",4,"C5_05160C_A",0.0328811150560857,2.95475238396291e-13,1.4935240898575e-06,TRUE,TRUE,TRUE
"PAN3",5,"C5_05170W_A",0.832689604343073,1.99728791868383e-42,0.00117612624694687,FALSE,TRUE,TRUE
"CAALFM_C505180WA",6,"C5_05180W_A",6.43846285524842e-07,8.17173818738651e-10,0.366567301868256,TRUE,TRUE,FALSE
"PCL5",8,"C5_05190W_A",1.88755298423358e-23,3.56400863975625e-06,5.50434857807194e-14,TRUE,TRUE,TRUE
"CAALFM_C505200CA",5,"C5_05200C_A",0.00500812086888381,3.88634245918076e-23,0.0635795611069125,TRUE,TRUE,FALSE
"CAALFM_C505210WA",8,"C5_05210W_A",1.18268038018574e-05,3.46342295276027e-23,0.0342016343438742,TRUE,TRUE,TRUE
"CAG1",8,"C5_05220W_A",3.529969454121e-16,0.000466298145000355,0.000231369034217482,TRUE,TRUE,TRUE
"CAALFM_C505230CA",1,"C5_05230C_A",0.000128231181020057,1.24883683426398e-118,0.115621578762024,TRUE,TRUE,FALSE
"CAALFM_C505240CA",7,"C5_05240C_A",6.20480524883317e-07,4.95124737345667e-38,0.0459768363584045,TRUE,TRUE,TRUE
"CAALFM_C505250CA",1,"C5_05250C_A",8.78654632056501e-16,1.81984553647371e-134,0.112290615821639,TRUE,TRUE,FALSE
"CAALFM_C505260WA",4,"C5_05260W_A",0.0147153267562333,7.23484228325074e-20,3.64263911460202e-05,TRUE,TRUE,TRUE
"CAALFM_C505270CA",4,"C5_05270C_A",1.41708225179692e-07,7.4417159667014e-37,0.064505980281868,TRUE,TRUE,FALSE
"SDH4",1,"C5_05280C_A",0.000112910806380729,8.24645265345251e-112,0.0286399441622846,TRUE,TRUE,TRUE
"MRP2",1,"C5_05290C_A",0.0068783482708858,1.50416855888248e-26,0.954136592573417,TRUE,TRUE,FALSE
"RIB5",4,"C5_05300W_A",0.000647354534216532,7.39357266248861e-44,0.107154102449847,TRUE,TRUE,FALSE
"PRE1",4,"C5_05310W_A",0.000546330325710431,2.26562635041976e-30,0.00460274085859368,TRUE,TRUE,TRUE
"HIS1",1,"C5_05320C_A",5.40948973773322e-14,3.48464723832362e-75,3.57046998636344e-05,TRUE,TRUE,TRUE
"RER2",2,"C5_05330C_A",0.228086309110508,0.00731514782188676,0.456171121269835,FALSE,TRUE,FALSE
"CAALFM_C505340WA",1,"C5_05340W_A",0.000451092025378349,1.90246732422522e-25,0.178357150572618,TRUE,TRUE,FALSE
"CAALFM_C505350WA",1,"C5_05350W_A",9.48838146289132e-07,1.33288081828589e-30,0.0160845712030945,TRUE,TRUE,TRUE
"CAALFM_C505360CA",8,"C5_05360C_A",2.89967722112684e-07,3.49779505448815e-39,0.257293148714581,TRUE,TRUE,FALSE
"PRP22",1,"C5_05370C_A",0.0204792855784005,0.0914216532287522,0.000230258657694924,TRUE,FALSE,TRUE
"RPN5",4,"C5_05380W_A",1.01921628149863e-07,5.15412022277482e-67,0.00422803145778414,TRUE,TRUE,TRUE
"PGA4",2,"C5_05390C_A",0.244508228553477,9.32263573888909e-08,0.010651532508006,FALSE,TRUE,TRUE
"APM1",1,"C5_05400W_A",1.29397312579851e-07,2.15681866423064e-80,0.0531858079414998,TRUE,TRUE,FALSE
"ILV3",1,"C5_05410C_A",0.120147278284843,2.77504189340454e-110,3.69000559129287e-07,FALSE,TRUE,TRUE
"PEX4",6,"C5_05430W_A",0.000165009770937587,3.38592983009552e-105,7.46229508424701e-05,TRUE,TRUE,TRUE
"CAALFM_C505440CA",5,"C5_05440C_A",0.48865661624704,3.61546542507482e-06,0.534064212890744,FALSE,TRUE,FALSE
"MUM2",5,"C5_05450C_A",9.01764103107267e-05,1.77856584393526e-12,0.454150977753536,TRUE,TRUE,FALSE
"CAALFM_C505460CA",6,"C5_05460C_A",0.0234069846951191,1.41879930657241e-18,1.31464394249671e-10,TRUE,TRUE,TRUE
"EST1",2,"C5_05470W_A",0.506560338806322,8.209753746869e-21,0.222549746219029,FALSE,TRUE,FALSE
"DES1",1,"C5_05480W_A",0.00228264678027093,8.68873843532084e-08,0.22984736967544,TRUE,TRUE,FALSE
"HTS1",1,"C5_05490C_A",1.00716491869086e-09,1.54043063497181e-101,0.0493463920113949,TRUE,TRUE,TRUE
"CTA24",4,"C5_05500C_A",0.000155829108137202,0.00124851591942668,0.108400337654436,TRUE,TRUE,FALSE
"CAALFM_C505510CA",6,"C5_05510C_A",0.354967891327341,9.21380362575616e-21,0.21733509872346,FALSE,TRUE,FALSE
"TLO13",4,"C6_00030W_A",1.91187201165114e-09,1.65245831882635e-05,0.0403419365788647,TRUE,TRUE,TRUE
"PGA25",6,"C6_00070C_A",7.11741650455666e-12,1.99440712589041e-213,3.29097464531332e-07,TRUE,TRUE,TRUE
"CAALFM_C600080CA",6,"C6_00080C_A",0.453828817381372,3.15536321710363e-247,9.37664467941095e-08,FALSE,TRUE,TRUE
"CAALFM_C600090WA",2,"C6_00090W_A",5.18125241938414e-07,5.76952583847806e-22,2.32030442969928e-11,TRUE,TRUE,TRUE
"HET1",1,"C6_00100C_A",0.176921147663696,7.61155771930626e-42,0.500646711238019,FALSE,TRUE,FALSE
"CAALFM_C600110CA",4,"C6_00110C_A",0.00111940074004702,1.20110147177011e-06,0.0740187477650333,TRUE,TRUE,FALSE
"CAALFM_C600120WA",6,"C6_00120W_A",0.0409186768041532,2.52597871787032e-08,0.000154576595893525,TRUE,TRUE,TRUE
"VID27",4,"C6_00130C_A",0.00102486140055055,2.22881134185415e-09,0.0282059886381439,TRUE,TRUE,TRUE
"HPA2",5,"C6_00140C_A",3.86930783489521e-09,3.5440236204598e-73,0.767903171576888,TRUE,TRUE,FALSE
"ARD",6,"C6_00150W_A",0.230497132209904,2.3088953353868e-44,0.272356959795456,FALSE,TRUE,FALSE
"PGA48",1,"C6_00160W_A",6.60778967200959e-05,3.80423844094651e-46,0.000453868853122148,TRUE,TRUE,TRUE
"CAALFM_C600170CA",2,"C6_00170C_A",0.0572036624415909,4.14130834054561e-11,0.00435537728968892,FALSE,TRUE,TRUE
"CAALFM_C600180CA",6,"C6_00180C_A",0.191274864988435,0.0133420944325775,0.020714585679473,FALSE,TRUE,TRUE
"CAALFM_C600190WA",2,"C6_00190W_A",4.64914934692442e-10,5.47820712649853e-16,3.40246067441903e-05,TRUE,TRUE,TRUE
"CAALFM_C600200CA",2,"C6_00200C_A",0.354302849671682,1.79340193073373e-12,0.0103356795987505,FALSE,TRUE,TRUE
"CAALFM_C600210WA",5,"C6_00210W_A",9.84381930965203e-07,3.65015673329667e-107,0.230894329569028,TRUE,TRUE,FALSE
"CAALFM_C600220CA",2,"C6_00220C_A",0.00620556146138658,6.74773998701724e-06,0.0252781514434837,TRUE,TRUE,TRUE
"CAALFM_C600230WA",2,"C6_00230W_A",0.00022675894209868,4.00493520451176e-35,7.18632003044002e-06,TRUE,TRUE,TRUE
"CAALFM_C600240CA",5,"C6_00240C_A",0.0786241763251428,0.000165859639712828,0.624427904153539,FALSE,TRUE,FALSE
"CAALFM_C600250WA",5,"C6_00250W_A",3.26356421703567e-07,1.45244746051431e-24,0.231782486057247,TRUE,TRUE,FALSE
"CAALFM_C600260WA",7,"C6_00260W_A",0.245042700314353,1.47171064307262e-39,5.17196087630597e-09,FALSE,TRUE,TRUE
"CAALFM_C600270WA",2,"C6_00270W_A",0.0358554623470799,1.40714249410026e-08,0.000505661072172363,TRUE,TRUE,TRUE
"CPH2",8,"C6_00280W_A",0.000701305233909844,2.55808197668486e-36,0.168741164097799,TRUE,TRUE,FALSE
"CAALFM_C600290WA",8,"C6_00290W_A",5.10968159198581e-08,1.42908968545337e-73,5.50141948814435e-07,TRUE,TRUE,TRUE
"STV1",5,"C6_00300C_A",1.147928291173e-05,9.83703325534476e-87,0.102083745112595,TRUE,TRUE,FALSE
"CAALFM_C600310WA",6,"C6_00310W_A",2.30639144079493e-05,3.06170538816957e-91,0.00372687187664321,TRUE,TRUE,TRUE
"DNA2",2,"C6_00320C_A",1.63214105136824e-06,2.06168438945585e-05,0.00158193415736627,TRUE,TRUE,TRUE
"GNP1",8,"C6_00330C_A",0.00120462405122696,6.47766619818161e-51,0.000118395907552255,TRUE,TRUE,TRUE
"CAALFM_C600340CA",1,"C6_00340C_A",0.00111798624174469,1.09699379629469e-22,0.159686859111771,TRUE,TRUE,FALSE
"PKH3",6,"C6_00350W_A",NA,9.03505886021188e-27,0.00207587926009516,FALSE,TRUE,TRUE
"CAALFM_C600360CA",6,"C6_00360C_A",0.0553227119607032,2.86265191275423e-75,9.89818166686932e-10,FALSE,TRUE,TRUE
"NOP5",1,"C6_00370C_A",0.00123969648638521,6.68280412987121e-94,8.60688113119416e-05,TRUE,TRUE,TRUE
"CAALFM_C600380CA",6,"C6_00380C_A",0.365947607353287,1.04798753996546e-18,0.0540130888814452,FALSE,TRUE,FALSE
"CAALFM_C600390WA",6,"C6_00390W_A",0.357079738266764,5.85939231103956e-21,0.110580936259409,FALSE,TRUE,FALSE
"CAALFM_C600400CA",1,"C6_00400C_A",2.10303575186763e-05,1.73624864829224e-46,0.83639941927217,TRUE,TRUE,FALSE
"SRO77",5,"C6_00410C_A",0.00879455155869906,3.28884608537796e-34,0.433380405413599,TRUE,TRUE,FALSE
"DPM2",1,"C6_00420W_A",9.80524328727423e-08,3.17622222369925e-66,0.00587412253205018,TRUE,TRUE,TRUE
"CAALFM_C600430CA",4,"C6_00430C_A",0.731062223615175,5.15424276862232e-24,0.00418094599376541,FALSE,TRUE,TRUE
"FET34",1,"C6_00440C_A",0.548341313097012,1.51441168760346e-127,8.86733546167454e-13,FALSE,TRUE,TRUE
"FET3",1,"C6_00460C_A",0.600934638737188,1.44866944476216e-08,0.670750067525008,FALSE,TRUE,FALSE
"FET99",2,"C6_00470C_A",6.45657413657025e-17,2.44601852609887e-95,5.26297941285836e-16,TRUE,TRUE,TRUE
"FET31",1,"C6_00480C_A",0.00287133903425887,4.87793040581483e-156,0.000436094601431415,TRUE,TRUE,TRUE
"CAALFM_C600490WA",6,"C6_00490W_A",0.113606339803763,0.00508840740399229,0.792861782151067,FALSE,TRUE,FALSE
"CAALFM_C600500CA",4,"C6_00500C_A",0.000630867322689631,1.03615949803498e-25,0.00728887873618507,TRUE,TRUE,TRUE
"RAD52",2,"C6_00510C_A",0.0449141623406537,6.85192083266586e-07,0.431860288808414,TRUE,TRUE,FALSE
"CAALFM_C600520WA",2,"C6_00520W_A",0.0390464888404829,4.58781376671667e-49,0.281170585211456,TRUE,TRUE,FALSE
"CAALFM_C600530CA",3,"C6_00530C_A",0.255913099523848,1.91733418483737e-20,0.137758952073183,FALSE,TRUE,FALSE
"CAALFM_C600540WA",2,"C6_00540W_A",0.198306615689357,1.22335306359092e-11,0.00259587139868335,FALSE,TRUE,TRUE
"CAALFM_C600550WA",1,"C6_00550W_A",2.0304102891843e-05,6.54614024784426e-63,0.232750371271048,TRUE,TRUE,FALSE
"CAALFM_C600560WA",4,"C6_00560W_A",0.0297516753340144,8.17429149920848e-35,0.0415642072701396,TRUE,TRUE,TRUE
"NHX1",5,"C6_00570C_A",0.147888534979044,4.20713733819968e-60,0.203054939180122,FALSE,TRUE,FALSE
"SLY41",5,"C6_00590W_A",1.25236675966297e-12,0.00117172259904044,3.04456531173715e-09,TRUE,TRUE,TRUE
"YHM2",4,"C6_00600C_A",5.86745276753791e-11,9.73884020406311e-30,0.200996443515125,TRUE,TRUE,FALSE
"FCA1",2,"C6_00620W_A",0.0680790009810269,1.30364552522543e-45,3.45815992587856e-10,FALSE,TRUE,TRUE
"CAALFM_C600630WA",6,"C6_00630W_A",0.961055762160248,0.00403510611494621,0.400202486880392,FALSE,TRUE,FALSE
"CAALFM_C600640CA",1,"C6_00640C_A",0.802296324398561,4.01619088540814e-10,0.492105965648143,FALSE,TRUE,FALSE
"RPS13",1,"C6_00650C_A",3.74975476593172e-09,1.67173011325101e-184,0.000949688695518599,TRUE,TRUE,TRUE
"CAALFM_C600660CA",4,"C6_00660C_A",2.17999172835293e-14,1.13219272514043e-13,1.60970248090016e-18,TRUE,TRUE,TRUE
"CDC14",1,"C6_00670W_A",0.00528325032967403,2.64767482277e-36,0.505101218488033,TRUE,TRUE,FALSE
"CAALFM_C600680CA",4,"C6_00680C_A",5.37244965992141e-05,3.56295727852262e-28,0.00141391321963893,TRUE,TRUE,TRUE
"CAALFM_C600690WA",2,"C6_00690W_A",0.00778947145758926,3.1111342305293e-07,0.764279519797301,TRUE,TRUE,FALSE
"CAALFM_C600700CA",6,"C6_00700C_A",0.00796047067201742,2.36065176809461e-48,0.00368076625912061,TRUE,TRUE,TRUE
"CAALFM_C600710WA",6,"C6_00710W_A",0.39750445541562,5.34655576613735e-07,0.29098736806156,FALSE,TRUE,FALSE
"COX15",1,"C6_00720C_A",0.0899386134290069,2.39396378271608e-13,0.0357773191152949,FALSE,TRUE,TRUE
"CAALFM_C600730WA",7,"C6_00730W_A",0.0490291451837856,2.95305345339555e-30,0.405889754825487,TRUE,TRUE,FALSE
"FAT1",6,"C6_00740W_A",0.857548686602266,6.20302227298547e-19,0.210513016876917,FALSE,TRUE,FALSE
"PGK1",5,"C6_00750C_A",6.67426575538264e-05,5.06859111041988e-110,2.79330100768279e-07,TRUE,TRUE,TRUE
"CAALFM_C600760WA",3,"C6_00760W_A",0.0520870208024074,3.29171729960389e-23,0.00713117004789793,FALSE,TRUE,TRUE
"CAALFM_C600770CA",2,"C6_00770C_A",4.07380926371156e-05,2.39334193516623e-06,0.000103786665717319,TRUE,TRUE,TRUE
"SEC8",4,"C6_00780W_A",0.28219416829838,4.39195802038977e-44,0.641431157339661,FALSE,TRUE,FALSE
"CTR1",8,"C6_00790C_A",7.81682778327048e-07,1.79452406478597e-13,9.60580959717631e-11,TRUE,TRUE,TRUE
"CAALFM_C600800CA",8,"C6_00800C_A",0.0130359748555945,1.99609391082858e-12,0.00630021838802961,TRUE,TRUE,TRUE
"CAALFM_C600810CA",8,"C6_00810C_A",1.9548395172458e-10,3.54282106142103e-92,0.077539501184557,TRUE,TRUE,FALSE
"SUN41",1,"C6_00820W_A",0.00392734078059049,2.22968102765112e-116,0.00030599906512281,TRUE,TRUE,TRUE
"CAN3",8,"C6_00830C_A",1.71751286413426e-07,1.54922967864105e-31,8.72519968017677e-08,TRUE,TRUE,TRUE
"GPX2",8,"C6_00840W_A",8.33682022410976e-08,1.92192951994284e-29,3.70667714357239e-14,TRUE,TRUE,TRUE
"CAALFM_C600850WA",6,"C6_00850W_A",2.85107370371872e-08,1.44210709984345e-103,1.70071386099774e-05,TRUE,TRUE,TRUE
"GPX1",8,"C6_00860W_A",0.134144306022747,0.0284731231854309,0.0216482741245802,FALSE,TRUE,TRUE
"ILV5",1,"C6_00870C_A",8.06201834691062e-06,5.01650367243372e-140,2.7806310740596e-13,TRUE,TRUE,TRUE
"PEX7",4,"C6_00880W_A",1.57234305325732e-05,1.66203241797365e-56,0.119401687656673,TRUE,TRUE,FALSE
"CAALFM_C600890WA",6,"C6_00890W_A",0.0469244098182421,4.36179977584374e-18,0.403996602959312,TRUE,TRUE,FALSE
"CAALFM_C600900CA",4,"C6_00900C_A",0.454930997355033,1.29753935190926e-11,0.419026310673611,FALSE,TRUE,FALSE
"CAALFM_C600910CA",5,"C6_00910C_A",4.57284365728102e-05,1.3982250212822e-35,0.0525891256333963,TRUE,TRUE,FALSE
"CAALFM_C600920WA",6,"C6_00920W_A",0.00562172364069983,7.31103348082163e-11,1.0560373396032e-05,TRUE,TRUE,TRUE
"CAALFM_C600930CA",5,"C6_00930C_A",1.61078075704932e-08,1.17301607988884e-46,0.0061230484942519,TRUE,TRUE,TRUE
"CAALFM_C600940CA",1,"C6_00940C_A",1.50805153178622e-07,1.20198665308026e-67,5.17520917641414e-06,TRUE,TRUE,TRUE
"TOP1",1,"C6_00950C_A",0.138633806011607,1.49840114125474e-21,0.053696659058429,FALSE,TRUE,FALSE
"CAN1",8,"C6_00960W_A",7.27842868596245e-25,2.58252411814218e-07,2.27859067961063e-18,TRUE,TRUE,TRUE
"HAL21",7,"C6_00970C_A",0.0207228803994085,7.41705589265624e-14,0.046345705333951,TRUE,TRUE,TRUE
"CAALFM_C600980CA",6,"C6_00980C_A",2.75413157697045e-13,2.77533469815471e-68,0.000162062627092007,TRUE,TRUE,TRUE
"RIM9",6,"C6_00990W_A",0.0136630440384635,9.74708928815421e-21,0.00510145705712055,TRUE,TRUE,TRUE
"CAALFM_C601000CA",4,"C6_01000C_A",0.000568975634429279,5.21401338065855e-28,0.713890878650017,TRUE,TRUE,FALSE
"CAALFM_C601020WA",8,"C6_01020W_A",0.305404950166126,0.00270439700151808,0.0818597311505173,FALSE,TRUE,FALSE
"HAL22",1,"C6_01030W_A",0.0273728730006642,3.88816561551408e-69,4.05479577894035e-07,TRUE,TRUE,TRUE
"CAALFM_C601040CA",1,"C6_01040C_A",0.000175316256275641,1.33062677608579e-74,0.00925861324515557,TRUE,TRUE,TRUE
"CAALFM_C601050WA",4,"C6_01050W_A",0.0346329845651345,6.85940551261046e-29,0.436352147883457,TRUE,TRUE,FALSE
"CAN2",8,"C6_01060C_A",1.09210385516399e-06,7.30992237605332e-108,0.111603230729106,TRUE,TRUE,FALSE
"CIP1",5,"C6_01070C_A",1.83248545267563e-19,1.30508881511977e-16,0.00184151220715924,TRUE,TRUE,TRUE
"CAALFM_C601080CA",2,"C6_01080C_A",0.0983396770579336,9.48390033906899e-10,1.73682459913318e-05,FALSE,TRUE,TRUE
"CAALFM_C601090CA",2,"C6_01090C_A",0.479676452853636,0.0460532754718703,0.20467660612962,FALSE,TRUE,FALSE
"SEC9",6,"C6_01100W_A",0.173158177916092,5.10801874076101e-26,0.277150008726566,FALSE,TRUE,FALSE
"FAD2",1,"C6_01110W_A",0.906714595665223,1.51966111451389e-139,1.36218171367565e-10,FALSE,TRUE,TRUE
"CAALFM_C601120CA",2,"C6_01120C_A",0.134742601310572,5.20014285127829e-26,0.0106393238633138,FALSE,TRUE,TRUE
"CAALFM_C601130WA",2,"C6_01130W_A",0.17934749891653,2.05093295793894e-08,0.231460369914394,FALSE,TRUE,FALSE
"ARC18",4,"C6_01140C_A",0.000641642083967557,4.30557193075316e-21,7.15025326524427e-10,TRUE,TRUE,TRUE
"CDC20",1,"C6_01150W_A",1.76682106582495e-13,3.36413198807888e-37,0.0591557319950925,TRUE,TRUE,FALSE
"RCN1",1,"C6_01160W_A",0.0300112887078653,9.48144450565777e-07,0.352927056992191,TRUE,TRUE,FALSE
"CIC1",3,"C6_01170W_A",0.000387595063161431,6.9965665696577e-128,0.00396785040002511,TRUE,TRUE,TRUE
"EBP1",2,"C6_01180C_A",0.06190139300665,6.56247225251952e-06,0.0311368632164501,FALSE,TRUE,TRUE
"VPS15",4,"C6_01190C_A",0.278071829420599,4.54726605051876e-29,0.0479261984570571,FALSE,TRUE,TRUE
"CAALFM_C601200WA",2,"C6_01200W_A",0.232662964235038,0.000163459798089147,0.515047204816074,FALSE,TRUE,FALSE
"CAALFM_C601210WA",1,"C6_01210W_A",0.012328346628482,1.54634935248392e-30,0.112110082220302,TRUE,TRUE,FALSE
"CAALFM_C601220CA",5,"C6_01220C_A",0.459034082733703,9.78186780036417e-14,0.203054939180122,FALSE,TRUE,FALSE
"EXO84",5,"C6_01280W_A",0.457284681039508,8.37576938700262e-17,0.0195574012799368,FALSE,TRUE,TRUE
"QDR3",8,"C6_01290C_A",5.02975039831117e-12,1.74561820252075e-06,4.53288691360196e-06,TRUE,TRUE,TRUE
"CAALFM_C601300WA",6,"C6_01300W_A",0.0167121741495147,3.4245393685182e-16,0.0644158998030534,TRUE,TRUE,FALSE
"FIG1",7,"C6_01310W_A",0.00453224153881875,5.14618854910242e-53,0.084074849819259,TRUE,TRUE,FALSE
"TRA1",2,"C6_01320W_A",0.11627226863692,8.67096499579907e-21,0.0185990289027346,FALSE,TRUE,TRUE
"CAALFM_C601330CA",2,"C6_01330C_A",0.737283284873705,7.64043384962567e-08,0.359425711180914,FALSE,TRUE,FALSE
"CAALFM_C601340CA",1,"C6_01340C_A",0.46398190304628,4.58338744167254e-36,0.0754663952436927,FALSE,TRUE,FALSE
"CAALFM_C601350WA",7,"C6_01350W_A",0.0247947212301951,4.27405198091467e-17,0.234280439936232,TRUE,TRUE,FALSE
"CAALFM_C601360WA",8,"C6_01360W_A",7.42231236970271e-10,1.05217722879453e-14,0.0212002966158668,TRUE,TRUE,TRUE
"CAALFM_C601370WA",6,"C6_01370W_A",0.156939095525116,2.59897518281404e-71,0.134539908896264,FALSE,TRUE,FALSE
"CAALFM_C601380CA",4,"C6_01380C_A",0.820346900961581,1.09029821386073e-21,0.011460328842093,FALSE,TRUE,TRUE
"HOC1",7,"C6_01390W_A",0.469209920698679,9.56614289792272e-33,0.00547901655310984,FALSE,TRUE,TRUE
"CAALFM_C601400WA",7,"C6_01400W_A",5.4908312256775e-16,4.16666977112323e-109,5.42035545162586e-05,TRUE,TRUE,TRUE
"OYE2",6,"C6_01410C_A",0.000151700632695643,8.10894293813469e-12,0.0224179683329833,TRUE,TRUE,TRUE
"CAALFM_C601420CA",5,"C6_01420C_A",0.00485540564574449,2.57622625954573e-48,0.0846463021236034,TRUE,TRUE,FALSE
"FRP6",8,"C6_01430C_A",3.74495329361925e-05,6.148427167548e-56,0.00116727863157686,TRUE,TRUE,TRUE
"FRP5",6,"C6_01440C_A",6.61381205397483e-06,7.16713483712762e-178,0.0011308368552362,TRUE,TRUE,TRUE
"CAALFM_C601450CA",8,"C6_01450C_A",1.73030582105878e-17,6.98174592781948e-64,0.022559850731262,TRUE,TRUE,TRUE
"CAALFM_C601460CA",2,"C6_01460C_A",0.346692591358817,1.85320394774867e-12,0.0609412903240132,FALSE,TRUE,FALSE
"CAALFM_C601470WA",7,"C6_01470W_A",0.00123686327770572,1.22615976804964e-42,0.00330464501088073,TRUE,TRUE,TRUE
"CAALFM_C601480WA",6,"C6_01480W_A",0.0886840168094146,4.74005724564451e-09,0.0507658362658575,FALSE,TRUE,FALSE
"CAALFM_C601490CA",6,"C6_01490C_A",2.35325796026543e-05,1.61470030403072e-76,0.127743239567242,TRUE,TRUE,FALSE
"TRY5",6,"C6_01500C_A",1.55113598387217e-08,4.1390718495666e-114,0.131021033208625,TRUE,TRUE,FALSE
"OYE23",7,"C6_01510W_A",0.000206883377200268,7.46077217824272e-99,3.52656759288885e-05,TRUE,TRUE,TRUE
"CAALFM_C601520WA",6,"C6_01520W_A",1.06207606510588e-20,5.76533341452695e-78,0.000454431739606173,TRUE,TRUE,TRUE
"CAALFM_C601530CA",8,"C6_01530C_A",0.000147136575597253,1.77536228253648e-29,3.35580078639712e-14,TRUE,TRUE,TRUE
"CAALFM_C601540CA",8,"C6_01540C_A",0.000470913449890416,4.02279281154188e-31,8.81035901067834e-11,TRUE,TRUE,TRUE
"CAALFM_C601550CA",7,"C6_01550C_A",3.83591912232919e-06,1.10626883943004e-43,0.00743035059911695,TRUE,TRUE,TRUE
"CAALFM_C601560WA",1,"C6_01560W_A",0.743455629448534,3.84111477851875e-07,0.671596117109272,FALSE,TRUE,FALSE
"FGR47",7,"C6_01570C_A",4.55274217671142e-07,1.08975081051575e-89,0.01431154714025,TRUE,TRUE,TRUE
"CAALFM_C601590WA",8,"C6_01590W_A",0.00081915106203574,3.54773219899382e-26,0.000253272567915977,TRUE,TRUE,TRUE
"ANB1",1,"C6_01610W_A",3.70693661894801e-11,3.79789985045952e-174,0.00486580554325668,TRUE,TRUE,TRUE
"CAALFM_C601620WA",6,"C6_01620W_A",0.0314382311470398,9.67423785269943e-29,0.0591699945469379,TRUE,TRUE,FALSE
"TIF3",1,"C6_01630W_A",4.35786115562039e-06,7.08964337490701e-112,0.0580257863964199,TRUE,TRUE,FALSE
"MED19",6,"C6_01640W_A",0.911396193884665,9.40379021347789e-18,0.172096467055072,FALSE,TRUE,FALSE
"FMP27",6,"C6_01650C_A",0.087762275442605,2.70460792149691e-11,0.0117048620704191,FALSE,TRUE,TRUE
"MAE1",4,"C6_01670W_A",5.44609092608716e-13,2.98386315699231e-91,2.66073224143127e-06,TRUE,TRUE,TRUE
"CAALFM_C601680CA",8,"C6_01680C_A",1.56061424920374e-06,1.51030137687354e-17,0.180795038917597,TRUE,TRUE,FALSE
"ACF2",4,"C6_01690W_A",0.131263758366223,2.26068912049274e-13,0.121944040464266,FALSE,TRUE,FALSE
"RPL32",1,"C6_01700W_A",6.1086818857715e-18,8.08088960836054e-164,5.85701959234973e-05,TRUE,TRUE,TRUE
"PTK2",8,"C6_01710C_A",1.33087074462369e-09,1.49525781248065e-09,3.92796595424229e-10,TRUE,TRUE,TRUE
"SUR7",8,"C6_01720C_A",0.000153170203596928,7.64798745665143e-14,4.35798744019354e-06,TRUE,TRUE,TRUE
"FGR37",7,"C6_01730W_A",4.11444694549848e-06,4.87865747132604e-57,0.496399131914555,TRUE,TRUE,FALSE
"ATG15",8,"C6_01740C_A",1.11825860386577e-09,3.49006607231657e-31,0.00722260336669472,TRUE,TRUE,TRUE
"CAALFM_C601750CA",4,"C6_01750C_A",1.86380679616841e-07,2.69718229830341e-20,0.0722405789017483,TRUE,TRUE,FALSE
"SEC12",1,"C6_01760W_A",0.134472663108288,6.84045503988086e-23,0.000414653203849753,FALSE,TRUE,TRUE
"RAD18",2,"C6_01770W_A",0.0479148112874922,1.07769257855565e-14,0.0115962382745029,TRUE,TRUE,TRUE
"CAALFM_C601780CA",1,"C6_01780C_A",1.71400165903245e-11,1.15462320164787e-17,0.79192420031648,TRUE,TRUE,FALSE
"ZCF18",5,"C6_01790C_A",0.000450080212108594,6.70926306381561e-22,7.22649130760907e-06,TRUE,TRUE,TRUE
"CAALFM_C601810WA",7,"C6_01810W_A",0.019258145166136,3.26346143797136e-38,0.0178297699783134,TRUE,TRUE,TRUE
"FPG1",5,"C6_01820C_A",0.00452123598848222,2.2092508236312e-38,0.000988153371367385,TRUE,TRUE,TRUE
"CTA1",6,"C6_01830W_A",0.00917198403178285,1.03998362535273e-27,3.17147473273825e-10,TRUE,TRUE,TRUE
"COQ3",4,"C6_01840C_A",0.00117898256469198,1.41358946255345e-137,0.414628063015902,TRUE,TRUE,FALSE
"CAALFM_C601850WA",4,"C6_01850W_A",0.354302849671682,2.65108532514285e-18,0.539906893040518,FALSE,TRUE,FALSE
"HCH1",1,"C6_01860C_A",2.84673182424495e-17,5.78463363293874e-44,1.17163536679606e-06,TRUE,TRUE,TRUE
"CAALFM_C601870CA",8,"C6_01870C_A",NA,3.4630794389258e-42,0.00137943843269936,FALSE,TRUE,TRUE
"CAALFM_C601880WA",4,"C6_01880W_A",0.000568632107990755,3.14768288915673e-37,0.0661980103503508,TRUE,TRUE,FALSE
"CAALFM_C601890CA",3,"C6_01890C_A",3.95648798027521e-05,2.63557264781539e-111,0.00427400239500234,TRUE,TRUE,TRUE
"DOG1",1,"C6_01900C_A",1.4674275870385e-05,8.27193924660691e-40,0.1763277484843,TRUE,TRUE,FALSE
"ADK1",4,"C6_01910W_A",7.95589424730603e-10,1.53678528068556e-126,0.00495474363953714,TRUE,TRUE,TRUE
"CAALFM_C601920CA",8,"C6_01920C_A",0.142085342480406,3.55984572512569e-10,0.0253269118779885,FALSE,TRUE,TRUE
"YHM1",1,"C6_01930W_A",0.0404078971876458,1.46157691846744e-193,1.86853721154345e-05,TRUE,TRUE,TRUE
"CAALFM_C601940WA",6,"C6_01940W_A",3.39885736510812e-06,2.4701259217742e-11,0.650405354001686,TRUE,TRUE,FALSE
"CAALFM_C601950CA",3,"C6_01950C_A",0.65002289654336,7.98849175814482e-05,0.683030241102969,FALSE,TRUE,FALSE
"CAALFM_C601960WA",2,"C6_01960W_A",1.67561497444906e-05,3.97633308677516e-08,0.0109736158821734,TRUE,TRUE,TRUE
"RPL25",1,"C6_01970C_A",2.14774645795888e-18,6.76731985748245e-139,0.000177635066436408,TRUE,TRUE,TRUE
"CAALFM_C601980CA",1,"C6_01980C_A",2.53117584356351e-20,8.54456897437746e-116,0.0181335209917327,TRUE,TRUE,TRUE
"PLB1",6,"C6_01990W_A",NA,1.12171587001861e-41,0.000492587228794987,FALSE,TRUE,TRUE
"PLB2",7,"C6_02000W_A",0.00849214720622856,3.57672282279142e-36,0.000145291866567309,TRUE,TRUE,TRUE
"GPD2",8,"C6_02010C_A",8.54621110062358e-06,4.61966473586689e-27,4.83168193918777e-06,TRUE,TRUE,TRUE
"CAALFM_C602020CA",6,"C6_02020C_A",0.0206590942407659,7.37539182558704e-47,0.00382287178179674,TRUE,TRUE,TRUE
"CAALFM_C602030CA",5,"C6_02030C_A",0.000167823447221796,1.22810699781901e-103,0.0255297015153096,TRUE,TRUE,TRUE
"MCR1",5,"C6_02040W_A",0.000160504349560126,1.82224611359055e-115,0.0289095887806236,TRUE,TRUE,TRUE
"DBR1",7,"C6_02050W_A",0.534008772463842,2.96550872309397e-15,0.283828701042444,FALSE,TRUE,FALSE
"SLM2",6,"C6_02060W_A",0.0909544610425879,8.27181052935019e-51,0.000169351520800201,FALSE,TRUE,TRUE
"RPL23A",1,"C6_02070C_A",5.00096947548063e-15,2.78202687504342e-140,8.00044165763611e-05,TRUE,TRUE,TRUE
"CAALFM_C602090CA",3,"C6_02090C_A",4.02788473032948e-06,5.63238616047431e-17,0.00394019727795091,TRUE,TRUE,TRUE
"CAALFM_C602100WA",6,"C6_02100W_A",1.98956468465749e-08,1.34788307685738e-85,0.00193136974837797,TRUE,TRUE,TRUE
"CAALFM_C602110WA",7,"C6_02110W_A",NA,9.70219820049798e-39,0.077539501184557,FALSE,TRUE,FALSE
"CHC1",1,"C6_02120W_A",0.0184448911638739,5.5733972285889e-41,1.43347741091147e-08,TRUE,TRUE,TRUE
"CTF5",2,"C6_02130C_A",3.52213352606056e-05,1.92186260976675e-14,0.0128728434612171,TRUE,TRUE,TRUE
"CAALFM_C602140WA",2,"C6_02140W_A",0.0232396711650328,6.58340862432845e-10,0.00183414043575971,TRUE,TRUE,TRUE
"CAALFM_C602150CA",2,"C6_02150C_A",0.147488785985343,1.0973369117296e-08,0.102849673302437,FALSE,TRUE,FALSE
"CAALFM_C602160WA",6,"C6_02160W_A",0.0651615483184098,3.74501838344941e-22,0.000128446737050033,FALSE,TRUE,TRUE
"SWD3",4,"C6_02170C_A",0.00448563696677044,4.343070433684e-13,0.125593873490708,TRUE,TRUE,FALSE
"CAALFM_C602180WA",5,"C6_02180W_A",0.117062258032516,4.8086909843853e-35,0.145647173825554,FALSE,TRUE,FALSE
"CAALFM_C602190CA",1,"C6_02190C_A",0.0063379759581645,1.66891050000962e-45,0.362497194521501,TRUE,TRUE,FALSE
"CAALFM_C602200CA",5,"C6_02200C_A",0.00127922743845461,9.39849375562205e-18,0.0503342746226409,TRUE,TRUE,FALSE
"CAALFM_C602210WA",2,"C6_02210W_A",0.0237098072032411,6.95511289906277e-15,0.0100753196692625,TRUE,TRUE,TRUE
"SAR1",4,"C6_02220W_A",0.00117377303766008,1.96540872231265e-36,0.0888713889194931,TRUE,TRUE,FALSE
"CAALFM_C602230WA",3,"C6_02230W_A",9.95095664983344e-05,1.14817184756973e-67,0.272077383114403,TRUE,TRUE,FALSE
"RPL10A",1,"C6_02240C_A",6.6003519103399e-07,7.26269451457247e-155,0.000326786295735495,TRUE,TRUE,TRUE
"CAALFM_C602250WA",3,"C6_02250W_A",0.00754432764892603,4.48775821697087e-28,0.00509546789981236,TRUE,TRUE,TRUE
"SEC27",1,"C6_02260C_A",0.116500489821552,8.95816336660743e-16,0.888051854751588,FALSE,TRUE,FALSE
"ALG11",2,"C6_02270C_A",0.0339190835630465,1.39079492841465e-22,0.0362394018128176,TRUE,TRUE,TRUE
"CAALFM_C602280WA",2,"C6_02280W_A",0.590232555556995,1.48977898353224e-18,0.00271718791460064,FALSE,TRUE,TRUE
"CAALFM_C602290CA",8,"C6_02290C_A",2.51901728238519e-05,3.1693505316607e-36,0.0323839518542698,TRUE,TRUE,TRUE
"CAALFM_C602300CA",7,"C6_02300C_A",0.00425056655257396,1.34260239960394e-29,0.0049756460226398,TRUE,TRUE,TRUE
"CAALFM_C602310WA",7,"C6_02310W_A",0.0122245606854158,5.95901756156462e-31,0.0539723089707435,TRUE,TRUE,FALSE
"IPL1",7,"C6_02320C_A",6.73230906790888e-05,2.70307782940705e-230,0.0036465136854487,TRUE,TRUE,TRUE
"CAALFM_C602330WA",7,"C6_02330W_A",0.402475089175209,1.40665311151885e-41,0.0749804639812476,FALSE,TRUE,FALSE
"HRR25",8,"C6_02340W_A",7.59840545593286e-05,4.67384760955239e-12,0.0228097968877415,TRUE,TRUE,TRUE
"CAALFM_C602350CA",2,"C6_02350C_A",0.0414687337552282,3.77328829598611e-30,0.33421484003141,TRUE,TRUE,FALSE
"NIP7",3,"C6_02360W_A",0.00469963080809125,1.38079251433614e-117,0.014415718388315,TRUE,TRUE,TRUE
"CAALFM_C602370CA",1,"C6_02370C_A",0.453953780744588,8.83225795693722e-39,0.507678183585057,FALSE,TRUE,FALSE
"CAALFM_C602380WA",1,"C6_02380W_A",0.0109650840142937,1.40397130210464e-86,0.0932350049811582,TRUE,TRUE,FALSE
"CAALFM_C602390WA",1,"C6_02390W_A",0.652608354984159,2.11474179446892e-08,0.437332559823997,FALSE,TRUE,FALSE
"CAALFM_C602400WA",8,"C6_02400W_A",0.00665673153499995,0.00823592690110443,0.297190886196483,TRUE,TRUE,FALSE
"CAALFM_C602410WA",6,"C6_02410W_A",0.589406662157291,1.37867912890323e-24,0.00381731801852695,FALSE,TRUE,TRUE
"CAALFM_C602420WA",8,"C6_02420W_A",1.0453200061176e-06,2.36134591456462e-40,0.157934571373724,TRUE,TRUE,FALSE
"CAALFM_C602430WA",7,"C6_02430W_A",0.0925325693961808,7.79548076971546e-20,0.317310926926316,FALSE,TRUE,FALSE
"PRP45",6,"C6_02440C_A",9.04292137874229e-07,6.77344045270393e-53,0.170234929179841,TRUE,TRUE,FALSE
"CAALFM_C602450WA",6,"C6_02450W_A",8.02532849797754e-11,2.20013404707061e-257,1.80040728167746e-06,TRUE,TRUE,TRUE
"CAALFM_C602460CA",1,"C6_02460C_A",0.0542655954826464,1.38697354000392e-32,0.970821886085868,FALSE,TRUE,FALSE
"CAALFM_C602470WA",1,"C6_02470W_A",0.0107604427483443,5.24163025755636e-77,0.692857974285591,TRUE,TRUE,FALSE
"CAALFM_C602480WA",1,"C6_02480W_A",0.00878960428655811,1.00581639188603e-88,0.00182554272889575,TRUE,TRUE,TRUE
"CAALFM_C602490CA",1,"C6_02490C_A",0.115980166801697,2.12253115307228e-11,0.0168515266824887,FALSE,TRUE,TRUE
"GCV1",4,"C6_02500C_A",0.00555692371468126,2.90220788769451e-41,6.11613550341818e-05,TRUE,TRUE,TRUE
"ASG7",6,"C6_02510C_A",0.60012183331433,0.0256159022325891,0.877048115469828,FALSE,TRUE,FALSE
"ISA1",8,"C6_02520W_A",5.71779721631737e-06,4.48308317612554e-13,0.0230434474935291,TRUE,TRUE,TRUE
"CAALFM_C602530CA",6,"C6_02530C_A",0.000165009770937587,9.67653220140693e-31,1.61170023798225e-08,TRUE,TRUE,TRUE
"CAALFM_C602540CA",6,"C6_02540C_A",0.701199416083242,9.22109166554953e-21,0.247158490681385,FALSE,TRUE,FALSE
"CAALFM_C602550WA",7,"C6_02550W_A",0.412676248138638,5.39704266248193e-23,0.00208042836111418,FALSE,TRUE,TRUE
"CAALFM_C602560WA",5,"C6_02560W_A",3.24558652169964e-09,8.88164685660016e-36,0.0381117871335204,TRUE,TRUE,TRUE
"SEC20",5,"C6_02570C_A",0.282205925369069,3.59107361925734e-20,0.365676763189682,FALSE,TRUE,FALSE
"CAALFM_C602580WA",1,"C6_02580W_A",0.00802560188473435,2.54653082856198e-17,0.236277950117227,TRUE,TRUE,FALSE
"MOB1",4,"C6_02590C_A",0.419674389503077,4.50601424716514e-22,0.617377005062859,FALSE,TRUE,FALSE
"NAB3",1,"C6_02600W_A",0.28962947253848,1.07718689617672e-25,0.00147268174025878,FALSE,TRUE,TRUE
"CDC37",4,"C6_02610C_A",0.0199898966778826,5.65790776747194e-59,0.0554875379493295,TRUE,TRUE,FALSE
"CAALFM_C602620CA",8,"C6_02620C_A",0.0091302296374964,1.79061989415602e-19,0.0529406631839967,TRUE,TRUE,FALSE
"CAALFM_C602630CA",5,"C6_02630C_A",0.31245846608598,6.51781412790252e-35,0.249047015575793,FALSE,TRUE,FALSE
"CAALFM_C602640CA",5,"C6_02640C_A",0.610155753417462,2.73794165585441e-19,0.132193279807238,FALSE,TRUE,FALSE
"CAALFM_C602650CA",5,"C6_02650C_A",0.155429668817105,1.06168185382573e-07,0.43211181252729,FALSE,TRUE,FALSE
"CAALFM_C602660CA",6,"C6_02660C_A",4.43694710624433e-08,5.41225794070508e-54,0.161274719749734,TRUE,TRUE,FALSE
"WSC2",8,"C6_02670C_A",0.0266820578829588,0.00466431674899515,0.0222838608770817,TRUE,TRUE,TRUE
"CAALFM_C602680WA",4,"C6_02680W_A",0.164417343779124,1.59714164683562e-14,1.7743608356927e-05,FALSE,TRUE,TRUE
"CAALFM_C602690CA",1,"C6_02690C_A",0.247080738332179,1.98145229326588e-83,0.000841932587565361,FALSE,TRUE,TRUE
"SAP6",7,"C6_02710C_A",3.73020657275194e-05,1.63512768253768e-29,0.408429528862558,TRUE,TRUE,FALSE
"CAALFM_C602720CA",8,"C6_02720C_A",6.12455131652129e-06,7.17912451707724e-24,0.00443949467342052,TRUE,TRUE,TRUE
"SAC6",5,"C6_02730W_A",0.026671755837081,1.43979476936262e-60,7.39422860711241e-05,TRUE,TRUE,TRUE
"CAALFM_C602740WA",4,"C6_02740W_A",0.00261168549449447,1.35607649899235e-20,0.0452938264894483,TRUE,TRUE,TRUE
"LYS14",7,"C6_02750C_A",0.000160871818862621,5.63771879400346e-19,0.0144706014538289,TRUE,TRUE,TRUE
"CAALFM_C602760WA",7,"C6_02760W_A",0.751236934206223,0.0190966277760518,0.424595090220442,FALSE,TRUE,FALSE
"MRT4",1,"C6_02770W_A",0.00145755557993248,7.70018680657011e-120,0.00616378818768721,TRUE,TRUE,TRUE
"MIF2",8,"C6_02780C_A",4.07515054118192e-14,4.28002793539836e-47,0.00320632699719054,TRUE,TRUE,TRUE
"CAALFM_C602790CA",8,"C6_02790C_A",1.79500522225089e-16,1.62262941225755e-62,4.18249153859179e-05,TRUE,TRUE,TRUE
"CAALFM_C602800WA",4,"C6_02800W_A",0.720807039846006,6.09924008512921e-14,0.00194319521952341,FALSE,TRUE,TRUE
"CAALFM_C602810CA",3,"C6_02810C_A",0.109791746826829,7.48509201621693e-10,0.26968927120689,FALSE,TRUE,FALSE
"MNN4-4",8,"C6_02830W_A",0.0568171802031572,2.80654581182463e-08,0.409675106179164,FALSE,TRUE,FALSE
"RBF1",1,"C6_02840C_A",0.0657727039914411,1.15799749143205e-17,0.134544652916183,FALSE,TRUE,FALSE
"RAV2",5,"C6_02850W_A",0.456253629511773,8.79756891206778e-11,0.113585559695509,FALSE,TRUE,FALSE
"STE23",4,"C6_02860W_A",0.843566923771504,3.65522093564465e-50,4.79175163999792e-08,FALSE,TRUE,TRUE
"RNH1",1,"C6_02870W_A",0.751236934206223,1.01085194628824e-147,1.93506668709215e-16,FALSE,TRUE,TRUE
"CAALFM_C602880WA",1,"C6_02880W_A",2.66788637181778e-26,2.97019622792077e-81,0.000667592955024043,TRUE,TRUE,TRUE
"HPD1",5,"C6_02890C_A",3.47316161385607e-10,2.75936628008722e-215,0.363744806376808,TRUE,TRUE,FALSE
"CAALFM_C602900CA",1,"C6_02900C_A",0.00523935690641463,3.09054032262813e-32,0.00504116942113595,TRUE,TRUE,TRUE
"POP4",3,"C6_02910W_A",1.31409453812475e-05,9.18093135675996e-37,0.001300407568805,TRUE,TRUE,TRUE
"VPS51",4,"C6_02920C_A",0.688966801203665,5.16734761534043e-12,0.808959520552064,FALSE,TRUE,FALSE
"CAALFM_C602930WA",8,"C6_02930W_A",1.70642048732005e-07,4.25550136502224e-49,0.215545877395452,TRUE,TRUE,FALSE
"CAALFM_C602940CA",5,"C6_02940C_A",0.00171929835042781,3.98415398301999e-18,0.0208196319905966,TRUE,TRUE,TRUE
"CAALFM_C602950CA",6,"C6_02950C_A",0.0121100388397419,1.66879268080954e-19,0.223947353066445,TRUE,TRUE,FALSE
"CAALFM_C602960WA",1,"C6_02960W_A",0.0252383762445878,7.57610920974793e-23,0.254984794318626,TRUE,TRUE,FALSE
"CAALFM_C602970CA",6,"C6_02970C_A",0.00562401057657451,4.97101448439909e-38,0.095950341697278,TRUE,TRUE,FALSE
"CAALFM_C602980CA",5,"C6_02980C_A",0.0595099081362788,9.12614914214297e-16,1.19663255556307e-07,FALSE,TRUE,TRUE
"CAALFM_C602990WA",2,"C6_02990W_A",0.543650905703126,1.89894583690161e-09,0.00324613637733229,FALSE,TRUE,TRUE
"CAALFM_C603000CA",3,"C6_03000C_A",0.347872556027459,6.42410490199051e-15,0.00878699219530747,FALSE,TRUE,TRUE
"TEL1",8,"C6_03010W_A",0.931799476052084,0.00588523621848394,0.361132662590809,FALSE,TRUE,FALSE
"PEP3",5,"C6_03020W_A",0.00728056850575227,2.84892693854377e-23,0.0103571125297151,TRUE,TRUE,TRUE
"SAP5",8,"C6_03030W_A",1.16573580954726e-23,4.93129008367662e-64,0.000577947184444787,TRUE,TRUE,TRUE
"CAALFM_C603040CA",4,"C6_03040C_A",0.886942648911318,5.81650183089424e-15,0.227703843242029,FALSE,TRUE,FALSE
"CAALFM_C603050CA",5,"C6_03050C_A",2.31504457025971e-10,1.90095523167208e-42,0.0188663291691348,TRUE,TRUE,TRUE
"PGA60",7,"C6_03060W_A",1.35543647661125e-06,3.10898955594884e-98,0.109888855183307,TRUE,TRUE,FALSE
"CAALFM_C603070CA",1,"C6_03070C_A",0.000107585220383819,5.27731235157592e-32,0.00118417718455544,TRUE,TRUE,TRUE
"ADO1",1,"C6_03080C_A",0.000830468489192548,1.57641523678649e-160,2.06868382072636e-05,TRUE,TRUE,TRUE
"CAALFM_C603090WA",7,"C6_03090W_A",2.59260493236949e-06,3.55762875085581e-66,0.0444158653319145,TRUE,TRUE,TRUE
"SHE3",2,"C6_03100W_A",8.50103185862178e-16,1.93494151082013e-54,0.000572322996109187,TRUE,TRUE,TRUE
"CAALFM_C603110CA",3,"C6_03110C_A",0.00048802323758977,6.60920202832458e-26,0.0177922491669495,TRUE,TRUE,TRUE
"POL5",3,"C6_03120W_A",0.0135761479498518,1.40916180404366e-27,0.931966972381141,TRUE,TRUE,FALSE
"CAALFM_C603130WA",4,"C6_03130W_A",0.0506429657572667,7.90510650662056e-21,0.110325840838905,FALSE,TRUE,FALSE
"MDL2",1,"C6_03140C_A",0.00165746266175606,7.49499914748246e-155,1.55338313869575e-07,TRUE,TRUE,TRUE
"CAALFM_C603150CA",6,"C6_03150C_A",0.576912540220644,3.49531871901893e-13,0.0134068075853924,FALSE,TRUE,TRUE
"BMT6",6,"C6_03160C_A",0.396389919781017,9.18299077032122e-06,0.196192711589085,FALSE,TRUE,FALSE
"MDR1",8,"C6_03170C_A",3.20945567078936e-06,5.01296005696806e-05,0.0251706772893556,TRUE,TRUE,TRUE
"CAALFM_C603180CA",8,"C6_03180C_A",5.14054199851497e-05,2.59970955961684e-17,1.04569062506308e-05,TRUE,TRUE,TRUE
"CAALFM_C603200WA",2,"C6_03200W_A",0.0349804201837699,5.48995428819021e-11,0.0152973892810119,TRUE,TRUE,TRUE
"CAALFM_C603210CA",3,"C6_03210C_A",0.00291139318976601,4.60918535478677e-60,0.0652908353535767,TRUE,TRUE,FALSE
"CAALFM_C603220WA",3,"C6_03220W_A",0.00200758077032026,1.55268576285665e-24,0.00189580098482443,TRUE,TRUE,TRUE
"ARG3",2,"C6_03230W_A",1.68809317286884e-10,4.91177717612268e-19,4.85651522264764e-23,TRUE,TRUE,TRUE
"CAALFM_C603240WA",6,"C6_03240W_A",5.23027513355486e-08,6.07859897026787e-194,2.66019594176739e-05,TRUE,TRUE,TRUE
"BMT4",1,"C6_03250W_A",0.0158255357954573,2.73924571141346e-58,0.000215466992966341,TRUE,TRUE,TRUE
"CAALFM_C603260WA",4,"C6_03260W_A",0.537555007186277,1.70725396365529e-13,0.363154901960465,FALSE,TRUE,FALSE
"AYR2",5,"C6_03270C_A",2.85079571525437e-05,6.05550970992016e-80,0.0274412937898301,TRUE,TRUE,TRUE
"CAALFM_C603280WA",7,"C6_03280W_A",0.372590602988807,1.02762142102702e-17,0.272514366589133,FALSE,TRUE,FALSE
"CAALFM_C603290WA",8,"C6_03290W_A",0.0708706620214423,4.54359641343042e-15,0.284120608918902,FALSE,TRUE,FALSE
"CAALFM_C603300CA",6,"C6_03300C_A",0.216162332366373,1.30670325542914e-19,0.00471427577511647,FALSE,TRUE,TRUE
"CAALFM_C603310WA",1,"C6_03310W_A",0.0721085310820505,2.84885709336101e-43,0.0998334884795444,FALSE,TRUE,FALSE
"CAALFM_C603320WA",4,"C6_03320W_A",7.58171011207777e-09,9.38712981094612e-45,1.11345080108726e-20,TRUE,TRUE,TRUE
"CAALFM_C603330CA",7,"C6_03330C_A",0.00156981180908369,1.87252842785413e-65,0.0740187477650333,TRUE,TRUE,FALSE
"GLC3",5,"C6_03340C_A",0.0116151516392323,4.0147009721693e-07,0.00895512370888333,TRUE,TRUE,TRUE
"ARP4",2,"C6_03350C_A",0.0385594621760119,6.60196994984003e-28,0.107811290758944,TRUE,TRUE,FALSE
"CAALFM_C603360CA",6,"C6_03360C_A",1.69753242180321e-09,2.37940733412215e-121,4.64942389482962e-05,TRUE,TRUE,TRUE
"CAALFM_C603370WA",5,"C6_03370W_A",2.92516355287008e-12,9.05872690168229e-12,0.000639059994398424,TRUE,TRUE,TRUE
"CAALFM_C603380WA",1,"C6_03380W_A",0.0150483064470673,7.61992174162304e-160,0.00144564093480424,TRUE,TRUE,TRUE
"CAALFM_C603390WA",2,"C6_03390W_A",6.29976972833483e-07,2.79733678256556e-77,0.00029496173780379,TRUE,TRUE,TRUE
"QCR7",4,"C6_03400C_A",0.00480851566198499,8.13149348873467e-17,0.0485867303273126,TRUE,TRUE,TRUE
"APA2",1,"C6_03410C_A",0.0401094006680649,4.64148363381603e-07,0.110201629253145,TRUE,TRUE,FALSE
"CAALFM_C603420WA",6,"C6_03420W_A",0.747128505301232,4.64284939366154e-21,1.22017785440208e-05,FALSE,TRUE,TRUE
"CAALFM_C603430CA",7,"C6_03430C_A",0.0502872155485937,1.6778571881278e-30,0.0802111606763091,FALSE,TRUE,FALSE
"CAALFM_C603440WA",3,"C6_03440W_A",0.00126167352794414,3.11325479709078e-42,0.0307684756961861,TRUE,TRUE,TRUE
"NAM2",2,"C6_03450C_A",0.0750093508884976,2.52455950575698e-09,0.00882953309274075,FALSE,TRUE,TRUE
"CAALFM_C603460WA",1,"C6_03460W_A",0.62067818303422,8.81084027336127e-14,0.21819826471616,FALSE,TRUE,FALSE
"CAALFM_C603470WA",4,"C6_03470W_A",0.000880577191409483,2.24043268290182e-44,0.00854787743387503,TRUE,TRUE,TRUE
"YMX6",8,"C6_03480W_A",0.0345403695821953,0.0659125377463241,0.057529062429937,TRUE,FALSE,FALSE
"SAP1",7,"C6_03490C_A",0.000304673473854126,3.47340767437098e-19,0.192228182978525,TRUE,TRUE,FALSE
"SAP4",7,"C6_03500C_A",0.000311759175396352,2.69551990613051e-41,0.000421734923757974,TRUE,TRUE,TRUE
"CAALFM_C603520CA",6,"C6_03520C_A",0.000571792292650658,3.71220424421986e-23,0.0084905534880185,TRUE,TRUE,TRUE
"CAALFM_C603530CA",8,"C6_03530C_A",0.0157757178248449,2.93698819625687e-11,0.16524332568209,TRUE,TRUE,FALSE
"CAALFM_C603540WA",8,"C6_03540W_A",0.00288372566893608,6.71632935051162e-31,1.23837970801362e-11,TRUE,TRUE,TRUE
"CAALFM_C603550CA",2,"C6_03550C_A",1.30965035979783e-06,1.248608561543e-43,0.765462263736456,TRUE,TRUE,FALSE
"POX1",6,"C6_03560W_A",6.12594930285662e-07,1.43085453815874e-111,0.0243067356049476,TRUE,TRUE,TRUE
"CAALFM_C603580WA",6,"C6_03580W_A",0.0482290883867746,7.05659165126919e-22,0.0357863884979247,TRUE,TRUE,TRUE
"CAALFM_C603590CA",5,"C6_03590C_A",0.000765457443180758,1.39570260821054e-63,2.873278402706e-05,TRUE,TRUE,TRUE
"CAALFM_C603600CA",6,"C6_03600C_A",6.40974975269227e-05,1.13043060594839e-180,1.20430134750315e-08,TRUE,TRUE,TRUE
"FGR17",5,"C6_03610W_A",0.033966552325198,9.99775330703738e-13,0.0527779497035652,TRUE,TRUE,FALSE
"CAALFM_C603620CA",6,"C6_03620C_A",0.000432202775623689,2.20993254455949e-27,0.0191955644194179,TRUE,TRUE,TRUE
"PAD1",6,"C6_03630W_A",0.000637368862473742,5.25537591907583e-10,0.000350062239488261,TRUE,TRUE,TRUE
"NOG2",8,"C6_03640W_A",2.99092949546664e-06,4.05200183257018e-09,0.00102565828949713,TRUE,TRUE,TRUE
"POP2",1,"C6_03650C_A",0.0248363402794234,5.20531614011063e-15,0.974641275439662,TRUE,TRUE,FALSE
"CDC50",1,"C6_03660C_A",0.424379900952972,1.40698823357344e-05,0.0411150991393621,FALSE,TRUE,TRUE
"ALS5",8,"C6_03690W_A",0.00307110999860266,1.1821090097225e-25,1.13210244129094e-05,TRUE,TRUE,TRUE
"ALS1",8,"C6_03700W_A",2.85224022797961e-06,2.59041222433525e-82,2.38047420471249e-08,TRUE,TRUE,TRUE
"ALS9",8,"C6_03710W_A",0.000517178040673421,8.33962068939402e-14,0.002651223603997,TRUE,TRUE,TRUE
"ALA1",2,"C6_03720W_A",5.66385939425181e-05,1.9582508809226e-86,0.659404186135464,TRUE,TRUE,FALSE
"CAALFM_C603730CA",1,"C6_03730C_A",0.000312920998820233,4.38237283804159e-72,0.0473333718583691,TRUE,TRUE,TRUE
"CAALFM_C603740WA",7,"C6_03740W_A",0.0911714765426862,2.35539590549929e-19,0.270112381242848,FALSE,TRUE,FALSE
"SBA1",6,"C6_03750C_A",0.000977979868526358,1.3932026463957e-19,3.68196380958346e-12,TRUE,TRUE,TRUE
"SHM2",1,"C6_03760C_A",0.00377818605061917,1.83295027254526e-227,1.38882361988415e-14,TRUE,TRUE,TRUE
"ORM1",8,"C6_03770C_A",8.89644453115477e-08,1.66615624135868e-43,0.0863978531895425,TRUE,TRUE,FALSE
"CAALFM_C603780CA",5,"C6_03780C_A",0.0034927415312417,2.03070347712864e-79,4.43989165312612e-05,TRUE,TRUE,TRUE
"HGT10",1,"C6_03790C_A",0.644280824621123,4.6291303094663e-40,0.0215645868777475,FALSE,TRUE,TRUE
"CAALFM_C603800CA",8,"C6_03800C_A",2.47945720815096e-13,5.79558898625652e-17,9.5153928652575e-05,TRUE,TRUE,TRUE
"CAALFM_C603810WA",8,"C6_03810W_A",4.28993504083209e-14,1.50229599921297e-162,0.0401234955105714,TRUE,TRUE,TRUE
"CAALFM_C603820CA",4,"C6_03820C_A",0.0208873106033363,4.75768120626472e-31,0.00867237733268639,TRUE,TRUE,TRUE
"SAL6",8,"C6_03830W_A",1.26728175272438e-07,6.72194814568111e-10,1.06990673176301e-08,TRUE,TRUE,TRUE
"SNQ2",8,"C6_03840C_A",9.49043995629713e-12,0.000155431303262818,3.48563069706807e-05,TRUE,TRUE,TRUE
"IHD1",8,"C6_03850C_A",0.368527175716336,1.19941402016867e-18,0.00427492804375578,FALSE,TRUE,TRUE
"PGA61",7,"C6_03860C_A",0.0151934572086687,6.13368075206031e-33,0.00284573410613637,TRUE,TRUE,TRUE
"tA(UGC)2",8,"C6_03870C_A",5.63188188536107e-13,0.00163351826320531,0.0366855829233884,TRUE,TRUE,TRUE
"CAALFM_C603880WA",5,"C6_03880W_A",2.9198239144976e-17,1.54506788971346e-112,0.0168379885289125,TRUE,TRUE,TRUE
"SKI8",4,"C6_03890C_A",0.00172972603465334,4.24916028743432e-10,0.00722984404846621,TRUE,TRUE,TRUE
"NUP82",4,"C6_03900W_A",0.136368080626672,3.13465055761506e-106,0.522444887273085,FALSE,TRUE,FALSE
"CAALFM_C603910CA",6,"C6_03910C_A",0.141920383405315,1.16734868132784e-30,0.0109594139089042,FALSE,TRUE,TRUE
"SNF4",4,"C6_03920W_A",0.126415103194506,2.19160162915469e-20,0.476512144737079,FALSE,TRUE,FALSE
"OPT8",8,"C6_03930W_A",1.04717882102698e-07,6.15236591760776e-12,2.0619350844763e-07,TRUE,TRUE,TRUE
"PBP2",2,"C6_03940C_A",0.0113478825068785,4.39257674840758e-12,0.00393759267210857,TRUE,TRUE,TRUE
"CAALFM_C603950CA",7,"C6_03950C_A",0.0544176673234162,1.11703448951864e-33,0.0113788789708298,FALSE,TRUE,TRUE
"CAALFM_C603960WA",5,"C6_03960W_A",2.27961403151192e-10,9.0715508060359e-58,0.0490440298844141,TRUE,TRUE,TRUE
"CAALFM_C603990CA",7,"C6_03990C_A",3.51487221244137e-08,1.06195297751921e-49,0.000455488609101125,TRUE,TRUE,TRUE
"ALG2",2,"C6_04030W_A",0.676719726685648,2.38798382805516e-06,0.988405236246318,FALSE,TRUE,FALSE
"RVS167",5,"C6_04040C_A",0.131263758366223,2.55918131130914e-23,0.139114158423902,FALSE,TRUE,FALSE
"CAALFM_C604050WA",7,"C6_04050W_A",0.00164522695390444,3.23112685821855e-33,0.0109846327001039,TRUE,TRUE,TRUE
"CAALFM_C604060WA",2,"C6_04060W_A",0.547823453149215,1.55095499571985e-08,0.192684196825699,FALSE,TRUE,FALSE
"CAALFM_C604070CA",6,"C6_04070C_A",0.0752812696446827,1.12351243853704e-125,7.24866920094246e-05,FALSE,TRUE,TRUE
"CAALFM_C604080WA",2,"C6_04080W_A",0.0379001825677914,1.12849413187685e-16,0.000577947184444787,TRUE,TRUE,TRUE
"CAALFM_C604100WA",1,"C6_04100W_A",0.131129950291776,7.12673724765151e-30,0.0689616622367694,FALSE,TRUE,FALSE
"CAALFM_C604110WA",8,"C6_04110W_A",9.65074334465725e-12,6.4462241862166e-11,1.76289318600504e-05,TRUE,TRUE,TRUE
"CAALFM_C604120CA",6,"C6_04120C_A",0.705322983142958,4.2363455842307e-11,0.0223726554149475,FALSE,TRUE,TRUE
"ALS4",8,"C6_04130C_A",1.69118231494496e-13,4.04555988367195e-13,1.3596908814592e-12,TRUE,TRUE,TRUE
"CAALFM_C604140CA",8,"C6_04140C_A",0.139555254649056,2.52680502003969e-17,0.00101767631613626,FALSE,TRUE,TRUE
"CAALFM_C604150WA",7,"C6_04150W_A",1.625250692737e-05,1.80064860671771e-42,0.0497508616452844,TRUE,TRUE,TRUE
"SPB1",3,"C6_04160C_A",0.000131283215371982,1.03826130934143e-91,0.0196012665600574,TRUE,TRUE,TRUE
"SEC5",5,"C6_04170C_A",0.0183005157104998,5.3461106809996e-13,0.120073668231198,TRUE,TRUE,FALSE
"CAALFM_C604180WA",6,"C6_04180W_A",1.06918731639205e-06,4.15934891918916e-10,0.0027869505087422,TRUE,TRUE,TRUE
"CAALFM_C604190CA",6,"C6_04190C_A",2.16540181041006e-05,9.94446052927899e-14,0.128176072955463,TRUE,TRUE,FALSE
"ATM1",5,"C6_04210C_A",0.00870175371715384,1.10567645191818e-19,0.000299266403079644,TRUE,TRUE,TRUE
"CAALFM_C604230WA",7,"C6_04230W_A",0.00124799772136494,9.40343911046361e-36,0.0172283649035091,TRUE,TRUE,TRUE
"CAALFM_C604240WA",3,"C6_04240W_A",0.000114139172349521,4.73987079524067e-22,0.119234072251434,TRUE,TRUE,FALSE
"CAALFM_C604250WA",1,"C6_04250W_A",0.285022235101236,4.40074770989957e-59,0.0300363321455268,FALSE,TRUE,TRUE
"CAALFM_C604260CA",2,"C6_04260C_A",0.00751047770632418,2.65427523252673e-21,0.906743588065969,TRUE,TRUE,FALSE
"CDC39",1,"C6_04270W_A",0.621700668775697,7.87929513623501e-13,0.151942545092137,FALSE,TRUE,FALSE
"CAALFM_C604280WA",4,"C6_04280W_A",0.049672994623913,9.66855193838086e-32,0.0112588457274188,TRUE,TRUE,TRUE
"CAALFM_C604290WA",1,"C6_04290W_A",0.000355762112247095,4.75028860069308e-34,0.0001040641414012,TRUE,TRUE,TRUE
"CAALFM_C604300WA",6,"C6_04300W_A",0.242782775885444,4.22162350958991e-24,0.451678781436967,FALSE,TRUE,FALSE
"PEX11",5,"C6_04310W_A",3.20167631077207e-07,3.97100038494574e-49,0.00242080617639551,TRUE,TRUE,TRUE
"CAALFM_C604320CA",7,"C6_04320C_A",0.00324318863442919,1.18915015072585e-29,0.280071059895022,TRUE,TRUE,FALSE
"NOP8",3,"C6_04330W_A",0.000856677214137803,5.73053476357341e-62,0.00052912162234635,TRUE,TRUE,TRUE
"CAALFM_C604340WA",4,"C6_04340W_A",0.61572782713534,6.75850117088871e-22,0.0929490903929755,FALSE,TRUE,FALSE
"FLO8",8,"C6_04350C_A",2.32069322555991e-06,6.4228190381547e-30,0.0104805711064615,TRUE,TRUE,TRUE
"GLE2",2,"C6_04360C_A",0.160699229566761,7.9335253585678e-14,0.45758847725785,FALSE,TRUE,FALSE
"CAALFM_C604370WA",4,"C6_04370W_A",0.966587325644673,5.50884024250215e-11,0.154697928014279,FALSE,TRUE,FALSE
"ALS2",8,"C6_04380W_A",6.95935942351206e-10,4.55380491018223e-13,1.95768606190362e-09,TRUE,TRUE,TRUE
"CAALFM_C604400WA",7,"C6_04400W_A",0.0311025430232875,1.01270392744174e-18,0.768071678009583,TRUE,TRUE,FALSE
"CAALFM_C604410CA",8,"C6_04410C_A",0.0498920806850169,4.4707929202172e-05,0.0606445183244474,TRUE,TRUE,FALSE
"CAALFM_C604420WA",6,"C6_04420W_A",3.36197300910466e-07,2.90953757211875e-53,0.000124722687131497,TRUE,TRUE,TRUE
"CST5",8,"C6_04430W_A",0.000204526454316021,4.25016136256079e-48,0.145996948047229,TRUE,TRUE,FALSE
"CAALFM_C604440CA",2,"C6_04440C_A",0.406857179327269,2.78021950409083e-18,0.000177303321569696,FALSE,TRUE,TRUE
"CAALFM_C604450WA",2,"C6_04450W_A",1.42896797635093e-05,6.01431444949842e-26,0.0861246408198901,TRUE,TRUE,FALSE
"tL(CAA)3",7,"C6_04460W_A",0.054897004529318,6.27083299590902e-12,0.707493997987989,FALSE,TRUE,FALSE
"CAALFM_C604470CA",5,"C6_04470C_A",9.96064798655849e-05,3.57046664716093e-36,0.344943754389501,TRUE,TRUE,FALSE
"CAALFM_C604480CA",5,"C6_04480C_A",0.268833229270719,5.58340412817942e-34,0.0609412903240132,FALSE,TRUE,FALSE
"LIP4",8,"C6_04490W_A",8.0374322319356e-11,6.61529838924794e-85,0.0223050303766222,TRUE,TRUE,TRUE
"TSM1",5,"C6_04500C_A",0.864091477706833,1.32434258703462e-18,0.408145003426967,FALSE,TRUE,FALSE
"CAALFM_C604510CA",1,"C6_04510C_A",0.403387113446396,8.05330571707902e-11,0.443974454812131,FALSE,TRUE,FALSE
"ILS1",1,"C6_04520W_A",1.02904693997687e-07,4.78980419934657e-138,1.28808908978249e-11,TRUE,TRUE,TRUE
"CAALFM_C604530CA",1,"C6_04530C_A",0.00440531711458022,3.51014736894492e-60,0.0916320628379025,TRUE,TRUE,FALSE
"HAT2",1,"C6_04540C_A",7.19963565415813e-05,2.63499804379004e-40,0.125601611972215,TRUE,TRUE,FALSE
"CAALFM_C604550CA",5,"C6_04550C_A",0.00429083377656959,3.35876817012414e-17,0.00197345566697803,TRUE,TRUE,TRUE
"CAALFM_C604560WA",1,"C6_04560W_A",0.000116381481177794,9.81697687367293e-222,0.188047347838386,TRUE,TRUE,FALSE
"NAG6",6,"C6_04570W_A",0.00713287249133593,2.17940692135982e-31,0.475523289930309,TRUE,TRUE,FALSE
"HXK1",7,"C6_04580W_A",0.460116582154311,2.06555882811808e-54,0.000565888031613383,FALSE,TRUE,TRUE
"NAG1",6,"C6_04590C_A",0.0229676563314725,1.32758634592503e-84,3.02480463296666e-05,TRUE,TRUE,TRUE
"DAC1",8,"C6_04600W_A",4.79442860966302e-10,5.88803912468143e-91,0.506262912857403,TRUE,TRUE,FALSE
"NAG3",2,"C6_04610C_A",3.10467726755657e-08,2.59365560728996e-21,3.94931076633762e-05,TRUE,TRUE,TRUE
"NAG4",7,"C6_04620C_A",0.246014016913677,3.44423734473329e-100,4.03589703449040e-11,FALSE,TRUE,TRUE
"CAALFM_C604650WA",6,"C6_04650W_A",0.128816379773806,1.47599891465736e-14,0.512847096585877,FALSE,TRUE,FALSE
"CAALFM_C700010CA",4,"C7_00010C_A",2.10421057807618e-07,7.41705589265624e-14,0.0265459279789114,TRUE,TRUE,TRUE
"RVS161",6,"C7_00020C_A",0.505578499482791,4.91973497817848e-32,9.45428010327904e-06,FALSE,TRUE,TRUE
"CAALFM_C700030WA",8,"C7_00030W_A",0.0348370000036026,1.36152058993699e-17,0.419150594950044,TRUE,TRUE,FALSE
"CAALFM_C700040CA",2,"C7_00040C_A",0.000864129035659402,0.000245941830175213,7.22812536214603e-05,TRUE,TRUE,TRUE
"RAD3",4,"C7_00050C_A",0.0593682499601864,4.72595820633621e-09,0.842015882158891,FALSE,TRUE,FALSE
"CAALFM_C700060CA",5,"C7_00060C_A",0.00030139245209229,8.865957004279e-95,0.000577380275558769,TRUE,TRUE,TRUE
"CAALFM_C700070CA",4,"C7_00070C_A",2.02594627974453e-08,1.16437546318599e-25,0.184622138412314,TRUE,TRUE,FALSE
"SAC7",8,"C7_00080C_A",0.6969389907781,2.57459324540235e-06,0.66293970697729,FALSE,TRUE,FALSE
"CSA1",8,"C7_00090C_A",0.000850373083016526,6.57512390031144e-21,3.09849407488408e-06,TRUE,TRUE,TRUE
"FRP2",8,"C7_00100W_A",7.77738682064702e-14,9.81829029480659e-84,4.19377949245626e-05,TRUE,TRUE,TRUE
"SOD3",8,"C7_00110W_A",1.66804459507414e-13,1.70456721432439e-63,8.48978920972878e-08,TRUE,TRUE,TRUE
"CAALFM_C700120WA",6,"C7_00120W_A",0.0496942526495139,7.74962962290977e-45,2.98655197076313e-14,TRUE,TRUE,TRUE
"CAALFM_C700130WA",8,"C7_00130W_A",0.0914635142775693,2.53641211596641e-18,0.1551287860734,FALSE,TRUE,FALSE
"CAALFM_C700140CA",4,"C7_00140C_A",1.2786807950919e-09,4.85519107752655e-49,0.00129437392861592,TRUE,TRUE,TRUE
"CAALFM_C700150WA",5,"C7_00150W_A",0.00205895981644753,2.42396806858273e-92,0.249449142286683,TRUE,TRUE,FALSE
"CAALFM_C700160CA",3,"C7_00160C_A",4.910850773848e-12,5.57288691724619e-47,0.00189385878007727,TRUE,TRUE,TRUE
"VPS70",5,"C7_00170W_A",4.01943370601421e-06,7.57010175179495e-86,0.160312577174559,TRUE,TRUE,FALSE
"FAR1",7,"C7_00180W_A",1.58686441753592e-05,2.16544591725454e-46,0.0504152154917059,TRUE,TRUE,FALSE
"CAALFM_C700190WA",1,"C7_00190W_A",1.07063550551327e-12,2.92617425550794e-45,0.271122045035226,TRUE,TRUE,FALSE
"CAALFM_C700200WA",6,"C7_00200W_A",0.565170986204032,8.85872939110807e-11,0.228626149623483,FALSE,TRUE,FALSE
"CAALFM_C700210CA",2,"C7_00210C_A",0.609857914615308,1.39232668349682e-05,0.142354077604191,FALSE,TRUE,FALSE
"CAALFM_C700220WA",2,"C7_00220W_A",0.00414262841655973,1.87401202611582e-19,6.25905410345187e-06,TRUE,TRUE,TRUE
"CAALFM_C700230WA",1,"C7_00230W_A",0.249856904461309,4.88532256372301e-11,0.271337233636877,FALSE,TRUE,FALSE
"CAALFM_C700250CA",2,"C7_00250C_A",1.28064457708214e-11,9.59807326153438e-27,7.04261480105411e-06,TRUE,TRUE,TRUE
"CAALFM_C700260CA",6,"C7_00260C_A",8.02171469170303e-05,6.57725276826687e-89,0.290000874434172,TRUE,TRUE,FALSE
"CAALFM_C700270WA",1,"C7_00270W_A",0.418804429358394,2.88792003608619e-41,0.00280675560904654,FALSE,TRUE,TRUE
"HGT12",2,"C7_00280W_A",1.97090897201376e-06,1.95348059133456e-09,7.67269483649286e-07,TRUE,TRUE,TRUE
"HGT13",5,"C7_00290C_A",6.76142660301911e-07,9.56462359901745e-53,0.208383555317183,TRUE,TRUE,FALSE
"CAALFM_C700300WA",6,"C7_00300W_A",0.135753673454613,2.92558356217599e-32,0.262074586600243,FALSE,TRUE,FALSE
"CAALFM_C700310CA",6,"C7_00310C_A",0.00113932057536375,4.61809358727335e-36,0.000245926518028107,TRUE,TRUE,TRUE
"PMR1",1,"C7_00320C_A",0.0232692096512018,3.95204413147511e-27,0.00139432152534773,TRUE,TRUE,TRUE
"CAALFM_C700330CA",3,"C7_00330C_A",6.57851280986148e-10,2.05384684379601e-32,0.0116949917761441,TRUE,TRUE,TRUE
"CAALFM_C700340CA",5,"C7_00340C_A",0.173798315450053,3.55867828346221e-20,0.629828624149142,FALSE,TRUE,FALSE
"CAALFM_C700350CA",6,"C7_00350C_A",1.80837920848406e-10,4.12051531327304e-64,0.00164168926071885,TRUE,TRUE,TRUE
"DFI1",8,"C7_00360W_A",8.83621042359372e-05,2.57036208552085e-29,0.140092320346044,TRUE,TRUE,FALSE
"DCC1",2,"C7_00370W_A",0.0117063734274651,3.78979165472858e-15,0.0290415961227752,TRUE,TRUE,TRUE
"CAALFM_C700380WA",2,"C7_00380W_A",0.0135614272693011,8.40122162697851e-13,0.0497508616452844,TRUE,TRUE,TRUE
"SPL1",8,"C7_00390W_A",0.126691730670898,9.32016481102208e-05,0.710909069064318,FALSE,TRUE,FALSE
"LEU2",1,"C7_00400W_A",2.23389633975263e-05,1.42860563589558e-165,3.38546883989017e-18,TRUE,TRUE,TRUE
"CAALFM_C700410CA",2,"C7_00410C_A",0.307404502601381,2.77717564692474e-07,0.0333162573453554,FALSE,TRUE,TRUE
"CAALFM_C700420CA",5,"C7_00420C_A",1.02992038973317e-05,3.3505708458015e-96,0.617195445807525,TRUE,TRUE,FALSE
"CAALFM_C700430WA",8,"C7_00430W_A",3.4849924076931e-05,2.90034322092421e-69,3.36438073801136e-06,TRUE,TRUE,TRUE
"GBP2",1,"C7_00440C_A",3.72908318917136e-10,4.75264407114258e-129,0.00166703397568048,TRUE,TRUE,TRUE
"CAALFM_C700450CA",6,"C7_00450C_A",0.284021254967265,2.24509287954955e-53,0.00173325024509999,FALSE,TRUE,TRUE
"CAALFM_C700460WA",6,"C7_00460W_A",0.00334924567698195,6.00334395701011e-14,0.0411580341875576,TRUE,TRUE,TRUE
"PEL1",8,"C7_00470C_A",0.00606549892932305,6.41304934053638e-20,0.0857556721847171,TRUE,TRUE,FALSE
"FGR2",7,"C7_00480W_A",2.46717718763923e-06,5.34008457229953e-74,0.000497223629590039,TRUE,TRUE,TRUE
"CAALFM_C700490CA",3,"C7_00490C_A",0.00247537670368581,1.03153227303969e-83,0.610839028211362,TRUE,TRUE,FALSE
"CAALFM_C700500WA",7,"C7_00500W_A",2.22375315559153e-05,2.48942112304863e-44,0.195263818274403,TRUE,TRUE,FALSE
"MAC1",8,"C7_00510W_A",0.0003418970811593,2.39868582156188e-48,3.42666423691725e-06,TRUE,TRUE,TRUE
"CAALFM_C700520WA",1,"C7_00520W_A",0.00117024401430019,3.76912782952341e-58,0.503852599324713,TRUE,TRUE,FALSE
"PSF3",7,"C7_00530C_A",0.000225607242598938,6.82130622543986e-27,0.000366522972202234,TRUE,TRUE,TRUE
"GLN4",2,"C7_00550C_A",0.00541801416420156,5.63378505543086e-21,0.0552257652482289,TRUE,TRUE,FALSE
"THG1",8,"C7_00560C_A",0.000491581562682055,2.77397775205377e-26,0.141836658616886,TRUE,TRUE,FALSE
"RPA135",1,"C7_00570W_A",0.000315295393571468,2.85464437655654e-154,0.0464460371839258,TRUE,TRUE,TRUE
"CAALFM_C700580CA",6,"C7_00580C_A",NA,3.26496226737023e-26,0.0205094815407808,FALSE,TRUE,TRUE
"CAALFM_C700590WA",5,"C7_00590W_A",0.000111362374852611,5.33009998288901e-40,1.53664185891084e-05,TRUE,TRUE,TRUE
"CAALFM_C700600CA",2,"C7_00600C_A",0.195637119404959,9.70134541711849e-17,0.0263792820283393,FALSE,TRUE,TRUE
"CAALFM_C700610CA",7,"C7_00610C_A",0.100967338494302,1.44295231255748e-23,0.0529638071134114,FALSE,TRUE,FALSE
"GUS1",1,"C7_00620W_A",1.26882801897944e-07,5.42273187012899e-235,0.128199627212448,TRUE,TRUE,FALSE
"CAALFM_C700630CA",6,"C7_00630C_A",0.000637901249189545,1.18902401375107e-37,0.363552830077883,TRUE,TRUE,FALSE
"GAC1",8,"C7_00660W_A",6.59845263335509e-05,4.75431427640599e-28,3.96640270620895e-05,TRUE,TRUE,TRUE
"CAALFM_C700670CA",7,"C7_00670C_A",0.1036753876219,6.07823537935539e-20,0.0238216039324292,FALSE,TRUE,TRUE
"CAALFM_C700680WA",2,"C7_00680W_A",0.422036998256155,2.43742525880788e-05,0.919996039602012,FALSE,TRUE,FALSE
"NOP15",3,"C7_00690W_A",0.000495322526055776,5.22899851603165e-142,0.0610203734477983,TRUE,TRUE,FALSE
"CYB5",1,"C7_00700W_A",0.000787489884638595,4.46115028048438e-196,0.0102223380802741,TRUE,TRUE,TRUE
"RPS28B",1,"C7_00710W_A",2.98010414300004e-12,2.92964024918342e-53,0.00716451263549179,TRUE,TRUE,TRUE
"RTF1",2,"C7_00720W_A",0.274687296859902,3.71560458289159e-11,0.402681517749603,FALSE,TRUE,FALSE
"MET28",2,"C7_00730W_A",0.00905739949377499,1.44690317166742e-09,3.14899234449958e-06,TRUE,TRUE,TRUE
"RIM15",6,"C7_00740W_A",2.36332880241585e-07,3.46013355389798e-106,0.295225240248738,TRUE,TRUE,FALSE
"ACB1",4,"C7_00750W_A",0.0787712183793987,3.74517814979778e-09,0.0217910409244151,FALSE,TRUE,TRUE
"CAALFM_C700760CA",5,"C7_00760C_A",0.0796430548261653,7.76798154119939e-13,0.0711076074911573,FALSE,TRUE,FALSE
"CAALFM_C700770WA",8,"C7_00770W_A",1.77288324325616e-16,9.20995641873911e-17,0.00132466231100171,TRUE,TRUE,TRUE
"CAALFM_C700780WA",2,"C7_00780W_A",0.0114631677468191,1.06132406275829e-09,0.0844139775728047,TRUE,TRUE,FALSE
"CAALFM_C700790WA",6,"C7_00790W_A",0.333834941589492,3.6322815133388e-23,0.320663558194916,FALSE,TRUE,FALSE
"YAE1",6,"C7_00800C_A",0.804409520057944,6.84507456688111e-22,0.828718821012341,FALSE,TRUE,FALSE
"CAALFM_C700810WA",8,"C7_00810W_A",0.0201200927036874,3.43371033432619e-13,0.306283741571277,TRUE,TRUE,FALSE
"RFC2",2,"C7_00820W_A",0.000603997434360498,5.4512175949136e-12,0.00154661121276876,TRUE,TRUE,TRUE
"CAALFM_C700830CA",2,"C7_00830C_A",0.128542426857271,3.80283349558891e-13,0.0010691070120398,FALSE,TRUE,TRUE
"CAALFM_C700840CA",7,"C7_00840C_A",7.95650649751842e-05,2.55783794916678e-33,0.0112471048889782,TRUE,TRUE,TRUE
"CAALFM_C700850WA",6,"C7_00850W_A",7.87584769421107e-07,6.4792188988308e-45,0.068936918693828,TRUE,TRUE,FALSE
"SSR1",1,"C7_00860W_A",0.00532190046089456,5.9713456817839e-29,0.000751699380024487,TRUE,TRUE,TRUE
"CAALFM_C700870WA",8,"C7_00870W_A",9.61295990147359e-17,9.38841144452188e-195,0.00278437805242455,TRUE,TRUE,TRUE
"CAALFM_C700880CA",8,"C7_00880C_A",2.86951416107186e-19,3.56928022528073e-221,4.18373640524709e-07,TRUE,TRUE,TRUE
"MCM1",1,"C7_00890C_A",0.777440010256716,5.32920393224605e-33,0.118025731734807,FALSE,TRUE,FALSE
"CAALFM_C700910CA",2,"C7_00910C_A",0.00438355068333105,3.00526159019726e-06,0.0351341575932752,TRUE,TRUE,TRUE
"CAALFM_C700920CA",4,"C7_00920C_A",0.241185723845392,5.90846738442937e-15,0.315975841179754,FALSE,TRUE,FALSE
"GPH1",5,"C7_00930W_A",9.45245332123652e-12,1.58444741570587e-80,1.00894458287173e-05,TRUE,TRUE,TRUE
"CAALFM_C700940WA",5,"C7_00940W_A",0.221605520648935,5.90221502197027e-32,0.000203306259283956,FALSE,TRUE,TRUE
"YML6",1,"C7_00950W_A",2.17254034325653e-05,5.90648134027052e-94,0.217840979470225,TRUE,TRUE,FALSE
"RPS18",1,"C7_00960W_A",1.57987450936696e-14,1.802823399707e-157,0.000213554788258764,TRUE,TRUE,TRUE
"YOX1",2,"C7_00970C_A",0.022246988535133,6.40516860460003e-11,0.000565888031613383,TRUE,TRUE,TRUE
"PHM5",1,"C7_00980W_A",0.0934073793184747,4.83770984592886e-30,0.020222182954069,FALSE,TRUE,TRUE
"RPP0",1,"C7_00990W_A",9.56729818099664e-09,1.61360904347516e-157,0.00277880341244479,TRUE,TRUE,TRUE
"CAALFM_C701000CA",7,"C7_01000C_A",NA,2.20701355813534e-53,0.000705669953983596,FALSE,TRUE,TRUE
"CAALFM_C701010WA",8,"C7_01010W_A",0.000282528432965842,1.0773258743655e-08,0.556815903018497,TRUE,TRUE,FALSE
"CAALFM_C701020CA",2,"C7_01020C_A",0.000444126899755295,2.44987389093574e-46,0.139209776972234,TRUE,TRUE,FALSE
"CAALFM_C701030CA",3,"C7_01030C_A",3.7792304782554e-06,8.76576019953752e-43,0.224674107219601,TRUE,TRUE,FALSE
"CAALFM_C701040CA",7,"C7_01040C_A",0.00136484313360502,3.60374010943806e-29,0.000492587228794987,TRUE,TRUE,TRUE
"CAALFM_C701050WA",6,"C7_01050W_A",0.686922157418368,7.70826483512862e-05,0.716193755462281,FALSE,TRUE,FALSE
"CAALFM_C701070CA",8,"C7_01070C_A",1.3887910802438e-08,2.18549989042467e-75,0.00743421728985512,TRUE,TRUE,TRUE
"CAALFM_C701100CA",7,"C7_01100C_A",1.78758329467206e-07,2.20693757846071e-54,0.00449504356910047,TRUE,TRUE,TRUE
"CAALFM_C701130CA",7,"C7_01130C_A",2.18490680470522e-08,3.53246145120731e-83,0.00480222250120039,TRUE,TRUE,TRUE
"CAALFM_C701150WA",6,"C7_01150W_A",0.0819349508122278,2.94404037634539e-14,0.299038994166826,FALSE,TRUE,FALSE
"CAALFM_C701160CA",4,"C7_01160C_A",0.0753646590927071,4.38625892752513e-15,0.432350723422853,FALSE,TRUE,FALSE
"CAALFM_C701170CA",2,"C7_01170C_A",1.67302546573777e-05,9.27782825728463e-17,1.65945774153001e-09,TRUE,TRUE,TRUE
"CAALFM_C701180WA",6,"C7_01180W_A",0.0569478009356802,9.58968058468287e-13,0.172439413000867,FALSE,TRUE,FALSE
"CAALFM_C701190WA",4,"C7_01190W_A",0.0238434193655958,4.04595194861896e-14,0.803037594305155,TRUE,TRUE,FALSE
"DBP7",3,"C7_01200C_A",5.62965220969187e-06,3.98337110113047e-59,0.816602012673117,TRUE,TRUE,FALSE
"CAALFM_C701210CA",3,"C7_01210C_A",1.06056370492372e-09,6.8978893737838e-46,0.066201776167526,TRUE,TRUE,FALSE
"GCN3",1,"C7_01220W_A",4.30471847865157e-05,1.11814594053309e-57,0.525890310021683,TRUE,TRUE,FALSE
"CAALFM_C701230CA",6,"C7_01230C_A",0.00183821437254138,8.34380574670177e-50,0.00313579337464104,TRUE,TRUE,TRUE
"ASC1",1,"C7_01250W_A",2.1573166836134e-09,1.30358003721267e-196,4.76869775362428e-06,TRUE,TRUE,TRUE
"CAALFM_C701260WA",1,"C7_01260W_A",3.27629749637337e-08,2.92008296350594e-188,3.07958536702399e-05,TRUE,TRUE,TRUE
"CAALFM_C701270CA",2,"C7_01270C_A",0.0068373615193179,2.79316237374637e-22,0.0358518206601968,TRUE,TRUE,TRUE
"CAALFM_C701280CA",7,"C7_01280C_A",0.258595731428491,1.93610135456897e-32,0.0484812090881068,FALSE,TRUE,TRUE
"MED11",6,"C7_01290W_A",0.761835675009818,1.03891756764412e-44,4.8833151634252e-05,FALSE,TRUE,TRUE
"PSF1",2,"C7_01300C_A",0.000121190265901921,8.80220714488442e-05,5.51752010440078e-06,TRUE,TRUE,TRUE
"CAALFM_C701320WA",6,"C7_01320W_A",0.537555007186277,0.00147230028227366,0.204008914913102,FALSE,TRUE,FALSE
"GCN2",7,"C7_01330C_A",0.0352067515855352,3.84790733874692e-43,0.0610532237791204,TRUE,TRUE,FALSE
"MRE11",7,"C7_01340W_A",0.0159458926512948,1.15801124319389e-23,0.00635813053864774,TRUE,TRUE,TRUE
"CAALFM_C701350CA",2,"C7_01350C_A",0.00564595112364912,4.92353793923773e-12,0.534501064099295,TRUE,TRUE,FALSE
"CAALFM_C701360CA",8,"C7_01360C_A",0.030972287158243,5.1629989312057e-15,0.986528019533905,TRUE,TRUE,FALSE
"CAALFM_C701370WA",8,"C7_01370W_A",0.000151591301291772,6.10153660046408e-21,0.718054197521294,TRUE,TRUE,FALSE
"CAALFM_C701380WA",7,"C7_01380W_A",6.64675833902624e-06,1.5430110512617e-44,0.0219919668775572,TRUE,TRUE,TRUE
"CAALFM_C701390WA",8,"C7_01390W_A",1.03567501782283e-07,3.38587341753846e-05,5.67389540111301e-05,TRUE,TRUE,TRUE
"CAALFM_C701400CA",7,"C7_01400C_A",5.02499368088844e-05,2.91325722378431e-37,0.0113396866591954,TRUE,TRUE,TRUE
"NBP2",7,"C7_01410C_A",4.90828984473762e-07,7.06700458527602e-89,0.0183617697192234,TRUE,TRUE,TRUE
"GIR2",3,"C7_01420W_A",0.360311049238421,7.88787698190172e-12,0.83639941927217,FALSE,TRUE,FALSE
"CAALFM_C701430CA",8,"C7_01430C_A",1.58460025751435e-13,6.96568026493199e-20,4.36991065554812e-06,TRUE,TRUE,TRUE
"CAALFM_C701440WA",7,"C7_01440W_A",0.17876908586181,4.90809933758294e-20,5.69276273821419e-05,FALSE,TRUE,TRUE
"PRT1",1,"C7_01450C_A",0.0124826715005816,6.31010350065868e-40,0.26239153383416,TRUE,TRUE,FALSE
"CAALFM_C701460CA",7,"C7_01460C_A",1.38485358244267e-06,5.49459403573271e-44,0.0175836372773826,TRUE,TRUE,TRUE
"PRE10",4,"C7_01470C_A",0.0298763266626564,4.41435728005682e-14,0.0688885868696391,TRUE,TRUE,FALSE
"CAALFM_C701480WA",2,"C7_01480W_A",0.0456262824472333,8.67774946957464e-05,0.38688004206397,TRUE,TRUE,FALSE
"CAALFM_C701490WA",1,"C7_01490W_A",0.831227121836618,4.79109095213891e-32,0.0559179964529622,FALSE,TRUE,FALSE
"CAALFM_C701500WA",2,"C7_01500W_A",0.0688944226974498,1.42717119263806e-15,0.157245455404659,FALSE,TRUE,FALSE
"CAALFM_C701510WA",8,"C7_01510W_A",1.35323356697258e-17,3.35346376853782e-68,2.29046739524332e-15,TRUE,TRUE,TRUE
"FLU1",8,"C7_01520W_A",0.000361723113328098,3.50182439443995e-12,0.000215551253084771,TRUE,TRUE,TRUE
"ALK6",6,"C7_01540W_A",5.45043772233076e-08,2.83763308821175e-171,0.000495673085847235,TRUE,TRUE,TRUE
"BEM2",1,"C7_01550W_A",0.0118976255464453,2.64831073540288e-11,0.681603112869995,TRUE,TRUE,FALSE
"NUP",2,"C7_01560C_A",0.000121072730093082,1.37359709954271e-36,0.0439680960099586,TRUE,TRUE,TRUE
"CAALFM_C701570CA",2,"C7_01570C_A",0.00293253004776705,1.7415411614019e-39,0.031122196897954,TRUE,TRUE,TRUE
"SMC6",3,"C7_01580W_A",0.000101803601147789,1.27314036839122e-14,0.0633378009815402,TRUE,TRUE,FALSE
"CAALFM_C701590CA",2,"C7_01590C_A",0.801063479743704,4.38907094086575e-17,0.0910286889556415,FALSE,TRUE,FALSE
"CAALFM_C701600WA",1,"C7_01600W_A",2.85320278871885e-05,8.70138365456446e-114,0.011269125849543,TRUE,TRUE,TRUE
"CAALFM_C701610WA",1,"C7_01610W_A",0.458843773240756,9.93813504779453e-10,0.903715371055871,FALSE,TRUE,FALSE
"KCH1",7,"C7_01620C_A",0.000335889346445061,7.95776604694534e-53,0.000110613280312634,TRUE,TRUE,TRUE
"RNH35",2,"C7_01630W_A",1.27447944988133e-05,2.04016340082935e-12,0.00947444167520576,TRUE,TRUE,TRUE
"LAT1",1,"C7_01640W_A",9.47299285889385e-07,9.45399271018312e-108,0.000152702948176749,TRUE,TRUE,TRUE
"CAALFM_C701650WA",4,"C7_01650W_A",1.0690140630912e-11,1.4948519363704e-58,0.00099027324105881,TRUE,TRUE,TRUE
"CAALFM_C701660CA",2,"C7_01660C_A",1.44716344597911e-06,3.16186905140449e-30,6.47311686607369e-07,TRUE,TRUE,TRUE
"CAALFM_C701670WA",7,"C7_01670W_A",1.3844678245485e-10,5.28714565040117e-42,0.0174652072609801,TRUE,TRUE,TRUE
"CAALFM_C701680CA",8,"C7_01680C_A",3.76334377217164e-40,1.047347258663e-73,5.25533540078432e-18,TRUE,TRUE,TRUE
"CAALFM_C701690WA",7,"C7_01690W_A",0.0534771695199735,8.17362536841927e-19,0.208568817409551,FALSE,TRUE,FALSE
"CAALFM_C701700WA",8,"C7_01700W_A",4.51010112830696e-19,7.25075133734547e-50,1.37644506455882e-08,TRUE,TRUE,TRUE
"CAALFM_C701710WA",4,"C7_01710W_A",0.0149545979191445,7.4172973804663e-28,0.0689616622367694,TRUE,TRUE,FALSE
"CAALFM_C701720WA",6,"C7_01720W_A",0.0772691949551338,5.04716229185339e-77,0.0141598110467523,FALSE,TRUE,TRUE
"STE18",7,"C7_01730C_A",6.78566332747422e-05,1.04092905743458e-66,0.130085572457394,TRUE,TRUE,FALSE
"CAALFM_C701740CA",6,"C7_01740C_A",0.87284729719278,1.44929071363525e-11,0.161203629374156,FALSE,TRUE,FALSE
"CAALFM_C701750WA",6,"C7_01750W_A",0.181095650321555,8.51324417721641e-19,0.0249849153950293,FALSE,TRUE,TRUE
"ISU1",8,"C7_01760C_A",3.16859177404744e-12,3.65260381475186e-42,0.00125777540655765,TRUE,TRUE,TRUE
"LPI9",6,"C7_01780W_A",1.51059219002318e-07,2.12346974934751e-69,0.000287269531871585,TRUE,TRUE,TRUE
"RPL5",1,"C7_01790C_A",2.58977782844632e-23,1.92126984359772e-163,3.23135355922941e-05,TRUE,TRUE,TRUE
"PFK2",5,"C7_01800C_A",6.02873414034917e-06,1.24173311491854e-38,0.000262340238188974,TRUE,TRUE,TRUE
"RVB2",1,"C7_01810W_A",0.000728611357521609,3.3356214082018e-71,0.44581144686414,TRUE,TRUE,FALSE
"VMA11",1,"C7_01820C_A",0.165126468067037,1.62080920333763e-57,0.677101396421618,FALSE,TRUE,FALSE
"CAALFM_C701830WA",6,"C7_01830W_A",0.217578802503413,5.28725976397458e-09,0.000140911040320977,FALSE,TRUE,TRUE
"IQG1",1,"C7_01840W_A",0.000701009025077012,5.31715601584436e-26,0.48202431789311,TRUE,TRUE,FALSE
"CRN1",4,"C7_01850C_A",0.220688220695881,9.31575071079385e-14,0.406161730684313,FALSE,TRUE,FALSE
"MSK1",1,"C7_01870W_A",0.805127872147505,1.06037533050449e-24,0.315972326222991,FALSE,TRUE,FALSE
"CAALFM_C701880CA",7,"C7_01880C_A",3.57502091396055e-06,6.50414632743736e-46,0.0468060501868164,TRUE,TRUE,TRUE
"TOM7",3,"C7_01890C_A",0.0005198372983128,3.16115151366087e-55,0.00671792344036314,TRUE,TRUE,TRUE
"NUC2",1,"C7_01900W_A",0.00895224765504913,7.99110007752885e-101,0.460919629330311,TRUE,TRUE,FALSE
"CAALFM_C701910CA",8,"C7_01910C_A",2.49291300801832e-15,6.77593888649867e-64,0.0358630888671145,TRUE,TRUE,TRUE
"CDC34",8,"C7_01920W_A",1.78485961676916e-12,0.0913136368316898,7.86068793400721e-09,TRUE,FALSE,TRUE
"CAALFM_C701930CA",6,"C7_01930C_A",0.034695982271842,4.53903250549526e-28,0.00173753934295685,TRUE,TRUE,TRUE
"CAALFM_C701940CA",8,"C7_01940C_A",2.60916029537283e-06,7.67997513046438e-81,0.0103360458562293,TRUE,TRUE,TRUE
"CAALFM_C701950WA",1,"C7_01950W_A",0.191895783082097,1.07577912985038e-57,0.354201901389332,FALSE,TRUE,FALSE
"CAALFM_C701960WA",6,"C7_01960W_A",0.0382023928219025,5.12862375645453e-13,0.761456422546027,TRUE,TRUE,FALSE
"TOM40",1,"C7_01970C_A",8.49301318413806e-07,1.12298353447065e-168,0.0280624534582472,TRUE,TRUE,TRUE
"CAALFM_C701990CA",8,"C7_01990C_A",1.65104975726417e-11,4.35559725620245e-44,0.000269231952728456,TRUE,TRUE,TRUE
"CAALFM_C702000CA",7,"C7_02000C_A",1.12102729293851e-10,3.80512779609228e-28,0.0138793578957156,TRUE,TRUE,TRUE
"CAALFM_C702010CA",6,"C7_02010C_A",2.63499797425184e-09,3.65273512672965e-276,4.79175163999792e-08,TRUE,TRUE,TRUE
"RAD14",6,"C7_02020W_A",6.22229786476107e-05,3.38273893648653e-34,1.99800458503413e-10,TRUE,TRUE,TRUE
"HSP90",1,"C7_02030W_A",8.88664244998438e-08,5.08505940515596e-14,2.23359407862449e-05,TRUE,TRUE,TRUE
"CUP9",8,"C7_02040C_A",1.56653895369614e-26,1.03397039062036e-10,1.35526828594936e-17,TRUE,TRUE,TRUE
"EXO70",6,"C7_02050C_A",0.00180677204564126,2.86926058141876e-37,0.307808840661988,TRUE,TRUE,FALSE
"LIG1",1,"C7_02060W_A",0.00484595080824646,1.87340051800791e-27,7.19488940972181e-09,TRUE,TRUE,TRUE
"GRX1",6,"C7_02070W_A",0.05192477030049,5.23610390187832e-08,0.0884107942922461,FALSE,TRUE,FALSE
"CAALFM_C702080WA",4,"C7_02080W_A",0.912706504760686,2.59503820956011e-09,0.288332410280011,FALSE,TRUE,FALSE
"CAALFM_C702090CA",8,"C7_02090C_A",3.02837720967773e-05,2.1703251088839e-34,0.0231009219424128,TRUE,TRUE,TRUE
"CAALFM_C702100WA",4,"C7_02100W_A",2.15204923489453e-05,1.89455912619038e-139,0.0196123109559782,TRUE,TRUE,TRUE
"CAALFM_C702110WA",4,"C7_02110W_A",0.23453589948248,1.09798821149116e-08,0.0356292081193081,FALSE,TRUE,TRUE
"CAALFM_C702120CA",1,"C7_02120C_A",1.89719371061048e-05,1.03615492945256e-170,0.114878241099728,TRUE,TRUE,FALSE
"CAALFM_C702130WA",7,"C7_02130W_A",0.0793861954555583,1.67431992261977e-28,0.286907090909985,FALSE,TRUE,FALSE
"CAALFM_C702140WA",6,"C7_02140W_A",0.389255242878933,1.04951906267387e-21,0.127888642423913,FALSE,TRUE,FALSE
"ECM42",2,"C7_02150C_A",0.000147750438558126,7.50097301075301e-25,1.70936994428026e-15,TRUE,TRUE,TRUE
"CAALFM_C702160WA",6,"C7_02160W_A",7.46778348384773e-07,9.01284160279669e-08,0.00132877226837909,TRUE,TRUE,TRUE
"CAALFM_C702170CA",5,"C7_02170C_A",0.0134856422251504,3.90611958884167e-45,0.00255406518050458,TRUE,TRUE,TRUE
"TRS33",6,"C7_02180C_A",0.0737885082828795,6.00453370159469e-30,0.349075171304307,FALSE,TRUE,FALSE
"CAALFM_C702190WA",8,"C7_02190W_A",4.28209178918457e-08,4.3989064700685e-19,0.00270749333283754,TRUE,TRUE,TRUE
"WHI3",8,"C7_02200W_A",3.47496853777622e-06,3.71203730588904e-41,0.0703652281582172,TRUE,TRUE,FALSE
"CAALFM_C702210WA",6,"C7_02210W_A",0.323490480106217,5.09517730501854e-09,0.418115245762226,FALSE,TRUE,FALSE
"CAALFM_C702220CA",8,"C7_02220C_A",4.55361697788793e-19,2.95268442957673e-134,0.113583286482933,TRUE,TRUE,FALSE
"FMP45",5,"C7_02240W_A",8.96395706647687e-35,8.18131121275269e-204,1.27025551227597e-06,TRUE,TRUE,TRUE
"CAALFM_C702250WA",7,"C7_02250W_A",3.53985094503266e-05,4.67093564900332e-83,0.195459752038075,TRUE,TRUE,FALSE
"CAALFM_C702260WA",7,"C7_02260W_A",6.84857298358398e-06,8.83092469620183e-27,0.328468765075125,TRUE,TRUE,FALSE
"LDG3",7,"C7_02270W_A",6.85760332434866e-05,2.53135364991674e-58,0.132360835123671,TRUE,TRUE,FALSE
"CAALFM_C702280WA",8,"C7_02280W_A",0.000133782961023642,1.20195155103653e-104,0.851439078892953,TRUE,TRUE,FALSE
"CAALFM_C702290WA",6,"C7_02290W_A",1.70649087732529e-06,1.15944083990073e-85,0.0513755687299992,TRUE,TRUE,FALSE
"YPS7",8,"C7_02300W_A",NA,1.08414550263592e-29,0.00184895643068291,FALSE,TRUE,TRUE
"CAALFM_C702310CA",6,"C7_02310C_A",0.365947607353287,2.02185932281935e-07,0.337356707343623,FALSE,TRUE,FALSE
"SEC1",6,"C7_02320W_A",0.432284343532182,1.67298730978042e-05,0.588657073338158,FALSE,TRUE,FALSE
"YCF1",8,"C7_02330W_A",4.71217343350981e-11,2.92343294862876e-23,1.43754547302145e-07,TRUE,TRUE,TRUE
"CAALFM_C702340CA",3,"C7_02340C_A",0.000752828005707927,2.04710343930974e-88,0.0061033483997173,TRUE,TRUE,TRUE
"CAALFM_C702350CA",8,"C7_02350C_A",0.000105862583436565,1.67478999522281e-05,0.00160716850186891,TRUE,TRUE,TRUE
"CAALFM_C702360WA",7,"C7_02360W_A",0.000102797882623801,2.21317028809985e-25,0.473489902179248,TRUE,TRUE,FALSE
"CAALFM_C702370WA",8,"C7_02370W_A",1.23872721517962e-13,1.0024052685201e-56,0.00230739077787303,TRUE,TRUE,TRUE
"CYP1",1,"C7_02380C_A",0.0998837161628609,3.46911923705129e-85,0.00710076927348706,FALSE,TRUE,TRUE
"AHP2",5,"C7_02390W_A",6.6591144266435e-05,3.3335211088059e-75,0.0274685294658129,TRUE,TRUE,TRUE
"CAALFM_C702420CA",8,"C7_02420C_A",1.54080679423173e-08,1.50802319130927e-12,0.000414653203849753,TRUE,TRUE,TRUE
"CAALFM_C702430CA",7,"C7_02430C_A",1.55721964992646e-11,1.81832908890693e-20,0.000228049828489887,TRUE,TRUE,TRUE
"CAALFM_C702450WA",5,"C7_02450W_A",0.00983937897380171,5.11622637052629e-13,0.00424069977129174,TRUE,TRUE,TRUE
"CAALFM_C702460CA",2,"C7_02460C_A",0.000785191347886909,9.89511821676388e-20,0.0503342746226409,TRUE,TRUE,FALSE
"CAALFM_C702470CA",6,"C7_02470C_A",0.29948962619101,7.89393770636908e-07,0.199158324638306,FALSE,TRUE,FALSE
"CAALFM_C702480WA",4,"C7_02480W_A",0.0906617064832332,6.16093521113599e-29,0.644009233582908,FALSE,TRUE,FALSE
"PEX1",6,"C7_02490W_A",0.21427717035182,5.64226465354002e-57,0.00287157921866375,FALSE,TRUE,TRUE
"DPP3",8,"C7_02500C_A",0.000311010345209896,6.89330098204895e-09,0.149371214346735,TRUE,TRUE,FALSE
"CAALFM_C702510WA",2,"C7_02510W_A",0.588141087584048,6.93043888988471e-19,0.0540522583585672,FALSE,TRUE,FALSE
"CAALFM_C702520WA",7,"C7_02520W_A",0.00838670660025812,5.33859245859735e-31,0.100680346105987,TRUE,TRUE,FALSE
"CAALFM_C702530CA",8,"C7_02530C_A",6.45872723482346e-07,7.80063877698293e-27,0.0143420051591463,TRUE,TRUE,TRUE
"CAALFM_C702540WA",7,"C7_02540W_A",0.000519870938093423,7.51003848630331e-85,0.000455688235311953,TRUE,TRUE,TRUE
"CAALFM_C702550CA",6,"C7_02550C_A",0.241578802503675,5.11445755374253e-41,0.0722405789017483,FALSE,TRUE,FALSE
"CAALFM_C702560WA",2,"C7_02560W_A",0.630672753298812,0.015725019908947,0.748066054837935,FALSE,TRUE,FALSE
"RBP1",4,"C7_02570C_A",0.000874111688630578,3.52798941960847e-13,0.000163710027803691,TRUE,TRUE,TRUE
"CAALFM_C702600CA",8,"C7_02600C_A",0.0879831054325972,1.97006939035129e-20,0.592638311759869,FALSE,TRUE,FALSE
"CAALFM_C702610CA",6,"C7_02610C_A",0.0268525076190797,1.22394870783095e-52,0.000792946206255728,TRUE,TRUE,TRUE
"CAALFM_C702630WA",6,"C7_02630W_A",0.109719420920824,6.15463031703773e-26,0.144049964696192,FALSE,TRUE,FALSE
"TOM70",1,"C7_02640W_A",0.401617624930335,3.86885155498881e-119,0.000136061101356913,FALSE,TRUE,TRUE
"TEP1",8,"C7_02650W_A",2.63975307899245e-05,2.32267072952345e-21,0.0245909422320589,TRUE,TRUE,TRUE
"CAALFM_C702660CA",2,"C7_02660C_A",0.0424236078283007,9.17204104460622e-10,0.794915526320508,TRUE,TRUE,FALSE
"CAALFM_C702670WA",2,"C7_02670W_A",0.762420103862116,2.0117385624075e-05,0.244340161696189,FALSE,TRUE,FALSE
"TOM22",2,"C7_02680W_A",0.000331372327440396,4.01190185780796e-80,0.111539220850646,TRUE,TRUE,FALSE
"CAALFM_C702690CA",3,"C7_02690C_A",0.764018380433092,7.9819393684624e-52,0.019088537636849,FALSE,TRUE,TRUE
"CHS1",1,"C7_02770W_A",6.78176617349366e-05,1.27866001455125e-57,0.0743853345989081,TRUE,TRUE,FALSE
"CAALFM_C702780WA",4,"C7_02780W_A",4.4396366612832e-08,1.09753386248572e-52,0.934094224067241,TRUE,TRUE,FALSE
"POL3",2,"C7_02790C_A",0.000744975648024994,2.12619928590319e-10,0.000360586125793524,TRUE,TRUE,TRUE
"NIK1",2,"C7_02800W_A",0.440121880121595,4.78981196640656e-06,0.0270009664821721,FALSE,TRUE,TRUE
"PRX1",2,"C7_02810W_A",0.00544785575996396,1.97534420958071e-48,4.39470766770583e-13,TRUE,TRUE,TRUE
"LIP5",7,"C7_02830C_A",4.68166630293992e-08,7.72279331808863e-55,0.00236446001576412,TRUE,TRUE,TRUE
"ERG5",1,"C7_02840C_A",0.0482290883867746,4.21496853417278e-88,5.39259886350834e-06,TRUE,TRUE,TRUE
"CAALFM_C702850WA",8,"C7_02850W_A",0.0105564704398618,0.000216256621159006,0.000415403884766668,TRUE,TRUE,TRUE
"CAALFM_C702860CA",8,"C7_02860C_A",0.0758383812768155,3.70531084447618e-14,1.39680866498847e-05,FALSE,TRUE,TRUE
"TAF19",7,"C7_02870C_A",0.419633186611223,2.37227244747865e-21,0.00986529541799396,FALSE,TRUE,TRUE
"LIP9",7,"C7_02880C_A",3.26107858221796e-07,2.26478282202138e-90,0.027437352502544,TRUE,TRUE,TRUE
"PMT1",1,"C7_02890C_A",0.105852494263113,4.01692770873058e-14,3.83259548199817e-05,FALSE,TRUE,TRUE
"ENA21",8,"C7_02910W_A",4.64171309448829e-12,1.20214731808361e-11,4.26547837114975e-15,TRUE,TRUE,TRUE
"CAALFM_C702920WA",6,"C7_02920W_A",0.000378387066050623,4.91617895823851e-102,3.10530500979512e-06,TRUE,TRUE,TRUE
"CAALFM_C702930CA",7,"C7_02930C_A",0.00805879662249472,3.50826297035009e-25,0.201110905624156,TRUE,TRUE,FALSE
"IFM1",7,"C7_02940C_A",6.05352145098733e-05,5.90196812272015e-57,0.0115002972020136,TRUE,TRUE,TRUE
"DBF4",7,"C7_02950C_A",2.45703618353182e-05,4.3544951854087e-31,9.29951208922106e-06,TRUE,TRUE,TRUE
"CAALFM_C702960CA",7,"C7_02960C_A",0.00356759264073376,1.93376611372215e-59,0.000495706512420024,TRUE,TRUE,TRUE
"ECM39",4,"C7_02970W_A",0.0928799129530573,5.41956029028573e-81,0.579938187895875,FALSE,TRUE,FALSE
"SFI1",7,"C7_02980C_A",1.84104174965914e-08,1.13662274182632e-81,0.00119678651381064,TRUE,TRUE,TRUE
"BCK1",1,"C7_02990W_A",0.0303179346966426,0.131251605716708,0.00180160800153676,TRUE,FALSE,TRUE
"CAALFM_C703000CA",1,"C7_03000C_A",0.00685750446284145,9.4006995187185e-40,0.805282258968284,TRUE,TRUE,FALSE
"CAALFM_C703010WA",1,"C7_03010W_A",0.00273623037621078,1.14681002010925e-41,0.257045226253703,TRUE,TRUE,FALSE
"DUG3",6,"C7_03020C_A",1.08873922163069e-09,2.27539002247403e-67,0.00151588278945143,TRUE,TRUE,TRUE
"CAALFM_C703030WA",5,"C7_03030W_A",5.05351078291625e-08,4.57970908691778e-95,0.213851591912695,TRUE,TRUE,FALSE
"CAALFM_C703040WA",5,"C7_03040W_A",0.0014791408659549,5.47728948964091e-13,0.0729659312826234,TRUE,TRUE,FALSE
"CAALFM_C703050WA",1,"C7_03050W_A",0.228492586909489,6.80245928678733e-49,0.234004962509828,FALSE,TRUE,FALSE
"CHS6",4,"C7_03060C_A",0.287271631058941,1.18300711222701e-05,0.309538257998021,FALSE,TRUE,FALSE
"CYR1",6,"C7_03070C_A",0.273251534794435,1.3311243964781e-07,0.040858319379497,FALSE,TRUE,TRUE
"LMO1",3,"C7_03080W_A",0.232211077324555,7.1536506968046e-23,0.238663054925146,FALSE,TRUE,FALSE
"SSP96",6,"C7_03090C_A",0.0139128807451367,1.07967285395274e-27,0.391662213809542,TRUE,TRUE,FALSE
"PGA28",6,"C7_03110W_A",0.000157892857971278,5.98649075906244e-68,0.00838938861174168,TRUE,TRUE,TRUE
"TIM54",1,"C7_03120W_A",6.84496330236306e-05,3.19859083191717e-45,0.135432496060868,TRUE,TRUE,FALSE
"DFR1",4,"C7_03130C_A",0.330411183105193,0.0258250835065847,0.35638899076334,FALSE,TRUE,FALSE
"CAALFM_C703140WA",7,"C7_03140W_A",7.62516286655207e-08,1.54212053613707e-35,0.00418903168432507,TRUE,TRUE,TRUE
"CAALFM_C703150WA",6,"C7_03150W_A",7.2277170292665e-08,2.71151014290862e-126,0.478718036086489,TRUE,TRUE,FALSE
"CAALFM_C703160WA",8,"C7_03160W_A",0.40985675644588,0.00209334399250936,0.583299728486164,FALSE,TRUE,FALSE
"IFA21",7,"C7_03170W_A",0.293898455199115,3.06138528522556e-09,0.0460623714699136,FALSE,TRUE,TRUE
"HHO1",1,"C7_03180C_A",0.902862071112995,1.28402828117952e-10,0.563937505837987,FALSE,TRUE,FALSE
"CAALFM_C703200CA",1,"C7_03200C_A",6.73644151323867e-10,1.25230536282959e-26,0.111978037540408,TRUE,TRUE,FALSE
"CAALFM_C703210WA",2,"C7_03210W_A",0.0191352497691491,2.51118022213299e-13,0.601425255885627,TRUE,TRUE,FALSE
"ZCF29",6,"C7_03220C_A",0.0668232466148016,9.51259515902556e-14,0.0537451960405398,FALSE,TRUE,FALSE
"CAALFM_C703230CA",6,"C7_03230C_A",0.0714497589962888,4.28946292187201e-09,0.000546251105560579,FALSE,TRUE,TRUE
"CAALFM_C703240WA",5,"C7_03240W_A",5.61092427367926e-05,4.88453037184848e-49,0.00116727863157686,TRUE,TRUE,TRUE
"PDI1",1,"C7_03250C_A",0.00226826414073325,2.73780050909186e-81,6.51881714405588e-07,TRUE,TRUE,TRUE
"CAALFM_C703260CA",5,"C7_03260C_A",0.00356607932117513,1.92272885281902e-51,0.00269022332279202,TRUE,TRUE,TRUE
"CAALFM_C703270WA",2,"C7_03270W_A",5.91894331773497e-05,3.7823456782459e-27,0.000574216156282544,TRUE,TRUE,TRUE
"CAALFM_C703280CA",8,"C7_03280C_A",5.81343846853996e-24,3.61937580422352e-169,0.0014725828871677,TRUE,TRUE,TRUE
"RBR3",8,"C7_03290C_A",5.00756809565916e-06,1.7191232714615e-18,0.0209356444723723,TRUE,TRUE,TRUE
"LIP8",7,"C7_03300C_A",0.525154224932814,6.96430324302791e-19,0.000594477598476215,FALSE,TRUE,TRUE
"CAALFM_C703310WA",8,"C7_03310W_A",0.0309159522630634,1.27017816023628e-53,0.288469885580921,TRUE,TRUE,FALSE
"MED16",4,"C7_03320C_A",0.00328761415964057,3.39483152864058e-18,0.640503721335607,TRUE,TRUE,FALSE
"SHM1",1,"C7_03330C_A",0.0634199203943504,3.98102252385499e-17,0.00493677705360865,FALSE,TRUE,TRUE
"CAALFM_C703350CA",4,"C7_03350C_A",1.41104531225828e-07,1.24955382378438e-19,0.114866091491016,TRUE,TRUE,FALSE
"CPY1",5,"C7_03360W_A",2.96566970429486e-08,5.5226741395844e-38,0.107761220901559,TRUE,TRUE,FALSE
"CAALFM_C703370CA",5,"C7_03370C_A",0.000182736106738864,1.27715456111827e-45,0.00622450283849382,TRUE,TRUE,TRUE
"CAALFM_C703380WA",7,"C7_03380W_A",0.463440300974018,5.04776940630635e-58,0.34823221687224,FALSE,TRUE,FALSE
"PUP3",4,"C7_03390C_A",2.37518915320723e-08,3.49366853530582e-27,7.30053358781671e-05,TRUE,TRUE,TRUE
"CAALFM_C703400CA",3,"C7_03400C_A",0.00108820476299618,8.93142371450052e-114,0.049602662626186,TRUE,TRUE,TRUE
"CAALFM_C703410CA",2,"C7_03410C_A",8.83337241593956e-08,7.96150734164338e-06,4.30934206023538e-05,TRUE,TRUE,TRUE
"SNG3",5,"C7_03420C_A",0.000121906084470253,6.6673555910523e-32,0.209627244095864,TRUE,TRUE,FALSE
"SNG4",5,"C7_03440W_A",0.0193848719048259,2.84597511169893e-09,0.775182928642202,TRUE,TRUE,FALSE
"HSM3",5,"C7_03450C_A",5.85532569776206e-18,2.09524195609752e-71,0.000133281486604773,TRUE,TRUE,TRUE
"CAALFM_C703460WA",5,"C7_03460W_A",4.45576067979133e-10,4.01523051674866e-20,0.0243839778848103,TRUE,TRUE,TRUE
"CAALFM_C703470WA",8,"C7_03470W_A",0.00118171509086414,6.72793590533419e-23,0.045420486712202,TRUE,TRUE,TRUE
"CAALFM_C703480WA",8,"C7_03480W_A",4.46472981703253e-05,2.13996578529965e-06,7.44256115644235e-06,TRUE,TRUE,TRUE
"GYP7",8,"C7_03490W_A",4.76332101915489e-12,3.072048236023e-72,0.000491776942202484,TRUE,TRUE,TRUE
"CAALFM_C703500WA",6,"C7_03500W_A",0.000290348522903539,2.80112931710271e-06,0.0376686599511304,TRUE,TRUE,TRUE
"PNC1",4,"C7_03520W_A",0.346287173213265,6.05026757399049e-32,0.0397078795431243,FALSE,TRUE,TRUE
"ISY1",2,"C7_03530C_A",0.10090114937379,2.41622212286908e-16,0.00490446536799306,FALSE,TRUE,TRUE
"ENP2",3,"C7_03540C_A",1.38737889707097e-06,1.53799824037888e-81,0.0361483337469078,TRUE,TRUE,TRUE
"CAALFM_C703550CA",8,"C7_03550C_A",5.90213076545282e-15,1.0227269616535e-119,0.000222929077547071,TRUE,TRUE,TRUE
"CAALFM_C703560WA",8,"C7_03560W_A",5.18173403842232e-29,1.11546413447567e-137,0.000371295466268879,TRUE,TRUE,TRUE
"ARG4",2,"C7_03570W_A",1.73421322818488e-08,1.76596690014576e-29,4.77321439113592e-26,TRUE,TRUE,TRUE
"CAALFM_C703580CA",5,"C7_03580C_A",0.000220764775321431,1.42573904080295e-55,0.0130912203608456,TRUE,TRUE,TRUE
"CAALFM_C703590CA",8,"C7_03590C_A",0.00046940916217472,5.55399709771479e-41,0.00274168206381795,TRUE,TRUE,TRUE
"MNN26",1,"C7_03600W_A",0.071999830722811,9.79561970801155e-40,0.0691291238004838,FALSE,TRUE,FALSE
"CAALFM_C703610CA",2,"C7_03610C_A",0.0317382274100793,1.49524865596566e-35,0.978971495993015,TRUE,TRUE,FALSE
"CAALFM_C703620CA",8,"C7_03620C_A",0.156257933103746,1.15044311538716e-05,0.245810382933191,FALSE,TRUE,FALSE
"TIM9",2,"C7_03630C_A",0.000171842228316064,2.49879533217674e-46,0.00109169131219069,TRUE,TRUE,TRUE
"CAALFM_C703640CA",4,"C7_03640C_A",0.000135254230283153,8.30771426911409e-06,0.020345524911817,TRUE,TRUE,TRUE
"CAALFM_C703650WA",1,"C7_03650W_A",1.89037406796175e-05,8.69947198386772e-45,0.8508108400407,TRUE,TRUE,FALSE
"CAALFM_C703660CA",1,"C7_03660C_A",1.15941887076099e-07,6.54618820286178e-132,0.327107566595261,TRUE,TRUE,FALSE
"DED81",1,"C7_03670W_A",2.33223436345431e-16,3.54680617153352e-137,3.42029604075255e-05,TRUE,TRUE,TRUE
"CAALFM_C703680WA",5,"C7_03680W_A",5.66568508466721e-06,1.06239206803592e-25,0.092023701134461,TRUE,TRUE,FALSE
"CAALFM_C703690WA",8,"C7_03690W_A",2.90720067925007e-05,2.0571054406268e-33,0.0111430866743388,TRUE,TRUE,TRUE
"ENP1",3,"C7_03700C_A",1.98758357716563e-06,1.26882865276044e-133,0.122735563496969,TRUE,TRUE,FALSE
"PLC1",7,"C7_03710C_A",3.08730455239071e-05,1.04147035884978e-37,0.0615420042004466,TRUE,TRUE,FALSE
"HIS7",1,"C7_03720C_A",0.000692837213287835,2.01351419719446e-30,1.21097544520236e-07,TRUE,TRUE,TRUE
"CAALFM_C703730CA",6,"C7_03730C_A",4.65419092028739e-06,9.62861469712331e-96,0.0255297015153096,TRUE,TRUE,TRUE
"CAALFM_C703760WA",7,"C7_03760W_A",0.0479166470491632,3.63337177513248e-145,6.50748638461803e-09,TRUE,TRUE,TRUE
"YAF9",7,"C7_03770C_A",5.01481978216664e-05,5.28945666832854e-47,0.00641066866266274,TRUE,TRUE,TRUE
"CAALFM_C703780CA",5,"C7_03780C_A",0.000106010921164559,1.03760001994263e-57,0.204237547169099,TRUE,TRUE,FALSE
"MRP7",1,"C7_03790W_A",0.00301804228765739,1.94295095384089e-73,0.498406555335887,TRUE,TRUE,FALSE
"CAALFM_C703800WA",2,"C7_03800W_A",0.117887373541607,4.91156149515143e-16,0.00332625510765219,FALSE,TRUE,TRUE
"SLA2",6,"C7_03810W_A",0.227882707935656,1.28759355025376e-27,0.48202431789311,FALSE,TRUE,FALSE
"CAALFM_C703820CA",6,"C7_03820C_A",1.4724581140521e-05,3.20656514347506e-84,0.00385044249695143,TRUE,TRUE,TRUE
"CAALFM_C703830CA",1,"C7_03830C_A",0.0297516753340144,1.50123218953837e-44,0.0513456228332403,TRUE,TRUE,FALSE
"CAALFM_C703840WA",2,"C7_03840W_A",0.410735068908749,2.42304140229757e-09,0.289732820000047,FALSE,TRUE,FALSE
"CAALFM_C703850WA",3,"C7_03850W_A",0.000787489884638595,1.28945447362782e-58,0.511651301450137,TRUE,TRUE,FALSE
"CAALFM_C703860WA",8,"C7_03860W_A",2.95636312240377e-08,8.23695996719213e-21,0.000178553867385598,TRUE,TRUE,TRUE
"RAD6",8,"C7_03870W_A",0.201846317744664,0.00181219434744557,0.24122686802532,FALSE,TRUE,FALSE
"CAALFM_C703880CA",3,"C7_03880C_A",0.0508110896804775,6.42303793441204e-15,0.532239942737396,FALSE,TRUE,FALSE
"CAALFM_C703890CA",8,"C7_03890C_A",3.01814114683125e-07,2.11203208769018e-61,0.140931933634791,TRUE,TRUE,FALSE
"OGG1",7,"C7_03910W_A",0.000167823447221796,5.09312824230515e-30,0.00137943843269936,TRUE,TRUE,TRUE
"RPP1B",1,"C7_03920C_A",2.69853266106546e-16,3.25141103905181e-164,0.000315898532632101,TRUE,TRUE,TRUE
"MAM33",1,"C7_03930C_A",0.586099084727192,3.75407703922222e-40,0.79695207068751,FALSE,TRUE,FALSE
"CLB4",2,"C7_03940C_A",0.00153042004342291,4.03418504545124e-17,0.0183617697192234,TRUE,TRUE,TRUE
"tL(UAA)5",7,"C7_03950C_A",0.181183509038443,6.79927460328442e-10,0.800932613688526,FALSE,TRUE,FALSE
"UME1",4,"C7_03960C_A",0.806179396028839,1.65713509205311e-06,0.568751664915551,FALSE,TRUE,FALSE
"CAALFM_C703970CA",6,"C7_03970C_A",0.23200771355743,2.46852719690509e-21,0.151783446921519,FALSE,TRUE,FALSE
"CAALFM_C703980WA",6,"C7_03980W_A",0.609884563733322,4.02821911578544e-24,1.39627846597003e-05,FALSE,TRUE,TRUE
"CAALFM_C703990CA",2,"C7_03990C_A",2.47779612578244e-05,3.1537471056896e-72,0.718061267569996,TRUE,TRUE,FALSE
"CAALFM_C704000WA",5,"C7_04000W_A",0.0316402473223838,1.36004720797047e-17,0.00320718644907972,TRUE,TRUE,TRUE
"CAALFM_C704010WA",4,"C7_04010W_A",0.108321405288766,0.000380571217909718,0.0120407103043356,FALSE,TRUE,TRUE
"PRE5",4,"C7_04020C_A",1.98624033668661e-09,1.54756563641192e-105,0.00189580098482443,TRUE,TRUE,TRUE
"KAP120",8,"C7_04030C_A",9.73796091465774e-05,5.94211983853511e-11,0.0102182926409208,TRUE,TRUE,TRUE
"NPT1",4,"C7_04040C_A",2.67430475655046e-06,5.88871172080258e-50,0.0180468793474258,TRUE,TRUE,TRUE
"HLJ1",2,"C7_04050W_A",0.381469501504206,2.87732836061457e-17,0.00058461719214057,FALSE,TRUE,TRUE
"CAALFM_C704060WA",6,"C7_04060W_A",0.000140479484426028,4.21584526650075e-51,0.13981735678447,TRUE,TRUE,FALSE
"CAALFM_C704070CA",7,"C7_04070C_A",0.0560142802708773,4.44741729057052e-26,0.149371214346735,FALSE,TRUE,FALSE
"CAALFM_C704080CA",7,"C7_04080C_A",1.82798054382073e-06,1.77367111984099e-32,0.478130483729795,TRUE,TRUE,FALSE
"CAALFM_C704090CA",8,"C7_04090C_A",2.17329075147879e-05,1.1947217225055e-21,0.226332678561184,TRUE,TRUE,FALSE
"MED9",6,"C7_04100C_A",0.00323015490176451,4.80459786836524e-14,4.85317761722704e-07,TRUE,TRUE,TRUE
"CAALFM_C704110WA",6,"C7_04110W_A",0.212097239296773,5.20853838817497e-42,0.506670687608878,FALSE,TRUE,FALSE
"CAALFM_C704120WA",7,"C7_04120W_A",0.0386458269562539,2.82466943976312e-38,0.0925820540478226,TRUE,TRUE,FALSE
"SUI3",1,"C7_04130C_A",5.21973970734615e-07,3.04600100934596e-64,0.0221636984356384,TRUE,TRUE,TRUE
"CAALFM_C704140CA",3,"C7_04140C_A",7.65102815698047e-05,1.15055972530125e-51,0.0757238715997475,TRUE,TRUE,FALSE
"CAALFM_C704150WA",8,"C7_04150W_A",7.59609415638567e-11,8.28444124724978e-38,0.000479827849947963,TRUE,TRUE,TRUE
"CAALFM_C704160WA",6,"C7_04160W_A",1.45688349239499e-07,5.73687714690809e-100,0.00525969022140396,TRUE,TRUE,TRUE
"CAALFM_C704170WA",7,"C7_04170W_A",0.108490137189493,4.60692112011474e-21,0.00766744319940436,FALSE,TRUE,TRUE
"FAA2-3",5,"C7_04180W_A",1.50275071434178e-06,4.61993261024822e-143,0.0491376146538633,TRUE,TRUE,TRUE
"UTP18",1,"C7_04190C_A",1.59465043005232e-05,4.13308351101387e-102,0.000246542349540459,TRUE,TRUE,TRUE
"CAALFM_C704200CA",1,"C7_04200C_A",0.000326678778595876,1.40007739796232e-110,0.00531942144886965,TRUE,TRUE,TRUE
"CAALFM_C704210CA",1,"C7_04210C_A",0.000305833055759132,3.09360265733571e-131,0.000955967036611864,TRUE,TRUE,TRUE
"NRG1",8,"C7_04230W_A",0.491977349876876,3.73425419588796e-09,0.550257974995422,FALSE,TRUE,FALSE
"CAALFM_C704240CA",1,"C7_04240C_A",0.10170633820156,1.08393103757044e-25,0.0174533525618614,FALSE,TRUE,TRUE
"TPO2",6,"C7_04250W_A",1.5410017482681e-05,8.95664490345376e-53,0.172923003615645,TRUE,TRUE,FALSE
"CAALFM_C704260WA",4,"C7_04260W_A",0.00287547203381634,4.23129134639205e-06,0.000357215258395762,TRUE,TRUE,TRUE
"UFE1",6,"C7_04270C_A",0.461728726017325,8.41797595487846e-43,0.521374949250098,FALSE,TRUE,FALSE
"CAALFM_C704280CA",6,"C7_04280C_A",8.38693642096926e-05,2.03522944505598e-96,0.0134153652650029,TRUE,TRUE,TRUE
"CAALFM_C704290WA",6,"C7_04290W_A",0.167121420194796,1.13310073367828e-20,1.99341894462465e-09,FALSE,TRUE,TRUE
"SPT6",2,"C7_04300W_A",0.0563090835412788,5.74158957246575e-15,0.089475385441425,FALSE,TRUE,FALSE
"CAALFM_C704310CA",5,"C7_04310C_A",0.000118394598574134,1.67404872227314e-93,0.171808478422731,TRUE,TRUE,FALSE
"CAALFM_C704320WA",6,"C7_04320W_A",NA,2.20424600642095e-73,0.0513755687299992,FALSE,TRUE,FALSE
"SYS1",1,"C7_04330C_A",0.122095042329011,2.1212082972107e-22,0.754842563691246,FALSE,TRUE,FALSE
"CAALFM_C704340CA",4,"C7_04340C_A",0.00155053120643138,6.57696112729207e-11,0.357426727033302,TRUE,TRUE,FALSE
"TLO16",1,"C7_04360C_A",0.00484595080824646,4.97036411802553e-24,0.0538736897853245,TRUE,TRUE,FALSE
"CAALFM_CR00010CA",7,"CR_00010C_A",4.77038246257984e-05,1.48658549150639e-60,0.00435489881558901,TRUE,TRUE,TRUE
"TLO1",4,"CR_00020W_A",3.44071610797906e-07,1.17418048971749e-08,0.521788730316534,TRUE,TRUE,FALSE
"tL(CAA)6",8,"CR_00030W_A",0.279482398355709,0.00209666810269224,0.357185653732212,FALSE,TRUE,FALSE
"CAALFM_CR00040CA",8,"CR_00040C_A",0.472512245774662,7.65098370883883e-34,0.0826291417917093,FALSE,TRUE,FALSE
"INO2",8,"CR_00050W_A",0.0158439742523543,0.00245081903477384,0.00358659253564309,TRUE,TRUE,TRUE
"CAALFM_CR00060CA",2,"CR_00060C_A",0.000383588394953567,2.4817321013761e-13,0.038912148162399,TRUE,TRUE,TRUE
"BNR1",4,"CR_00070W_A",2.83740949253489e-06,0.000577131873752632,0.0901413228973687,TRUE,TRUE,FALSE
"MIS12",1,"CR_00080W_A",0.000196159674726267,4.54568974358641e-63,0.000105141930303498,TRUE,TRUE,TRUE
"CAALFM_CR00090CA",5,"CR_00090C_A",1.29595878696693e-07,5.04397331621965e-134,0.0150370705457699,TRUE,TRUE,TRUE
"EPL1",8,"CR_00100C_A",0.00021275745072477,6.61958078014507e-20,0.0551294023139211,TRUE,TRUE,FALSE
"CAALFM_CR00110WA",5,"CR_00110W_A",0.00241375550531106,1.92407531401083e-21,9.34640826122029e-05,TRUE,TRUE,TRUE
"MKC1",5,"CR_00120C_A",0.632166217703596,2.55415788949047e-12,0.0255678379420633,FALSE,TRUE,TRUE
"CAALFM_CR00130CA",5,"CR_00130C_A",0.000297795680079383,1.47292708774444e-51,0.0598874192872368,TRUE,TRUE,FALSE
"REP1",6,"CR_00140W_A",0.394769727870229,7.89187178903341e-10,0.0502149936412154,FALSE,TRUE,FALSE
"POT1",5,"CR_00150C_A",3.17660413464957e-06,1.26777775423428e-100,0.000164557244208192,TRUE,TRUE,TRUE
"CAALFM_CR00160CA",6,"CR_00160C_A",0.0217130357274899,2.10819929488966e-73,2.17155678402874e-05,TRUE,TRUE,TRUE
"ZCF38",6,"CR_00170W_A",1.61202359065783e-07,2.46470307441326e-31,0.241551329747308,TRUE,TRUE,FALSE
"CHT1",2,"CR_00180C_A",0.474421402088004,6.00605042918618e-17,0.00864509081366269,FALSE,TRUE,TRUE
"NGS1",2,"CR_00190W_A",0.130611972544735,1.07041787388763e-08,0.000938814024882719,FALSE,TRUE,TRUE
"PCK1",5,"CR_00200W_A",1.4462891467815e-05,1.65391409470139e-18,0.504227631856313,TRUE,TRUE,FALSE
"ALK2",8,"CR_00210W_A",5.55007081801545e-08,6.71236971935883e-75,0.0612982515793412,TRUE,TRUE,FALSE
"CAALFM_CR00220WA",6,"CR_00220W_A",5.19847115130844e-11,1.21837472130139e-132,0.164713253586122,TRUE,TRUE,FALSE
"CAALFM_CR00230WA",1,"CR_00230W_A",0.00254974527163831,2.69509306372329e-46,0.534501064099295,TRUE,TRUE,FALSE
"LSM6",4,"CR_00240W_A",0.00435999919169963,2.45233759702407e-08,0.00120781187468751,TRUE,TRUE,TRUE
"ATP17",4,"CR_00250W_A",0.00012161875656008,1.08011274823451e-38,0.877048115469828,TRUE,TRUE,FALSE
"KIN2",4,"CR_00260W_A",0.442897842667935,1.24570081954251e-31,0.0967372159433099,FALSE,TRUE,FALSE
"CAALFM_CR00270CA",6,"CR_00270C_A",0.0561438277837408,3.18329712807087e-50,1.33718846225972e-05,FALSE,TRUE,TRUE
"CAALFM_CR00280CA",2,"CR_00280C_A",0.0173518503878384,2.92036986654451e-13,0.0916320628379025,TRUE,TRUE,FALSE
"CAALFM_CR00290WA",6,"CR_00290W_A",5.2468340025141e-14,1.44885498921369e-65,0.0318404787032701,TRUE,TRUE,TRUE
"CDA2",7,"CR_00300W_A",4.46186375571826e-15,6.84595520550511e-81,0.00132877226837909,TRUE,TRUE,TRUE
"CAALFM_CR00310CA",8,"CR_00310C_A",1.76236621763285e-22,2.92590630359948e-16,8.5693253806916e-09,TRUE,TRUE,TRUE
"NAP1",1,"CR_00320C_A",0.893023745899608,7.76907545273392e-19,0.562947790952301,FALSE,TRUE,FALSE
"PXA1",8,"CR_00330C_A",8.89644898982933e-09,1.09965053020811e-78,0.0757219641819458,TRUE,TRUE,FALSE
"CAALFM_CR00340CA",6,"CR_00340C_A",0.107177490328008,1.59125836978863e-05,0.864864431239458,FALSE,TRUE,FALSE
"CAALFM_CR00350WA",1,"CR_00350W_A",0.320663649345262,3.53333328273106e-25,1.64028795752266e-05,FALSE,TRUE,TRUE
"LEU1",1,"CR_00360C_A",0.00590843962867226,2.32910274311528e-38,6.49731754297274e-10,TRUE,TRUE,TRUE
"CAALFM_CR00380WA",6,"CR_00380W_A",0.856817184781232,2.22452114535102e-15,0.110763625866641,FALSE,TRUE,FALSE
"MMS22",2,"CR_00390W_A",2.08891842108831e-05,1.15213315283084e-10,3.27386070540192e-05,TRUE,TRUE,TRUE
"SWC4",1,"CR_00400C_A",0.253484337578981,0.00926554773188875,0.504653877250163,FALSE,TRUE,FALSE
"RTT109",1,"CR_00410W_A",1.72291849103291e-10,9.03712735890182e-27,0.0988587204378108,TRUE,TRUE,FALSE
"CAALFM_CR00420WA",5,"CR_00420W_A",0.00357040981767967,4.38754319622791e-54,0.421435168441765,TRUE,TRUE,FALSE
"CAALFM_CR00430CA",4,"CR_00430C_A",0.186322449349989,3.00416988479132e-15,0.809850648746245,FALSE,TRUE,FALSE
"LRG1",2,"CR_00440C_A",3.82194240352927e-05,9.61872023227814e-16,2.56445750422312e-05,TRUE,TRUE,TRUE
"CAALFM_CR00450CA",8,"CR_00450C_A",0.00403128883667819,0.000799486315872787,0.313894402530246,TRUE,TRUE,FALSE
"CAALFM_CR00460CA",3,"CR_00460C_A",1.38770737295615e-05,2.41765205473978e-102,0.0364554109253025,TRUE,TRUE,TRUE
"CAALFM_CR00470WA",7,"CR_00470W_A",0.0839870237201186,2.23617126775129e-34,0.101550519579661,FALSE,TRUE,FALSE
"MRPL6",1,"CR_00480W_A",1.15690983300667e-08,6.15791467790485e-103,0.119757599235705,TRUE,TRUE,FALSE
"CAALFM_CR00490WA",1,"CR_00490W_A",0.000299419664197026,4.04957035343504e-51,0.206934108920817,TRUE,TRUE,FALSE
"CAALFM_CR00500CA",8,"CR_00500C_A",3.93638723438581e-06,1.31669741897592e-10,0.033686329064707,TRUE,TRUE,TRUE
"ADE1",4,"CR_00510C_A",0.0153624931712894,4.04755211859227e-66,6.19621007730715e-07,TRUE,TRUE,TRUE
"CRM1",4,"CR_00520C_A",0.292584788579379,3.88620979685384e-51,0.0509149101218046,FALSE,TRUE,FALSE
"CAALFM_CR00530WA",8,"CR_00530W_A",0.0235067667594171,3.88752159169788e-10,0.182227814790878,TRUE,TRUE,FALSE
"MDH1",5,"CR_00540C_A",1.49783041688624e-08,6.80399342693682e-77,0.012795907740795,TRUE,TRUE,TRUE
"NTH1",8,"CR_00560W_A",0.0030458969378933,4.45091489843069e-27,5.39873476516038e-05,TRUE,TRUE,TRUE
"CAALFM_CR00570WA",1,"CR_00570W_A",6.17885399110227e-06,5.72673102539365e-160,0.141448979861079,TRUE,TRUE,FALSE
"YRB1",1,"CR_00580W_A",2.96062835595096e-05,1.2108187363856e-61,0.124378135214538,TRUE,TRUE,FALSE
"PHO81",8,"CR_00590W_A",0.0160728433881157,2.0439848461204e-16,0.219802247162269,TRUE,TRUE,FALSE
"CAALFM_CR00600CA",5,"CR_00600C_A",0.00733858414685904,7.71300291814146e-12,0.038912148162399,TRUE,TRUE,TRUE
"IFF4",8,"CR_00610W_A",3.65559621952374e-13,3.8481459266517e-86,0.0172227472758309,TRUE,TRUE,TRUE
"ARG1",2,"CR_00620C_A",6.21728076226443e-14,2.27698163188962e-13,1.70644890965294e-22,TRUE,TRUE,TRUE
"CAALFM_CR00630WA",8,"CR_00630W_A",3.42840059632746e-18,3.81851755183834e-15,2.92909471069134e-07,TRUE,TRUE,TRUE
"ACC1",1,"CR_00640W_A",3.8655355032551e-05,4.19137449291984e-139,1.37168048016381e-05,TRUE,TRUE,TRUE
"CAALFM_CR00650WA",7,"CR_00650W_A",0.000605928078266431,2.36882872945486e-33,0.0467346777859948,TRUE,TRUE,TRUE
"CAALFM_CR00660WA",6,"CR_00660W_A",0.000603997434360498,1.64670279128961e-27,0.00719786080747572,TRUE,TRUE,TRUE
"CAALFM_CR00670CA",3,"CR_00670C_A",0.0135063352368743,1.88932860151624e-21,0.0102536817255338,TRUE,TRUE,TRUE
"BUD22",3,"CR_00680W_A",6.4369945718213e-06,3.26384788681679e-72,0.0150255366876205,TRUE,TRUE,TRUE
"CAALFM_CR00690CA",4,"CR_00690C_A",0.0199898966778826,2.71053706929057e-59,0.198846023822165,TRUE,TRUE,FALSE
"CAALFM_CR00700WA",4,"CR_00700W_A",0.505374961214344,1.56173519685194e-06,0.038728179043727,FALSE,TRUE,TRUE
"CAALFM_CR00710CA",4,"CR_00710C_A",0.0373146929231371,4.09785900619097e-15,0.914545665946205,TRUE,TRUE,FALSE
"CAALFM_CR00720WA",7,"CR_00720W_A",0.238905973989956,5.40280189449068e-11,0.584985184457679,FALSE,TRUE,FALSE
"BMT3",2,"CR_00740C_A",3.96442445707611e-06,2.07734938426763e-08,8.62826850728586e-09,TRUE,TRUE,TRUE
"CAALFM_CR00750CA",6,"CR_00750C_A",0.0805821403984171,0.000313131178571279,0.0941116107876526,FALSE,TRUE,FALSE
"HYR4",8,"CR_00760C_A",2.35064112411775e-06,8.88791732947617e-18,0.0671549532992606,TRUE,TRUE,FALSE
"GSY1",5,"CR_00780C_A",1.45103202235978e-05,2.53053266615563e-32,2.91683362577802e-05,TRUE,TRUE,TRUE
"PWP2",3,"CR_00800C_A",5.21412867744997e-06,1.0465986357443e-62,0.206835069620041,TRUE,TRUE,FALSE
"CAALFM_CR00810WA",3,"CR_00810W_A",3.31393945135854e-06,1.28993752403034e-47,5.17853466472568e-05,TRUE,TRUE,TRUE
"CAALFM_CR00820CA",6,"CR_00820C_A",0.267693472191675,1.24227616278882e-09,0.297564360353625,FALSE,TRUE,FALSE
"CAALFM_CR00830WA",2,"CR_00830W_A",0.0195229825760874,2.52604916578638e-27,0.496428964353588,TRUE,TRUE,FALSE
"CAALFM_CR00840CA",7,"CR_00840C_A",0.00234706448824822,4.23146816225436e-36,0.248459281895396,TRUE,TRUE,FALSE
"GSL2",7,"CR_00850C_A",0.000703073118606725,6.00481219020767e-46,0.000277620850200386,TRUE,TRUE,TRUE
"TMA19",1,"CR_00860C_A",1.23774510013048e-09,1.07137060868715e-225,0.0290009793777048,TRUE,TRUE,TRUE
"CAALFM_CR00870CA",7,"CR_00870C_A",0.0321323400330131,2.87606022105606e-46,0.00989762161076846,TRUE,TRUE,TRUE
"CAALFM_CR00880WA",2,"CR_00880W_A",0.859428891161125,0.0297435857027428,0.480118404983336,FALSE,TRUE,FALSE
"CAALFM_CR00890CA",7,"CR_00890C_A",0.184122971421291,8.37780374548025e-06,0.276670649617058,FALSE,TRUE,FALSE
"TRM1",3,"CR_00900W_A",5.66337271808817e-06,2.68552203282791e-55,0.191743571256718,TRUE,TRUE,FALSE
"CAALFM_CR00910WA",2,"CR_00910W_A",0.426939618461094,7.72911514251441e-06,0.105923696801296,FALSE,TRUE,FALSE
"CCE1",6,"CR_00920W_A",NA,8.58781852790441e-16,0.00885554981480263,FALSE,TRUE,TRUE
"ATO10",5,"CR_00930W_A",1.08589049443019e-07,6.52290643224926e-316,0.00639022329796455,TRUE,TRUE,TRUE
"ATO9",7,"CR_00970W_A",3.78381745432365e-08,9.87195582351418e-62,0.056394146160132,TRUE,TRUE,FALSE
"CAALFM_CR00980CA",6,"CR_00980C_A",0.70869310027976,4.21259154120789e-26,0.00457155658333789,FALSE,TRUE,TRUE
"CAALFM_CR00990WA",6,"CR_00990W_A",0.470012494702201,1.49543048893324e-12,0.00378190624982384,FALSE,TRUE,TRUE
"SLN1",8,"CR_01000C_A",3.15652023335691e-17,2.0557950233247e-93,0.00121700958734757,TRUE,TRUE,TRUE
"TEN1",8,"CR_01010W_A",0.246550905344722,3.27472434646158e-16,0.104596560157992,FALSE,TRUE,FALSE
"CAALFM_CR01020CA",7,"CR_01020C_A",6.57377463339257e-05,6.92033125370531e-52,0.0519855600380148,TRUE,TRUE,FALSE
"DAL81",8,"CR_01030W_A",7.240733016982e-06,1.09713721460422e-33,0.000713326722438951,TRUE,TRUE,TRUE
"ARC19",4,"CR_01040C_A",0.00416862935922237,2.70906165186957e-11,0.000541468380779387,TRUE,TRUE,TRUE
"CAALFM_CR01050CA",6,"CR_01050C_A",0.844522334079371,0.000243085352634033,0.818386156900385,FALSE,TRUE,FALSE
"LAG1",1,"CR_01060W_A",0.276780628528803,7.63249622570719e-70,0.000654047789578425,FALSE,TRUE,TRUE
"CAALFM_CR01070WA",2,"CR_01070W_A",0.0652229334402055,4.64818245132183e-11,0.000892733187208592,FALSE,TRUE,TRUE
"CAALFM_CR01080WA",6,"CR_01080W_A",0.766748348243766,0.00869608389089931,0.37073816883753,FALSE,TRUE,FALSE
"CAALFM_CR01090WA",8,"CR_01090W_A",1.30286566574139e-13,3.23293314091235e-124,0.00181236335568628,TRUE,TRUE,TRUE
"CAALFM_CR01100CA",4,"CR_01100C_A",2.79769835090607e-09,4.74966722511758e-29,0.0149596709198501,TRUE,TRUE,TRUE
"SRP54",4,"CR_01110W_A",0.00849214720622856,5.61290413175666e-50,0.669634781758165,TRUE,TRUE,FALSE
"CAALFM_CR01120CA",4,"CR_01120C_A",0.390144279801757,9.99130258953424e-36,0.606146597405536,FALSE,TRUE,FALSE
"CAALFM_CR01130WA",6,"CR_01130W_A",0.531967125419255,4.04661535095519e-10,0.592638311759869,FALSE,TRUE,FALSE
"ERG27",4,"CR_01140C_A",2.13570251339943e-07,2.45846174711561e-72,0.330680537445933,TRUE,TRUE,FALSE
"CTF18",2,"CR_01150C_A",1.33354416553403e-06,8.49886862420205e-10,0.1551287860734,TRUE,TRUE,FALSE
"CAALFM_CR01170WA",5,"CR_01170W_A",0.113814290011491,2.14513829828875e-22,0.0223242028778117,FALSE,TRUE,TRUE
"CAALFM_CR01180WA",4,"CR_01180W_A",0.000306778710168487,9.54268859587118e-35,0.000295329475074081,TRUE,TRUE,TRUE
"SFT1",6,"CR_01190C_A",5.06879717828349e-09,5.34221377845829e-71,0.297056803517414,TRUE,TRUE,FALSE
"OYE22",6,"CR_01200W_A",1.70335620790551e-10,5.72111907145529e-89,8.82696818764553e-06,TRUE,TRUE,TRUE
"HSE1",6,"CR_01210C_A",0.137762602137024,3.82856458528835e-26,0.0504742995772194,FALSE,TRUE,FALSE
"CAALFM_CR01220WA",7,"CR_01220W_A",1.57565174101416e-07,2.83368139630664e-100,2.70119507999399e-06,TRUE,TRUE,TRUE
"CDC27",6,"CR_01230C_A",0.000209062396103613,5.89827326833014e-21,0.138101895933957,TRUE,TRUE,FALSE
"BOI2",8,"CR_01240C_A",0.000462499255828141,1.88981471835776e-22,0.00161803359351197,TRUE,TRUE,TRUE
"CAALFM_CR01250CA",7,"CR_01250C_A",0.00766848693154185,3.98063243637751e-57,0.332420154533218,TRUE,TRUE,FALSE
"CAALFM_CR01260WA",8,"CR_01260W_A",0.137413255675237,9.96466507553117e-25,0.000663464230339963,FALSE,TRUE,TRUE
"FTH2",2,"CR_01270C_A",0.000444998616197463,7.08035735342561e-24,0.0485866818645777,TRUE,TRUE,TRUE
"CAALFM_CR01280CA",4,"CR_01280C_A",0.556803145951912,1.13092030873801e-80,0.0137464149561145,FALSE,TRUE,TRUE
"CWH43",1,"CR_01290C_A",5.96783434620054e-05,2.74468627753783e-53,0.0117735254422413,TRUE,TRUE,TRUE
"CAALFM_CR01300WA",4,"CR_01300W_A",2.16044981747792e-07,3.11627568585883e-23,0.00303694968147362,TRUE,TRUE,TRUE
"ATP3",4,"CR_01310W_A",0.0113620171226916,6.70998138228639e-156,0.328229193439046,TRUE,TRUE,FALSE
"CAALFM_CR01320CA",2,"CR_01320C_A",0.299200088943255,2.954047835098e-178,1.99800458503413e-10,FALSE,TRUE,TRUE
"CPA2",2,"CR_01330W_A",5.68329741698316e-10,3.22338846050265e-55,1.1044263065451e-17,TRUE,TRUE,TRUE
"CAALFM_CR01340WA",7,"CR_01340W_A",0.00668787442827149,9.41228871394632e-64,0.0283157008330501,TRUE,TRUE,TRUE
"CAALFM_CR01350CA",5,"CR_01350C_A",0.856817184781232,9.30219499893999e-24,0.0915021912640597,FALSE,TRUE,FALSE
"CAALFM_CR01360WA",6,"CR_01360W_A",0.857864713062468,1.95968616234497e-32,0.0208908888694779,FALSE,TRUE,TRUE
"CAALFM_CR01370CA",1,"CR_01370C_A",1.58117482179512e-07,6.7623790407821e-79,0.132909161301497,TRUE,TRUE,FALSE
"CAALFM_CR01380WA",7,"CR_01380W_A",0.501749233212657,5.03190087967785e-08,0.246930290421451,FALSE,TRUE,FALSE
"MGE1",1,"CR_01390W_A",0.466803378518424,4.09902454562787e-22,0.188267268185494,FALSE,TRUE,FALSE
"LYS12",1,"CR_01400W_A",0.00118375030525916,1.15915836436798e-183,4.65527275263825e-11,TRUE,TRUE,TRUE
"CAALFM_CR01410CA",1,"CR_01410C_A",0.00107606469150332,1.22942021825239e-105,0.000422371988818814,TRUE,TRUE,TRUE
"CAALFM_CR01420WA",7,"CR_01420W_A",0.00122157730188293,1.7341033650186e-23,0.0112588457274188,TRUE,TRUE,TRUE
"CAALFM_CR01430WA",1,"CR_01430W_A",0.0120304494107458,8.29384244067325e-27,5.20959485520707e-10,TRUE,TRUE,TRUE
"CAALFM_CR01440CA",1,"CR_01440C_A",NA,4.475635400453e-20,0.0067299483980132,FALSE,TRUE,TRUE
"CSP37",5,"CR_01470W_A",1.10167813699508e-23,1.48676235798797e-155,1.83110845094857e-06,TRUE,TRUE,TRUE
"PRS",7,"CR_01480W_A",0.161466322024722,6.53743334818748e-22,0.0569203501389078,FALSE,TRUE,FALSE
"CAALFM_CR01490CA",1,"CR_01490C_A",1.76143749853372e-08,2.55864224129235e-102,0.000499635554323207,TRUE,TRUE,TRUE
"PIN4",7,"CR_01500W_A",0.00459308819194321,1.54849720864334e-24,0.00635509966226301,TRUE,TRUE,TRUE
"CAALFM_CR01510CA",7,"CR_01510C_A",0.97035958612317,2.93133863260073e-08,0.242172100387155,FALSE,TRUE,FALSE
"PTC2",8,"CR_01520W_A",0.435652393143236,3.35041077576449e-06,0.722967303031488,FALSE,TRUE,FALSE
"CAALFM_CR01530CA",8,"CR_01530C_A",0.000521294305707264,7.77284312767119e-09,0.812959551776047,TRUE,TRUE,FALSE
"SAS3",7,"CR_01540W_A",2.77972864883417e-05,3.9003032155891e-72,0.000229544603551074,TRUE,TRUE,TRUE
"CAALFM_CR01550CA",4,"CR_01550C_A",0.0407686267391124,9.62258806324876e-38,0.0151988640462591,TRUE,TRUE,TRUE
"CAALFM_CR01560WA",7,"CR_01560W_A",0.0943013592477548,3.03960786002504e-35,0.220475621500297,FALSE,TRUE,FALSE
"CAALFM_CR01570WA",2,"CR_01570W_A",0.0028709106897665,3.22999613163927e-15,0.0896828554164768,TRUE,TRUE,FALSE
"DOT6",8,"CR_01580C_A",0.377074996806629,1.57627499669412e-07,0.0687284335915666,FALSE,TRUE,FALSE
"TRP2",1,"CR_01590C_A",3.3981237834979e-15,2.42390704325338e-74,0.000104453391938498,TRUE,TRUE,TRUE
"CAALFM_CR01600CA",3,"CR_01600C_A",8.89920384779246e-06,2.25210956195614e-16,0.0180136017077381,TRUE,TRUE,TRUE
"SHP1",4,"CR_01610C_A",6.57497324210927e-05,6.97486260812126e-39,0.0720352482118219,TRUE,TRUE,FALSE
"MET6",1,"CR_01620C_A",0.0447524073145576,6.36113714636061e-220,4.06960042189266e-17,TRUE,TRUE,TRUE
"CAALFM_CR01630CA",7,"CR_01630C_A",5.01515301140608e-05,1.59326115057403e-28,0.0733807876905986,TRUE,TRUE,FALSE
"CAALFM_CR01640CA",7,"CR_01640C_A",0.000134814494864799,1.5453522191422e-23,0.0248902294936035,TRUE,TRUE,TRUE
"URA5",2,"CR_01650W_A",3.99269977443882e-05,4.29747396348935e-42,0.593913082893379,TRUE,TRUE,FALSE
"SEC65",2,"CR_01660C_A",0.00579113235092432,1.13949418014981e-05,0.130729268439883,TRUE,TRUE,FALSE
"CAALFM_CR01670WA",7,"CR_01670W_A",0.00059073505765,1.61439767472583e-39,0.0956806412521694,TRUE,TRUE,FALSE
"CDC4",5,"CR_01680C_A",0.206353648156695,6.28288410831796e-18,0.000909952317156867,FALSE,TRUE,TRUE
"CDC60",1,"CR_01690C_A",1.93558802340911e-08,1.80468532159541e-110,4.31464304513421e-07,TRUE,TRUE,TRUE
"CAALFM_CR01700CA",2,"CR_01700C_A",0.196073046133248,2.08878081411936e-27,0.793503348239968,FALSE,TRUE,FALSE
"CAALFM_CR01710WA",8,"CR_01710W_A",7.48359573056381e-05,3.08024534713978e-20,0.164164373928232,TRUE,TRUE,FALSE
"CAALFM_CR01720WA",8,"CR_01720W_A",8.829968545938e-13,2.7973265818639e-62,0.000922126472874541,TRUE,TRUE,TRUE
"IFU5",6,"CR_01730W_A",0.0015450167661208,2.33376276736161e-66,0.197946859954057,TRUE,TRUE,FALSE
"MCI4",4,"CR_01740W_A",2.81938257133019e-07,2.1107785028522e-19,0.0259432745503913,TRUE,TRUE,TRUE
"SEC4",4,"CR_01750C_A",0.656549135239397,1.3337144603122e-06,0.578755298743134,FALSE,TRUE,FALSE
"FRS1",1,"CR_01760C_A",9.06108118437669e-16,1.15973516514785e-212,3.38676945651672e-05,TRUE,TRUE,TRUE
"CAALFM_CR01770CA",6,"CR_01770C_A",0.273623113451723,2.98508859209587e-24,0.0169363736508527,FALSE,TRUE,TRUE
"CAALFM_CR01780WA",3,"CR_01780W_A",0.00602495338131408,2.41210865228641e-48,0.851362074426266,TRUE,TRUE,FALSE
"CAALFM_CR01790CA",7,"CR_01790C_A",1.85806541146446e-05,4.2377159308755e-29,0.0303492732724361,TRUE,TRUE,TRUE
"HST2",7,"CR_01800C_A",0.0014678520245472,3.42588064027144e-28,0.235019984152576,TRUE,TRUE,FALSE
"CAALFM_CR01810CA",6,"CR_01810C_A",2.84048670233332e-07,1.7182925749399e-75,0.191065842074772,TRUE,TRUE,FALSE
"CAALFM_CR01820WA",2,"CR_01820W_A",0.709296522886029,0.00049834251831048,0.785545781793707,FALSE,TRUE,FALSE
"PTR2",7,"CR_01830C_A",NA,2.68065965474691e-64,0.0251777791936242,FALSE,TRUE,TRUE
"HNM3",6,"CR_01900C_A",NA,1.42012885728235e-41,0.00769527866149894,FALSE,TRUE,TRUE
"CAALFM_CR01910CA",2,"CR_01910C_A",0.00184390759016131,9.36205693671557e-14,0.00065969180196287,TRUE,TRUE,TRUE
"CAALFM_CR01920WA",6,"CR_01920W_A",3.45879592540327e-08,6.43150917524416e-57,0.0274971899406701,TRUE,TRUE,TRUE
"BIO2",2,"CR_01930C_A",0.0844523172096692,3.12723583187918e-116,1.83989857107436e-05,FALSE,TRUE,TRUE
"CAALFM_CR01950WA",3,"CR_01950W_A",0.000331444494699829,6.87993305099156e-61,0.490203114650384,TRUE,TRUE,FALSE
"MRS2",3,"CR_01960C_A",0.281376307278588,1.08003945317237e-10,0.0177053948362601,FALSE,TRUE,TRUE
"VMA4",4,"CR_01970C_A",0.00565867276218762,2.10288334082067e-61,0.000896977298041616,TRUE,TRUE,TRUE
"CRC1",5,"CR_01980C_A",0.0016870670778889,1.0641289172356e-43,0.0317742280445626,TRUE,TRUE,TRUE
"SPC98",3,"CR_01990C_A",0.368527175716336,5.85024820624662e-10,0.503552454517782,FALSE,TRUE,FALSE
"HEM1",8,"CR_02000C_A",0.436161882283196,2.59651992825347e-28,0.000347132770104804,FALSE,TRUE,TRUE
"OPT1",2,"CR_02020C_A",8.95902750503652e-18,1.78927127137397e-79,7.63987249542156e-27,TRUE,TRUE,TRUE
"CAALFM_CR02030CA",3,"CR_02030C_A",0.000376946298777626,8.30038289542908e-10,0.023674750606978,TRUE,TRUE,TRUE
"PRK1",8,"CR_02040W_A",0.277953573145964,6.93320345609971e-08,0.00389769004286828,FALSE,TRUE,TRUE
"HDA1",2,"CR_02050C_A",0.276780628528803,9.11902697743862e-24,0.192570666238201,FALSE,TRUE,FALSE
"CAALFM_CR02060WA",2,"CR_02060W_A",0.00406426918813624,2.32806089123258e-16,7.93553747774438e-06,TRUE,TRUE,TRUE
"ADH5",5,"CR_02070C_A",8.07741299599313e-10,1.65370435360642e-51,0.0163420615773814,TRUE,TRUE,TRUE
"tL(AAG)1",2,"CR_02080W_A",0.495067158695138,1.87183500303077e-05,0.551181737550756,FALSE,TRUE,FALSE
"CAALFM_CR02100CA",2,"CR_02100C_A",0.354396962373888,3.66823366855623e-15,0.0484812090881068,FALSE,TRUE,TRUE
"MCM6",2,"CR_02110W_A",2.99128576468179e-05,7.11158884725774e-13,0.0120568129007025,TRUE,TRUE,TRUE
"CAALFM_CR02120CA",6,"CR_02120C_A",0.0823969340030074,2.20141931912788e-46,0.00172906738273236,FALSE,TRUE,TRUE
"ECM4",5,"CR_02130W_A",1.25652275837763e-18,7.13353834439447e-306,0.00182079323061073,TRUE,TRUE,TRUE
"MDL1",6,"CR_02150W_A",0.0934920946148437,7.56073214334014e-08,0.0574896513217413,FALSE,TRUE,FALSE
"UGT51C1",6,"CR_02160W_A",2.44348137628399e-06,1.67435404768017e-117,0.00251445991643631,TRUE,TRUE,TRUE
"MET2",1,"CR_02170W_A",0.0787712183793987,4.47522062188659e-43,5.77485130337763e-07,FALSE,TRUE,TRUE
"PHO113",5,"CR_02180W_A",6.12883332859532e-09,1.14058870717504e-07,0.00138391316496651,TRUE,TRUE,TRUE
"SEF1",8,"CR_02190C_A",1.50972478046774e-15,2.21611455590628e-30,1.47864670457808e-06,TRUE,TRUE,TRUE
"RAD51",2,"CR_02200C_A",0.00113421079241182,9.59943723272251e-23,5.70510689669854e-05,TRUE,TRUE,TRUE
"CAALFM_CR02210WA",2,"CR_02210W_A",0.00418687704463649,1.72860458356987e-23,0.0175138198441554,TRUE,TRUE,TRUE
"OPT3",6,"CR_02220C_A",2.15730382537579e-06,8.56131246939563e-84,0.0120292561462916,TRUE,TRUE,TRUE
"OPT2",6,"CR_02240C_A",0.00105025902223237,1.22010494260583e-203,2.56445750422312e-05,TRUE,TRUE,TRUE
"CEX1",2,"CR_02250C_A",0.0113243989552577,2.51525587945814e-08,0.000156061150408017,TRUE,TRUE,TRUE
"CAALFM_CR02260CA",6,"CR_02260C_A",0.109690162340852,6.60926004106311e-35,0.0809823649216352,FALSE,TRUE,FALSE
"CAALFM_CR02270CA",6,"CR_02270C_A",6.43846285524842e-07,3.53177263718572e-89,0.251280327888835,TRUE,TRUE,FALSE
"PGA23",6,"CR_02280W_A",0.00120614548667644,5.73323237112664e-05,0.131376736104865,TRUE,TRUE,FALSE
"PGA22",7,"CR_02290W_A",0.426966798310131,7.98648975511295e-08,0.114506575747743,FALSE,TRUE,FALSE
"CAALFM_CR02300CA",8,"CR_02300C_A",0.000471538346620221,1.07607136111901e-22,0.0490440298844141,TRUE,TRUE,TRUE
"CAALFM_CR02320WA",3,"CR_02320W_A",0.00228258185443235,1.70083912566888e-24,0.000204752725287579,TRUE,TRUE,TRUE
"KAR4",7,"CR_02330C_A",0.00249993171793993,8.66043987352989e-49,0.0844321777306709,TRUE,TRUE,FALSE
"CAALFM_CR02340WA",7,"CR_02340W_A",0.889505094727603,0.0440411455101365,0.964619154796531,FALSE,TRUE,FALSE
"GEF2",8,"CR_02350C_A",5.88821419288672e-07,7.57828019180191e-25,0.000535591851785829,TRUE,TRUE,TRUE
"IDP2",5,"CR_02360W_A",1.04487448051243e-05,1.97878580922947e-52,0.0349016935871695,TRUE,TRUE,TRUE
"ERG25",1,"CR_02370W_A",0.692640708404062,2.50116232803184e-133,1.05840248573994e-05,FALSE,TRUE,TRUE
"CAALFM_CR02380CA",2,"CR_02380C_A",0.00489175003631872,3.77945400328122e-07,6.26705968941681e-08,TRUE,TRUE,TRUE
"CAALFM_CR02390WA",1,"CR_02390W_A",0.744150806033094,4.56910047515389e-27,0.254414547006072,FALSE,TRUE,FALSE
"PHO112",5,"CR_02400W_A",1.32577062001795e-06,1.37405272837719e-05,0.0283681506045126,TRUE,TRUE,TRUE
"CAALFM_CR02410WA",4,"CR_02410W_A",0.388940711445379,2.20717585772494e-43,0.246551885384281,FALSE,TRUE,FALSE
"CAALFM_CR02420WA",3,"CR_02420W_A",0.000445371258411641,3.95822208378135e-29,0.00708886491773691,TRUE,TRUE,TRUE
"CAALFM_CR02430CA",8,"CR_02430C_A",6.43718379439063e-05,2.07129577756682e-13,4.26563137965982e-07,TRUE,TRUE,TRUE
"CAALFM_CR02440WA",8,"CR_02440W_A",2.4516340524357e-06,0.133852195670306,0.0183954726929468,TRUE,FALSE,TRUE
"CAALFM_CR02460WA",5,"CR_02460W_A",0.253536832257983,6.79647168420605e-08,0.449302184056632,FALSE,TRUE,FALSE
"CAALFM_CR02470WA",8,"CR_02470W_A",1.06526117646254e-12,0.000169838874099044,2.76641539219883e-07,TRUE,TRUE,TRUE
"OPT4",8,"CR_02490W_A",1.63890140230718e-11,3.984175206621e-74,3.14244099712385e-07,TRUE,TRUE,TRUE
"CAALFM_CR02500WA",2,"CR_02500W_A",6.32053317613338e-07,3.63679527796165e-10,0.00179521112859712,TRUE,TRUE,TRUE
"CAALFM_CR02510WA",8,"CR_02510W_A",3.34642958838106e-15,2.82483030183054e-48,0.0219655353688416,TRUE,TRUE,TRUE
"RPC19",3,"CR_02520W_A",0.00225699136107019,8.7470945037563e-184,0.00171983349183713,TRUE,TRUE,TRUE
"DBP2",8,"CR_02530W_A",0.0105913553870948,3.09124659476966e-77,0.00385367762522853,TRUE,TRUE,TRUE
"CHO2",3,"CR_02540W_A",0.487054319396373,1.19310164938999e-37,1.17487017045466e-05,FALSE,TRUE,TRUE
"CAALFM_CR02550CA",3,"CR_02550C_A",0.00446236782037212,1.27594015851933e-16,0.0228079217014284,TRUE,TRUE,TRUE
"ASG1",8,"CR_02560C_A",4.1696762719265e-07,0.176094751001298,4.43428337210887e-05,TRUE,FALSE,TRUE
"CAALFM_CR02570CA",6,"CR_02570C_A",0.00538319743010775,7.23451184358106e-66,0.00444809248413985,TRUE,TRUE,TRUE
"PAN6",3,"CR_02580W_A",0.512495144904633,8.66203612991093e-22,0.596898530983603,FALSE,TRUE,FALSE
"CAALFM_CR02590CA",7,"CR_02590C_A",0.0587862717989499,7.20906599663777e-29,0.00514159342956102,FALSE,TRUE,TRUE
"CAALFM_CR02600WA",7,"CR_02600W_A",0.177705427157693,4.73407022362899e-13,0.107093313332182,FALSE,TRUE,FALSE
"CAALFM_CR02610CA",4,"CR_02610C_A",0.000548207341996653,4.39413791555616e-14,0.230687462395781,TRUE,TRUE,FALSE
"CAALFM_CR02620CA",4,"CR_02620C_A",0.012057351722095,7.81189136576862e-25,0.276683814626149,TRUE,TRUE,FALSE
"CAALFM_CR02630CA",4,"CR_02630C_A",0.0719511786179886,1.18717934790085e-06,0.506262912857403,FALSE,TRUE,FALSE
"RFG1",7,"CR_02640W_A",0.0120811287919976,4.55890539055122e-48,0.00307075318891905,TRUE,TRUE,TRUE
"DRE2",6,"CR_02650C_A",6.88350365322833e-06,2.17850180565912e-25,0.0835291120752702,TRUE,TRUE,FALSE
"CAALFM_CR02660CA",8,"CR_02660C_A",0.434770544931431,3.77921641568856e-14,0.494861438124799,FALSE,TRUE,FALSE
"CAALFM_CR02670CA",7,"CR_02670C_A",0.00152345821209168,1.30653081908167e-35,0.0113902979428542,TRUE,TRUE,TRUE
"CAALFM_CR02680WA",7,"CR_02680W_A",0.00135329208887651,6.18065757116614e-23,0.0114427506395972,TRUE,TRUE,TRUE
"CAALFM_CR02690WA",2,"CR_02690W_A",0.0735777862886929,1.20545917209485e-07,0.0984624733670264,FALSE,TRUE,FALSE
"CAALFM_CR02700WA",3,"CR_02700W_A",0.00205895981644753,1.51815713516799e-45,0.13050406227642,TRUE,TRUE,FALSE
"RRP9",3,"CR_02710W_A",5.36756844532047e-05,2.92151921454947e-39,0.0499867574608979,TRUE,TRUE,TRUE
"RPC31",3,"CR_02720C_A",0.000378788184473652,9.91784987888785e-15,0.227116272516149,TRUE,TRUE,FALSE
"INN1",8,"CR_02740W_A",1.37499810064385e-05,1.05257506314975e-36,0.0360285102397021,TRUE,TRUE,TRUE
"PGA34",8,"CR_02750C_A",3.01845725561029e-07,3.85647858527852e-23,0.150640111017663,TRUE,TRUE,FALSE
"RPD3",8,"CR_02760C_A",0.0325753348443303,3.7875392617821e-11,0.572907931571536,TRUE,TRUE,FALSE
"CAALFM_CR02770CA",4,"CR_02770C_A",0.055287621754171,3.85137398673846e-18,0.814660692294846,FALSE,TRUE,FALSE
"CAALFM_CR02780WA",6,"CR_02780W_A",1.84605916264791e-05,7.10206665629136e-23,0.124030762836143,TRUE,TRUE,FALSE
"ALG5",2,"CR_02790C_A",2.78826798591886e-05,2.04259715800253e-21,0.1316476743523,TRUE,TRUE,FALSE
"CAALFM_CR02800CA",6,"CR_02800C_A",1.10812741782528e-14,9.25962288258986e-181,7.94837410968282e-07,TRUE,TRUE,TRUE
"CIRT4B",5,"CR_02810W_A",7.47364930967415e-07,7.86760063188732e-64,6.88576128553426e-06,TRUE,TRUE,TRUE
"PGM2",5,"CR_02820W_A",0.0025607928806686,1.52963136266187e-62,0.0321029944458056,TRUE,TRUE,TRUE
"GZF3",8,"CR_02850C_A",0.000445301196054577,1.88076747055611e-17,2.15402438539317e-06,TRUE,TRUE,TRUE
"RHO1",1,"CR_02860W_A",0.167467767045823,8.52182890509031e-44,0.177753123057681,FALSE,TRUE,FALSE
"APL4",4,"CR_02870W_A",0.000288036046076254,1.48147833021692e-10,0.0792327927376353,TRUE,TRUE,FALSE
"CAALFM_CR02880WA",5,"CR_02880W_A",4.12017231548911e-07,5.17319158751153e-300,1.81826129061314e-17,TRUE,TRUE,TRUE
"CAALFM_CR02890CA",3,"CR_02890C_A",0.00648941210279381,2.02573677343853e-42,0.0233963629386173,TRUE,TRUE,TRUE
"CAALFM_CR02910WA",7,"CR_02910W_A",0.000592164219077708,2.8059842116486e-30,0.192359040819424,TRUE,TRUE,FALSE
"AQY1",5,"CR_02920C_A",1.11069943275571e-17,1.44663526486086e-59,0.00188282488098732,TRUE,TRUE,TRUE
"CAALFM_CR02930WA",6,"CR_02930W_A",0.674892232482668,0.000610106669381226,0.447868585560625,FALSE,TRUE,FALSE
"CAALFM_CR02940CA",1,"CR_02940C_A",0.395296120387334,1.9527668884477e-23,0.0440041114744899,FALSE,TRUE,TRUE
"CAALFM_CR02950CA",1,"CR_02950C_A",0.0451708861367143,4.50276387560432e-60,0.12603101134553,TRUE,TRUE,FALSE
"CAALFM_CR02960WA",6,"CR_02960W_A",0.0696070430278587,7.33070651195579e-41,5.14683145930446e-05,FALSE,TRUE,TRUE
"CAALFM_CR02970CA",8,"CR_02970C_A",0.00688872015232778,0.212638227993872,0.107413093049973,TRUE,FALSE,FALSE
"SRP40",1,"CR_02980C_A",0.0218486227983595,3.2712445613227e-147,0.00209899189599168,TRUE,TRUE,TRUE
"RIB1",4,"CR_02990C_A",0.000115068073930117,5.77633979531283e-32,8.73711898518677e-05,TRUE,TRUE,TRUE
"CAALFM_CR03000CA",6,"CR_03000C_A",4.84498123103448e-05,6.71258657084348e-101,0.00520313980855632,TRUE,TRUE,TRUE
"ERV1",4,"CR_03010C_A",3.7012563635235e-06,2.94737333586277e-07,0.00242101338870057,TRUE,TRUE,TRUE
"CAALFM_CR03020CA",1,"CR_03020C_A",4.39059659089591e-09,3.9063489143404e-54,0.71923848239708,TRUE,TRUE,FALSE
"RPL28",1,"CR_03030C_A",2.88938238954731e-22,2.56195375327574e-158,0.000782045417384575,TRUE,TRUE,TRUE
"HGT18",5,"CR_03040C_A",2.01905176836433e-05,1.4628731312892e-68,0.00320008298700839,TRUE,TRUE,TRUE
"ZCF11",5,"CR_03050C_A",0.4870918163306,2.39803971187047e-14,0.0280505079924156,FALSE,TRUE,TRUE
"ARC1",1,"CR_03060W_A",6.89679390512843e-14,2.63700773930351e-123,0.17961911276068,TRUE,TRUE,FALSE
"CAALFM_CR03070WA",4,"CR_03070W_A",0.074460717460576,7.26662134098076e-28,0.00158331343291159,FALSE,TRUE,TRUE
"CAALFM_CR03080CA",2,"CR_03080C_A",0.0889092146659671,3.16622423012043e-17,7.85983078688104e-06,FALSE,TRUE,TRUE
"MLC1",1,"CR_03090C_A",3.45477184385505e-06,3.38514041977567e-107,0.460919629330311,TRUE,TRUE,FALSE
"SMC5",2,"CR_03100W_A",2.69311760554756e-17,6.50105744949146e-13,0.00469054738082794,TRUE,TRUE,TRUE
"CAALFM_CR03110WA",1,"CR_03110W_A",3.25749232922702e-06,5.0099649507525e-40,0.128013970595074,TRUE,TRUE,FALSE
"CAALFM_CR03120WA",6,"CR_03120W_A",0.000370521489274051,3.15106632944785e-36,0.0160633921487971,TRUE,TRUE,TRUE
"CAALFM_CR03130WA",5,"CR_03130W_A",0.0483302396483371,1.41404588300833e-30,0.225787401209936,TRUE,TRUE,FALSE
"SYN8",5,"CR_03140C_A",0.314340615806498,1.03837684296502e-19,0.0290415961227752,FALSE,TRUE,TRUE
"SYS3",6,"CR_03150W_A",0.993637158296454,1.84691019410946e-30,0.00925861324515557,FALSE,TRUE,TRUE
"CAALFM_CR03160WA",2,"CR_03160W_A",0.0280733666987487,1.35555247004655e-18,0.000175894805382783,TRUE,TRUE,TRUE
"DPS1-1",1,"CR_03170W_A",0.001099104583913,1.6702655451594e-100,0.0426828439544989,TRUE,TRUE,TRUE
"CAALFM_CR03180WA",4,"CR_03180W_A",0.768385542337143,1.72668445002961e-27,0.00118273228641282,FALSE,TRUE,TRUE
"CAALFM_CR03190CA",6,"CR_03190C_A",7.01684302188831e-11,1.32693111787622e-164,0.000669657586972889,TRUE,TRUE,TRUE
"CAALFM_CR03200CA",3,"CR_03200C_A",0.0418943998539083,7.46092192015309e-16,0.0410555710351755,TRUE,TRUE,TRUE
"SSU72",2,"CR_03210C_A",0.846875249339423,5.05308343057583e-14,0.0753517354773021,FALSE,TRUE,FALSE
"CAALFM_CR03220CA",5,"CR_03220C_A",0.02211397529968,3.76546475269974e-12,0.010470792413721,TRUE,TRUE,TRUE
"CAALFM_CR03230WA",6,"CR_03230W_A",0.834173786952879,0.0185389265099812,0.218474568721651,FALSE,TRUE,FALSE
"CAALFM_CR03240CA",1,"CR_03240C_A",0.00248294345961589,3.69239072411086e-09,0.000129948416608906,TRUE,TRUE,TRUE
"CAALFM_CR03250CA",8,"CR_03250C_A",3.61179686426053e-26,2.45709419079929e-50,3.27455859918617e-06,TRUE,TRUE,TRUE
"CAALFM_CR03260WA",8,"CR_03260W_A",4.26720056397858e-22,7.95782233189291e-60,6.09938290852163e-05,TRUE,TRUE,TRUE
"CAALFM_CR03270WA",1,"CR_03270W_A",1.83386092650187e-05,1.20737825341306e-55,4.83004374556703e-15,TRUE,TRUE,TRUE
"IFR2",1,"CR_03280W_A",0.000121072730093082,2.64188455078416e-122,0.028992035078158,TRUE,TRUE,TRUE
"IME2",7,"CR_03290C_A",0.434028930821956,3.93800627017125e-10,0.221467765247816,FALSE,TRUE,FALSE
"CAALFM_CR03300CA",6,"CR_03300C_A",0.196239445735759,2.05079409033408e-09,0.712536115889654,FALSE,TRUE,FALSE
"CAALFM_CR03310CA",8,"CR_03310C_A",0.00672647643542697,4.9342811811399e-20,0.203090482599848,TRUE,TRUE,FALSE
"CAALFM_CR03320CA",8,"CR_03320C_A",0.000119777774516049,5.59836934653088e-18,0.00676358009198059,TRUE,TRUE,TRUE
"CAALFM_CR03330WA",6,"CR_03330W_A",0.281937468671971,2.37901731846707e-13,0.00999993767957812,FALSE,TRUE,TRUE
"CAALFM_CR03340CA",2,"CR_03340C_A",1.14468390783441e-08,5.19329411744248e-07,1.62187199183078e-09,TRUE,TRUE,TRUE
"CAALFM_CR03350CA",1,"CR_03350C_A",0.121255091456812,2.24026872636783e-49,0.0838649257070662,FALSE,TRUE,FALSE
"CAALFM_CR03360WA",6,"CR_03360W_A",7.42772789263153e-05,3.39139350750516e-47,0.058256213851361,TRUE,TRUE,FALSE
"KTI12",1,"CR_03370C_A",0.00140859746566771,3.13250939808768e-83,0.000614342655617383,TRUE,TRUE,TRUE
"MTG1",8,"CR_03380W_A",0.00046653824904073,5.75807315298319e-45,4.19685214667296e-06,TRUE,TRUE,TRUE
"YKU80",1,"CR_03390C_A",0.0547208190419857,1.49365877213069e-15,0.227378384212213,FALSE,TRUE,FALSE
"CAALFM_CR03400WA",2,"CR_03400W_A",1.69507961366588e-09,2.4583016682476e-54,0.00111022732406978,TRUE,TRUE,TRUE
"CAALFM_CR03410WA",4,"CR_03410W_A",0.368957261164848,1.87951592357719e-22,0.00834487458883716,FALSE,TRUE,TRUE
"NOT4",4,"CR_03420C_A",0.0459524697406103,5.49357148744278e-07,0.35619133869496,TRUE,TRUE,FALSE
"CAALFM_CR03430WA",2,"CR_03430W_A",0.0349800771580145,3.77293887741895e-23,0.107967718793449,TRUE,TRUE,FALSE
"CAALFM_CR03440WA",6,"CR_03440W_A",0.190673605212161,1.2016053953338e-24,0.00559214637988822,FALSE,TRUE,TRUE
"HXT5",4,"CR_03450W_A",0.00118375030525916,0.000130880040165598,0.946680278293411,TRUE,TRUE,FALSE
"CAALFM_CR03460WA",4,"CR_03460W_A",9.93881968883205e-05,4.43889527396517e-08,4.41527993729001e-07,TRUE,TRUE,TRUE
"CAALFM_CR03470WA",1,"CR_03470W_A",0.000951232288069891,0.000393213207727127,0.000543623347193344,TRUE,TRUE,TRUE
"CAALFM_CR03480WA",8,"CR_03480W_A",7.48212354842583e-38,1.81376423064761e-33,5.28117661679546e-07,TRUE,TRUE,TRUE
"DEM1",7,"CR_03490W_A",0.367807722264666,1.27841251846976e-18,0.159895283242745,FALSE,TRUE,FALSE
"CIT1",5,"CR_03500W_A",0.338462896370485,4.56491904655141e-54,0.00345059561410184,FALSE,TRUE,TRUE
"CAALFM_CR03510WA",7,"CR_03510W_A",0.000161795594630296,3.28655887128864e-40,0.377009514047812,TRUE,TRUE,FALSE
"CAALFM_CR03520CA",4,"CR_03520C_A",4.35457974652957e-05,3.99132857073805e-139,0.215072425675987,TRUE,TRUE,FALSE
"CAALFM_CR03530WA",1,"CR_03530W_A",0.019258145166136,3.82706775657724e-88,0.477806710775151,TRUE,TRUE,FALSE
"CAALFM_CR03540WA",3,"CR_03540W_A",0.506621922923172,1.10021928129546e-06,0.0280746383271276,FALSE,TRUE,TRUE
"NCS2",3,"CR_03550W_A",4.14868353732643e-08,6.61386866801511e-41,0.00136716809460695,TRUE,TRUE,TRUE
"CAALFM_CR03560WA",6,"CR_03560W_A",0.0941643908354272,8.7034908270732e-11,0.476057337042161,FALSE,TRUE,FALSE
"YVH1",3,"CR_03570C_A",6.03869027502817e-07,1.97620862327431e-49,0.0167852919514866,TRUE,TRUE,TRUE
"CAALFM_CR03580CA",4,"CR_03580C_A",0.00253535256001306,0.0001622622153227,0.976468218735717,TRUE,TRUE,FALSE
"CAALFM_CR03590CA",7,"CR_03590C_A",0.0552848052022701,5.4123419203378e-20,0.00949529018573586,FALSE,TRUE,TRUE
"CAALFM_CR03600CA",4,"CR_03600C_A",7.56452924482528e-05,5.77840948627279e-43,0.0334330736302579,TRUE,TRUE,TRUE
"VTC3",1,"CR_03610C_A",1.08561077865518e-05,3.55115540820689e-61,0.204968084176476,TRUE,TRUE,FALSE
"CAALFM_CR03620CA",5,"CR_03620C_A",5.93013228555952e-05,6.74831089588451e-37,0.440143885542536,TRUE,TRUE,FALSE
"IFF3",7,"CR_03630W_A",2.38199346491562e-07,1.49291588765354e-45,0.0944817965117709,TRUE,TRUE,FALSE
"CAALFM_CR03640CA",5,"CR_03640C_A",0.14088085479645,3.66491728226447e-17,0.312838863469556,FALSE,TRUE,FALSE
"SGD1",3,"CR_03650W_A",0.00338701579236321,1.46720712807445e-49,0.0777794161295041,TRUE,TRUE,FALSE
"CAALFM_CR03660CA",3,"CR_03660C_A",0.00017650690947747,9.10447332904117e-39,0.0791786653738662,TRUE,TRUE,FALSE
"CAALFM_CR03670WA",7,"CR_03670W_A",1.0822174187958e-05,3.07243287550511e-42,0.0211514423137861,TRUE,TRUE,TRUE
"SMC1",2,"CR_03680C_A",8.28458476302013e-13,9.86792539189597e-13,0.00573926041990125,TRUE,TRUE,TRUE
"CAALFM_CR03690WA",8,"CR_03690W_A",1.02942056827411e-10,3.24365054373073e-54,0.0725076241804439,TRUE,TRUE,FALSE
"CAALFM_CR03700CA",8,"CR_03700C_A",0.0187720914608807,9.28282706131174e-07,0.242676065268254,TRUE,TRUE,FALSE
"CAALFM_CR03710CA",6,"CR_03710C_A",1.41610363764194e-11,2.62320392983424e-41,0.0347887448293562,TRUE,TRUE,TRUE
"TAL1",1,"CR_03720W_A",0.00227924273132041,3.34301809804538e-66,0.00023126989310928,TRUE,TRUE,TRUE
"CAALFM_CR03730CA",8,"CR_03730C_A",8.63541003761377e-33,1.08442199754126e-46,3.63098883646736e-06,TRUE,TRUE,TRUE
"CAALFM_CR03740CA",4,"CR_03740C_A",0.156264690542523,6.61288411831026e-31,0.272514366589133,FALSE,TRUE,FALSE
"PRP42",1,"CR_03750C_A",0.308056346811846,2.13062295948873e-22,0.0281752140784628,FALSE,TRUE,TRUE
"CAALFM_CR03760WA",1,"CR_03760W_A",0.00354358837217827,4.95311925071339e-57,0.0801676572640525,TRUE,TRUE,FALSE
"RPS30",1,"CR_03770C_A",4.82396989225291e-10,7.74821606860213e-53,0.00270997666925587,TRUE,TRUE,TRUE
"CAALFM_CR03780CA",7,"CR_03780C_A",0.292384562576716,8.55789034794617e-49,0.000299266403079644,FALSE,TRUE,TRUE
"KRE1",8,"CR_03790C_A",4.26854851705426e-05,7.38404489713232e-29,0.000160507489000988,TRUE,TRUE,TRUE
"PPH3",2,"CR_03800C_A",0.0506429657572667,9.5670292973387e-07,0.020757527744682,FALSE,TRUE,TRUE
"PRP13",5,"CR_03810W_A",0.000154100848058458,1.81905761111738e-34,0.281597387925712,TRUE,TRUE,FALSE
"ULP2",8,"CR_03820C_A",0.000130827923217703,6.88660808486418e-90,0.324874336483073,TRUE,TRUE,FALSE
"MCM2",2,"CR_03830C_A",1.61092486280224e-06,1.00145714722596e-08,0.00559844643630272,TRUE,TRUE,TRUE
"CAALFM_CR03840CA",2,"CR_03840C_A",4.65029741138456e-07,2.19362170339256e-58,0.033794068736149,TRUE,TRUE,TRUE
"HGT3",5,"CR_03850W_A",6.39637035191728e-11,2.2214016483602e-52,0.372845121520964,TRUE,TRUE,FALSE
"CAALFM_CR03860CA",4,"CR_03860C_A",0.0768190245554156,2.81485517153797e-05,0.196986051838664,FALSE,TRUE,FALSE
"CAALFM_CR03870WA",1,"CR_03870W_A",0.0484923638633321,3.60199989315656e-12,2.80128302474202e-06,TRUE,TRUE,TRUE
"IFF9",7,"CR_03880W_A",2.31782538138532e-07,3.30685812702027e-52,0.10090374291086,TRUE,TRUE,FALSE
"WOR3",7,"CR_03890W_A",2.08398198460775e-06,1.09693108804023e-42,0.000447673121101068,TRUE,TRUE,TRUE
"HST7",6,"CR_03900W_A",0.0479148112874922,4.67678460180295e-19,0.0439384448267673,TRUE,TRUE,TRUE
"CAALFM_CR03910CA",5,"CR_03910C_A",0.442782935115322,1.78992412840717e-11,0.124901360778393,FALSE,TRUE,FALSE
"TPO4",5,"CR_03920C_A",0.000320493143515923,8.21503148899192e-14,0.000975639132609412,TRUE,TRUE,TRUE
"CAALFM_CR03930CA",4,"CR_03930C_A",0.863955771612509,5.74484838176249e-29,0.00113188390031971,FALSE,TRUE,TRUE
"CAALFM_CR03940WA",3,"CR_03940W_A",4.24796037813645e-05,2.99971986103505e-38,0.433510916807714,TRUE,TRUE,FALSE
"CAALFM_CR03950WA",1,"CR_03950W_A",0.00107886399937604,5.07458229096874e-47,1.29241548270484e-05,TRUE,TRUE,TRUE
"CAALFM_CR03960CA",5,"CR_03960C_A",0.0506429657572667,2.04464894719546e-14,0.0216482741245802,FALSE,TRUE,TRUE
"SEC22",4,"CR_03970C_A",9.95095664983344e-05,1.40433667541455e-28,0.0490440298844141,TRUE,TRUE,TRUE
"CAALFM_CR03980WA",8,"CR_03980W_A",1.71573932039568e-05,2.68329884530974e-07,0.000279009454449463,TRUE,TRUE,TRUE
"GCD1",1,"CR_03990C_A",3.65856115109325e-05,1.64009624499752e-71,0.128915213891812,TRUE,TRUE,FALSE
"RPT4",4,"CR_04000W_A",2.32069322555991e-06,2.11461000789256e-107,0.0123708952034998,TRUE,TRUE,TRUE
"MRPL40",1,"CR_04010C_A",0.00131973224833831,2.03200076572522e-101,0.0187530548574555,TRUE,TRUE,TRUE
"CAALFM_CR04020CA",4,"CR_04020C_A",0.00511748009283576,5.34769405591895e-22,0.000168850136311636,TRUE,TRUE,TRUE
"NIP100",6,"CR_04030W_A",0.304781078660285,8.80287740134513e-06,0.0772324171521364,FALSE,TRUE,FALSE
"SPT14",5,"CR_04040C_A",0.0993253411358026,4.52232324445219e-10,0.0792327927376353,FALSE,TRUE,FALSE
"MEX67",1,"CR_04050C_A",0.0622410310944792,5.88213748532995e-190,0.00766744319940436,FALSE,TRUE,TRUE
"DAP1",5,"CR_04060C_A",1.73441033538863e-05,9.43551247142646e-37,0.0460756963797021,TRUE,TRUE,TRUE
"NAT5",4,"CR_04070W_A",0.321308802706845,0.00398383388400236,0.0946576388757774,FALSE,TRUE,FALSE
"CAALFM_CR04080CA",1,"CR_04080C_A",0.0610658940226076,5.92116859733015e-60,0.0100404579472889,FALSE,TRUE,TRUE
"ADE17",1,"CR_04090C_A",0.0517278059392628,5.48860913868982e-196,2.8529595250885e-07,FALSE,TRUE,TRUE
"RPL15A",1,"CR_04100C_A",3.51470674038911e-14,3.27548936313959e-133,7.77188225455006e-05,TRUE,TRUE,TRUE
"CAALFM_CR04110WA",3,"CR_04110W_A",1.84595139040165e-05,1.43739236292686e-55,0.169448729197597,TRUE,TRUE,FALSE
"CAALFM_CR04120CA",7,"CR_04120C_A",1.30687549471312e-05,4.47748795818351e-93,1.47607278698718e-31,TRUE,TRUE,TRUE
"EAF7",4,"CR_04130C_A",7.91357265687829e-06,3.99544013010079e-32,0.0219625380467862,TRUE,TRUE,TRUE
"CAALFM_CR04140WA",1,"CR_04140W_A",4.92526122743808e-08,3.20810354800287e-167,0.00679214147603383,TRUE,TRUE,TRUE
"CAALFM_CR04150WA",6,"CR_04150W_A",0.0782070722380428,9.64641693381194e-29,0.128915213891812,FALSE,TRUE,FALSE
"CAALFM_CR04160CA",3,"CR_04160C_A",0.00578979118886115,1.15891007935723e-57,0.53339610307492,TRUE,TRUE,FALSE
"CAALFM_CR04170WA",1,"CR_04170W_A",0.000115815759048022,2.45365816636042e-121,0.135695218361703,TRUE,TRUE,FALSE
"CAALFM_CR04180CA",6,"CR_04180C_A",0.646744787970921,5.48581266108241e-17,0.0167419116671255,FALSE,TRUE,TRUE
"SRV2",5,"CR_04190W_A",0.0107893580421529,1.04953917963116e-31,0.615191935509605,TRUE,TRUE,FALSE
"YDJ1",1,"CR_04200W_A",0.000152641265062192,4.70882142052521e-79,0.0593490648193995,TRUE,TRUE,FALSE
"QDR1",1,"CR_04210C_A",NA,0.000196045525398655,NA,FALSE,TRUE,FALSE
"CAALFM_CR04220CA",7,"CR_04220C_A",6.89519723606979e-09,2.85494587984671e-91,1.86175359403721e-05,TRUE,TRUE,TRUE
"CAALFM_CR04230WA",4,"CR_04230W_A",0.233663791723118,7.91253921285385e-18,0.992419839583285,FALSE,TRUE,FALSE
"CAALFM_CR04240CA",3,"CR_04240C_A",0.000519057246995223,1.72148629775732e-44,0.111113375327465,TRUE,TRUE,FALSE
"CAALFM_CR04250WA",7,"CR_04250W_A",0.488941491159464,6.27458385166462e-22,0.399713565324201,FALSE,TRUE,FALSE
"SNP3",2,"CR_04260W_A",0.0368533781510901,1.8433207884438e-10,0.10054511370574,TRUE,TRUE,FALSE
"CAALFM_CR04270CA",7,"CR_04270C_A",3.19520479500621e-05,1.53319643086459e-90,0.10923642985514,TRUE,TRUE,FALSE
"SCR1",6,"CR_04275W_A",2.26185328501264e-06,4.8911992551948e-08,0.00939860178976297,TRUE,TRUE,TRUE
"CAALFM_CR04280CA",8,"CR_04280C_A",0.0499063719734025,5.71960814914675e-17,0.0724461379499925,TRUE,TRUE,FALSE
"HAP31",6,"CR_04290W_A",0.012177984344897,3.12678213375295e-36,0.66329621487994,TRUE,TRUE,FALSE
"CAALFM_CR04300WA",1,"CR_04300W_A",0.00776051177606564,2.62768287422767e-231,0.019776610715956,TRUE,TRUE,TRUE
"CAALFM_CR04310CA",2,"CR_04310C_A",0.00336320073539744,0.00444942221123019,0.0380372350066701,TRUE,TRUE,TRUE
"CAALFM_CR04330WA",1,"CR_04330W_A",0.604878668667264,1.63464393910366e-08,0.0420836672503592,FALSE,TRUE,TRUE
"PIM1",1,"CR_04340W_A",0.0259331030942796,2.22556843233737e-35,0.0692997079475155,TRUE,TRUE,FALSE
"CAALFM_CR04350CA",6,"CR_04350C_A",0.0377702138404643,1.54548728645506e-29,0.00282623569045073,TRUE,TRUE,TRUE
"NHP2",1,"CR_04360C_A",8.18537998572149e-06,3.43874191000856e-179,0.0640038750810767,TRUE,TRUE,FALSE
"CAALFM_CR04370WA",3,"CR_04370W_A",0.412676248138638,1.04651897714611e-07,0.558015116871152,FALSE,TRUE,FALSE
"SEC26",1,"CR_04380C_A",0.000438029542375369,4.35120698957863e-81,0.250902308242681,TRUE,TRUE,FALSE
"CAALFM_CR04390CA",7,"CR_04390C_A",0.0612895156578897,2.15020625490629e-23,0.00385044249695143,FALSE,TRUE,TRUE
"CAALFM_CR04410WA",2,"CR_04410W_A",0.869620087175562,0.000287578311303008,0.323356548744648,FALSE,TRUE,FALSE
"RBR2",6,"CR_04420C_A",0.0598608341432264,3.93163423625623e-83,0.00050151296824388,FALSE,TRUE,TRUE
"RBR1",6,"CR_04440C_A",2.45085649958685e-18,2.36002594299879e-118,9.0945917351502e-15,TRUE,TRUE,TRUE
"CAALFM_CR04450CA",2,"CR_04450C_A",0.0772691949551338,5.2156347264501e-11,0.0730454008167972,FALSE,TRUE,FALSE
"CAALFM_CR04460CA",6,"CR_04460C_A",0.472770816167183,1.45987370540004e-15,0.0826369585070674,FALSE,TRUE,FALSE
"GPI2",6,"CR_04470W_A",0.61572782713534,1.20316598350649e-05,0.511231357768522,FALSE,TRUE,FALSE
"LAP3",5,"CR_04480C_A",7.11874298130642e-09,0,4.67004499574331e-14,TRUE,TRUE,TRUE
"CAALFM_CR04490CA",6,"CR_04490C_A",0.00817708921542066,9.48709840673555e-48,0.00195345135098436,TRUE,TRUE,TRUE
"CAALFM_CR04500CA",1,"CR_04500C_A",0.615690104604048,7.51688384603066e-55,4.46662914694267e-12,FALSE,TRUE,TRUE
"HXK2",1,"CR_04510W_A",1.76091808501966e-05,7.93727666108841e-34,3.60226102941062e-05,TRUE,TRUE,TRUE
"MIM1",4,"CR_04520W_A",0.946680490969553,4.50367689031416e-07,0.356613242285976,FALSE,TRUE,FALSE
"FUM11",5,"CR_04530W_A",0.0657211826212203,2.70204863731526e-32,0.211937770616932,FALSE,TRUE,FALSE
"RPR2",3,"CR_04540C_A",0.00461246868186344,3.35593688769188e-08,0.919996039602012,TRUE,TRUE,FALSE
"PRE6",4,"CR_04550W_A",7.61655238666531e-09,2.0232736896111e-31,8.2179330242154e-05,TRUE,TRUE,TRUE
"CAALFM_CR04560CA",2,"CR_04560C_A",1.58244240631589e-07,4.09785780805577e-28,0.428453261366736,TRUE,TRUE,FALSE
"CDC10",1,"CR_04570C_A",1.97978228657857e-06,8.63604763384218e-47,0.486827663696571,TRUE,TRUE,FALSE
"CAALFM_CR04580WA",1,"CR_04580W_A",6.53177934510804e-11,4.29792151029934e-157,0.00829110628625261,TRUE,TRUE,TRUE
"PDX3",6,"CR_04590C_A",3.23408660132856e-05,1.41727164162352e-51,2.10650438780213e-06,TRUE,TRUE,TRUE
"CAALFM_CR04600WA",8,"CR_04600W_A",0.00392635921488826,9.15548577687565e-27,0.0892714085478266,TRUE,TRUE,FALSE
"CAALFM_CR04610CA",6,"CR_04610C_A",0.0562153659502672,7.95374495034599e-20,0.21819826471616,FALSE,TRUE,FALSE
"CAALFM_CR04620CA",7,"CR_04620C_A",0.0296347609088714,1.40199873043348e-20,0.711714593143035,TRUE,TRUE,FALSE
"DIT2",6,"CR_04630C_A",0.307599505070899,4.30939498706858e-18,0.20909839994328,FALSE,TRUE,FALSE
"DIT1",7,"CR_04640W_A",0.00974153757170711,7.97162735071941e-36,0.250243673696495,TRUE,TRUE,FALSE
"CAALFM_CR04650WA",2,"CR_04650W_A",6.03910907983117e-30,3.8595199003566e-41,9.44725829026501e-48,TRUE,TRUE,TRUE
"UGP1",1,"CR_04660C_A",0.00781528615863172,3.35885232967317e-149,0.0202205809068168,TRUE,TRUE,TRUE
"CAALFM_CR04680CA",1,"CR_04680C_A",4.509680767668e-07,2.74826306880509e-24,4.48820426308919e-05,TRUE,TRUE,TRUE
"tS(GCU)1",8,"CR_04700C_A",5.08160857819851e-07,0.147413074438737,0.0955851184409632,TRUE,FALSE,FALSE
"CAALFM_CR04710WA",2,"CR_04710W_A",0.0351195551505703,1.33569535206332e-20,0.00471655063022814,TRUE,TRUE,TRUE
"CAALFM_CR04720CA",4,"CR_04720C_A",0.437062059643236,4.81700260130629e-70,0.661155640302864,FALSE,TRUE,FALSE
"CAALFM_CR04730WA",6,"CR_04730W_A",0.0447359813976277,3.73898722908207e-17,0.235002824735972,TRUE,TRUE,FALSE
"ADE6",1,"CR_04740C_A",0.0112539340348098,0,0.00281260140845137,TRUE,TRUE,TRUE
"CAALFM_CR04750WA",3,"CR_04750W_A",0.000102690784481281,2.75547293466721e-65,0.0364554109253025,TRUE,TRUE,TRUE
"CAALFM_CR04760CA",5,"CR_04760C_A",1.81700669589151e-10,5.30653846681518e-75,0.115432859479674,TRUE,TRUE,FALSE
"CAALFM_CR04770CA",4,"CR_04770C_A",0.00182999317822699,2.51634578390632e-08,0.120182975925334,TRUE,TRUE,FALSE
"RPB8",1,"CR_04780W_A",1.72239132315146e-08,4.69694869306261e-70,0.0584974678648032,TRUE,TRUE,FALSE
"MVB12",7,"CR_04790W_A",0.886951024544353,1.81664980535988e-82,3.33248928814975e-10,FALSE,TRUE,TRUE
"MNT4",7,"CR_04800W_A",0.303112606719069,5.23470459095956e-09,0.254903458310252,FALSE,TRUE,FALSE
"RPS3",1,"CR_04810W_A",5.72422056815477e-09,4.59392270525583e-193,0.000388942773327163,TRUE,TRUE,TRUE
"CAALFM_CR04820WA",8,"CR_04820W_A",7.6076665837185e-22,9.61794656496126e-149,0.000833979573796856,TRUE,TRUE,TRUE
"CAALFM_CR04830CA",2,"CR_04830C_A",0.299914597169244,4.91513211266977e-08,0.216112327794578,FALSE,TRUE,FALSE
"MSS11",7,"CR_04840C_A",0.212208558747291,1.37808091381693e-15,0.152386633691924,FALSE,TRUE,FALSE
"CAALFM_CR04850CA",5,"CR_04850C_A",0.0170567768116407,4.08688797079423e-07,0.043540821577806,TRUE,TRUE,TRUE
"CAALFM_CR04860CA",5,"CR_04860C_A",0.00661888788963282,2.57827351595029e-07,0.00136903162069123,TRUE,TRUE,TRUE
"CAALFM_CR04870CA",6,"CR_04870C_A",0.300771153860873,2.47346800960778e-24,0.105739887633108,FALSE,TRUE,FALSE
"CAALFM_CR04880WA",6,"CR_04880W_A",0.188886338337805,2.47337868304948e-38,0.153655713134773,FALSE,TRUE,FALSE
"LYS5",6,"CR_04890W_A",0.366027972515084,2.38060211434678e-12,0.171852233788462,FALSE,TRUE,FALSE
"PGA39",7,"CR_04900C_A",3.11875150083624e-05,1.40268271965658e-37,0.0715059222377221,TRUE,TRUE,FALSE
"CDC43",2,"CR_04910W_A",0.0285627740679204,5.2653449088358e-32,0.116548408134744,TRUE,TRUE,FALSE
"CAALFM_CR04920WA",8,"CR_04920W_A",0.0722091173493553,1.2828628455681e-19,0.506670687608878,FALSE,TRUE,FALSE
"PEX14",6,"CR_04930W_A",0.258128495369191,1.89988335091014e-68,0.0311091015215363,FALSE,TRUE,TRUE
"CAALFM_CR04940WA",7,"CR_04940W_A",2.6170677021351e-07,2.00449392677938e-34,0.00887403253406073,TRUE,TRUE,TRUE
"MED5",7,"CR_04950W_A",0.620342122267291,3.65620050605555e-10,0.493847874339048,FALSE,TRUE,FALSE
"CRG1",5,"CR_04960C_A",0.000153501004069627,1.03582166650024e-67,0.000128178590840063,TRUE,TRUE,TRUE
"CAALFM_CR04970CA",7,"CR_04970C_A",1.80001295369588e-09,6.9637565387604e-66,0.0903933628501089,TRUE,TRUE,FALSE
"CAALFM_CR04980CA",7,"CR_04980C_A",NA,1.54453769732586e-95,0.178633439210504,FALSE,TRUE,FALSE
"CAALFM_CR04990CA",7,"CR_04990C_A",6.4369945718213e-06,3.9228927719572e-35,0.0688593273204511,TRUE,TRUE,FALSE
"CAALFM_CR05010WA",7,"CR_05010W_A",0.0618142549526374,1.00428959525765e-46,0.000981563460510092,FALSE,TRUE,TRUE
"LYP1",6,"CR_05020W_A",2.3911251970282e-05,2.02717340385439e-28,0.124325777766565,TRUE,TRUE,FALSE
"CAALFM_CR05030WA",8,"CR_05030W_A",0.000645362562039066,1.28501132322676e-58,0.0337298350228987,TRUE,TRUE,TRUE
"GLN1",8,"CR_05050W_A",1.9548395172458e-10,2.38332613890584e-20,5.63689981496883e-11,TRUE,TRUE,TRUE
"tH(GUG)1",8,"CR_05070W_A",2.57523670824605e-07,0.00925528035523581,0.0888948038694784,TRUE,TRUE,FALSE
"VMA13",4,"CR_05080W_A",0.019317254142059,1.52104154553386e-99,0.000411844353705909,TRUE,TRUE,TRUE
"HGT9",6,"CR_05090C_A",4.07380926371156e-05,8.01939296037731e-187,0.00154619188802736,TRUE,TRUE,TRUE
"CAALFM_CR05100WA",2,"CR_05100W_A",0.184147191747243,5.87470486058968e-13,0.00741021850526813,FALSE,TRUE,TRUE
"CAALFM_CR05130CA",3,"CR_05130C_A",0.00143248136248788,1.10849642955452e-38,0.0338055684784744,TRUE,TRUE,TRUE
"CAALFM_CR05140WA",2,"CR_05140W_A",0.130881195942409,8.32286187755416e-32,0.0563571333652822,FALSE,TRUE,FALSE
"CAALFM_CR05150WA",1,"CR_05150W_A",4.77135265498629e-06,1.00293747610976e-87,0.0517990571185473,TRUE,TRUE,FALSE
"CAALFM_CR05160CA",2,"CR_05160C_A",0.0151218053921836,4.7827811187774e-15,0.863683542806276,TRUE,TRUE,FALSE
"FDH1",5,"CR_05170C_A",7.54151855008290e-09,4.08431806150073e-187,0.00110366222403581,TRUE,TRUE,TRUE
"SDH2",4,"CR_05180C_A",5.24450380428153e-06,0.000152946186758803,0.016978602242936,TRUE,TRUE,TRUE
"CAALFM_CR05190WA",7,"CR_05190W_A",5.89377572898169e-06,1.59648635309153e-36,0.0629100196727568,TRUE,TRUE,FALSE
"CAALFM_CR05200CA",1,"CR_05200C_A",0.168176557641583,4.99282398692955e-162,0.000409847098973678,FALSE,TRUE,TRUE
"CAALFM_CR05210WA",4,"CR_05210W_A",0.00496657727620698,3.46734703231558e-10,0.0556479863061123,TRUE,TRUE,FALSE
"GUT1",2,"CR_05220C_A",0.0240457118347174,2.18539112136257e-46,0.139377741525148,TRUE,TRUE,FALSE
"FGR14",6,"CR_05240C_A",0.00013975926665568,3.59728610809294e-80,0.183888958446338,TRUE,TRUE,FALSE
"FGR13",6,"CR_05250C_A",2.41733066478885e-05,3.82264829498027e-202,0.0849613707624278,TRUE,TRUE,FALSE
"KCS1",8,"CR_05260C_A",4.22661433471344e-12,2.97527023555433e-103,0.00929425099460412,TRUE,TRUE,TRUE
"MNT3",8,"CR_05290W_A",0.00958858064728905,1.99020590045679e-13,0.00886255696904047,TRUE,TRUE,TRUE
"MNN21",6,"CR_05300C_A",0.846875249339423,0.00132007584368836,0.274605993506211,FALSE,TRUE,FALSE
"CAALFM_CR05310WA",1,"CR_05310W_A",1.11092861055811e-12,2.77464154358358e-91,0.354514366991671,TRUE,TRUE,FALSE
"CAALFM_CR05330WA",7,"CR_05330W_A",0.196239445735759,6.93803426939651e-47,0.000175894805382783,FALSE,TRUE,TRUE
"IFE2",5,"CR_05340C_A",8.00906257812611e-14,8.03542123989586e-58,6.47563968907724e-09,TRUE,TRUE,TRUE
"CAALFM_CR05350WA",8,"CR_05350W_A",9.32710603052996e-06,0.000186400537820101,0.0659908524004886,TRUE,TRUE,FALSE
"CAALFM_CR05360CA",2,"CR_05360C_A",0.0201871373218495,1.70802611063608e-13,0.0046219786307106,TRUE,TRUE,TRUE
"CAALFM_CR05370WA",5,"CR_05370W_A",0.0116268496903426,7.11649603426138e-18,0.0174235420832008,TRUE,TRUE,TRUE
"YCP4",5,"CR_05380C_A",0.0122974032953537,1.59863487132938e-64,0.00139736421111945,TRUE,TRUE,TRUE
"PST3",1,"CR_05390W_A",2.89492282088799e-05,5.6819454595323e-72,0.00844688686355488,TRUE,TRUE,TRUE
"tR(ACG)1",8,"CR_05410C_A",6.89519723606979e-09,0.00295001599187907,0.125286349144116,TRUE,TRUE,FALSE
"CSP1",2,"CR_05430W_A",0.813758430699332,0.00147452432606834,0.508335519680837,FALSE,TRUE,FALSE
"CAALFM_CR05440WA",6,"CR_05440W_A",0.00538066681898452,4.64743242837519e-26,0.00683958589197564,TRUE,TRUE,TRUE
"CAALFM_CR05450CA",1,"CR_05450C_A",0.000652450107850953,4.16500888562345e-83,0.706723577085684,TRUE,TRUE,FALSE
"CAALFM_CR05460WA",4,"CR_05460W_A",0.000232163831009891,1.35759765482647e-37,0.000142335695033026,TRUE,TRUE,TRUE
"CAALFM_CR05470CA",6,"CR_05470C_A",1.17155412925175e-07,2.15940478989982e-06,0.00983738184045916,TRUE,TRUE,TRUE
"CAALFM_CR05480WA",4,"CR_05480W_A",0.00193421603825789,4.08699496819342e-95,7.05282133528446e-07,TRUE,TRUE,TRUE
"SUA72",8,"CR_05490W_A",4.93778418222762e-07,6.88080134479705e-10,0.0318256391249424,TRUE,TRUE,TRUE
"CAALFM_CR05500CA",4,"CR_05500C_A",0.0787712183793987,3.69174996559337e-12,0.778435072713678,FALSE,TRUE,FALSE
"STE13",1,"CR_05510W_A",0.435028095535434,4.26086251959862e-15,0.466974342559284,FALSE,TRUE,FALSE
"NOC2",1,"CR_05520W_A",6.95234304228984e-05,5.64065066810928e-203,0.0134865280756381,TRUE,TRUE,TRUE
"CWT1",8,"CR_05530C_A",0.30933990006254,9.3301635790981e-08,0.101550519579661,FALSE,TRUE,FALSE
"CAALFM_CR05540CA",8,"CR_05540C_A",8.03878377720624e-14,8.70190371027684e-106,0.0188710037172865,TRUE,TRUE,TRUE
"CAALFM_CR05550CA",3,"CR_05550C_A",0.00292909835394489,1.1258613558612e-29,0.255366838561973,TRUE,TRUE,FALSE
"CAALFM_CR05560WA",4,"CR_05560W_A",0.439917552660868,7.75130567836367e-29,0.000583307784240641,FALSE,TRUE,TRUE
"RNR3",8,"CR_05570C_A",7.62039594057201e-09,2.74997930717039e-99,0.21505530711984,TRUE,TRUE,FALSE
"CAALFM_CR05580CA",7,"CR_05580C_A",9.74648104333186e-05,1.0018337246548e-44,0.323689988825571,TRUE,TRUE,FALSE
"tC(GCA)2",7,"CR_05590C_A",0.337497538249998,4.93386337999831e-19,0.36318091448818,FALSE,TRUE,FALSE
"tC(GCA)1",8,"CR_05600C_A",9.56977834773543e-05,6.57885959305836e-20,0.195906245024398,TRUE,TRUE,FALSE
"SRR1",8,"CR_05610C_A",1.48280508527212e-06,2.71304254132383e-18,5.11682424698446e-06,TRUE,TRUE,TRUE
"MTG2",2,"CR_05620C_A",0.0933691607485264,4.90679861635857e-16,0.0884107942922461,FALSE,TRUE,FALSE
"DBP8",3,"CR_05630W_A",0.000213572609978914,7.00806230121145e-55,0.0098182513271428,TRUE,TRUE,TRUE
"CAALFM_CR05640CA",6,"CR_05640C_A",0.00196818956115431,1.63533675502405e-25,0.580371252001256,TRUE,TRUE,FALSE
"BRF1",2,"CR_05650W_A",0.433266679066789,7.89408986165946e-13,0.0113606682853199,FALSE,TRUE,TRUE
"SDA1",3,"CR_05660W_A",1.24078281506126e-06,4.78256262673719e-105,0.0139532757172278,TRUE,TRUE,TRUE
"HMO1",4,"CR_05670C_A",0.0232402927990734,2.49187599192574e-13,0.0114763555568761,TRUE,TRUE,TRUE
"CAALFM_CR05680CA",1,"CR_05680C_A",0.560538805343268,4.83793602796389e-06,0.991724318929214,FALSE,TRUE,FALSE
"MCT1",4,"CR_05690W_A",0.0845493263860581,1.38718800683932e-14,0.84624242056922,FALSE,TRUE,FALSE
"CAALFM_CR05700CA",3,"CR_05700C_A",0.853330276123844,9.96160703552514e-10,0.494459562982189,FALSE,TRUE,FALSE
"CAALFM_CR05710CA",6,"CR_05710C_A",0.231017666115135,7.00792177681754e-16,0.130085572457394,FALSE,TRUE,FALSE
"TPS1",5,"CR_05720W_A",0.000226538885226489,5.15361529223683e-88,0.000127014376547167,TRUE,TRUE,TRUE
"CAALFM_CR05730CA",1,"CR_05730C_A",0.819766603772502,7.54613252685676e-09,0.0332234960537304,FALSE,TRUE,TRUE
"PTC4",5,"CR_05740C_A",0.010200231940843,1.08512150653213e-25,0.0367742567431581,TRUE,TRUE,TRUE
"CAALFM_CR05750WA",5,"CR_05750W_A",7.96669779166346e-18,7.06139587550358e-132,0.0103356795987505,TRUE,TRUE,TRUE
"CAALFM_CR05760CA",2,"CR_05760C_A",0.105455317982665,0.0302352906968983,0.152411159617702,FALSE,TRUE,FALSE
"CAALFM_CR05770WA",6,"CR_05770W_A",3.62391569687066e-09,5.29016383781465e-61,0.104693640830899,TRUE,TRUE,FALSE
"VMA2",1,"CR_05780W_A",0.00118592991356007,6.94462023049564e-166,0.0378403908653493,TRUE,TRUE,TRUE
"ACO2",1,"CR_05790C_A",0.00035831126726209,4.21047497600849e-68,7.7014693267351e-05,TRUE,TRUE,TRUE
"CAALFM_CR05800CA",2,"CR_05800C_A",0.119938366092711,6.13499264809378e-56,0.0409710996828935,FALSE,TRUE,TRUE
"tP(UGG)4",8,"CR_05820C_A",4.81536896171416e-08,6.09770694163809e-10,0.285988026501757,TRUE,TRUE,FALSE
"ISC1",4,"CR_05830C_A",0.000231872940811639,1.15098213374075e-10,0.00536503280898955,TRUE,TRUE,TRUE
"CAALFM_CR05840WA",4,"CR_05840W_A",7.39313559296449e-14,5.71981277867824e-05,5.51032168811007e-15,TRUE,TRUE,TRUE
"CAALFM_CR05860WA",5,"CR_05860W_A",3.02001633566391e-05,1.04700065099014e-69,0.0391348569125897,TRUE,TRUE,TRUE
"CAALFM_CR05880WA",5,"CR_05880W_A",0.535250086144914,5.32051702199158e-17,0.0847200846982513,FALSE,TRUE,FALSE
"CAALFM_CR05890CA",4,"CR_05890C_A",0.00163452976592143,1.17817021644931e-15,0.00529734459639861,TRUE,TRUE,TRUE
"CAALFM_CR05900WA",4,"CR_05900W_A",0.883952785069963,4.68952565260338e-06,0.253736382248327,FALSE,TRUE,FALSE
"CAALFM_CR05910WA",1,"CR_05910W_A",0.0132396327505718,8.4245656399095e-53,0.0876123106543448,TRUE,TRUE,FALSE
"MHP1",6,"CR_05920C_A",4.40783157895912e-06,1.07255848647734e-43,1.34450447567258e-06,TRUE,TRUE,TRUE
"tS(AGA)1",2,"CR_05930C_A",0.031638992679258,9.63860327214289e-05,0.330921516039672,TRUE,TRUE,FALSE
"CEK2",7,"CR_05940W_A",6.01748483286263e-05,5.90004660792576e-105,0.00675924057330426,TRUE,TRUE,TRUE
"ADP1",5,"CR_05950C_A",8.73671160458549e-07,1.21231278316904e-17,0.00637540110459156,TRUE,TRUE,TRUE
"CAALFM_CR05960WA",6,"CR_05960W_A",0.0684573600468382,8.63230943406309e-09,7.52156883532665e-06,FALSE,TRUE,TRUE
"CAALFM_CR05970CA",1,"CR_05970C_A",1.95654534116192e-05,4.4443269888054e-45,0.100730433142055,TRUE,TRUE,FALSE
"CAALFM_CR05980WA",5,"CR_05980W_A",0.0142004583374731,1.79560917154016e-54,0.0458218490152612,TRUE,TRUE,TRUE
"SFL1",8,"CR_05990C_A",9.83280768763935e-11,2.61320702188915e-84,6.67831539638372e-08,TRUE,TRUE,TRUE
"SOK1",8,"CR_06000W_A",5.80671981670517e-13,8.38877318117164e-16,1.423072471115e-10,TRUE,TRUE,TRUE
"CAALFM_CR06010WA",6,"CR_06010W_A",0.159811250714053,1.13450730806737e-166,7.92175246282841e-07,FALSE,TRUE,TRUE
"CAALFM_CR06020WA",2,"CR_06020W_A",0.542986160081048,2.36363606011293e-06,0.513711295096763,FALSE,TRUE,FALSE
"CAALFM_CR06030CA",7,"CR_06030C_A",2.97877646035908e-07,2.16953562106044e-73,0.00531942144886965,TRUE,TRUE,TRUE
"CAALFM_CR06040WA",8,"CR_06040W_A",1.05962911125046e-17,5.36707703067589e-14,3.80902815918433e-13,TRUE,TRUE,TRUE
"CDC28",4,"CR_06050W_A",1.80824400656449e-09,7.00283024231146e-24,0.0168379885289125,TRUE,TRUE,TRUE
"CAALFM_CR06060WA",6,"CR_06060W_A",0.00171291114655104,2.57831445102906e-53,0.71650175315884,TRUE,TRUE,FALSE
"CAALFM_CR06070WA",1,"CR_06070W_A",0.0667370800700954,9.05327990798306e-70,0.0824512541413014,FALSE,TRUE,FALSE
"SIS1",6,"CR_06080W_A",0.0479148112874922,1.48975335706599e-11,0.000149034254006603,TRUE,TRUE,TRUE
"CAALFM_CR06090WA",6,"CR_06090W_A",0.919357608688063,1.97276552326344e-10,0.478623127677785,FALSE,TRUE,FALSE
"CAALFM_CR06100CA",7,"CR_06100C_A",0.0012046510452989,1.46389099725476e-41,0.211097512552943,TRUE,TRUE,FALSE
"RFX1",8,"CR_06110C_A",1.45031014791532e-06,1.91392091827418e-32,0.00511419571806779,TRUE,TRUE,TRUE
"RPL7",3,"CR_06120W_A",0.00172732064949635,6.12168898140418e-104,0.0228180576511793,TRUE,TRUE,TRUE
"CAALFM_CR06140WA",8,"CR_06140W_A",0.337287852598884,6.68560428247047e-17,0.0336654136786572,FALSE,TRUE,TRUE
"ADE13",1,"CR_06150C_A",0.360326332382585,2.72822592717358e-147,1.77139841633605e-05,FALSE,TRUE,TRUE
"DAD3",1,"CR_06160C_A",6.91913675887276e-06,3.14304359055179e-16,0.394781782829389,TRUE,TRUE,FALSE
"CAALFM_CR06170WA",5,"CR_06170W_A",0.25282212839438,1.03443963017251e-62,0.147821050313167,FALSE,TRUE,FALSE
"ARC40",4,"CR_06180W_A",0.00227529943904554,2.64457222148902e-102,0.225798491577475,TRUE,TRUE,FALSE
"CAALFM_CR06190CA",8,"CR_06190C_A",1.0490513331386e-05,0.000133370543819901,0.00732032164696795,TRUE,TRUE,TRUE
"CAALFM_CR06200CA",3,"CR_06200C_A",4.92754621784673e-10,4.50052167957092e-50,0.00728070365690712,TRUE,TRUE,TRUE
"CAALFM_CR06210CA",3,"CR_06210C_A",4.01932737924595e-10,4.87801353051404e-52,0.00806989505558942,TRUE,TRUE,TRUE
"CAALFM_CR06220CA",3,"CR_06220C_A",0.000170936292740885,6.70429549492665e-33,0.509650166466765,TRUE,TRUE,FALSE
"CAALFM_CR06230WA",8,"CR_06230W_A",0.107524852166435,1.99127882591441e-37,0.000363478681369062,FALSE,TRUE,TRUE
"ZCF19",8,"CR_06240C_A",0.00112332040649824,0.000193489685624216,0.134712633072505,TRUE,TRUE,FALSE
"CAALFM_CR06250WA",8,"CR_06250W_A",2.24667543171438e-05,1.82609452305379e-13,0.000577947184444787,TRUE,TRUE,TRUE
"CAALFM_CR06260WA",5,"CR_06260W_A",5.08300951343706e-07,1.44786258244865e-35,3.26513085568552e-05,TRUE,TRUE,TRUE
"CAALFM_CR06270WA",8,"CR_06270W_A",0.000226389124985153,0.211897609037383,0.00375783925664337,TRUE,FALSE,TRUE
"CAALFM_CR06290CA",6,"CR_06290C_A",0.0183433699320916,1.71775363612021e-31,0.00619382491419549,TRUE,TRUE,TRUE
"FGR50",2,"CR_06300C_A",0.109381509048088,1.14490492905248e-15,0.0901745096922777,FALSE,TRUE,FALSE
"CAALFM_CR06310WA",6,"CR_06310W_A",0.000454995388915809,5.34855432654856e-61,6.01582446154377e-07,TRUE,TRUE,TRUE
"CAALFM_CR06320CA",8,"CR_06320C_A",1.4704737753494e-09,1.07053070358623e-111,0.0671424059970699,TRUE,TRUE,FALSE
"CAALFM_CR06330CA",3,"CR_06330C_A",0.0108301664437982,1.76794497503232e-64,0.54013210007224,TRUE,TRUE,FALSE
"PGI1",1,"CR_06340C_A",2.41744256722502e-06,6.48950975973839e-141,1.27374119818521e-07,TRUE,TRUE,TRUE
"CAALFM_CR06380CA",7,"CR_06380C_A",1.29397312579851e-07,1.30200744276404e-40,0.00050151296824388,TRUE,TRUE,TRUE
"CAALFM_CR06430WA",4,"CR_06430W_A",0.69756025328398,0.0436843733113152,0.261485209799109,FALSE,TRUE,FALSE
"BCR1",8,"CR_06440C_A",4.76332101915489e-12,3.36301229156952e-87,3.17656194161839e-08,TRUE,TRUE,TRUE
"CAALFM_CR06450WA",3,"CR_06450W_A",0.0667894893274843,1.32632510361258e-23,0.609986142644416,FALSE,TRUE,FALSE
"GST3",8,"CR_06460W_A",4.5046313153753e-10,1.58947512896424e-87,0.352973271038065,TRUE,TRUE,FALSE
"CAALFM_CR06470WA",5,"CR_06470W_A",0.0130632162245784,6.51974608273096e-34,0.256798409568528,TRUE,TRUE,FALSE
"RRN11",3,"CR_06480C_A",0.00167725514499364,2.10416056996495e-22,0.147440008099734,TRUE,TRUE,FALSE
"HSP60",1,"CR_06490C_A",1.55063706122941e-05,1.74719625525283e-82,0.000107930572988921,TRUE,TRUE,TRUE
"CAALFM_CR06500CA",5,"CR_06500C_A",1.4753241814826e-12,1.1107275818155e-31,9.91389868610284e-09,TRUE,TRUE,TRUE
"CAALFM_CR06510WA",8,"CR_06510W_A",7.56543601116102e-29,1.93967841706266e-74,2.45489104435841e-14,TRUE,TRUE,TRUE
"CAALFM_CR06520CA",2,"CR_06520C_A",0.00431972532515699,5.40679402878953e-20,0.547287264817027,TRUE,TRUE,FALSE
"CAALFM_CR06530WA",2,"CR_06530W_A",0.0735777862886929,7.9848327459117e-19,0.965050446487003,FALSE,TRUE,FALSE
"KIP1",7,"CR_06540W_A",0.00370039424342333,4.5347572270351e-24,0.0425392086836602,TRUE,TRUE,TRUE
"CAALFM_CR06550CA",8,"CR_06550C_A",7.61568980211634e-13,6.3963361289836e-21,1.02682751835465e-07,TRUE,TRUE,TRUE
"CAALFM_CR06560CA",8,"CR_06560C_A",0.000201896414945154,1.35839772869927e-30,0.668938945722924,TRUE,TRUE,FALSE
"CAALFM_CR06570CA",8,"CR_06570C_A",0.00521554930770909,9.9494554418951e-19,0.0227780206286046,TRUE,TRUE,TRUE
"CAALFM_CR06580WA",6,"CR_06580W_A",3.13769525950013e-06,1.02650137017393e-58,0.271487295205157,TRUE,TRUE,FALSE
"RGS2",6,"CR_06590C_A",2.69769164942037e-12,1.6422024705323e-125,0.0968456864745396,TRUE,TRUE,FALSE
"CAALFM_CR06600CA",8,"CR_06600C_A",0.484475574182869,6.89414816167206e-13,0.00514711409212342,FALSE,TRUE,TRUE
"STE2",7,"CR_06610W_A",1.02904693997687e-07,5.87222892496701e-64,0.111508413089812,TRUE,TRUE,FALSE
"CAALFM_CR06620WA",6,"CR_06620W_A",2.02508881893492e-06,2.77557161761486e-27,0.0183954726929468,TRUE,TRUE,TRUE
"CAALFM_CR06630WA",8,"CR_06630W_A",1.11737031592258e-07,2.62077280794845e-11,0.056394146160132,TRUE,TRUE,FALSE
"CAALFM_CR06640CA",8,"CR_06640C_A",6.47806254703633e-13,7.83495838512464e-61,0.00300386900132831,TRUE,TRUE,TRUE
"CAALFM_CR06650CA",8,"CR_06650C_A",5.03013584618942e-26,1.00685557303478e-116,0.00220516248194773,TRUE,TRUE,TRUE
"SEO1",2,"CR_06660W_A",0.0244196743218798,3.47223533574951e-307,2.85481958175954e-09,TRUE,TRUE,TRUE
"CFL11",7,"CR_06670W_A",0.000165009770937587,2.58401018043424e-62,0.0113902979428542,TRUE,TRUE,TRUE
"CAALFM_CR06680CA",2,"CR_06680C_A",0.00740084602277348,1.19224644640212e-23,0.0511151521495009,TRUE,TRUE,FALSE
"CAALFM_CR06690CA",5,"CR_06690C_A",9.88198374524352e-06,1.451181039131e-56,7.77188225455006e-05,TRUE,TRUE,TRUE
"SOL3",4,"CR_06700C_A",5.10579672952699e-06,4.76895029412744e-159,0.891843039907445,TRUE,TRUE,FALSE
"GCN5",7,"CR_06710C_A",0.626560875156031,4.60744649734236e-07,0.0704630324858923,FALSE,TRUE,FALSE
"NMD3",1,"CR_06720W_A",1.0096617654095e-05,1.4403514448413e-184,0.0120736685296637,TRUE,TRUE,TRUE
"APG7",5,"CR_06730W_A",6.72015305451808e-09,3.80616080043919e-103,0.00560130675677587,TRUE,TRUE,TRUE
"CAALFM_CR06740WA",2,"CR_06740W_A",0.000225024366731898,2.55608211202839e-13,0.158553266366863,TRUE,TRUE,FALSE
"PUP2",4,"CR_06750C_A",1.14047755758029e-06,2.68824662442573e-100,0.00724135390174628,TRUE,TRUE,TRUE
"LSC2",1,"CR_06760C_A",0.0039123613489828,4.21210122590894e-277,0.0678492469232032,TRUE,TRUE,FALSE
"CAALFM_CR06770CA",4,"CR_06770C_A",7.81616592083935e-08,3.3147304085845e-11,0.0375824887482026,TRUE,TRUE,TRUE
"CAALFM_CR06780WA",6,"CR_06780W_A",0.588826079038812,1.71182779933208e-14,0.642651008688916,FALSE,TRUE,FALSE
"CAALFM_CR06790CA",2,"CR_06790C_A",0.00533102461301598,3.48704104394784e-83,3.98797002866789e-15,TRUE,TRUE,TRUE
"HHF22",1,"CR_06800C_A",5.92484780008782e-13,2.90000436475456e-70,1.81992342084925e-08,TRUE,TRUE,TRUE
"HHT2",1,"CR_06810W_A",5.70516106342245e-13,3.06567662731927e-139,4.06618759691494e-06,TRUE,TRUE,TRUE
"CAALFM_CR06820WA",6,"CR_06820W_A",9.34366394226437e-05,1.25827855374602e-36,4.61899652032039e-06,TRUE,TRUE,TRUE
"SIW14",1,"CR_06830C_A",0.425068836465278,5.69797175314051e-06,0.577321550027933,FALSE,TRUE,FALSE
"CAALFM_CR06840WA",3,"CR_06840W_A",0.0705140930646187,3.14586358070273e-26,0.297956774835488,FALSE,TRUE,FALSE
"CAALFM_CR06850CA",4,"CR_06850C_A",0.000765624526543569,2.64061927226328e-13,0.00766771922538907,TRUE,TRUE,TRUE
"ARO10",8,"CR_06860C_A",5.00644668418388e-10,6.58958989137348e-214,6.05475272333239e-10,TRUE,TRUE,TRUE
"CAALFM_CR06870CA",7,"CR_06870C_A",3.47107988593684e-09,4.43013039628694e-77,0.0337298350228987,TRUE,TRUE,TRUE
"ALG6",1,"CR_06900C_A",0.00255493177392636,3.14738433395299e-44,0.203599764746048,TRUE,TRUE,FALSE
"BUD5",6,"CR_06910W_A",0.00893416694836228,1.36684497240971e-05,0.172902922766811,TRUE,TRUE,FALSE
"CAALFM_CR06920WA",2,"CR_06920W_A",0.0132201668045134,6.510918845787e-08,0.00505553448433285,TRUE,TRUE,TRUE
"CAALFM_CR06930WA",6,"CR_06930W_A",0.690038843211289,3.58410306870808e-29,0.0261570397583098,FALSE,TRUE,TRUE
"DSL1",4,"CR_06940W_A",0.0506429657572667,1.13311389482386e-20,0.00541826635143716,FALSE,TRUE,TRUE
"ATX1",6,"CR_06950C_A",3.50063744518286e-07,5.51033352870972e-18,3.94982014869679e-08,TRUE,TRUE,TRUE
"CAALFM_CR06960WA",4,"CR_06960W_A",0.218845677538964,1.63485525920811e-23,0.0699307398953201,FALSE,TRUE,FALSE
"CAALFM_CR06970CA",2,"CR_06970C_A",0.541860476085692,1.04304131253394e-33,0.00125795529551183,FALSE,TRUE,TRUE
"CAALFM_CR06980WA",6,"CR_06980W_A",0.0163909291370301,1.71389229669066e-26,0.0323184722979525,TRUE,TRUE,TRUE
"CAALFM_CR06990WA",6,"CR_06990W_A",0.262217724478753,1.64243867584424e-10,0.85268811228644,FALSE,TRUE,FALSE
"POL2",2,"CR_07000C_A",4.28997743908969e-12,1.51026200312361e-17,0.00178823943754459,TRUE,TRUE,TRUE
"MIS11",1,"CR_07010W_A",0.000548486522758566,4.89253510629911e-121,9.8646530543311e-13,TRUE,TRUE,TRUE
"CAALFM_CR07020WA",1,"CR_07020W_A",0.0733335814911099,1.98034748285636e-14,0.315196714338009,FALSE,TRUE,FALSE
"CAALFM_CR07030CA",3,"CR_07030C_A",0.000104768702777154,1.86908920430907e-47,0.000317615447315467,TRUE,TRUE,TRUE
"SPT10",6,"CR_07040W_A",0.0430449942276485,3.62346907334848e-38,0.0396475547785554,TRUE,TRUE,TRUE
"URA2",1,"CR_07050C_A",1.80422038062578e-07,2.90620599321141e-198,1.47431795306089e-06,TRUE,TRUE,TRUE
"CRZ2",6,"CR_07060C_A",2.34660551383856e-11,3.72395464224096e-54,0.000123976434054224,TRUE,TRUE,TRUE
"ALS3",8,"CR_07070C_A",0.027602638420146,1.58629524697044e-12,0.00630021838802961,TRUE,TRUE,TRUE
"CAALFM_CR07080WA",1,"CR_07080W_A",4.39152309992448e-05,1.33122416683007e-46,8.23080031594375e-11,TRUE,TRUE,TRUE
"STT4",4,"CR_07090W_A",0.0505260019964239,1.01003375035495e-45,0.541539431521984,FALSE,TRUE,FALSE
"FLC2",8,"CR_07100W_A",0.0717771974740878,1.48048158093727e-05,0.0158353681670627,FALSE,TRUE,TRUE
"CAALFM_CR07110CA",6,"CR_07110C_A",0.00238209225639829,1.01716863959993e-13,0.140844709996326,TRUE,TRUE,FALSE
"CAALFM_CR07120CA",8,"CR_07120C_A",0.112799221845638,1.07951705847979e-06,0.646015590713436,FALSE,TRUE,FALSE
"ALK8",6,"CR_07130C_A",1.69876972344957e-13,5.27161858144104e-191,0.000128679277152132,TRUE,TRUE,TRUE
"CAALFM_CR07140CA",5,"CR_07140C_A",1.13862006457259e-08,2.20510617035034e-38,4.63093579851561e-07,TRUE,TRUE,TRUE
"GLK1",5,"CR_07150W_A",2.32989045422216e-13,4.17193196756974e-105,4.61790846027464e-08,TRUE,TRUE,TRUE
"CAALFM_CR07160CA",8,"CR_07160C_A",1.17371254946426e-06,3.2954290372732e-80,0.000612110584056138,TRUE,TRUE,TRUE
"CAALFM_CR07170WA",8,"CR_07170W_A",3.43193043532422e-13,5.41863141670536e-71,0.0230001769967375,TRUE,TRUE,TRUE
"EMP46",1,"CR_07180W_A",7.60718372013459e-05,1.31768723540354e-49,0.695597812268162,TRUE,TRUE,FALSE
"CAALFM_CR07190WA",6,"CR_07190W_A",0.00506327127782288,9.10187771599492e-33,0.000187502020748178,TRUE,TRUE,TRUE
"CAALFM_CR07200WA",7,"CR_07200W_A",0.005039850163985,4.9747192535938e-33,0.00685291304889729,TRUE,TRUE,TRUE
"ARC15",6,"CR_07210W_A",0.0105774353761404,1.17697106720494e-14,0.00436684399286908,TRUE,TRUE,TRUE
"CAALFM_CR07220CA",6,"CR_07220C_A",0.799120864079052,9.51818438565506e-15,0.461173070306359,FALSE,TRUE,FALSE
"CAALFM_CR07230WA",4,"CR_07230W_A",0.0304295151468976,0.674995078475302,0.0539723089707435,TRUE,FALSE,FALSE
"CLG1",8,"CR_07240C_A",0.0115029518040419,7.58583435800629e-44,4.46360288346904e-07,TRUE,TRUE,TRUE
"CAALFM_CR07250CA",5,"CR_07250C_A",2.11454729826275e-11,2.79873290633269e-60,0.0958634407269249,TRUE,TRUE,FALSE
"CAALFM_CR07260CA",7,"CR_07260C_A",0.00444307748141811,1.00814462040386e-17,0.613489955237942,TRUE,TRUE,FALSE
"HGT16",6,"CR_07270C_A",0.585920569813319,5.57457033914882e-54,0.00451711358054894,FALSE,TRUE,TRUE
"FRE30",8,"CR_07280W_A",1.07590684653258e-11,3.21315244962796e-29,5.60108744582523e-06,TRUE,TRUE,TRUE
"FRE7",8,"CR_07290W_A",1.11286312340647e-11,2.91936065762679e-77,2.68003411976548e-05,TRUE,TRUE,TRUE
"CAALFM_CR07300WA",7,"CR_07300W_A",7.8889649127387e-07,2.70679059734727e-61,0.00413021743468323,TRUE,TRUE,TRUE
"CAALFM_CR07310WA",3,"CR_07310W_A",0.00180029251858277,4.14083178770692e-27,0.702946160711529,TRUE,TRUE,FALSE
"CAALFM_CR07320CA",1,"CR_07320C_A",0.00310842168109953,7.03819215022912e-98,0.141107329961068,TRUE,TRUE,FALSE
"SMX4",4,"CR_07330W_A",4.2054869911415e-05,1.57284181424573e-06,7.56308031731338e-07,TRUE,TRUE,TRUE
"CAALFM_CR07340CA",8,"CR_07340C_A",0.737825496499891,1.17470363347255e-16,0.313361055469761,FALSE,TRUE,FALSE
"CAALFM_CR07350WA",5,"CR_07350W_A",0.279072660974647,7.23338004148555e-26,0.607267780562291,FALSE,TRUE,FALSE
"PIF1",2,"CR_07360W_A",0.00182010571448473,2.28651562843088e-06,0.0213639372275578,TRUE,TRUE,TRUE
"CAALFM_CR07370WA",4,"CR_07370W_A",0.00554789717070282,3.29760545222919e-14,5.81417925329094e-06,TRUE,TRUE,TRUE
"KSR1",4,"CR_07380C_A",0.000116104855935326,1.6932742877066e-28,0.673414536501306,TRUE,TRUE,FALSE
"MRPL8",1,"CR_07390C_A",1.90359609995243e-15,1.26491237986819e-93,0.0172996273121477,TRUE,TRUE,TRUE
"LPD1",1,"CR_07400C_A",0.00315409189982018,2.14987964353522e-22,0.189151962596983,TRUE,TRUE,FALSE
"KGD2",4,"CR_07420W_A",1.89285583079138e-08,2.7635712054083e-31,0.166387642779077,TRUE,TRUE,FALSE
"ACE2",4,"CR_07440W_A",0.000396869793062561,1.64341419600301e-21,0.0379802757670272,TRUE,TRUE,TRUE
"MNL1",5,"CR_07450C_A",0.0514535608711206,1.37102527055621e-21,0.00435489881558901,FALSE,TRUE,TRUE
"CAALFM_CR07460CA",1,"CR_07460C_A",1.11985573256464e-06,1.55276601409882e-93,0.343634555274705,TRUE,TRUE,FALSE
"CAALFM_CR07470WA",2,"CR_07470W_A",0.0192845175950838,0.0145126215951946,0.0777125611051633,TRUE,TRUE,FALSE
"CAALFM_CR07480WA",8,"CR_07480W_A",1.68043260821923e-09,3.30086820775582e-45,0.000138590567535652,TRUE,TRUE,TRUE
"GLK4",5,"CR_07490C_A",1.35593794019441e-11,1.19129595964924e-62,7.14695019113265e-09,TRUE,TRUE,TRUE
"CAALFM_CR07500WA",7,"CR_07500W_A",3.29686089732997e-07,2.66294376371484e-48,0.0269041886766947,TRUE,TRUE,TRUE
"CAALFM_CR07510WA",2,"CR_07510W_A",0.259965681633931,2.37227244747865e-21,0.0125828729169451,FALSE,TRUE,TRUE
"YPT31",2,"CR_07520C_A",0.00993654371275637,1.79519000402992e-17,0.0715862527282255,TRUE,TRUE,FALSE
"ECM22",8,"CR_07530C_A",5.60028927851731e-20,7.47317580500223e-24,3.19248242398111e-21,TRUE,TRUE,TRUE
"CAALFM_CR07540CA",7,"CR_07540C_A",7.4173538489335e-08,1.06859714466636e-53,0.0390699926614643,TRUE,TRUE,TRUE
"RGD3",6,"CR_07560W_A",0.00416862935922237,3.28082115968583e-30,0.00021751970067834,TRUE,TRUE,TRUE
"CAALFM_CR07570WA",4,"CR_07570W_A",0.965862030448614,5.36592249941979e-10,0.356617417537571,FALSE,TRUE,FALSE
"TSC11",7,"CR_07580C_A",1.15225385992014e-05,5.7277914550929e-64,0.00744161014509075,TRUE,TRUE,TRUE
"EMP24",1,"CR_07590W_A",0.00124259585392712,4.48945167048984e-79,0.0933432117785515,TRUE,TRUE,FALSE
"CAALFM_CR07600WA",3,"CR_07600W_A",0.00108341354676521,1.05374137779181e-14,0.0159652883972461,TRUE,TRUE,TRUE
"AAT21",5,"CR_07620W_A",0.000323042920331294,1.14766497927334e-20,0.000492587228794987,TRUE,TRUE,TRUE
"RPS27",1,"CR_07630C_A",4.76457772128311e-10,1.3904224777844e-166,0.00147800698420816,TRUE,TRUE,TRUE
"CAALFM_CR07640CA",2,"CR_07640C_A",0.368527175716336,8.90089267740453e-06,0.214283474698381,FALSE,TRUE,FALSE
"GLC7",1,"CR_07650W_A",0.14453289827808,3.38267954702726e-99,0.000552141184055168,FALSE,TRUE,TRUE
"CAALFM_CR07660CA",2,"CR_07660C_A",0.968241794587848,0.00303792117328043,0.748445567086311,FALSE,TRUE,FALSE
"CAALFM_CR07670WA",1,"CR_07670W_A",0.226935563859087,2.64731156364464e-13,0.220271284353791,FALSE,TRUE,FALSE
"CAALFM_CR07680CA",7,"CR_07680C_A",0.000183080643645717,3.18126464302947e-42,0.000249618456988484,TRUE,TRUE,TRUE
"CAALFM_CR07690WA",2,"CR_07690W_A",0.00660241797108944,1.57292832823689e-07,0.334797715647273,TRUE,TRUE,FALSE
"CAALFM_CR07700WA",6,"CR_07700W_A",3.11558466910975e-08,1.59317670162484e-106,0.00242580663620071,TRUE,TRUE,TRUE
"ARO2",1,"CR_07710W_A",5.248562807976e-23,1.30984643858693e-54,0.000577380275558769,TRUE,TRUE,TRUE
"CDC45",2,"CR_07720C_A",4.2375500262274e-05,1.98293561398286e-07,0.013536806419933,TRUE,TRUE,TRUE
"HGT14",8,"CR_07730W_A",6.17683478934378e-05,1.77408231228805e-50,0.121944040464266,TRUE,TRUE,FALSE
"CAALFM_CR07740WA",8,"CR_07740W_A",6.51365005930767e-14,3.0996516534459e-09,7.84017098348195e-07,TRUE,TRUE,TRUE
"CAALFM_CR07750CA",1,"CR_07750C_A",0.014608232534725,3.25014208000925e-48,0.0669905527779439,TRUE,TRUE,FALSE
"CAALFM_CR07760WA",2,"CR_07760W_A",0.00115931766521381,7.7519198609507e-76,0.523515055135222,TRUE,TRUE,FALSE
"PTC6",6,"CR_07770C_A",2.69927028335098e-05,2.56311119826203e-69,0.0222366663208528,TRUE,TRUE,TRUE
"CAALFM_CR07780WA",6,"CR_07780W_A",0.504576751182099,2.19335339556833e-21,2.75473252974358e-05,FALSE,TRUE,TRUE
"YHB1",8,"CR_07790C_A",5.20879909995983e-06,7.36253435881284e-16,0.000991435265736402,TRUE,TRUE,TRUE
"SAP2",7,"CR_07800W_A",1.04541822673939e-05,7.65450945073225e-65,0.13377867612964,TRUE,TRUE,FALSE
"YHB5",8,"CR_07810W_A",0.0304257323875485,1.77174090016819e-15,0.669459353181716,TRUE,TRUE,FALSE
"CAALFM_CR07820WA",6,"CR_07820W_A",1.77570182609958e-19,1.9656270712421e-289,0.0127905645182643,TRUE,TRUE,TRUE
"CAALFM_CR07830CA",8,"CR_07830C_A",2.3028244522692e-16,3.24466275414947e-28,0.00166703397568048,TRUE,TRUE,TRUE
"CAALFM_CR07840CA",8,"CR_07840C_A",6.8846633960828e-29,2.73981001908495e-33,7.57386587341405e-07,TRUE,TRUE,TRUE
"CAALFM_CR07850WA",7,"CR_07850W_A",3.59528273716814e-05,8.52998503421874e-36,0.00354268929260023,TRUE,TRUE,TRUE
"ASF1",2,"CR_07860C_A",4.12132545296168e-09,8.46667419775824e-15,0.244340161696189,TRUE,TRUE,FALSE
"CAALFM_CR07870WA",7,"CR_07870W_A",NA,3.11414220261493e-49,0.0196913302317848,FALSE,TRUE,TRUE
"tG(GCC)1",7,"CR_07880C_A",0.299200088943255,1.61874034645324e-08,0.645866039131395,FALSE,TRUE,FALSE
"EFG1",6,"CR_07890W_A",0.904914263017129,1.8516217550229e-23,0.155948629113676,FALSE,TRUE,FALSE
"CAALFM_CR07910CA",8,"CR_07910C_A",6.43718379439063e-05,4.29686565425271e-26,0.0242028088417502,TRUE,TRUE,TRUE
"CAALFM_CR07920WA",8,"CR_07920W_A",4.39719890376447e-15,7.8461024122234e-67,0.0177090355460422,TRUE,TRUE,TRUE
"CAALFM_CR07940WA",7,"CR_07940W_A",1.53412133644651e-06,4.69879488089334e-61,0.00733079495646201,TRUE,TRUE,TRUE
"IMP4",3,"CR_07950W_A",1.40422697803883e-05,1.37873363241809e-39,0.0692997079475155,TRUE,TRUE,FALSE
"TRK1",2,"CR_07960C_A",0.604727729344247,3.10829518357069e-09,0.722728178384932,FALSE,TRUE,FALSE
"CAALFM_CR08000CA",1,"CR_08000C_A",0.572656112236668,3.31305851614945e-55,0.00416429633635615,FALSE,TRUE,TRUE
"DAD4",2,"CR_08010W_A",0.577197972595114,7.63036632088559e-22,0.000428285088387749,FALSE,TRUE,TRUE
"NOP10",3,"CR_08020C_A",2.8766253108684e-10,9.64306097355031e-63,0.00384402527661347,TRUE,TRUE,TRUE
"FGR32",6,"CR_08030C_A",0.556272409845253,6.20918285393932e-24,0.0610532237791204,FALSE,TRUE,FALSE
"CAALFM_CR08040WA",5,"CR_08040W_A",0.00277112320044744,3.58221186664647e-49,0.0158910131525319,TRUE,TRUE,TRUE
"CAALFM_CR08050CA",4,"CR_08050C_A",0.0100742693747047,1.01575089053184e-34,0.742033030700553,TRUE,TRUE,FALSE
"VPS21",8,"CR_08060C_A",9.66535202490036e-08,8.95817459661421e-27,0.0239721438258411,TRUE,TRUE,TRUE
"PTP1",1,"CR_08070W_A",0.00719608516500994,1.41724669911086e-63,0.000866865758329429,TRUE,TRUE,TRUE
"CAALFM_CR08080WA",7,"CR_08080W_A",1.16250635112325e-08,7.59719474795386e-66,0.00480931299914371,TRUE,TRUE,TRUE
"SSB1",1,"CR_08090W_A",3.37527436821645e-07,8.49503020299499e-154,3.96640270620895e-05,TRUE,TRUE,TRUE
"RIO2",3,"CR_08100C_A",4.74533566851838e-05,1.40923998073775e-24,0.253360791134186,TRUE,TRUE,FALSE
"CAALFM_CR08110WA",7,"CR_08110W_A",0.0284860797819968,3.08847457455338e-18,0.0238327830606451,TRUE,TRUE,TRUE
"DCP2",8,"CR_08120C_A",0.00165605393211229,1.10300553065911e-41,0.000142335695033026,TRUE,TRUE,TRUE
"CAALFM_CR08130WA",2,"CR_08130W_A",0.000747002990526177,7.14694358897659e-12,0.00178695595055501,TRUE,TRUE,TRUE
"CAALFM_CR08140WA",8,"CR_08140W_A",0.119425478657295,0.00355256290864651,0.249098401492667,FALSE,TRUE,FALSE
"RPS20",1,"CR_08150W_A",1.09631402904288e-20,1.66130359408809e-165,1.10303783550391e-06,TRUE,TRUE,TRUE
"PTC5",8,"CR_08160W_A",1.01921628149863e-07,1.64316261109733e-25,0.000209926201254911,TRUE,TRUE,TRUE
"CAALFM_CR08170CA",7,"CR_08170C_A",0.0684427429845674,1.58815681299197e-27,0.0266522698101638,FALSE,TRUE,TRUE
"TRM9",3,"CR_08180C_A",0.000166666192340431,4.75457439368222e-25,0.145022937783551,TRUE,TRUE,FALSE
"CAALFM_CR08190WA",1,"CR_08190W_A",0.680027524808211,4.04971028520125e-14,0.265090243490339,FALSE,TRUE,FALSE
"CAALFM_CR08200CA",6,"CR_08200C_A",0.0120202024165211,1.64470235254845e-46,0.0068912883607874,TRUE,TRUE,TRUE
"ACO1",1,"CR_08210C_A",0.00988636988881388,2.08441789450784e-82,0.110417796046509,TRUE,TRUE,FALSE
"tK(UUU)3",7,"CR_08220C_A",NA,1.09575286980256e-45,0.535754718979808,FALSE,TRUE,FALSE
"tK(UUU)4",8,"CR_08230C_A",2.33517495039768e-08,1.77988309809645e-05,0.359730979780077,TRUE,TRUE,FALSE
"HSP104",8,"CR_08250C_A",1.20200053502429e-11,2.59307094255554e-42,0.000496648865942363,TRUE,TRUE,TRUE
"CAALFM_CR08260CA",8,"CR_08260C_A",7.83788511474092e-14,1.48507888478529e-49,0.000102421325831238,TRUE,TRUE,TRUE
"CAALFM_CR08270WA",7,"CR_08270W_A",4.63949614750836e-11,4.999949337944e-100,0.443617408776127,TRUE,TRUE,FALSE
"CAALFM_CR08280WA",2,"CR_08280W_A",0.000820200013934324,5.49789923790362e-20,0.00620876070679001,TRUE,TRUE,TRUE
"CAALFM_CR08290WA",6,"CR_08290W_A",0.507034102449665,3.38644377100679e-26,0.0610532237791204,FALSE,TRUE,FALSE
"CAALFM_CR08300CA",4,"CR_08300C_A",6.31529969556875e-05,2.38253352237374e-14,0.00445233006583225,TRUE,TRUE,TRUE
"CAALFM_CR08310CA",7,"CR_08310C_A",0.00663217619440397,9.48513060404974e-07,0.00951887792677003,TRUE,TRUE,TRUE
"ATS1",8,"CR_08320W_A",0.0303179346966426,2.85457291672807e-22,0.401605799428864,TRUE,TRUE,FALSE
"CAALFM_CR08330WA",1,"CR_08330W_A",0.259855546068379,1.26679562851911e-16,0.434383974783171,FALSE,TRUE,FALSE
"CYS3",1,"CR_08340W_A",0.327751536788462,6.02789080208985e-152,1.1235129868814e-09,FALSE,TRUE,TRUE
"CAALFM_CR08350WA",1,"CR_08350W_A",0.331907927564182,2.06746290589443e-24,0.28656174905536,FALSE,TRUE,FALSE
"RPP2A",1,"CR_08360C_A",3.50501306737389e-17,2.36225650246298e-140,0.0177023080615386,TRUE,TRUE,TRUE
"GSH2",4,"CR_08370W_A",0.000107772073692751,6.12795720095514e-52,0.909158597880713,TRUE,TRUE,FALSE
"CAALFM_CR08380CA",7,"CR_08380C_A",0.00278871908902332,5.42516075343836e-33,0.0020264904029272,TRUE,TRUE,TRUE
"CAALFM_CR08400CA",1,"CR_08400C_A",0.0231534164895498,1.00841536448083e-24,0.922654896810212,TRUE,TRUE,FALSE
"CAALFM_CR08410WA",2,"CR_08410W_A",0.65002289654336,0.00702663356854098,0.354753589333983,FALSE,TRUE,FALSE
"CAALFM_CR08420WA",8,"CR_08420W_A",0.00354507685888408,4.22105455970455e-32,0.396903044042392,TRUE,TRUE,FALSE
"CAALFM_CR08430WA",1,"CR_08430W_A",0.107701072162202,6.36950477158822e-46,0.733313019809676,FALSE,TRUE,FALSE
"CAALFM_CR08440WA",2,"CR_08440W_A",0.00602277273066071,2.33107405210812e-06,0.00939860178976297,TRUE,TRUE,TRUE
"CAALFM_CR08450CA",4,"CR_08450C_A",0.000652450107850953,7.58736826276118e-19,0.282976857531974,TRUE,TRUE,FALSE
"TPM2",4,"CR_08460W_A",3.25749232922702e-06,2.64067023015894e-07,3.04365272466019e-09,TRUE,TRUE,TRUE
"CAALFM_CR08470WA",8,"CR_08470W_A",5.86887249771725e-10,0.0197192506601696,6.37899356687959e-06,TRUE,TRUE,TRUE
"CAALFM_CR08480CA",1,"CR_08480C_A",2.14460065476948e-08,1.12139849235836e-141,0.00213634406388489,TRUE,TRUE,TRUE
"TSR1",1,"CR_08490W_A",0.00014513226414341,3.10858695649546e-111,0.000489851349847828,TRUE,TRUE,TRUE
"CAALFM_CR08500WA",1,"CR_08500W_A",4.16487217861753e-05,2.48461677527014e-114,0.0467346777859948,TRUE,TRUE,TRUE
"PGA13",3,"CR_08510W_A",5.99015184688475e-06,4.57918092256576e-19,0.0437126410569438,TRUE,TRUE,TRUE
"CAALFM_CR08520CA",2,"CR_08520C_A",0.000199350369717822,7.33272814643385e-17,6.81859812933189e-09,TRUE,TRUE,TRUE
"tL(CAA)4",8,"CR_08530C_A",6.72550225512869e-05,6.06603471946779e-10,0.133902175517152,TRUE,TRUE,FALSE
"SSY5",5,"CR_08540C_A",0.000686724234608887,3.43042178429616e-38,0.0125339770492423,TRUE,TRUE,TRUE
"CAALFM_CR08550WA",5,"CR_08550W_A",0.114941679964676,2.72482729680337e-37,0.549453898212479,FALSE,TRUE,FALSE
"CAALFM_CR08560CA",2,"CR_08560C_A",1.20906565141293e-07,4.04931078590122e-29,0.00173116133057057,TRUE,TRUE,TRUE
"SKI2",1,"CR_08570W_A",0.000390819563955333,2.76159676471123e-106,0.116511988430026,TRUE,TRUE,FALSE
"CAALFM_CR08580CA",3,"CR_08580C_A",0.000290362931936499,6.64662213185092e-15,0.0276086154995635,TRUE,TRUE,TRUE
"CAALFM_CR08590WA",2,"CR_08590W_A",3.09068387503024e-06,5.84245296634644e-37,0.383724617755904,TRUE,TRUE,FALSE
"PEX19",5,"CR_08600C_A",0.00478151667271078,5.97434129635752e-53,0.0671161735559261,TRUE,TRUE,FALSE
"CAALFM_CR08610WA",4,"CR_08610W_A",0.000355872441966639,2.65238616279799e-22,0.0338114047952951,TRUE,TRUE,TRUE
"CAALFM_CR08620CA",4,"CR_08620C_A",0.000440526450356821,7.23408825470932e-62,0.00997655708416283,TRUE,TRUE,TRUE
"CDC23",4,"CR_08630W_A",0.0184382602821,5.80900091047649e-05,0.0910286889556415,TRUE,TRUE,FALSE
"CAALFM_CR08640CA",1,"CR_08640C_A",0.0139344509101757,2.24374658857216e-84,0.0206041730963127,TRUE,TRUE,TRUE
"CAALFM_CR08650CA",5,"CR_08650C_A",0.000660945038745898,1.72656148119773e-44,0.00934882020519734,TRUE,TRUE,TRUE
"PRP8",2,"CR_08660W_A",0.0503827751920558,8.17349724846734e-21,0.810303538658083,FALSE,TRUE,FALSE
"CAALFM_CR08670CA",5,"CR_08670C_A",2.3359870051029e-09,4.67470594437924e-111,0.734854356760725,TRUE,TRUE,FALSE
"CAALFM_CR08680CA",4,"CR_08680C_A",0.528654569119418,1.77429151109708e-10,0.175934993597466,FALSE,TRUE,FALSE
"ECI1",5,"CR_08690C_A",1.59865566720531e-07,3.95761852214958e-97,0.000230189661573684,TRUE,TRUE,TRUE
"ARF1",6,"CR_08700C_A",4.19639030340626e-06,1.33471563372854e-90,0.0013922081493112,TRUE,TRUE,TRUE
"CAALFM_CR08710WA",5,"CR_08710W_A",0.509830244184624,8.85859628427368e-43,0.0766877816292241,FALSE,TRUE,FALSE
"CAALFM_CR08720WA",8,"CR_08720W_A",2.46620921762846e-08,3.04431050122963e-53,0.371973954009211,TRUE,TRUE,FALSE
"tE(UUC)7",6,"CR_08730W_A",0.0869730576697917,2.14394159921144e-44,0.0437720353678639,FALSE,TRUE,TRUE
"CAALFM_CR08740WA",7,"CR_08740W_A",0.00505562126926633,3.86645286398998e-23,0.401565270988769,TRUE,TRUE,FALSE
"TAR1",8,"CR_08820C_A",7.22878419734267e-08,1.84215989973256e-06,0.0369198581913902,TRUE,TRUE,TRUE
"CAALFM_CR08830WA",5,"CR_08830W_A",1.22820692005645e-08,3.17543843715761e-53,1.0074380277937e-09,TRUE,TRUE,TRUE
"NIT2",5,"CR_08840C_A",4.69191281842196e-11,5.78463363293874e-44,0.000184445773304782,TRUE,TRUE,TRUE
"PDK2",5,"CR_08860W_A",0.000182541577922414,5.0538588631389e-70,0.000586012908627877,TRUE,TRUE,TRUE
"PEX13",6,"CR_08870W_A",0.0406260766161208,1.98985958944016e-52,0.050972947691053,TRUE,TRUE,FALSE
"CAALFM_CR08880CA",6,"CR_08880C_A",3.95235462757397e-19,5.75353752004188e-240,1.18429778986779e-07,TRUE,TRUE,TRUE
"ASR2",6,"CR_08890C_A",1.108847745131e-22,2.62684818994368e-163,1.99266593129624e-07,TRUE,TRUE,TRUE
"CAALFM_CR08900CA",4,"CR_08900C_A",0.0916026352504028,4.62357286846838e-13,0.594914015863336,FALSE,TRUE,FALSE
"RPN7",4,"CR_08910C_A",5.39660697813258e-09,5.71054148184916e-43,0.064045382110778,TRUE,TRUE,FALSE
"CAALFM_CR08920WA",5,"CR_08920W_A",1.35056400318032e-13,1.19541129086462e-314,9.50353043763187e-07,TRUE,TRUE,TRUE
"CAALFM_CR08930CA",4,"CR_08930C_A",0.000137531061648366,2.69219643240173e-31,0.0558594743751527,TRUE,TRUE,FALSE
"CAALFM_CR08940WA",2,"CR_08940W_A",9.70949475221585e-09,1.53698029052224e-36,0.218185609056631,TRUE,TRUE,FALSE
"ARP2",4,"CR_08950W_A",5.25748248295601e-07,1.02276868931119e-145,0.221157391782524,TRUE,TRUE,FALSE
"MPS1",2,"CR_08960C_A",0.00202028044970979,2.20800560336279e-07,0.056394146160132,TRUE,TRUE,FALSE
"CAALFM_CR08980CA",2,"CR_08980C_A",0.819766603772502,0.000550138519416132,0.554537291685199,FALSE,TRUE,FALSE
"CAALFM_CR08990CA",8,"CR_08990C_A",2.18086207244842e-24,3.26142305177898e-77,1.02702726613362e-09,TRUE,TRUE,TRUE
"CAALFM_CR09010CA",4,"CR_09010C_A",2.17254195358169e-06,8.78748718194818e-63,1.18725339815198e-13,TRUE,TRUE,TRUE
"CHS2",8,"CR_09020C_A",0.00676922135128647,1.27359339608586e-05,0.0267091799405623,TRUE,TRUE,TRUE
"CAALFM_CR09040WA",8,"CR_09040W_A",4.32953982247954e-20,6.43959858577733e-77,0.0142838259017921,TRUE,TRUE,TRUE
"CAALFM_CR09050CA",2,"CR_09050C_A",0.0421041216745329,4.00124876531075e-15,0.00034832992241148,TRUE,TRUE,TRUE
"CAALFM_CR09060WA",7,"CR_09060W_A",5.84163428560148e-05,4.69787842504174e-50,0.480529291712801,TRUE,TRUE,FALSE
"CAALFM_CR09070CA",6,"CR_09070C_A",1.41401195903908e-06,4.07954383032983e-33,9.07735268788448e-06,TRUE,TRUE,TRUE
"CAALFM_CR09090CA",5,"CR_09090C_A",0.0456179598801516,1.00447366371129e-32,0.258615437051539,TRUE,TRUE,FALSE
"CAALFM_CR09100CA",5,"CR_09100C_A",2.53103660050985e-17,8.04225669522997e-72,3.09741549461461e-05,TRUE,TRUE,TRUE
"CAALFM_CR09110CA",1,"CR_09110C_A",0.28219416829838,3.21532452891075e-61,0.00749766782365447,FALSE,TRUE,TRUE
"TUB1",1,"CR_09120C_A",0.120242190364101,3.54024510538455e-101,0.0139569421923112,FALSE,TRUE,TRUE
"CAALFM_CR09140CA",5,"CR_09140C_A",1.33283659435382e-22,2.1195508619043e-171,0.000496585877458909,TRUE,TRUE,TRUE
"CAALFM_CR09150WA",6,"CR_09150W_A",1.82648657159659e-09,3.54580165425227e-99,0.230663210700248,TRUE,TRUE,FALSE
"ERG13",1,"CR_09160C_A",8.33038287567393e-09,1.54748393949203e-157,0.0170696429378167,TRUE,TRUE,TRUE
"SSU1",8,"CR_09170C_A",5.4299748506468e-24,7.03566573771747e-42,4.67138974176391e-08,TRUE,TRUE,TRUE
"CDG1",8,"CR_09180W_A",8.98699731419311e-23,6.26639123966893e-38,2.13880357066113e-08,TRUE,TRUE,TRUE
"CAALFM_CR09190CA",4,"CR_09190C_A",0.0284860797819968,8.55106358272119e-28,0.0120261542708672,TRUE,TRUE,TRUE
"UGA33",6,"CR_09200C_A",0.393366275041534,3.86454542625317e-16,9.0084038577014e-05,FALSE,TRUE,TRUE
"SUC1",6,"CR_09210W_A",1.92975023583558e-06,6.148427167548e-56,1.57937013049068e-05,TRUE,TRUE,TRUE
"LIP7",7,"CR_09220C_A",0.200786075833693,3.09589014855598e-21,0.243896626004187,FALSE,TRUE,FALSE
"CAALFM_CR09230CA",4,"CR_09230C_A",3.39768356997335e-06,2.06923335534046e-34,0.0137151367137959,TRUE,TRUE,TRUE
"CAALFM_CR09240CA",3,"CR_09240C_A",3.05209708519081e-05,3.15374299794803e-39,0.0121518035067596,TRUE,TRUE,TRUE
"CBP1",5,"CR_09270C_A",0.0018057439892873,5.3760606606226e-22,0.464719678585806,TRUE,TRUE,FALSE
"THI13",6,"CR_09290W_A",0.0154537500766196,1.36539334341565e-34,0.42123342650052,TRUE,TRUE,FALSE
"SCO1",1,"CR_09300C_A",0.831227121836618,9.336715548863e-11,0.511647817830994,FALSE,TRUE,FALSE
"CAALFM_CR09310WA",7,"CR_09310W_A",0.0801181808903181,2.39100506724914e-19,0.0282273262420106,FALSE,TRUE,TRUE
"PHO88",1,"CR_09320C_A",0.0363697479659896,3.31425709186231e-97,0.00280621350334157,TRUE,TRUE,TRUE
"CAALFM_CR09330CA",1,"CR_09330C_A",2.01991530705642e-09,1.25429193217963e-49,0.13042047686696,TRUE,TRUE,FALSE
"CAALFM_CR09340WA",6,"CR_09340W_A",0.0324880400828418,7.48079901166966e-76,0.0538736897853245,TRUE,TRUE,FALSE
"CAALFM_CR09350CA",7,"CR_09350C_A",0.60624778821085,8.725379356963e-31,0.131376736104865,FALSE,TRUE,FALSE
"FCY24",7,"CR_09360W_A",2.54875252015726e-07,2.1282061114773e-91,0.0167377434543293,TRUE,TRUE,TRUE
"ELF1",3,"CR_09370W_A",0.0177374229727562,2.57505827754222e-18,0.159718689373825,TRUE,TRUE,FALSE
"PRE8",2,"CR_09380W_A",0.243366303179305,6.50020675451883e-09,0.279749750490575,FALSE,TRUE,FALSE
"CAALFM_CR09390CA",7,"CR_09390C_A",NA,1.00251089512898e-82,0.162024383459537,FALSE,TRUE,FALSE
"CAALFM_CR09410WA",7,"CR_09410W_A",0.00163752694234066,1.11038151801528e-25,0.0356589579230741,TRUE,TRUE,TRUE
"BGL22",7,"CR_09420C_A",3.18568421104574e-07,3.99599378209119e-145,0.110301349110083,TRUE,TRUE,FALSE
"CAALFM_CR09440CA",7,"CR_09440C_A",7.3007040654108e-08,2.81553481461958e-133,0.00490767007656778,TRUE,TRUE,TRUE
"tD(GUC)7",7,"CR_09450C_A",0.0920803431599363,2.24649548671202e-20,0.366209415936296,FALSE,TRUE,FALSE
"CAALFM_CR09460CA",8,"CR_09460C_A",2.39677754455484e-33,2.38207490427224e-105,2.78117485704267e-06,TRUE,TRUE,TRUE
"AXL1",7,"CR_09470W_A",9.51605764301142e-09,5.28030874505303e-54,0.0204306779086007,TRUE,TRUE,TRUE
"CAALFM_CR09480WA",7,"CR_09480W_A",0.00614527195772229,6.34878616295124e-29,0.4317660744883,TRUE,TRUE,FALSE
"CAALFM_CR09490WA",6,"CR_09490W_A",1.43211837422222e-05,2.34920473404144e-23,0.163190117995018,TRUE,TRUE,FALSE
"CAALFM_CR09500CA",6,"CR_09500C_A",0.00295964967282501,6.95127116710159e-83,0.000938814024882719,TRUE,TRUE,TRUE
"CAALFM_CR09510CA",3,"CR_09510C_A",2.47779612578244e-05,2.48882202925149e-47,0.206662246903743,TRUE,TRUE,FALSE
"CAALFM_CR09520CA",7,"CR_09520C_A",0.000409319602768929,5.90000539691588e-45,0.0097390155955663,TRUE,TRUE,TRUE
"CAALFM_CR09530CA",6,"CR_09530C_A",4.59954617191654e-05,1.20222307271699e-43,0.0108718295640945,TRUE,TRUE,TRUE
"NUO1",2,"CR_09550C_A",0.883597092251511,1.23080305934007e-07,0.499625115525712,FALSE,TRUE,FALSE
"CAALFM_CR09560CA",6,"CR_09560C_A",0.0134856422251504,1.35356881355197e-30,0.0201550709121469,TRUE,TRUE,TRUE
"CAALFM_CR09570WA",6,"CR_09570W_A",0.0016101179801204,6.58694262486734e-53,3.54460196055649e-05,TRUE,TRUE,TRUE
"CAALFM_CR09580CA",8,"CR_09580C_A",0.29432188863233,2.59744382287276e-05,0.437624853682075,FALSE,TRUE,FALSE
"CAALFM_CR09590WA",4,"CR_09590W_A",0.598766806527617,2.23913139105772e-16,0.646844492022131,FALSE,TRUE,FALSE
"YKE2",5,"CR_09600C_A",NA,4.03387188495595e-68,0.050109351855676,FALSE,TRUE,FALSE
"CAALFM_CR09610CA",6,"CR_09610C_A",2.10993570469805e-08,7.600851235386e-35,0.127555803902382,TRUE,TRUE,FALSE
"CAALFM_CR09620CA",5,"CR_09620C_A",0.411884488521325,1.36591689722364e-09,0.677101396421618,FALSE,TRUE,FALSE
"tN(GUU)4",7,"CR_09630W_A",0.00130860582077554,2.78850478386971e-34,0.24483920589134,TRUE,TRUE,FALSE
"CAALFM_CR09640CA",2,"CR_09640C_A",5.53386109876279e-06,2.05981602740153e-24,4.34023621915035e-13,TRUE,TRUE,TRUE
"WAL1",6,"CR_09650W_A",0.0470509846700845,1.5704911331952e-67,0.0301412598612537,TRUE,TRUE,TRUE
"CAALFM_CR09660WA",3,"CR_09660W_A",0.0952918286203688,1.71525899820293e-18,0.611807320653495,FALSE,TRUE,FALSE
"CAALFM_CR09670CA",5,"CR_09670C_A",8.13751959280631e-07,4.07897269619758e-64,0.00711263462311167,TRUE,TRUE,TRUE
"RTA4",7,"CR_09680C_A",0.00013397686677604,1.39544673932937e-66,0.0145382105632873,TRUE,TRUE,TRUE
"PLB3",8,"CR_09690C_A",1.04044338221548e-06,3.43512027601291e-81,0.03721943540228,TRUE,TRUE,TRUE
"CAALFM_CR09700WA",6,"CR_09700W_A",1.50638544024999e-08,2.2328845264035e-75,0.327897582172919,TRUE,TRUE,FALSE
"PCD1",8,"CR_09710W_A",5.00756809565916e-06,3.95519340195382e-58,0.016679787166536,TRUE,TRUE,TRUE
"VMA22",7,"CR_09720W_A",0.410929455379569,6.14280063328593e-22,0.236439415412396,FALSE,TRUE,FALSE
"SSF1",3,"CR_09730C_A",0.0425607266805276,1.75446402440584e-56,0.315196714338009,TRUE,TRUE,FALSE
"CAALFM_CR09740WA",3,"CR_09740W_A",0.000273902356919657,5.81822812357828e-80,0.637660586933837,TRUE,TRUE,FALSE
"CAALFM_CR09750CA",6,"CR_09750C_A",7.85188989051749e-06,5.51236144228526e-46,0.263935161495821,TRUE,TRUE,FALSE
"MED21",2,"CR_09760W_A",0.0544176673234162,2.0583500288975e-07,0.0482317297769209,FALSE,TRUE,TRUE
"PMT5",2,"CR_09770C_A",0.0257690216731038,3.52143074348863e-20,0.00192454635317048,TRUE,TRUE,TRUE
"IFA14",6,"CR_09780C_A",0.228086309110508,2.94522567994991e-166,0.000289632642644791,FALSE,TRUE,TRUE
"ALO1",1,"CR_09790W_A",0.813084732475811,2.47252388652071e-61,0.000901420901060936,FALSE,TRUE,TRUE
"CAALFM_CR09800CA",3,"CR_09800C_A",6.74911243613572e-06,7.61639979546379e-52,0.464648774776953,TRUE,TRUE,FALSE
"CAALFM_CR09810WA",2,"CR_09810W_A",0.026671755837081,1.1578233896009e-06,0.0638340452981036,TRUE,TRUE,FALSE
"CAALFM_CR09830WA",5,"CR_09830W_A",0.00132672314163818,3.58592314183859e-28,2.77343387062166e-09,TRUE,TRUE,TRUE
"CAALFM_CR09840CA",2,"CR_09840C_A",0.741146482194582,3.48012242235956e-08,0.673414536501306,FALSE,TRUE,FALSE
"FGR46",7,"CR_09850C_A",NA,1.38785721800343e-36,0.165042109046252,FALSE,TRUE,FALSE
"YTA6",5,"CR_09860W_A",0.556272409845253,1.90738923216533e-08,0.163666219322015,FALSE,TRUE,FALSE
"DEF1",8,"CR_09880W_A",0.445437977104702,3.92419000327888e-11,0.135695218361703,FALSE,TRUE,FALSE
"BET2",4,"CR_09890C_A",0.089671077042599,3.94270109230888e-08,0.176744133683833,FALSE,TRUE,FALSE
"DPB2",2,"CR_09900C_A",0.000109221689479585,2.59641360635468e-15,0.00189662485981348,TRUE,TRUE,TRUE
"GNP3",8,"CR_09910W_A",3.23473974740257e-12,8.51641985014241e-31,0.00416210856514175,TRUE,TRUE,TRUE
"CAALFM_CR09920WA",8,"CR_09920W_A",0.000123197539042632,4.29706445809383e-61,0.00854831097629637,TRUE,TRUE,TRUE
"CAALFM_CR09930WA",5,"CR_09930W_A",0.000294042571769952,8.75029629665352e-63,0.00786598724170673,TRUE,TRUE,TRUE
"CAALFM_CR09940WA",7,"CR_09940W_A",1.7122902751225e-05,8.9392071276054e-73,0.0375004343229467,TRUE,TRUE,TRUE
"SIK1",1,"CR_09950C_A",0.000223473950619047,5.85598011213979e-133,0.0504152154917059,TRUE,TRUE,FALSE
"UGA3",8,"CR_09960C_A",9.3977157916676e-13,1.29828814635201e-67,6.66165148035839e-06,TRUE,TRUE,TRUE
"UBC4",1,"CR_09970W_A",0.103506499063019,1.27367476888311e-09,0.184938068893195,FALSE,TRUE,FALSE
"SPT7",8,"CR_09980W_A",0.256594199836111,2.60386460158631e-26,0.584796974624789,FALSE,TRUE,FALSE
"CAALFM_CR09990WA",8,"CR_09990W_A",0.0474739614643462,4.3579909229978e-13,0.000422371988818814,TRUE,TRUE,TRUE
"CAALFM_CR10000CA",6,"CR_10000C_A",0.000575457503855153,7.7705694901521e-85,0.000289288270290158,TRUE,TRUE,TRUE
"MSS51",1,"CR_10010C_A",0.00476444826886219,7.33461595875538e-113,0.00179248844378092,TRUE,TRUE,TRUE
"CAALFM_CR10020CA",6,"CR_10020C_A",0.00347760709746451,4.21366008427909e-44,0.175150364395565,TRUE,TRUE,FALSE
"FGR34",5,"CR_10030W_A",0.00303795883071622,2.09739018843362e-61,0.0946576388757774,TRUE,TRUE,FALSE
"CAALFM_CR10040WA",4,"CR_10040W_A",0.0042873770383159,2.12825421398721e-21,0.731484972021838,TRUE,TRUE,FALSE
"CAALFM_CR10060WA",6,"CR_10060W_A",0.956610412303398,2.6102454734985e-26,4.10559559848453e-05,FALSE,TRUE,TRUE
"ZCF39",5,"CR_10070C_A",2.62498105627075e-08,4.56750863363101e-10,0.000711770139801516,TRUE,TRUE,TRUE
"INO1",2,"CR_10100C_A",2.69658637711593e-14,1.00626963279315e-227,4.5161033491357e-38,TRUE,TRUE,TRUE
"CHT3",1,"CR_10110W_A",3.58736252573681e-09,1.83444197840996e-20,1.20520599205428e-09,TRUE,TRUE,TRUE
"CAALFM_CR10120CA",1,"CR_10120C_A",6.64401407517124e-07,1.82182015885742e-60,0.0853382211906847,TRUE,TRUE,FALSE
"CAALFM_CR10130WA",4,"CR_10130W_A",1.92416063462681e-06,9.92794173145151e-23,8.36610903443653e-05,TRUE,TRUE,TRUE
"CAALFM_CR10140WA",4,"CR_10140W_A",0.00197153372388046,3.41910605228623e-68,0.0256874157279935,TRUE,TRUE,TRUE
"FAA4",8,"CR_10160W_A",1.0922453298004e-12,3.72237589824367e-23,0.00106423024641553,TRUE,TRUE,TRUE
"CAALFM_CR10170CA",8,"CR_10170C_A",0.682802454643623,8.15927327489444e-18,0.362497194521501,FALSE,TRUE,FALSE
"CAALFM_CR10180WA",2,"CR_10180W_A",0.887724363663826,2.49041364972984e-09,0.115419386910494,FALSE,TRUE,FALSE
"CAALFM_CR10190CA",5,"CR_10190C_A",0.64766134905066,9.31026724973647e-14,0.59650848903863,FALSE,TRUE,FALSE
"CAALFM_CR10200WA",6,"CR_10200W_A",0.0224128258804739,3.29268976319685e-194,6.79672026599637e-13,TRUE,TRUE,TRUE
"PGA12",7,"CR_10210W_A",0.00983937897380171,1.0997547173364e-20,0.645824876194835,TRUE,TRUE,FALSE
"CAALFM_CR10230WA",6,"CR_10230W_A",0.0988443391215906,1.51595787204057e-39,0.00480099398019364,FALSE,TRUE,TRUE
"UTP5",1,"CR_10240W_A",6.92197622178029e-05,2.09807950154804e-169,0.000731445538968043,TRUE,TRUE,TRUE
"FDH3",1,"CR_10250C_A",0.00034800410310335,5.53460115664944e-79,0.0640746673451282,TRUE,TRUE,FALSE
"CAALFM_CR10260WA",2,"CR_10260W_A",0.00312572483957397,3.9630636564303e-07,0.0111920659400613,TRUE,TRUE,TRUE
"AHA1",4,"CR_10270C_A",2.1040631632782e-10,8.12445330022544e-09,2.18442697751482e-09,TRUE,TRUE,TRUE
"CAALFM_CR10280WA",2,"CR_10280W_A",0.0023749859007231,4.70818698103491e-37,2.60023805233682e-08,TRUE,TRUE,TRUE
"CAALFM_CR10290CA",1,"CR_10290C_A",0.0406359839747448,2.02133657929946e-11,0.130024989585972,TRUE,TRUE,FALSE
"PUP1",6,"CR_10300W_A",0.0027612394202525,3.6457037471387e-20,0.000632688746030617,TRUE,TRUE,TRUE
"CAALFM_CR10310WA",7,"CR_10310W_A",0.197491444438042,1.3320216542353e-13,0.0676445503485927,FALSE,TRUE,FALSE
"CAALFM_CR10320WA",6,"CR_10320W_A",4.65350326797689e-08,7.20377195133673e-204,6.5159445381225e-09,TRUE,TRUE,TRUE
"PGA11",7,"CR_10330W_A",0.0312408607398041,1.77373536508872e-31,0.00434822351439527,TRUE,TRUE,TRUE
"PTP3",1,"CR_10340W_A",0.0519021737685954,2.31232669365778e-09,0.0265245080190578,FALSE,TRUE,TRUE
"TRX1",1,"CR_10350C_A",0.238867322759335,5.56778996143611e-21,7.25814587778483e-06,FALSE,TRUE,TRUE
"CTM1",8,"CR_10360C_A",1.85810185382525e-06,0.000130414308456848,0.000109496905810129,TRUE,TRUE,TRUE
"HCR1",1,"CR_10370W_A",8.58533502003487e-21,4.03911817907474e-161,0.000210513323716109,TRUE,TRUE,TRUE
"CAALFM_CR10380CA",7,"CR_10380C_A",0.00198864469494155,3.5571214939229e-45,0.570403739093134,TRUE,TRUE,FALSE
"CAALFM_CR10390WA",2,"CR_10390W_A",0.0304134711531515,3.3362214758131e-17,0.0359601538352783,TRUE,TRUE,TRUE
"CAALFM_CR10400WA",1,"CR_10400W_A",1.0262877050279e-06,1.6448811505414e-110,0.0123644548437995,TRUE,TRUE,TRUE
"CAALFM_CR10410CA",3,"CR_10410C_A",1.02332059766085e-05,1.10593968233166e-120,0.0103571125297151,TRUE,TRUE,TRUE
"CAALFM_CR10420WA",8,"CR_10420W_A",9.05087231952543e-10,6.32994410724353e-35,0.00679214147603383,TRUE,TRUE,TRUE
"CAALFM_CR10430CA",6,"CR_10430C_A",0.916565787731988,2.89601103359423e-14,0.071682124898558,FALSE,TRUE,FALSE
"CAALFM_CR10440WA",2,"CR_10440W_A",0.0020582802999641,3.57292673467736e-12,0.00347646399631961,TRUE,TRUE,TRUE
"SPT3",4,"CR_10450C_A",0.0397552097495393,6.57566389727331e-21,0.000124722687131497,TRUE,TRUE,TRUE
"CAALFM_CR10460WA",3,"CR_10460W_A",1.82542622666217e-05,5.68162732890571e-28,0.000503439415283736,TRUE,TRUE,TRUE
"CAALFM_CR10470CA",1,"CR_10470C_A",0.00339323417394661,2.4418204691087e-111,0.000112338547272201,TRUE,TRUE,TRUE
"PGA1",5,"CR_10480W_A",0.3226815362224,1.57759841328672e-15,0.0793928168597266,FALSE,TRUE,FALSE
"EIF4E",1,"CR_10490W_A",3.7792304782554e-06,1.11016412302009e-52,0.00344127127559294,TRUE,TRUE,TRUE
"CAALFM_CR10500CA",4,"CR_10500C_A",0.688966801203665,3.22198066558879e-36,0.00289200875107991,FALSE,TRUE,TRUE
"CAALFM_CR10510WA",6,"CR_10510W_A",0.66186167399051,1.7366481097902e-25,0.00957176826608824,FALSE,TRUE,TRUE
"SLD5",2,"CR_10520C_A",0.00740032779457171,5.08792414045924e-12,0.010672909237224,TRUE,TRUE,TRUE
"CAALFM_CR10530WA",2,"CR_10530W_A",0.000903866495596314,7.9821828652662e-07,0.0474276606311204,TRUE,TRUE,TRUE
"MCD1",2,"CR_10540C_A",9.08478442297702e-12,2.55677962910385e-23,0.0142042444162638,TRUE,TRUE,TRUE
"DRS1",3,"CR_10550W_A",2.14604321974923e-10,1.3374497302681e-94,0.0928882820381739,TRUE,TRUE,FALSE
"YHB4",2,"CR_10570C_A",0.139326149288337,7.11246742847647e-13,0.000631445108786451,FALSE,TRUE,TRUE
"PRO1",1,"CR_10580W_A",0.187837893713152,8.28979818586127e-30,0.0877416247848026,FALSE,TRUE,FALSE
"CAALFM_CR10590WA",6,"CR_10590W_A",0.367848212418811,1.34494098842826e-13,0.151087153673041,FALSE,TRUE,FALSE
"CAALFM_CR10600CA",1,"CR_10600C_A",0.586843215282491,3.1980925765244e-55,0.578576479035194,FALSE,TRUE,FALSE
"CAALFM_CR10610CA",6,"CR_10610C_A",0.154815240281166,4.73794474771199e-11,0.186643979070782,FALSE,TRUE,FALSE
"CAALFM_CR10620CA",1,"CR_10620C_A",0.0700364944017447,1.97534420958071e-48,0.00711263462311167,FALSE,TRUE,TRUE
"CAALFM_CR10630WA",7,"CR_10630W_A",0.02615932688012,7.62381616250499e-06,0.0696169943134422,TRUE,TRUE,FALSE
"CAALFM_CR10640WA",2,"CR_10640W_A",0.00446642844016325,4.10004642336557e-21,0.000301361803397164,TRUE,TRUE,TRUE
"LTV1",3,"CR_10650W_A",2.35086497847334e-10,4.35240318095899e-95,0.0130698427062306,TRUE,TRUE,TRUE
"CPR6",4,"CR_10670W_A",7.36247382325626e-08,1.24827228742375e-43,0.0659681082340105,TRUE,TRUE,FALSE
"RPO21",1,"CR_10680W_A",1.99114395513571e-05,2.79782291287385e-40,0.00992070267939781,TRUE,TRUE,TRUE
"POP3",3,"CR_10690W_A",1.66000073546866e-05,5.76807764704462e-51,0.130024989585972,TRUE,TRUE,FALSE
"RFC4",2,"CR_10700W_A",3.31716863146674e-06,4.55503745793942e-43,0.00991103682574876,TRUE,TRUE,TRUE
"VPS52",7,"CR_10710C_A",0.0751180239412206,5.45275080876368e-27,0.0371689662985575,FALSE,TRUE,TRUE
"HMI1",6,"CR_10720W_A",0.00341043610369895,8.37329964558596e-52,0.0249849153950293,TRUE,TRUE,TRUE
"CAALFM_CR10730CA",8,"CR_10730C_A",0.0935357169320619,1.94859533041166e-14,0.226904804301469,FALSE,TRUE,FALSE
"CAALFM_CR10740WA",6,"CR_10740W_A",0.89419850538583,3.55145307741103e-05,0.00564972156961779,FALSE,TRUE,TRUE
"CAALFM_CR10750CA",3,"CR_10750C_A",1.68472644848529e-07,4.49981450254328e-91,0.0247040257368549,TRUE,TRUE,TRUE
"CAALFM_CR10760CA",2,"CR_10760C_A",0.0823935062479706,6.4620434799504e-61,3.74899527721796e-05,FALSE,TRUE,TRUE
"CAALFM_CR10770WA",7,"CR_10770W_A",4.67492651787929e-06,3.37224535153054e-50,0.0488522810860101,TRUE,TRUE,TRUE
"IAH1",1,"CR_10780C_A",0.802296324398561,4.12924031508365e-15,0.0633004269838238,FALSE,TRUE,FALSE
"MAL2",5,"CR_10790W_A",9.49381168982467e-08,2.5335109127095e-286,0.00196509748670297,TRUE,TRUE,TRUE
"CAALFM_CR10800CA",1,"CR_10800C_A",0.304671105319292,2.22938766462651e-12,0.119436978576627,FALSE,TRUE,FALSE
"CAALFM_CR10810CA",8,"CR_10810C_A",0.772025370686291,1.68779958141452e-13,0.446935958844422,FALSE,TRUE,FALSE
"CAALFM_CR10820WA",2,"CR_10820W_A",0.00674571982123691,4.55748818691133e-12,0.00187068948761837,TRUE,TRUE,TRUE
"CAALFM_CR10830CA",2,"CR_10830C_A",3.22446511252926e-07,1.8043629244508e-23,1.54916342180899e-06,TRUE,TRUE,TRUE
"XYL2",5,"CR_10840C_A",1.6285344001516e-13,4.1791177091232e-115,0.00854308805521607,TRUE,TRUE,TRUE
"ATP16",4,"CR_10850C_A",0.00023349756999963,6.53442272336734e-24,0.411505339894769,TRUE,TRUE,FALSE
"CTA26",4,"CR_10860C_A",0.00282196285188165,7.63160652162548e-15,0.748445567086311,TRUE,TRUE,FALSE
