,A1,A2,A3,A4,A5,A6,A7,A8,A9,A10,A11,A12,B1,B2,B3,B4,B5,B6,B7,B8,B9,B10,B11,B12,C1,C2,C3,C4,C5,C6,C7,C8,C9,C10,C11,C12,D1,D2,D3,D4,D5,D6,D7,D8,D9,D10,D11,D12,E1,E2,E3,E4,E5,E6,E7,E8,E9,E10,E11,E12,F1,F2,F3,F4,F5,F6,F7,F8,F9,F10,F11,F12,G1,G2,G3,G4,G5,G6,G7,G8,G9,G10,G11,G12,H1,H2,H3,H4,H5,H6,H7,H8,H9,H10,H11,H12,
0s,0.0948,0.0977,0.095,0.0965,0.0972,0.0925,0.0921,0.0984,0.0944,0.0944,0.0929,0.0936,0.0964,0.1323,0.1273,0.1237,0.1289,0.1289,0.1327,0.132,0.1267,0.1288,0.1249,0.0965,0.1276,0.1283,0.1218,0.1202,0.1352,0.1291,0.1309,0.1273,0.1224,0.1297,0.1256,0.093,0.1045,0.1283,0.1291,0.1263,0.1287,0.1233,0.1284,0.1291,0.1276,0.1297,0.1258,0.0941,0.1144,0.1215,0.1091,0.1101,0.1075,0.1093,0.1081,0.1138,0.1102,0.1142,0.1121,0.0928,0.0965,0.1152,0.1145,0.1126,0.1176,0.1162,0.1095,0.111,0.111,0.1271,0.114,0.0948,0.11,0.1155,0.1142,0.1178,0.1128,0.1115,0.1094,0.1096,0.1142,0.1177,0.11,0.0954,0.0972,0.0946,0.094,0.0952,0.1017,0.0928,0.0938,0.0924,0.0949,0.1006,0.0966,0.0981,
263s,0.0951,0.0992,0.0951,0.0967,0.0971,0.0927,0.092,0.0983,0.0948,0.0944,0.0928,0.0933,0.0967,0.1321,0.1295,0.1253,0.1289,0.1286,0.1354,0.1313,0.1269,0.1287,0.1281,0.0966,0.1266,0.1306,0.1223,0.1224,0.138,0.1281,0.1332,0.1286,0.1238,0.1308,0.1266,0.0927,0.1037,0.1285,0.1295,0.1284,0.1302,0.126,0.1318,0.1311,0.1298,0.1312,0.1286,0.0939,0.1181,0.122,0.1103,0.1108,0.1068,0.1106,0.1086,0.114,0.1102,0.1147,0.1124,0.0927,0.095,0.1147,0.1145,0.1136,0.1181,0.1151,0.1099,0.1123,0.1116,0.1271,0.1147,0.0947,0.1099,0.1169,0.1127,0.1198,0.1142,0.1116,0.1108,0.1107,0.1154,0.1188,0.1108,0.0953,0.0961,0.0941,0.0932,0.095,0.1014,0.0928,0.0937,0.0923,0.0948,0.1008,0.0966,0.0983,
525s,0.0949,0.1004,0.0948,0.0963,0.0969,0.0923,0.0919,0.0981,0.0949,0.0941,0.0926,0.0933,0.0962,0.1343,0.1302,0.1263,0.1318,0.1295,0.1356,0.1347,0.1296,0.1318,0.1288,0.0965,0.1283,0.1314,0.1232,0.1217,0.1372,0.1286,0.1368,0.1297,0.1252,0.1327,0.1302,0.0925,0.1039,0.1292,0.1308,0.1283,0.1308,0.125,0.1336,0.1343,0.1305,0.1313,0.1287,0.0939,0.1213,0.123,0.1102,0.1104,0.1077,0.11,0.1098,0.1135,0.1112,0.1162,0.1135,0.0926,0.095,0.1139,0.1119,0.1116,0.1177,0.1155,0.109,0.1134,0.111,0.1282,0.115,0.0948,0.1096,0.1162,0.1138,0.119,0.1137,0.1125,0.111,0.1111,0.1157,0.1195,0.1124,0.095,0.0972,0.0952,0.0938,0.0953,0.1014,0.0926,0.0935,0.0921,0.0945,0.1009,0.0963,0.0983,
788s,0.0949,0.0995,0.095,0.0964,0.097,0.0926,0.092,0.0983,0.095,0.0942,0.0928,0.0935,0.0971,0.1383,0.1314,0.1267,0.1319,0.1302,0.1378,0.1356,0.1332,0.1349,0.1301,0.0965,0.1297,0.1335,0.1239,0.1221,0.1388,0.129,0.1382,0.1331,0.1262,0.1352,0.1308,0.0926,0.1051,0.1291,0.1293,0.1298,0.1305,0.1255,0.1341,0.1333,0.1308,0.1338,0.1309,0.0937,0.1216,0.1254,0.1102,0.1112,0.1085,0.1093,0.1097,0.1143,0.1113,0.1162,0.1154,0.0927,0.0952,0.1149,0.1124,0.1118,0.1181,0.1161,0.1097,0.114,0.1128,0.1292,0.1171,0.0945,0.1179,0.1182,0.1142,0.1208,0.1138,0.1121,0.1122,0.1125,0.1155,0.1202,0.1122,0.0952,0.0968,0.0946,0.0931,0.0949,0.1012,0.0927,0.0936,0.0921,0.0943,0.1009,0.0964,0.0981,
1050s,0.0952,0.0992,0.0947,0.0962,0.0969,0.0924,0.0917,0.098,0.0949,0.0942,0.0925,0.0932,0.0965,0.1358,0.1315,0.1293,0.1335,0.1304,0.1398,0.138,0.1332,0.1337,0.13,0.0961,0.137,0.1326,0.1252,0.1234,0.1396,0.1286,0.1392,0.1327,0.128,0.1375,0.1332,0.0924,0.1042,0.1299,0.1313,0.1306,0.1332,0.1259,0.1361,0.1337,0.1308,0.134,0.1326,0.0937,0.1221,0.1245,0.1097,0.1094,0.1067,0.1095,0.1107,0.114,0.1118,0.117,0.1154,0.0924,0.096,0.1168,0.1113,0.1116,0.1176,0.1153,0.1091,0.1151,0.1133,0.1294,0.1171,0.0946,0.1117,0.1175,0.1152,0.1202,0.1145,0.1124,0.113,0.1135,0.1173,0.1207,0.114,0.0952,0.0967,0.0951,0.0934,0.0947,0.1011,0.0925,0.0933,0.0922,0.0943,0.1005,0.0961,0.0981,
1313s,0.0949,0.0981,0.095,0.0963,0.0968,0.0923,0.0918,0.0983,0.095,0.0942,0.0927,0.0933,0.0963,0.1409,0.1344,0.1295,0.1346,0.1319,0.1405,0.1384,0.1329,0.1357,0.1325,0.0962,0.1389,0.1327,0.1253,0.1226,0.1402,0.1296,0.1435,0.1364,0.129,0.1402,0.1343,0.0926,0.1045,0.13,0.132,0.1325,0.1335,0.1259,0.1369,0.136,0.1318,0.1351,0.1348,0.0939,0.122,0.1256,0.1088,0.1098,0.1073,0.1085,0.1106,0.1145,0.1109,0.1169,0.1162,0.0926,0.0941,0.1159,0.111,0.1117,0.1165,0.115,0.1095,0.1148,0.1132,0.1306,0.1187,0.0946,0.113,0.1219,0.1161,0.1212,0.1149,0.1123,0.1131,0.1136,0.1164,0.121,0.1155,0.0951,0.0968,0.0943,0.093,0.0947,0.101,0.0924,0.0935,0.092,0.0942,0.1007,0.0963,0.098,
1575s,0.0951,0.0992,0.0945,0.0962,0.0969,0.0923,0.0918,0.0983,0.0951,0.0941,0.0926,0.0932,0.097,0.1425,0.1358,0.1314,0.1344,0.1328,0.1405,0.1407,0.1347,0.1369,0.134,0.0961,0.1324,0.132,0.1254,0.1235,0.1401,0.1314,0.1455,0.1365,0.1295,0.1385,0.1341,0.0925,0.1043,0.1308,0.1322,0.1323,0.1349,0.127,0.1374,0.1353,0.1333,0.1366,0.1357,0.0935,0.1216,0.1266,0.1097,0.1103,0.1073,0.1091,0.1109,0.1149,0.112,0.1173,0.1169,0.0924,0.0954,0.1152,0.1109,0.111,0.1175,0.1149,0.11,0.1149,0.1128,0.1307,0.1196,0.0945,0.1145,0.1204,0.1166,0.1209,0.1145,0.1116,0.1133,0.1148,0.1167,0.1215,0.1155,0.0952,0.0963,0.0944,0.0927,0.0944,0.1009,0.0924,0.0934,0.0919,0.0941,0.1006,0.0963,0.0979,
1838s,0.095,0.0972,0.0948,0.0962,0.097,0.0926,0.092,0.0984,0.095,0.0942,0.0926,0.0934,0.0972,0.1399,0.1354,0.1306,0.1342,0.1316,0.1425,0.1396,0.1348,0.1378,0.1347,0.0961,0.1365,0.1329,0.1252,0.1242,0.1415,0.1326,0.1461,0.1371,0.1317,0.1404,0.135,0.0927,0.1048,0.1331,0.1329,0.1327,0.136,0.1257,0.1373,0.1361,0.1339,0.1373,0.1338,0.094,0.1251,0.1258,0.11,0.1099,0.1076,0.1084,0.1103,0.1146,0.1116,0.1178,0.1167,0.0926,0.095,0.116,0.1133,0.1114,0.1179,0.1147,0.1099,0.1156,0.1143,0.1315,0.1197,0.0947,0.1138,0.1233,0.1164,0.122,0.1149,0.1131,0.1148,0.1143,0.1176,0.122,0.1163,0.0951,0.0967,0.0944,0.093,0.0946,0.101,0.0925,0.0935,0.0919,0.0942,0.1007,0.0963,0.0979,
2100s,0.0949,0.0995,0.0946,0.0962,0.0968,0.0923,0.0916,0.0981,0.095,0.0943,0.0928,0.0933,0.0964,0.1447,0.1361,0.1327,0.1367,0.1334,0.1432,0.1403,0.1346,0.1389,0.1347,0.0964,0.1355,0.1347,0.1285,0.1262,0.1431,0.1313,0.1477,0.1388,0.1301,0.1419,0.1364,0.0926,0.1043,0.1315,0.1345,0.1359,0.1368,0.1271,0.1404,0.1387,0.1355,0.1382,0.1356,0.0938,0.1253,0.127,0.1113,0.1109,0.1075,0.1088,0.1112,0.1154,0.1119,0.1175,0.1164,0.0924,0.0964,0.1166,0.1136,0.1119,0.1189,0.1157,0.1098,0.1157,0.1141,0.1316,0.1193,0.0946,0.1156,0.1225,0.1175,0.122,0.1165,0.1127,0.1145,0.1152,0.1176,0.1216,0.1173,0.0952,0.0974,0.0954,0.0938,0.0951,0.1013,0.0926,0.0936,0.0921,0.0943,0.1008,0.0964,0.0981,
2363s,0.0952,0.0968,0.0948,0.0962,0.097,0.0924,0.0919,0.098,0.0949,0.0942,0.0927,0.0933,0.0967,0.1441,0.1384,0.1329,0.1377,0.1329,0.1438,0.1419,0.136,0.1398,0.136,0.0963,0.1357,0.1356,0.1308,0.1269,0.1429,0.1309,0.1487,0.139,0.1314,0.1417,0.1392,0.0926,0.1041,0.1339,0.1363,0.1365,0.1367,0.1275,0.1397,0.139,0.1362,0.1373,0.1371,0.0941,0.12,0.1248,0.1111,0.1109,0.1075,0.1088,0.1109,0.115,0.1118,0.1189,0.1178,0.0925,0.0953,0.1157,0.1126,0.113,0.1179,0.1152,0.1102,0.1159,0.1143,0.1322,0.1191,0.0948,0.1166,0.126,0.1171,0.1227,0.1159,0.1118,0.1147,0.1153,0.1177,0.1225,0.118,0.095,0.0979,0.0958,0.0941,0.0954,0.1016,0.0926,0.0936,0.0919,0.0944,0.1006,0.0963,0.0982,
2625s,0.095,0.0989,0.0946,0.096,0.0968,0.0924,0.0918,0.0982,0.0948,0.0941,0.0927,0.0934,0.0977,0.1421,0.1362,0.1328,0.1366,0.1323,0.1426,0.1409,0.1353,0.1394,0.1353,0.0961,0.1354,0.1451,0.1333,0.1287,0.1448,0.1307,0.1489,0.1393,0.1319,0.1427,0.1372,0.0924,0.1044,0.1354,0.1383,0.1379,0.1363,0.1285,0.1398,0.1398,0.1366,0.1411,0.1358,0.0936,0.1222,0.1263,0.1106,0.1117,0.1079,0.1082,0.1102,0.1161,0.1129,0.1179,0.1176,0.0925,0.0946,0.1156,0.1127,0.1132,0.1182,0.1152,0.1106,0.1158,0.1147,0.1326,0.1194,0.0946,0.123,0.1252,0.1187,0.1228,0.1159,0.1132,0.1153,0.1159,0.118,0.1228,0.1182,0.095,0.0969,0.0943,0.0926,0.0946,0.1007,0.0924,0.0936,0.0919,0.0941,0.1007,0.0962,0.0981,
2887s,0.0953,0.0997,0.0945,0.0963,0.0969,0.0925,0.0919,0.0983,0.0947,0.0944,0.0927,0.0932,0.096,0.1461,0.1405,0.1355,0.1402,0.1346,0.1444,0.1428,0.1373,0.1411,0.1364,0.0962,0.1341,0.1381,0.1328,0.1294,0.1462,0.1322,0.15,0.1411,0.1339,0.1453,0.1401,0.0925,0.104,0.1352,0.1391,0.1381,0.1393,0.1265,0.142,0.1401,0.137,0.139,0.137,0.0938,0.1279,0.1308,0.1125,0.1118,0.1094,0.1086,0.1118,0.1161,0.1127,0.1196,0.1194,0.0924,0.0962,0.118,0.1145,0.1133,0.119,0.1143,0.111,0.1172,0.1152,0.1332,0.1197,0.0948,0.1174,0.133,0.1175,0.1224,0.1175,0.1125,0.1156,0.1156,0.119,0.1229,0.118,0.0952,0.0976,0.0952,0.0932,0.0949,0.1011,0.0926,0.0937,0.0919,0.0944,0.1007,0.0962,0.0981,
3150s,0.0954,0.0944,0.0947,0.0959,0.0968,0.0925,0.0919,0.0983,0.0949,0.0941,0.0927,0.0931,0.0968,0.1435,0.1425,0.1348,0.1407,0.134,0.1455,0.1435,0.1395,0.1431,0.1375,0.0964,0.1416,0.1405,0.1333,0.1301,0.1466,0.1307,0.1498,0.1422,0.1332,0.1432,0.1401,0.0924,0.1044,0.138,0.1398,0.1394,0.1385,0.1274,0.1407,0.1403,0.1373,0.1407,0.14,0.0938,0.1255,0.1262,0.1111,0.1112,0.1085,0.1081,0.1114,0.1163,0.1131,0.1193,0.1191,0.0925,0.0958,0.1168,0.1143,0.1129,0.1201,0.115,0.1116,0.1162,0.1149,0.1339,0.1213,0.0948,0.1144,0.1298,0.1181,0.124,0.1177,0.1121,0.1163,0.1165,0.1195,0.1238,0.1179,0.0953,0.0969,0.0947,0.0932,0.0946,0.1008,0.0922,0.0935,0.0918,0.0942,0.1005,0.0964,0.0983,
3413s,0.095,0.0953,0.0944,0.0959,0.0966,0.0924,0.0919,0.0985,0.0949,0.0941,0.0926,0.0933,0.0968,0.1441,0.1416,0.1366,0.1413,0.1359,0.147,0.1435,0.1386,0.1428,0.1391,0.0961,0.1381,0.1413,0.135,0.1308,0.1487,0.1331,0.1532,0.1442,0.1345,0.1438,0.1384,0.0926,0.1042,0.1372,0.1394,0.1396,0.1406,0.1281,0.1418,0.1401,0.1379,0.1404,0.14,0.0936,0.1229,0.1268,0.1127,0.1125,0.1085,0.1087,0.1114,0.1162,0.1129,0.1199,0.1188,0.0924,0.0951,0.117,0.1143,0.1128,0.1191,0.1149,0.1117,0.1164,0.1151,0.1336,0.121,0.0947,0.1146,0.1387,0.1196,0.1236,0.1167,0.113,0.1171,0.1164,0.1197,0.1244,0.1176,0.0953,0.0977,0.0954,0.0932,0.0955,0.1012,0.0927,0.0935,0.0918,0.0943,0.1006,0.0962,0.098,
3675s,0.0953,0.0945,0.095,0.0964,0.0971,0.0928,0.0921,0.0987,0.0952,0.0944,0.0928,0.0933,0.0965,0.1445,0.1422,0.1372,0.14,0.1351,0.1466,0.1424,0.1388,0.1445,0.1373,0.0959,0.1365,0.1391,0.1356,0.1308,0.1474,0.1315,0.1507,0.1429,0.134,0.1455,0.1395,0.0925,0.1049,0.1379,0.1403,0.1396,0.142,0.1288,0.1419,0.1401,0.1392,0.1422,0.1376,0.0936,0.1214,0.1277,0.1118,0.1128,0.1094,0.1085,0.1123,0.1162,0.1135,0.1197,0.1194,0.0925,0.0949,0.1168,0.1135,0.1136,0.1197,0.114,0.1105,0.1169,0.1151,0.1327,0.1205,0.0949,0.1148,0.1384,0.1196,0.1236,0.1171,0.1124,0.1163,0.1156,0.1198,0.1238,0.1187,0.0952,0.0967,0.0946,0.0929,0.0946,0.1009,0.0925,0.0936,0.0919,0.0944,0.1008,0.0962,0.0982,
3937s,0.0951,0.094,0.0945,0.0961,0.0967,0.0924,0.0919,0.0984,0.0949,0.0942,0.0927,0.0933,0.0966,0.1453,0.1449,0.1393,0.1421,0.135,0.1474,0.1459,0.1403,0.1449,0.1388,0.0964,0.1349,0.1422,0.1339,0.1313,0.1484,0.1315,0.1508,0.1426,0.1339,0.1444,0.1423,0.0926,0.1041,0.1384,0.1423,0.1418,0.1414,0.1292,0.1426,0.1407,0.1385,0.1407,0.1401,0.0939,0.1257,0.1285,0.1126,0.113,0.1101,0.1089,0.1123,0.117,0.1139,0.1195,0.1192,0.0925,0.0963,0.1173,0.1123,0.1135,0.1202,0.1151,0.1114,0.1173,0.1158,0.1345,0.1221,0.0949,0.1161,0.1423,0.1192,0.1241,0.1174,0.1124,0.1173,0.1167,0.12,0.1244,0.1191,0.0952,0.0966,0.0945,0.093,0.0976,0.1009,0.0926,0.0936,0.0919,0.0942,0.1005,0.0963,0.0982,
4200s,0.0952,0.0941,0.0947,0.0958,0.0966,0.0923,0.0917,0.0984,0.0949,0.0943,0.0927,0.0931,0.0961,0.1442,0.1432,0.1385,0.1423,0.1348,0.1477,0.1449,0.1408,0.1441,0.14,0.0964,0.1366,0.1444,0.1351,0.1324,0.1505,0.1332,0.1538,0.1456,0.1344,0.1452,0.1412,0.0925,0.1039,0.1385,0.1414,0.1412,0.1412,0.1278,0.1435,0.1413,0.1391,0.1412,0.1419,0.0937,0.126,0.1275,0.1118,0.1117,0.1092,0.1082,0.1123,0.1165,0.1141,0.12,0.1204,0.0924,0.0957,0.1185,0.1117,0.1128,0.1197,0.1145,0.1117,0.1177,0.1163,0.1358,0.1221,0.0949,0.1194,0.1461,0.1189,0.1241,0.1186,0.113,0.117,0.117,0.1204,0.1244,0.119,0.0951,0.0982,0.0948,0.0927,0.0972,0.1009,0.0926,0.0936,0.0918,0.0943,0.1006,0.0962,0.0983,
4463s,0.095,0.1,0.0946,0.0962,0.0968,0.0923,0.0919,0.0985,0.0949,0.0941,0.0926,0.0932,0.097,0.1433,0.1421,0.138,0.1431,0.1356,0.1477,0.1453,0.1418,0.1449,0.1406,0.0962,0.1348,0.1488,0.1309,0.1315,0.1488,0.131,0.1519,0.1438,0.1356,0.1458,0.1408,0.0926,0.1043,0.1402,0.1418,0.1421,0.1422,0.129,0.1425,0.1414,0.1393,0.1436,0.1429,0.094,0.1246,0.1297,0.1119,0.1107,0.1088,0.1076,0.112,0.1166,0.114,0.1203,0.1202,0.0926,0.0947,0.1162,0.1092,0.1109,0.1191,0.1143,0.1112,0.1177,0.1158,0.1354,0.1229,0.0946,0.1246,0.1406,0.1174,0.1235,0.1187,0.1131,0.1172,0.1171,0.1192,0.1249,0.1184,0.0952,0.0965,0.0943,0.0924,0.0942,0.1008,0.0926,0.0935,0.0918,0.0944,0.1007,0.0962,0.0981,
4725s,0.0953,0.0963,0.0943,0.0958,0.0967,0.0925,0.0918,0.0984,0.0948,0.0941,0.0925,0.0931,0.0968,0.1429,0.1387,0.1375,0.1413,0.1332,0.1463,0.1441,0.1385,0.1429,0.1397,0.0964,0.1315,0.1463,0.1305,0.1299,0.1502,0.1322,0.1497,0.1425,0.1347,0.1493,0.142,0.0926,0.1049,0.1393,0.1384,0.1395,0.1444,0.1273,0.1428,0.1427,0.1395,0.1422,0.1401,0.094,0.1239,0.1267,0.1108,0.1083,0.1077,0.1088,0.1129,0.1169,0.1143,0.1206,0.1203,0.0926,0.0956,0.1184,0.1081,0.1072,0.1181,0.1149,0.1115,0.1176,0.1165,0.1361,0.1215,0.0947,0.1192,0.1452,0.1184,0.1224,0.1185,0.1129,0.1174,0.1169,0.1189,0.1247,0.1199,0.095,0.0973,0.0946,0.093,0.0973,0.101,0.0925,0.0936,0.0918,0.0943,0.1008,0.0964,0.0981,
4988s,0.095,0.0939,0.0944,0.0962,0.0966,0.0924,0.0919,0.0986,0.0949,0.0941,0.0927,0.0931,0.0966,0.1442,0.142,0.1397,0.1437,0.135,0.1489,0.1452,0.1412,0.1465,0.1406,0.0963,0.1404,0.1462,0.1328,0.1334,0.1512,0.1335,0.1533,0.1449,0.137,0.1478,0.1422,0.0926,0.1046,0.1418,0.1437,0.1432,0.1459,0.1284,0.1433,0.1433,0.1406,0.1439,0.1422,0.0937,0.125,0.1295,0.1124,0.1123,0.1104,0.1087,0.1137,0.1175,0.1141,0.1206,0.1208,0.0925,0.0958,0.118,0.1094,0.1102,0.1199,0.115,0.1123,0.1182,0.1171,0.1361,0.1247,0.0947,0.1187,0.1472,0.1187,0.123,0.1196,0.1132,0.1181,0.1172,0.1204,0.1254,0.1196,0.0952,0.098,0.0953,0.0929,0.0945,0.101,0.0925,0.0935,0.0919,0.094,0.1006,0.0962,0.098,
5250s,0.0956,0.094,0.0943,0.0963,0.097,0.0925,0.092,0.0987,0.0948,0.0942,0.0926,0.0932,0.0969,0.1459,0.1446,0.1391,0.1448,0.1358,0.1504,0.1471,0.1416,0.1465,0.1409,0.096,0.146,0.1497,0.1379,0.1351,0.1509,0.1341,0.1524,0.1442,0.1364,0.1489,0.1412,0.0925,0.1042,0.1405,0.1451,0.1433,0.1444,0.1296,0.1451,0.1436,0.1419,0.1452,0.1428,0.0938,0.122,0.1273,0.1127,0.1129,0.11,0.1092,0.1133,0.1179,0.1147,0.1207,0.1207,0.0926,0.0951,0.1178,0.1101,0.1099,0.1202,0.1145,0.113,0.1187,0.1174,0.1364,0.1221,0.0947,0.1159,0.1475,0.1203,0.1242,0.1198,0.1134,0.1198,0.118,0.1209,0.1258,0.1199,0.095,0.0986,0.0958,0.0932,0.0986,0.1011,0.0926,0.0935,0.0918,0.0942,0.1008,0.0961,0.0982,
5513s,0.095,0.1002,0.0944,0.0961,0.0969,0.0926,0.0919,0.0986,0.0949,0.0942,0.0926,0.0933,0.0971,0.1444,0.143,0.139,0.1435,0.1336,0.1479,0.1465,0.1416,0.1466,0.14,0.096,0.1329,0.1426,0.1365,0.134,0.1508,0.1322,0.1537,0.1432,0.1357,0.1511,0.1445,0.0926,0.1041,0.1405,0.1438,0.1423,0.1434,0.128,0.1447,0.1442,0.1405,0.1409,0.1418,0.0935,0.123,0.132,0.113,0.1109,0.1103,0.1083,0.1142,0.1179,0.1141,0.1211,0.1207,0.0925,0.0944,0.1168,0.1098,0.1089,0.1195,0.1152,0.1133,0.1186,0.1173,0.1356,0.1222,0.0946,0.1164,0.1567,0.1195,0.1239,0.1191,0.1128,0.1186,0.1171,0.121,0.1253,0.1208,0.095,0.0969,0.0942,0.0926,0.099,0.1007,0.0925,0.0934,0.0916,0.0941,0.1008,0.0962,0.0982,
5775s,0.0953,0.0998,0.0943,0.096,0.0967,0.0923,0.0917,0.0984,0.0947,0.0941,0.0925,0.0932,0.0962,0.1459,0.1442,0.1415,0.1464,0.1352,0.1512,0.1472,0.1431,0.1485,0.1415,0.0961,0.1365,0.1452,0.1357,0.1354,0.1522,0.1326,0.1542,0.1457,0.138,0.1486,0.1427,0.0925,0.1044,0.1424,0.1469,0.1451,0.1465,0.1291,0.1459,0.1441,0.1408,0.1453,0.1435,0.0939,0.1221,0.1248,0.1135,0.112,0.1107,0.1085,0.1139,0.1187,0.1155,0.1223,0.1215,0.0926,0.0958,0.1186,0.1114,0.1097,0.1206,0.1149,0.1134,0.1189,0.1175,0.1372,0.1246,0.0945,0.1193,0.1558,0.12,0.1237,0.1202,0.1138,0.1203,0.1183,0.1215,0.1273,0.12,0.0949,0.0963,0.0944,0.0927,0.0993,0.1008,0.0924,0.0936,0.0918,0.0941,0.1005,0.0964,0.0981,
6038s,0.0951,0.0938,0.0944,0.0959,0.0965,0.0922,0.0917,0.0985,0.0948,0.0941,0.0927,0.0932,0.0959,0.1453,0.1451,0.1409,0.1466,0.1363,0.1515,0.1471,0.1424,0.1488,0.1419,0.0962,0.1343,0.1533,0.1371,0.1365,0.1524,0.1335,0.1556,0.1468,0.1378,0.1517,0.1434,0.0925,0.1046,0.1424,0.1477,0.1454,0.1446,0.1287,0.1462,0.1454,0.1424,0.1468,0.1445,0.0938,0.1232,0.13,0.1146,0.1129,0.1113,0.109,0.1151,0.1187,0.1153,0.122,0.1215,0.0926,0.0962,0.1195,0.1127,0.1102,0.1214,0.1151,0.1139,0.1196,0.1183,0.1379,0.1246,0.0949,0.1238,0.16,0.121,0.1244,0.1206,0.1136,0.1204,0.1186,0.1223,0.1272,0.1206,0.0951,0.0988,0.0953,0.0934,0.0951,0.1013,0.0925,0.0937,0.0919,0.0942,0.1007,0.0962,0.0981,
6300s,0.0953,0.0983,0.0946,0.096,0.0967,0.0922,0.0918,0.0984,0.0948,0.0943,0.0927,0.0933,0.0966,0.1478,0.1462,0.1422,0.1466,0.1365,0.1522,0.1491,0.1445,0.1498,0.1432,0.0962,0.1385,0.1522,0.1387,0.1368,0.1536,0.1343,0.1565,0.1479,0.1402,0.1542,0.1439,0.0925,0.1036,0.1433,0.148,0.146,0.1452,0.1279,0.1459,0.145,0.1424,0.1464,0.1442,0.0938,0.122,0.1313,0.1149,0.1135,0.1105,0.1088,0.1145,0.1193,0.1156,0.1219,0.1217,0.0926,0.0943,0.1179,0.1124,0.1092,0.1208,0.1147,0.1134,0.1188,0.1186,0.1376,0.1244,0.0947,0.1154,0.1618,0.1206,0.1239,0.1202,0.1137,0.1211,0.1194,0.1225,0.1264,0.1212,0.0951,0.0965,0.0944,0.0925,0.0943,0.1007,0.0925,0.0935,0.0917,0.0941,0.1004,0.0962,0.098,
6563s,0.0952,0.0962,0.0944,0.0959,0.0967,0.0926,0.0919,0.0986,0.0948,0.0941,0.0926,0.0933,0.097,0.148,0.1463,0.1407,0.1468,0.1351,0.1516,0.1498,0.1425,0.1473,0.1424,0.0961,0.1371,0.1519,0.1391,0.1365,0.1529,0.1334,0.1548,0.1471,0.1374,0.1509,0.1471,0.0926,0.1041,0.1429,0.1472,0.1446,0.1437,0.1281,0.1461,0.145,0.1428,0.1441,0.1415,0.0935,0.122,0.1308,0.1145,0.1151,0.1118,0.1089,0.116,0.1195,0.1162,0.1222,0.1221,0.0927,0.0939,0.1184,0.1122,0.1099,0.1206,0.1147,0.1134,0.119,0.1183,0.1366,0.1228,0.0947,0.121,0.1824,0.1213,0.1256,0.1217,0.114,0.1204,0.1188,0.1218,0.127,0.1224,0.0951,0.097,0.0951,0.0933,0.0961,0.1011,0.0925,0.0937,0.0919,0.0942,0.1006,0.0962,0.0981,
6825s,0.0954,0.0943,0.0946,0.0962,0.0967,0.0924,0.092,0.0988,0.0951,0.0943,0.0927,0.0932,0.0966,0.1487,0.1478,0.1432,0.149,0.137,0.1539,0.1506,0.1465,0.1489,0.1439,0.0962,0.1451,0.153,0.1396,0.1367,0.1526,0.1329,0.1538,0.1467,0.1404,0.1534,0.1454,0.0926,0.1032,0.1441,0.151,0.148,0.1462,0.1291,0.1481,0.1463,0.145,0.148,0.1441,0.0937,0.124,0.1309,0.1153,0.1151,0.1123,0.1089,0.1157,0.1197,0.1163,0.1231,0.1225,0.0926,0.0945,0.1183,0.1139,0.1102,0.1218,0.1138,0.1145,0.1198,0.1187,0.1383,0.1248,0.0946,0.1156,0.1763,0.1212,0.1265,0.1224,0.1145,0.1232,0.1206,0.1238,0.1281,0.1214,0.0951,0.0983,0.0954,0.0928,0.0953,0.1011,0.0925,0.0937,0.0919,0.0943,0.101,0.0963,0.0981,
7087s,0.0955,0.0939,0.0943,0.0959,0.0969,0.0923,0.0919,0.0987,0.0949,0.0941,0.0926,0.0932,0.0965,0.1492,0.1466,0.1444,0.149,0.135,0.1522,0.151,0.1442,0.1489,0.1432,0.096,0.1374,0.1512,0.14,0.1386,0.1549,0.1349,0.1564,0.1473,0.1401,0.1542,0.1465,0.0925,0.1036,0.1433,0.1483,0.1465,0.1462,0.1276,0.1468,0.1458,0.1435,0.1455,0.1424,0.0935,0.1233,0.1303,0.1156,0.1141,0.1124,0.1087,0.1152,0.1198,0.117,0.1225,0.1223,0.0926,0.0955,0.1205,0.1161,0.1109,0.122,0.1153,0.1144,0.1203,0.1193,0.1376,0.124,0.0947,0.1197,0.175,0.1214,0.1257,0.1214,0.1133,0.1213,0.12,0.1229,0.1276,0.1222,0.095,0.0964,0.0941,0.0924,0.0941,0.1006,0.0925,0.0935,0.0917,0.0941,0.1009,0.0963,0.0979,
7350s,0.0951,0.094,0.0945,0.0961,0.097,0.0926,0.0919,0.0987,0.0949,0.0941,0.0928,0.0932,0.0969,0.1495,0.147,0.143,0.1499,0.1346,0.1523,0.1554,0.1452,0.1502,0.1425,0.0962,0.1323,0.1576,0.14,0.1385,0.1549,0.1331,0.1581,0.1496,0.139,0.1539,0.1487,0.0926,0.1037,0.1438,0.149,0.1468,0.146,0.1282,0.1478,0.1471,0.1425,0.1459,0.1429,0.0936,0.1203,0.1285,0.1151,0.1139,0.1126,0.109,0.1157,0.1202,0.1162,0.1225,0.122,0.0925,0.0952,0.119,0.1163,0.1105,0.1214,0.1147,0.1145,0.1195,0.1191,0.1375,0.1233,0.0948,0.1288,0.1736,0.1217,0.1268,0.1234,0.1141,0.121,0.1199,0.123,0.1285,0.1239,0.0949,0.097,0.0939,0.0926,0.0946,0.1009,0.0924,0.0934,0.0917,0.0941,0.1008,0.0962,0.0979,
7612s,0.0961,0.0941,0.0944,0.0962,0.0968,0.0926,0.092,0.0986,0.0951,0.0945,0.0927,0.0934,0.0972,0.1532,0.1472,0.144,0.1509,0.1344,0.1529,0.1565,0.1464,0.1495,0.1439,0.0965,0.1318,0.1575,0.1419,0.1389,0.1541,0.1333,0.157,0.1496,0.1398,0.1533,0.1491,0.0927,0.1043,0.1455,0.1502,0.1474,0.1468,0.1276,0.1496,0.1474,0.1434,0.1464,0.1446,0.0939,0.1194,0.1326,0.1162,0.1147,0.1131,0.1086,0.116,0.1205,0.1167,0.1231,0.1223,0.0927,0.0949,0.1196,0.118,0.1109,0.1222,0.1143,0.1147,0.1205,0.1195,0.1378,0.124,0.0949,0.1177,0.1865,0.1213,0.1268,0.123,0.1142,0.121,0.12,0.1236,0.1283,0.1238,0.0953,0.0958,0.0937,0.0923,0.0952,0.101,0.0926,0.0937,0.092,0.0943,0.1011,0.0964,0.0983,
7875s,0.0951,0.0953,0.0946,0.0961,0.0969,0.0926,0.0919,0.0986,0.095,0.0942,0.0927,0.0934,0.0962,0.1527,0.1487,0.1467,0.1502,0.137,0.1555,0.1539,0.1478,0.1518,0.1459,0.0965,0.133,0.1564,0.1423,0.1392,0.155,0.1331,0.1584,0.1491,0.1416,0.1553,0.1474,0.0925,0.1033,0.1464,0.1524,0.1487,0.1465,0.1288,0.15,0.1488,0.1461,0.1493,0.1468,0.0938,0.1228,0.1315,0.1163,0.116,0.114,0.1089,0.1169,0.1209,0.1177,0.1245,0.1234,0.0926,0.0942,0.1209,0.1186,0.1111,0.122,0.1149,0.1145,0.1211,0.1202,0.1384,0.1256,0.0946,0.1177,0.1897,0.1206,0.1255,0.122,0.1134,0.121,0.1206,0.1235,0.1286,0.1223,0.0951,0.0963,0.094,0.0927,0.0992,0.101,0.0926,0.0936,0.0918,0.0944,0.1006,0.0962,0.0981,
8137s,0.0954,0.1001,0.0946,0.0964,0.0969,0.0925,0.092,0.0988,0.095,0.0945,0.0927,0.0932,0.0964,0.1544,0.1507,0.1463,0.1513,0.1373,0.1565,0.1546,0.1481,0.1521,0.1463,0.0963,0.1379,0.1597,0.1457,0.1414,0.1573,0.1347,0.1607,0.1501,0.1426,0.1572,0.1484,0.0926,0.1042,0.1472,0.1534,0.1505,0.1486,0.1289,0.1507,0.1491,0.1471,0.1501,0.1463,0.0939,0.1192,0.1305,0.1173,0.1168,0.1137,0.1085,0.1172,0.1218,0.1179,0.1241,0.1232,0.0926,0.0945,0.1198,0.1183,0.1121,0.1232,0.1154,0.1162,0.121,0.1202,0.1401,0.1269,0.0948,0.1174,0.194,0.1226,0.1273,0.1233,0.1142,0.1228,0.1214,0.125,0.1291,0.1235,0.0954,0.097,0.0946,0.0927,0.0993,0.101,0.0925,0.0937,0.0918,0.0943,0.1007,0.0963,0.0982,
8400s,0.0955,0.0971,0.0945,0.0958,0.0967,0.0926,0.0917,0.0988,0.0948,0.0942,0.0925,0.0932,0.0964,0.1549,0.1511,0.1463,0.1516,0.1366,0.1557,0.1545,0.1493,0.1535,0.1448,0.0961,0.1288,0.1592,0.146,0.141,0.157,0.1332,0.1597,0.15,0.1413,0.1581,0.1476,0.0925,0.1044,0.1475,0.1531,0.1505,0.1485,0.1282,0.1528,0.1493,0.1453,0.1489,0.1458,0.0935,0.122,0.1339,0.1177,0.1183,0.1143,0.109,0.1172,0.1209,0.1184,0.1246,0.1244,0.0925,0.0947,0.1211,0.1197,0.1131,0.1236,0.1153,0.1174,0.1218,0.1213,0.141,0.1248,0.0946,0.1156,0.1613,0.124,0.1274,0.1229,0.1139,0.1217,0.1215,0.1251,0.1299,0.1226,0.095,0.0965,0.0941,0.0925,0.0941,0.1007,0.0924,0.0935,0.0918,0.0942,0.1008,0.0962,0.0981,
8662s,0.0952,0.0938,0.0944,0.0959,0.0969,0.0926,0.0921,0.0987,0.0948,0.0942,0.0928,0.0932,0.0965,0.1556,0.1538,0.1485,0.1525,0.1352,0.1582,0.1554,0.149,0.1551,0.1485,0.0962,0.1346,0.1573,0.1475,0.1436,0.1586,0.1346,0.1597,0.1527,0.1442,0.1593,0.152,0.0926,0.1039,0.1477,0.1547,0.1525,0.1505,0.1291,0.1518,0.1512,0.1455,0.1497,0.1454,0.0938,0.1215,0.136,0.1181,0.1185,0.1153,0.1093,0.1187,0.1225,0.1192,0.1265,0.125,0.0925,0.0949,0.1208,0.1194,0.1152,0.1245,0.115,0.1163,0.1221,0.1212,0.1395,0.1244,0.0947,0.1189,0.1915,0.1252,0.1292,0.1249,0.1141,0.1229,0.1216,0.126,0.1314,0.1232,0.0951,0.0966,0.0939,0.0927,0.0946,0.1009,0.0927,0.0937,0.0919,0.0944,0.1007,0.0963,0.0983,
8925s,0.0958,0.0939,0.0947,0.0959,0.0967,0.0925,0.092,0.0988,0.0949,0.0942,0.0927,0.0932,0.097,0.1574,0.1533,0.1483,0.1545,0.1346,0.1563,0.1576,0.1488,0.1544,0.1466,0.0959,0.1364,0.1574,0.1482,0.1434,0.1591,0.1342,0.1619,0.1533,0.1434,0.1574,0.1519,0.0927,0.1039,0.1489,0.1554,0.1516,0.1503,0.1297,0.1522,0.1516,0.1477,0.1501,0.1465,0.0938,0.1244,0.133,0.119,0.1178,0.1147,0.1087,0.1183,0.1227,0.1189,0.1255,0.1245,0.0925,0.095,0.1224,0.1196,0.1153,0.1251,0.1155,0.1172,0.1219,0.1216,0.1406,0.1261,0.0948,0.1143,0.1896,0.1257,0.1297,0.1251,0.114,0.1234,0.1222,0.1253,0.1302,0.1248,0.0951,0.0973,0.0948,0.0925,0.0946,0.1009,0.0925,0.0935,0.0918,0.0943,0.1006,0.0963,0.0982,
9187s,0.0953,0.0985,0.0942,0.0958,0.0967,0.0924,0.0918,0.0986,0.0947,0.094,0.0925,0.0931,0.097,0.156,0.1524,0.1494,0.1577,0.1351,0.1588,0.1629,0.1529,0.1569,0.1472,0.096,0.1396,0.1719,0.1474,0.1438,0.1594,0.1341,0.1618,0.1546,0.1444,0.162,0.1533,0.0926,0.1034,0.1498,0.1542,0.1518,0.1516,0.1276,0.1529,0.1517,0.1477,0.1519,0.1486,0.0936,0.1241,0.1358,0.1179,0.1177,0.1156,0.1085,0.1176,0.1221,0.1189,0.1259,0.1243,0.0926,0.0949,0.1216,0.1199,0.114,0.1236,0.1146,0.1159,0.1223,0.1214,0.1413,0.1253,0.0944,0.1236,0.1822,0.1248,0.1296,0.1257,0.1146,0.1231,0.122,0.1253,0.132,0.1259,0.0951,0.097,0.0944,0.0925,0.0944,0.1007,0.0924,0.0935,0.0917,0.0942,0.1006,0.0963,0.098,
9450s,0.0957,0.0997,0.0944,0.0961,0.0968,0.0923,0.0919,0.0988,0.095,0.0943,0.0926,0.0934,0.0971,0.1598,0.1548,0.1505,0.1552,0.1345,0.1621,0.1625,0.1525,0.1568,0.1492,0.096,0.1395,0.1671,0.1488,0.1441,0.1594,0.1344,0.1625,0.1544,0.145,0.1607,0.1545,0.0926,0.1047,0.1512,0.1587,0.1544,0.1529,0.1288,0.1541,0.1528,0.1504,0.1517,0.1498,0.0939,0.1211,0.1422,0.1192,0.1195,0.1161,0.1086,0.119,0.1235,0.1193,0.1267,0.125,0.0927,0.0937,0.1221,0.1202,0.1144,0.1239,0.1149,0.1166,0.1226,0.122,0.1419,0.1261,0.095,0.1199,0.1917,0.1253,0.13,0.1256,0.1142,0.1239,0.1229,0.1261,0.1317,0.126,0.0952,0.0973,0.0949,0.0926,0.0943,0.1007,0.0926,0.0937,0.0919,0.0944,0.1007,0.0964,0.0983,
9712s,0.0952,0.099,0.0944,0.096,0.0967,0.0923,0.0918,0.0987,0.0948,0.0942,0.0926,0.0932,0.0961,0.1601,0.1554,0.1511,0.1574,0.1366,0.1627,0.1602,0.1522,0.157,0.15,0.0962,0.1363,0.1711,0.1509,0.1458,0.1618,0.1343,0.1654,0.1557,0.1461,0.1604,0.1528,0.0926,0.1039,0.1521,0.1592,0.156,0.1536,0.1301,0.1559,0.155,0.151,0.1531,0.1501,0.0938,0.1236,0.1369,0.1196,0.1196,0.1159,0.1087,0.1193,0.1233,0.12,0.1275,0.1252,0.0927,0.0947,0.1232,0.1207,0.1152,0.1246,0.1145,0.1174,0.1233,0.1223,0.1421,0.127,0.0948,0.1167,0.1869,0.1261,0.1293,0.1249,0.1137,0.1233,0.123,0.1266,0.1318,0.1256,0.0952,0.0976,0.0951,0.093,0.0947,0.1008,0.0924,0.0936,0.0917,0.0942,0.1007,0.0963,0.0981,
9975s,0.0956,0.0981,0.0944,0.0961,0.0967,0.0924,0.0919,0.0988,0.0951,0.0943,0.0927,0.0931,0.0965,0.1599,0.1572,0.1519,0.1584,0.1351,0.1623,0.1611,0.1529,0.1573,0.151,0.096,0.1392,0.1747,0.1529,0.1469,0.1628,0.1346,0.1656,0.1569,0.1466,0.1611,0.1548,0.0926,0.1041,0.1533,0.1612,0.1567,0.1553,0.1292,0.1569,0.155,0.1513,0.1531,0.1502,0.0938,0.1209,0.1354,0.1206,0.1207,0.1171,0.109,0.12,0.1246,0.1208,0.1281,0.1258,0.0926,0.0946,0.1241,0.122,0.1167,0.1265,0.1153,0.1187,0.1241,0.1233,0.1427,0.1288,0.0946,0.1154,0.2018,0.1262,0.1306,0.1261,0.114,0.1246,0.1241,0.1271,0.1322,0.1255,0.0953,0.097,0.0945,0.0924,0.0943,0.1008,0.0923,0.0936,0.0917,0.0943,0.1006,0.0962,0.0982,
10237s,0.0952,0.0938,0.0941,0.0957,0.0967,0.0923,0.0916,0.0985,0.0946,0.0942,0.0926,0.093,0.0961,0.1614,0.1591,0.1538,0.1585,0.1378,0.1653,0.1626,0.1556,0.1596,0.151,0.0958,0.1367,0.1722,0.1538,0.1483,0.1644,0.1343,0.1666,0.1588,0.1515,0.164,0.1537,0.0924,0.1037,0.1552,0.1625,0.159,0.1557,0.1283,0.1583,0.156,0.1523,0.156,0.1512,0.0937,0.1213,0.1399,0.1211,0.1213,0.1173,0.1085,0.1201,0.1241,0.1205,0.1293,0.127,0.0924,0.0939,0.1236,0.1218,0.1156,0.1251,0.1142,0.1188,0.1236,0.1241,0.1436,0.1283,0.0946,0.1155,0.1897,0.1271,0.1313,0.1268,0.1145,0.1246,0.1244,0.1275,0.1322,0.1248,0.095,0.097,0.0945,0.093,0.0943,0.1008,0.0923,0.0936,0.0915,0.094,0.1007,0.0961,0.098,
10500s,0.0951,0.0936,0.0942,0.0959,0.0965,0.0924,0.0917,0.0985,0.0946,0.094,0.0925,0.0931,0.0969,0.1626,0.1572,0.1543,0.1621,0.135,0.1633,0.1681,0.1578,0.1601,0.1493,0.0961,0.1354,0.1731,0.1522,0.1476,0.1629,0.1329,0.1652,0.1576,0.1486,0.1655,0.1558,0.0925,0.1044,0.1543,0.1614,0.158,0.1575,0.1273,0.1577,0.1555,0.1513,0.1551,0.1472,0.0935,0.1217,0.1332,0.1199,0.1199,0.1176,0.1086,0.1199,0.1253,0.1208,0.128,0.1259,0.0924,0.0947,0.125,0.124,0.1164,0.1259,0.1145,0.1187,0.1245,0.1237,0.1436,0.1269,0.0944,0.1189,0.1923,0.1255,0.1319,0.1274,0.1144,0.1252,0.1233,0.1273,0.1339,0.1271,0.095,0.0971,0.094,0.0923,0.094,0.1006,0.0923,0.0933,0.0917,0.0939,0.1007,0.096,0.0979,
10762s,0.0959,0.0942,0.0945,0.0961,0.0969,0.0926,0.0921,0.0988,0.095,0.0942,0.0927,0.0932,0.0965,0.1622,0.1598,0.1552,0.1615,0.1389,0.1684,0.1652,0.1574,0.1605,0.1516,0.0963,0.1432,0.1806,0.1544,0.1492,0.1658,0.1346,0.1699,0.1613,0.1532,0.1636,0.1574,0.0926,0.1038,0.1573,0.164,0.1601,0.1573,0.1283,0.1593,0.159,0.1532,0.155,0.1497,0.0937,0.1225,0.1378,0.1209,0.1217,0.1178,0.1085,0.1209,0.1256,0.1216,0.1286,0.1269,0.0927,0.0945,0.1255,0.1245,0.1187,0.129,0.1157,0.1223,0.126,0.1252,0.1436,0.1304,0.0946,0.1142,0.1954,0.1269,0.133,0.1291,0.1142,0.1262,0.1252,0.1287,0.1332,0.1277,0.0951,0.0964,0.0941,0.0925,0.0941,0.1008,0.0924,0.0936,0.0917,0.0944,0.1005,0.0962,0.0983,
11025s,0.0953,0.1001,0.0944,0.096,0.097,0.0927,0.0919,0.0988,0.0949,0.0943,0.0927,0.0932,0.0966,0.1654,0.161,0.1567,0.1644,0.1357,0.1656,0.1707,0.1619,0.1621,0.1508,0.0962,0.132,0.1824,0.1563,0.1497,0.1647,0.1329,0.1679,0.1591,0.1531,0.169,0.1552,0.0926,0.1045,0.1583,0.165,0.1617,0.1597,0.1282,0.1621,0.1592,0.1548,0.1578,0.15,0.0936,0.1208,0.1401,0.1214,0.1227,0.1193,0.109,0.1226,0.1263,0.1221,0.1293,0.1264,0.0926,0.0948,0.1259,0.1248,0.1176,0.1279,0.1147,0.1199,0.1254,0.125,0.145,0.128,0.0947,0.1208,0.1771,0.1268,0.1334,0.1283,0.1144,0.1276,0.1257,0.1284,0.1342,0.1275,0.0952,0.0974,0.0945,0.0926,0.0945,0.1009,0.0924,0.0936,0.0919,0.0943,0.1008,0.0963,0.0981,
11287s,0.0957,0.0999,0.0944,0.0959,0.0966,0.0923,0.0917,0.0986,0.0947,0.0942,0.0924,0.0931,0.0964,0.167,0.1624,0.1574,0.1632,0.1368,0.1699,0.1678,0.1607,0.161,0.1533,0.0961,0.132,0.1762,0.1559,0.1509,0.1671,0.1342,0.1712,0.1626,0.1533,0.1639,0.1563,0.0926,0.104,0.1595,0.1659,0.1629,0.1587,0.1297,0.1637,0.1608,0.1579,0.1578,0.1527,0.0937,0.1266,0.145,0.1224,0.1225,0.1192,0.1084,0.1218,0.1266,0.123,0.1297,0.1273,0.0925,0.0949,0.1278,0.126,0.1203,0.1295,0.1157,0.1216,0.1269,0.1263,0.145,0.1298,0.0945,0.1146,0.1922,0.1264,0.1336,0.1289,0.1142,0.1283,0.1264,0.13,0.1349,0.1264,0.0951,0.0971,0.0951,0.0929,0.0956,0.1008,0.0921,0.0936,0.0916,0.094,0.1006,0.0963,0.0981,
11550s,0.0952,0.0943,0.0945,0.096,0.097,0.0924,0.0922,0.0989,0.095,0.0943,0.0926,0.0934,0.0967,0.1668,0.1644,0.1585,0.1669,0.1361,0.169,0.1734,0.1628,0.1633,0.1515,0.0961,0.1326,0.1892,0.1575,0.1522,0.1686,0.1339,0.1732,0.1636,0.1543,0.1679,0.1584,0.0926,0.1043,0.1608,0.167,0.1635,0.1617,0.1276,0.164,0.1616,0.1588,0.1577,0.1492,0.094,0.1213,0.1414,0.1221,0.1237,0.1197,0.1087,0.1236,0.1279,0.1233,0.1302,0.1275,0.0926,0.0945,0.1274,0.1272,0.1189,0.1282,0.1145,0.1209,0.1268,0.1258,0.1453,0.1279,0.0947,0.1187,0.2053,0.1258,0.1336,0.1304,0.1145,0.1299,0.1276,0.1301,0.1355,0.1284,0.0951,0.0969,0.0941,0.0922,0.0942,0.1006,0.0923,0.0935,0.0918,0.0941,0.1007,0.0963,0.0983,
11812s,0.0957,0.0958,0.0947,0.096,0.0968,0.0924,0.0919,0.0988,0.0948,0.0943,0.0926,0.0931,0.0966,0.1689,0.1638,0.1596,0.1667,0.1367,0.1714,0.1709,0.163,0.163,0.1538,0.0964,0.1366,0.1882,0.1586,0.1535,0.1691,0.1348,0.1742,0.1668,0.1565,0.1662,0.1585,0.0928,0.1037,0.1626,0.1673,0.1639,0.1612,0.1288,0.1653,0.1632,0.1599,0.1588,0.1519,0.0938,0.1226,0.1429,0.1228,0.124,0.1206,0.1086,0.1242,0.1289,0.1245,0.1317,0.1282,0.0925,0.0947,0.1279,0.1271,0.1207,0.129,0.115,0.1218,0.1276,0.1273,0.1459,0.1299,0.0946,0.1223,0.2112,0.126,0.1344,0.1305,0.1141,0.1293,0.1276,0.1313,0.1354,0.1288,0.0953,0.0971,0.0949,0.0925,0.094,0.1006,0.0923,0.0937,0.0917,0.0941,0.1005,0.0962,0.0981,
12074s,0.0953,0.0955,0.0947,0.096,0.097,0.0924,0.0918,0.0986,0.0948,0.0944,0.0927,0.0932,0.0963,0.1713,0.1665,0.1607,0.1659,0.1397,0.1754,0.1714,0.165,0.1644,0.1557,0.0963,0.1415,0.1791,0.1605,0.1546,0.1698,0.1339,0.177,0.167,0.159,0.1663,0.1565,0.0925,0.1037,0.1641,0.1712,0.167,0.1626,0.1281,0.1668,0.1651,0.1629,0.16,0.1529,0.0937,0.122,0.1484,0.1235,0.1253,0.1213,0.1086,0.1253,0.1293,0.1249,0.133,0.129,0.0926,0.0947,0.128,0.1285,0.121,0.1301,0.1148,0.124,0.1288,0.1277,0.1468,0.1308,0.0946,0.1195,0.2072,0.1276,0.1365,0.1306,0.1142,0.1292,0.1276,0.1319,0.1359,0.1272,0.0952,0.0971,0.0944,0.0926,0.0943,0.1007,0.0926,0.0936,0.0917,0.0944,0.1008,0.0963,0.0981,
12337s,0.0956,0.0944,0.0944,0.0961,0.0968,0.0926,0.0916,0.0987,0.0947,0.0941,0.0927,0.0931,0.0965,0.1726,0.1691,0.1642,0.1703,0.1363,0.1748,0.1772,0.1669,0.1669,0.1557,0.0963,0.1381,0.1969,0.1625,0.1566,0.1711,0.1338,0.1782,0.1679,0.1604,0.1737,0.1592,0.0925,0.1041,0.1648,0.1725,0.1683,0.1639,0.1285,0.1702,0.165,0.1633,0.1608,0.1538,0.0937,0.1218,0.153,0.1237,0.1258,0.1216,0.1091,0.1259,0.1302,0.1248,0.1316,0.1281,0.0925,0.0945,0.129,0.1287,0.1205,0.1295,0.1144,0.1232,0.1288,0.1278,0.147,0.1304,0.0943,0.1193,0.2068,0.1285,0.1364,0.1319,0.1142,0.1297,0.1289,0.132,0.1369,0.1293,0.0951,0.0966,0.094,0.0924,0.0943,0.1008,0.0924,0.0933,0.0918,0.0941,0.1007,0.0963,0.0981,
12600s,0.0951,0.094,0.0946,0.0961,0.0968,0.0924,0.0917,0.0986,0.0947,0.0942,0.0926,0.0931,0.0961,0.1747,0.1694,0.1645,0.1702,0.1367,0.1753,0.178,0.1687,0.1652,0.1543,0.0961,0.1362,0.1998,0.1632,0.1576,0.1714,0.1331,0.1787,0.1701,0.1606,0.1708,0.1617,0.0926,0.1039,0.1667,0.1738,0.1689,0.1647,0.1281,0.1698,0.1686,0.1628,0.1607,0.1525,0.0939,0.1251,0.1507,0.1247,0.1268,0.1223,0.1085,0.1268,0.1306,0.1256,0.1325,0.1292,0.0926,0.0943,0.1303,0.1306,0.1235,0.1315,0.1152,0.1236,0.1297,0.1289,0.1472,0.1291,0.0947,0.1195,0.2144,0.1309,0.1371,0.1325,0.1141,0.1304,0.1298,0.1322,0.1368,0.1285,0.095,0.0968,0.0944,0.0926,0.0943,0.1007,0.0923,0.0935,0.0917,0.0942,0.1005,0.0961,0.0981,
12862s,0.0956,0.1,0.0945,0.096,0.0969,0.0925,0.0917,0.0987,0.0947,0.0942,0.0927,0.0932,0.0969,0.1792,0.1718,0.167,0.1706,0.135,0.178,0.18,0.1728,0.1691,0.1557,0.0961,0.1325,0.2021,0.1669,0.1583,0.1718,0.1336,0.1811,0.17,0.1628,0.1766,0.1602,0.0926,0.1047,0.1707,0.1739,0.1701,0.1658,0.1279,0.1725,0.1692,0.1661,0.1642,0.1522,0.0936,0.1173,0.1448,0.1262,0.1274,0.1236,0.1085,0.1269,0.1321,0.127,0.1336,0.1296,0.0925,0.0947,0.1315,0.1308,0.1238,0.132,0.1144,0.1248,0.1311,0.1293,0.1488,0.1301,0.0948,0.1224,0.1744,0.1324,0.1365,0.1326,0.114,0.1309,0.1302,0.1331,0.1381,0.1304,0.0952,0.0974,0.0946,0.0925,0.0941,0.1006,0.0923,0.0936,0.0919,0.0942,0.1009,0.0962,0.0983,
13124s,0.0956,0.095,0.0943,0.0958,0.0966,0.0924,0.0917,0.0987,0.095,0.0943,0.0927,0.0932,0.0967,0.179,0.1725,0.166,0.17,0.1367,0.1803,0.1788,0.1714,0.1662,0.1561,0.0962,0.1415,0.2011,0.1671,0.1591,0.1719,0.1329,0.1808,0.1717,0.1631,0.171,0.1616,0.0927,0.1044,0.1706,0.1767,0.1724,0.1673,0.1283,0.1735,0.1707,0.168,0.1617,0.1553,0.0939,0.121,0.1508,0.1271,0.1289,0.1238,0.1085,0.128,0.1325,0.1276,0.1342,0.1288,0.0926,0.0947,0.1329,0.1323,0.1252,0.1332,0.1151,0.1258,0.1314,0.1308,0.1489,0.1306,0.0947,0.1147,0.1928,0.1337,0.1377,0.1331,0.1138,0.1326,0.1313,0.1339,0.1379,0.13,0.0952,0.0974,0.0951,0.0933,0.0945,0.1011,0.0925,0.0937,0.0919,0.0943,0.1007,0.0961,0.098,
13387s,0.0957,0.097,0.0944,0.096,0.0968,0.0924,0.0919,0.0988,0.095,0.0942,0.0926,0.0932,0.0972,0.1799,0.1733,0.1681,0.171,0.1373,0.1836,0.1809,0.1734,0.1676,0.1577,0.0962,0.1355,0.205,0.1673,0.1607,0.1743,0.1346,0.1833,0.1749,0.165,0.1724,0.1624,0.0926,0.104,0.1728,0.178,0.1724,0.1681,0.129,0.175,0.1713,0.1689,0.1634,0.1551,0.0937,0.1246,0.1546,0.1282,0.1305,0.1252,0.109,0.1301,0.1344,0.1282,0.1351,0.1301,0.0926,0.095,0.1338,0.1337,0.1264,0.1345,0.1154,0.127,0.1322,0.1313,0.149,0.131,0.0948,0.1182,0.2131,0.1342,0.1398,0.1352,0.1139,0.1346,0.133,0.1353,0.1387,0.131,0.0951,0.097,0.0947,0.0926,0.0943,0.1009,0.0924,0.0937,0.0917,0.0942,0.1008,0.0962,0.0981,
13649s,0.0959,0.0961,0.0943,0.096,0.0966,0.0924,0.0918,0.0988,0.0948,0.0944,0.0926,0.0931,0.0969,0.1782,0.1745,0.1704,0.1712,0.1363,0.1839,0.1838,0.1748,0.1686,0.1572,0.0961,0.1376,0.2148,0.1668,0.1621,0.1741,0.1338,0.1847,0.1764,0.1663,0.1733,0.1635,0.0927,0.1043,0.1749,0.1783,0.1733,0.1686,0.1279,0.1772,0.1734,0.1709,0.1634,0.1561,0.0938,0.1232,0.1528,0.1282,0.1292,0.1255,0.1083,0.1299,0.1348,0.1293,0.1351,0.1302,0.0927,0.0955,0.1351,0.1336,0.1273,0.1352,0.1151,0.1279,0.1334,0.1319,0.1498,0.1316,0.095,0.1176,0.2039,0.1332,0.1408,0.1364,0.1143,0.1351,0.1337,0.1357,0.1392,0.1313,0.0952,0.0972,0.0948,0.0926,0.0941,0.1007,0.0924,0.0936,0.0918,0.0943,0.1006,0.0962,0.0983,
13912s,0.0955,0.0966,0.0945,0.0962,0.0968,0.0923,0.0918,0.0987,0.0947,0.0943,0.0926,0.0934,0.0966,0.1814,0.1767,0.1707,0.1715,0.1399,0.1881,0.1838,0.1775,0.1696,0.1594,0.0963,0.1362,0.2032,0.169,0.1631,0.1738,0.1331,0.1881,0.1775,0.1692,0.1719,0.1612,0.0926,0.1045,0.177,0.1813,0.1757,0.168,0.1285,0.1799,0.1755,0.1734,0.1665,0.1567,0.0938,0.1236,0.1607,0.1297,0.1316,0.1275,0.1088,0.1325,0.1366,0.131,0.1374,0.1319,0.0925,0.0949,0.1351,0.1346,0.129,0.1371,0.1158,0.1298,0.1354,0.1339,0.1516,0.1342,0.0949,0.1214,0.2163,0.1331,0.1417,0.1364,0.1144,0.1355,0.1346,0.1376,0.1398,0.13,0.0952,0.0965,0.0939,0.0924,0.094,0.1007,0.0924,0.0935,0.0916,0.0941,0.1007,0.0962,0.0982,
14174s,0.0953,0.0944,0.0944,0.0963,0.0969,0.0925,0.0917,0.0985,0.0948,0.0944,0.0926,0.0932,0.0964,0.1821,0.1779,0.1717,0.171,0.1385,0.1886,0.1858,0.1788,0.1697,0.1591,0.096,0.1339,0.1987,0.1702,0.1643,0.1738,0.1336,0.1902,0.1798,0.1706,0.1726,0.1611,0.0927,0.1037,0.179,0.1824,0.1766,0.1688,0.1301,0.1832,0.1791,0.1763,0.1678,0.1576,0.0938,0.1229,0.1561,0.1306,0.1317,0.1275,0.1086,0.1327,0.1375,0.1316,0.1377,0.131,0.0927,0.0944,0.1359,0.1349,0.1289,0.1367,0.115,0.13,0.1355,0.1337,0.1505,0.1319,0.0948,0.1188,0.2063,0.1332,0.1426,0.1372,0.1142,0.1367,0.1355,0.1378,0.14,0.1307,0.0951,0.0975,0.0953,0.0935,0.0948,0.1011,0.0924,0.0937,0.0917,0.0943,0.1004,0.0963,0.0981,
14437s,0.0955,0.0939,0.0946,0.0962,0.0968,0.0925,0.0919,0.0988,0.0949,0.0943,0.0925,0.0932,0.0968,0.1843,0.18,0.1741,0.1747,0.1369,0.1896,0.1911,0.1809,0.1724,0.158,0.096,0.133,0.1981,0.1708,0.1653,0.1748,0.1339,0.1895,0.1805,0.1702,0.1788,0.1643,0.0926,0.1044,0.181,0.1834,0.1771,0.1702,0.1285,0.183,0.1793,0.1754,0.1666,0.1546,0.0937,0.126,0.1639,0.1311,0.1328,0.1279,0.1084,0.1332,0.138,0.132,0.1362,0.1301,0.0925,0.095,0.1379,0.1368,0.1302,0.1379,0.1149,0.13,0.1368,0.1354,0.1513,0.1316,0.0945,0.1225,0.2075,0.1336,0.1439,0.1386,0.1136,0.1366,0.1361,0.1385,0.1419,0.1304,0.0951,0.0974,0.0943,0.0925,0.094,0.1007,0.0921,0.0937,0.0918,0.0941,0.1006,0.0963,0.098,
14700s,0.0954,0.0966,0.0944,0.0959,0.0965,0.0923,0.0918,0.0987,0.0947,0.0943,0.0927,0.0933,0.0969,0.1886,0.1832,0.1762,0.1747,0.1363,0.1931,0.1953,0.1847,0.1742,0.1593,0.0962,0.1325,0.2241,0.1735,0.1678,0.1764,0.1336,0.1952,0.1835,0.1749,0.1787,0.162,0.0926,0.1046,0.1813,0.186,0.179,0.1716,0.1275,0.1847,0.1808,0.1763,0.1691,0.1567,0.0938,0.1159,0.1605,0.1328,0.1341,0.1295,0.1086,0.1354,0.1397,0.134,0.1371,0.1313,0.0926,0.0948,0.1389,0.1378,0.1312,0.1387,0.1151,0.1318,0.1378,0.1359,0.1527,0.1315,0.0945,0.1198,0.1915,0.1364,0.1458,0.1404,0.1149,0.1393,0.1383,0.1413,0.142,0.1319,0.0952,0.0971,0.0945,0.0927,0.0943,0.1007,0.0924,0.0937,0.0917,0.0942,0.1007,0.0962,0.0984,
14962s,0.096,0.0937,0.0943,0.096,0.0967,0.0923,0.0918,0.0989,0.0949,0.0944,0.0927,0.0933,0.0964,0.1866,0.1825,0.1746,0.1736,0.1373,0.1934,0.1943,0.183,0.1723,0.1597,0.0963,0.1354,0.2267,0.1743,0.1681,0.1759,0.1342,0.1946,0.1867,0.1749,0.178,0.1647,0.0929,0.104,0.1849,0.1867,0.18,0.1709,0.129,0.1879,0.1855,0.1793,0.1681,0.1578,0.0938,0.1272,0.1656,0.1343,0.1353,0.1302,0.1085,0.1361,0.1412,0.1351,0.1382,0.1313,0.0925,0.0948,0.1396,0.1396,0.1331,0.1414,0.1163,0.1348,0.1394,0.1388,0.1542,0.134,0.0948,0.1203,0.216,0.1373,0.1468,0.1409,0.1144,0.1406,0.1391,0.1423,0.142,0.1317,0.0953,0.0976,0.0952,0.0927,0.0944,0.101,0.0924,0.0937,0.0917,0.0943,0.1007,0.0963,0.0985,
15224s,0.0958,0.0939,0.0942,0.0958,0.0966,0.0923,0.0918,0.0988,0.0948,0.0943,0.0926,0.0933,0.0965,0.1882,0.1829,0.1765,0.1746,0.1371,0.1963,0.1968,0.1846,0.1735,0.1598,0.0959,0.1409,0.2234,0.175,0.1679,0.1749,0.1321,0.195,0.1867,0.1749,0.1797,0.1647,0.0924,0.1041,0.1871,0.1868,0.1806,0.1717,0.1293,0.1908,0.188,0.1816,0.1687,0.1576,0.0936,0.1227,0.1652,0.1352,0.1354,0.1312,0.1083,0.1368,0.1422,0.1363,0.1387,0.1316,0.0925,0.0955,0.1428,0.1404,0.136,0.1411,0.1154,0.1343,0.1401,0.1402,0.1532,0.1332,0.0947,0.1188,0.1974,0.1379,0.1473,0.1415,0.1137,0.1412,0.1402,0.1441,0.1428,0.1323,0.0951,0.0962,0.0941,0.0922,0.0939,0.1007,0.0924,0.0935,0.0917,0.094,0.1004,0.0961,0.0981,
15487s,0.0954,0.0941,0.0945,0.096,0.097,0.0925,0.092,0.0987,0.0948,0.0943,0.0926,0.0932,0.097,0.1917,0.1864,0.1784,0.1773,0.1372,0.1997,0.2049,0.1895,0.1751,0.1595,0.0962,0.1314,0.2253,0.1766,0.1694,0.1748,0.1324,0.2015,0.1894,0.1765,0.1808,0.1658,0.0926,0.1045,0.19,0.1894,0.1829,0.1722,0.128,0.1927,0.1911,0.1821,0.1707,0.1558,0.0937,0.1248,0.1671,0.1367,0.1366,0.1316,0.1088,0.1382,0.1428,0.1371,0.1388,0.1318,0.0926,0.0946,0.1422,0.1406,0.1351,0.1414,0.1146,0.1341,0.1403,0.14,0.1553,0.1322,0.0949,0.1164,0.2177,0.1375,0.1487,0.1434,0.1145,0.1421,0.1414,0.1444,0.1434,0.1331,0.095,0.0976,0.0949,0.0928,0.0944,0.1008,0.0923,0.0936,0.0917,0.0941,0.1005,0.0962,0.0983,
15749s,0.0958,0.0983,0.0945,0.096,0.097,0.0924,0.0918,0.0985,0.0948,0.0944,0.0926,0.0932,0.0969,0.195,0.1913,0.1796,0.1739,0.1404,0.2025,0.1997,0.1893,0.1738,0.163,0.0963,0.1356,0.2233,0.179,0.1724,0.1763,0.133,0.2024,0.1943,0.1796,0.1787,0.1649,0.0926,0.1043,0.1921,0.1923,0.1842,0.1728,0.1291,0.1959,0.1933,0.1845,0.1705,0.1587,0.0937,0.1197,0.1716,0.139,0.1396,0.1339,0.1091,0.1414,0.1455,0.1401,0.1417,0.1332,0.0926,0.0945,0.1449,0.1419,0.1371,0.1422,0.1148,0.1366,0.142,0.1416,0.1547,0.1336,0.0947,0.1207,0.2059,0.1402,0.1495,0.1436,0.1137,0.144,0.143,0.1459,0.1435,0.1326,0.0951,0.0959,0.0939,0.0925,0.0941,0.1008,0.0924,0.0936,0.0917,0.0941,0.1005,0.0964,0.0982,
16012s,0.0951,0.096,0.0946,0.096,0.0966,0.0923,0.0916,0.0986,0.0947,0.0943,0.0925,0.0931,0.0964,0.1959,0.1898,0.18,0.1735,0.1388,0.2038,0.203,0.1892,0.1753,0.1631,0.0963,0.1323,0.2274,0.1795,0.1733,0.1781,0.1346,0.2065,0.1986,0.1827,0.1785,0.1661,0.0925,0.1038,0.1934,0.1941,0.1857,0.1735,0.129,0.1976,0.1964,0.1864,0.1718,0.159,0.0936,0.1188,0.1668,0.1402,0.1401,0.1347,0.1092,0.1425,0.1469,0.1407,0.1418,0.1328,0.0926,0.0947,0.146,0.1442,0.1381,0.1433,0.1145,0.1379,0.1436,0.1431,0.1551,0.1339,0.0947,0.1212,0.2271,0.141,0.1515,0.1448,0.1139,0.1458,0.1445,0.1468,0.1442,0.1331,0.0949,0.0974,0.095,0.0927,0.0944,0.1009,0.0924,0.0937,0.0916,0.0942,0.1005,0.0962,0.0979,
16275s,0.0955,0.0942,0.0947,0.0962,0.0968,0.0922,0.0918,0.0988,0.0948,0.0943,0.0926,0.0932,0.0966,0.1978,0.1898,0.1809,0.1759,0.1389,0.2064,0.2058,0.1915,0.1795,0.1611,0.0963,0.1378,0.2184,0.1799,0.1738,0.1775,0.1332,0.207,0.1984,0.1819,0.1805,0.1667,0.0926,0.1042,0.1966,0.1948,0.1853,0.1729,0.128,0.2006,0.1979,0.1863,0.1723,0.1576,0.0936,0.1264,0.1811,0.1411,0.141,0.1355,0.1091,0.1437,0.1478,0.1416,0.1411,0.1322,0.0925,0.0947,0.1478,0.1455,0.1401,0.1447,0.1149,0.1389,0.1449,0.1446,0.1561,0.133,0.0947,0.1191,0.2217,0.1433,0.1534,0.1473,0.1144,0.1478,0.1465,0.1486,0.1448,0.1334,0.0952,0.0976,0.0954,0.0929,0.0944,0.1008,0.0925,0.0937,0.0916,0.0942,0.1006,0.0961,0.098,
16537s,0.0951,0.0936,0.0943,0.0959,0.0968,0.0922,0.0919,0.0988,0.0947,0.0941,0.0928,0.0931,0.0961,0.1989,0.1925,0.1823,0.1757,0.1366,0.2073,0.2102,0.1925,0.1805,0.1629,0.0963,0.1335,0.2378,0.1817,0.1766,0.1777,0.1336,0.2089,0.2014,0.1844,0.1824,0.1676,0.0927,0.1037,0.198,0.1956,0.1866,0.1744,0.1265,0.2031,0.2008,0.1882,0.1723,0.1571,0.0937,0.1198,0.1839,0.1428,0.1426,0.1362,0.109,0.1448,0.1488,0.1426,0.1415,0.1327,0.0925,0.0945,0.1492,0.1471,0.1417,0.1455,0.1152,0.1425,0.1469,0.147,0.1575,0.1335,0.0948,0.1216,0.2284,0.1444,0.1541,0.1465,0.1136,0.1486,0.1467,0.15,0.1455,0.1343,0.0952,0.098,0.0949,0.0929,0.0944,0.1009,0.0925,0.0936,0.0918,0.0941,0.1006,0.0962,0.0982,
16800s,0.096,0.0957,0.0945,0.0962,0.0969,0.0924,0.0918,0.0988,0.095,0.0944,0.0927,0.0932,0.0966,0.2019,0.1938,0.1834,0.1761,0.1378,0.2112,0.2136,0.1945,0.18,0.1637,0.0962,0.1342,0.2426,0.1843,0.1766,0.1771,0.134,0.2111,0.2031,0.1843,0.1837,0.1686,0.0927,0.1042,0.202,0.198,0.1882,0.1745,0.1296,0.207,0.2045,0.191,0.1733,0.1613,0.0937,0.127,0.1864,0.1451,0.1434,0.138,0.1088,0.1475,0.151,0.1446,0.1427,0.1337,0.0924,0.0948,0.1522,0.1484,0.1442,0.147,0.1156,0.1433,0.1484,0.1484,0.157,0.1345,0.0946,0.1139,0.2187,0.1465,0.1574,0.1487,0.1143,0.1519,0.1491,0.1517,0.146,0.1351,0.0953,0.099,0.0968,0.0934,0.095,0.1011,0.0924,0.0938,0.0917,0.0942,0.1004,0.0963,0.0982,
17062s,0.0957,0.0941,0.0946,0.0963,0.0967,0.0927,0.092,0.0989,0.095,0.0944,0.0926,0.0934,0.0964,0.2039,0.1959,0.1853,0.1762,0.1371,0.2137,0.2155,0.1955,0.1804,0.1626,0.0962,0.1415,0.2498,0.1844,0.1794,0.1786,0.1336,0.2145,0.2067,0.1866,0.1835,0.1696,0.0929,0.1039,0.2049,0.2001,0.1892,0.1748,0.1292,0.2101,0.2065,0.1925,0.1738,0.1617,0.0937,0.1255,0.1863,0.1458,0.1435,0.1384,0.1092,0.1499,0.1531,0.1459,0.1427,0.1335,0.0925,0.0945,0.1534,0.1484,0.1449,0.1457,0.1146,0.1435,0.148,0.148,0.1571,0.1341,0.0946,0.1201,0.2295,0.1476,0.1575,0.1483,0.1136,0.1513,0.1496,0.1527,0.1463,0.1349,0.0952,0.0972,0.0949,0.0929,0.0944,0.1006,0.0924,0.0937,0.0917,0.0943,0.1006,0.0963,0.0982,
17325s,0.0959,0.0945,0.0947,0.0964,0.0972,0.0927,0.0919,0.099,0.0949,0.0944,0.0926,0.0932,0.0968,0.2068,0.1979,0.1866,0.177,0.1367,0.2167,0.2186,0.1978,0.1823,0.1631,0.096,0.135,0.2475,0.186,0.1806,0.1785,0.1343,0.2185,0.2077,0.1883,0.1861,0.1704,0.0927,0.1054,0.209,0.2031,0.1904,0.1751,0.1275,0.2124,0.2086,0.1929,0.1745,0.1594,0.0935,0.1229,0.1883,0.148,0.1445,0.1388,0.109,0.1508,0.1542,0.1468,0.143,0.1337,0.0926,0.0951,0.1552,0.1509,0.1465,0.1481,0.115,0.1461,0.1496,0.1507,0.1576,0.134,0.0947,0.1173,0.2179,0.1502,0.1603,0.1503,0.1145,0.1546,0.152,0.1543,0.1472,0.1345,0.0952,0.0971,0.095,0.0926,0.0944,0.1007,0.0924,0.0936,0.0919,0.0941,0.1005,0.0962,0.0982,
17587s,0.0956,0.0946,0.0944,0.096,0.0969,0.0923,0.0917,0.0986,0.0947,0.0943,0.0927,0.0932,0.0965,0.2093,0.199,0.1869,0.1753,0.1384,0.2193,0.2191,0.1987,0.1803,0.1649,0.0963,0.1318,0.2438,0.1888,0.1802,0.1787,0.1337,0.2197,0.2122,0.1911,0.1843,0.1687,0.0926,0.1038,0.2122,0.2058,0.1918,0.1775,0.1306,0.2173,0.2152,0.1975,0.1765,0.1615,0.0937,0.1212,0.1962,0.15,0.1463,0.1411,0.1096,0.154,0.1575,0.1498,0.1446,0.1354,0.0925,0.0947,0.1567,0.1521,0.1477,0.1486,0.1152,0.1484,0.1518,0.1513,0.1582,0.1342,0.0948,0.1227,0.2231,0.1512,0.1617,0.1504,0.1142,0.1555,0.1538,0.1556,0.1478,0.135,0.0951,0.0962,0.0939,0.092,0.094,0.1006,0.0923,0.0937,0.0917,0.0941,0.1005,0.0961,0.0982,
17850s,0.0956,0.0965,0.0944,0.096,0.0969,0.0925,0.0919,0.0988,0.095,0.0943,0.0927,0.0932,0.0969,0.2129,0.2017,0.1886,0.1772,0.1397,0.2229,0.2221,0.2015,0.1817,0.1655,0.0964,0.1379,0.251,0.1898,0.1814,0.1792,0.1337,0.2235,0.2136,0.1917,0.1851,0.1694,0.0927,0.1049,0.2139,0.2068,0.1922,0.1764,0.1282,0.2178,0.2141,0.1967,0.1755,0.1621,0.0938,0.1235,0.187,0.1515,0.1471,0.1412,0.1093,0.1542,0.1585,0.1501,0.1451,0.1349,0.0926,0.0948,0.1594,0.1544,0.15,0.1502,0.1156,0.1505,0.1544,0.1538,0.1593,0.1361,0.0948,0.1177,0.2226,0.1536,0.1624,0.1513,0.1146,0.1583,0.1559,0.1578,0.1479,0.1354,0.0953,0.0974,0.0949,0.0931,0.0946,0.1009,0.0925,0.0938,0.0917,0.0942,0.1006,0.0964,0.0982,
18112s,0.0955,0.0939,0.0947,0.096,0.0966,0.0922,0.0917,0.0986,0.0947,0.0943,0.0926,0.0931,0.0966,0.2154,0.2033,0.1886,0.1773,0.1387,0.226,0.2239,0.2029,0.1827,0.1653,0.0962,0.1349,0.2664,0.1911,0.1834,0.1796,0.1339,0.2262,0.2147,0.1936,0.1866,0.1704,0.0926,0.1042,0.2161,0.2084,0.1937,0.1755,0.128,0.2218,0.2166,0.1984,0.1763,0.1624,0.0936,0.1206,0.2097,0.1533,0.1508,0.1422,0.1097,0.1578,0.1615,0.1521,0.1458,0.1349,0.0925,0.0948,0.1606,0.1561,0.1504,0.1503,0.1155,0.1518,0.1562,0.1553,0.1594,0.1362,0.0946,0.1208,0.228,0.1555,0.1638,0.1526,0.1147,0.1611,0.1587,0.1591,0.1486,0.135,0.0951,0.097,0.0943,0.0922,0.094,0.1008,0.0925,0.0936,0.0917,0.0941,0.1004,0.0961,0.0979,
18375s,0.0959,0.1001,0.0943,0.0959,0.0967,0.0926,0.0918,0.0988,0.0949,0.0943,0.0927,0.0932,0.097,0.2203,0.2058,0.1923,0.1775,0.137,0.2321,0.2312,0.2072,0.1866,0.1655,0.0964,0.1433,0.2807,0.1917,0.1832,0.1805,0.1342,0.2329,0.2197,0.197,0.1875,0.1694,0.0927,0.1047,0.2203,0.2093,0.1945,0.1754,0.1277,0.2258,0.2211,0.2005,0.1787,0.16,0.0937,0.1211,0.1961,0.1543,0.1505,0.1419,0.1094,0.1572,0.1631,0.1519,0.1448,0.1351,0.0926,0.0953,0.164,0.1589,0.152,0.151,0.1156,0.1528,0.158,0.1565,0.161,0.1353,0.0947,0.1128,0.2285,0.1585,0.1652,0.1527,0.114,0.1611,0.1594,0.1599,0.1492,0.1344,0.095,0.0969,0.0945,0.0925,0.0944,0.1009,0.0923,0.0935,0.0916,0.0942,0.1006,0.0964,0.0982,
18637s,0.0953,0.0959,0.0946,0.0963,0.0972,0.0927,0.0919,0.0986,0.0949,0.0944,0.0927,0.0933,0.0961,0.2215,0.2073,0.1904,0.1766,0.1421,0.2337,0.2274,0.2063,0.185,0.1692,0.0963,0.1395,0.2727,0.195,0.1844,0.1794,0.1334,0.2314,0.2212,0.1978,0.1859,0.17,0.0927,0.1044,0.2242,0.2125,0.197,0.1755,0.1288,0.228,0.2236,0.204,0.1793,0.1636,0.0937,0.1239,0.2106,0.157,0.1513,0.1424,0.109,0.1591,0.1651,0.1534,0.1451,0.1346,0.0925,0.0949,0.1656,0.16,0.1529,0.1514,0.1153,0.1565,0.1615,0.1581,0.1613,0.1376,0.0949,0.1161,0.2321,0.1581,0.1666,0.1521,0.1144,0.1636,0.1619,0.1618,0.1498,0.1356,0.0951,0.0965,0.0945,0.0927,0.096,0.1009,0.0924,0.0938,0.0915,0.0942,0.1006,0.0959,0.0981,
18900s,0.0957,0.0936,0.0944,0.0957,0.0965,0.0922,0.0918,0.0988,0.0949,0.0942,0.0926,0.0933,0.097,0.2265,0.2093,0.1937,0.1774,0.1371,0.2373,0.2348,0.2097,0.1866,0.1658,0.0961,0.1345,0.265,0.1959,0.1861,0.1811,0.1343,0.2376,0.2234,0.1986,0.1901,0.1719,0.0928,0.104,0.2262,0.2114,0.1958,0.1765,0.128,0.232,0.2255,0.203,0.1791,0.1618,0.0936,0.1219,0.2039,0.1581,0.1515,0.1429,0.1091,0.1619,0.1676,0.155,0.1455,0.135,0.0925,0.0954,0.1686,0.1618,0.1556,0.1516,0.1147,0.156,0.162,0.1591,0.1614,0.1358,0.0947,0.1149,0.2313,0.1605,0.1681,0.1541,0.1141,0.1654,0.1648,0.1632,0.1506,0.1363,0.0952,0.0974,0.0947,0.0923,0.0939,0.1007,0.0923,0.0936,0.0915,0.094,0.1004,0.0962,0.0982,
19162s,0.0958,0.0943,0.0945,0.096,0.0968,0.0925,0.0919,0.0988,0.095,0.0942,0.0926,0.0933,0.0967,0.2305,0.2107,0.195,0.1764,0.1362,0.2432,0.2372,0.2116,0.1872,0.1665,0.0963,0.1429,0.2746,0.1959,0.1858,0.1787,0.133,0.2436,0.2285,0.2006,0.1899,0.1714,0.0928,0.1047,0.2321,0.2156,0.1977,0.1764,0.1287,0.237,0.2296,0.2056,0.18,0.163,0.0938,0.1163,0.2159,0.1597,0.1532,0.1436,0.1091,0.1636,0.1695,0.1565,0.1458,0.1354,0.0926,0.0949,0.1697,0.1624,0.1566,0.1526,0.1153,0.1598,0.1649,0.1606,0.1616,0.1361,0.0948,0.1162,0.2309,0.1618,0.1696,0.1547,0.1144,0.167,0.167,0.1649,0.1509,0.1359,0.0951,0.0975,0.0948,0.0925,0.0943,0.1008,0.0924,0.0935,0.0917,0.0941,0.1006,0.0962,0.0983,
19425s,0.095,0.0941,0.0947,0.0962,0.0973,0.0924,0.0919,0.0989,0.0948,0.0943,0.0927,0.0933,0.0967,0.2343,0.2138,0.1964,0.179,0.1365,0.2512,0.2412,0.2144,0.1904,0.17,0.0962,0.1287,0.2708,0.1976,0.1871,0.1801,0.1334,0.249,0.2321,0.2015,0.1897,0.1716,0.0926,0.1042,0.2335,0.2163,0.1998,0.1762,0.1275,0.2437,0.2353,0.2097,0.1828,0.1617,0.0936,0.1182,0.2159,0.1615,0.1541,0.1441,0.1094,0.165,0.1723,0.1583,0.1476,0.1365,0.0924,0.095,0.1728,0.165,0.1574,0.1522,0.1149,0.1622,0.1673,0.1629,0.1661,0.1389,0.0947,0.119,0.2476,0.1638,0.1693,0.1542,0.1146,0.1701,0.1692,0.1671,0.1521,0.1371,0.095,0.0976,0.0945,0.0926,0.0943,0.1009,0.0925,0.0937,0.0917,0.0941,0.1006,0.0963,0.0981,
19687s,0.0959,0.094,0.0945,0.096,0.097,0.0925,0.0919,0.0986,0.0948,0.0944,0.0927,0.0932,0.0974,0.2359,0.2148,0.1966,0.1783,0.1392,0.2521,0.2412,0.2137,0.1879,0.1672,0.0963,0.1378,0.2657,0.2001,0.1889,0.1805,0.1347,0.2504,0.2301,0.203,0.1906,0.174,0.0929,0.105,0.2384,0.2189,0.1995,0.177,0.1293,0.2449,0.2337,0.2089,0.1806,0.1634,0.0936,0.1227,0.2179,0.1636,0.1561,0.1441,0.1095,0.1677,0.1749,0.1595,0.1476,0.136,0.0926,0.0951,0.175,0.1676,0.1591,0.1537,0.1155,0.1638,0.1701,0.1633,0.1627,0.1368,0.0949,0.1177,0.2526,0.1666,0.1728,0.1558,0.1143,0.1739,0.1731,0.1684,0.1517,0.1369,0.0952,0.0977,0.0958,0.0933,0.0945,0.1009,0.0926,0.0937,0.0918,0.0941,0.1005,0.0962,0.0982,
19950s,0.0955,0.0938,0.0945,0.0959,0.0966,0.0922,0.0918,0.0988,0.0949,0.0943,0.0926,0.0932,0.0966,0.2391,0.2171,0.1983,0.1775,0.1379,0.2586,0.2402,0.2174,0.1886,0.1672,0.0963,0.1363,0.2884,0.2006,0.1892,0.1817,0.1345,0.2562,0.2331,0.2048,0.1919,0.1741,0.0926,0.1042,0.2393,0.2192,0.1997,0.1772,0.1284,0.2503,0.2366,0.2097,0.1806,0.1642,0.0936,0.1229,0.2366,0.1654,0.1578,0.1457,0.1097,0.172,0.1784,0.1614,0.1486,0.1363,0.0926,0.0948,0.177,0.1691,0.1603,0.1529,0.1149,0.1651,0.1715,0.1646,0.163,0.1369,0.0947,0.1209,0.2502,0.1676,0.1744,0.1565,0.1147,0.1761,0.1758,0.1702,0.1527,0.1387,0.0951,0.0977,0.0949,0.0929,0.0943,0.1008,0.0923,0.0936,0.0917,0.0941,0.1003,0.0962,0.0982,
20212s,0.0955,0.0942,0.0944,0.0957,0.0964,0.0924,0.0918,0.0988,0.0948,0.0942,0.0926,0.0931,0.0972,0.2486,0.2179,0.1972,0.1775,0.1379,0.2659,0.2412,0.2188,0.1907,0.1683,0.096,0.1375,0.3117,0.1995,0.189,0.1799,0.1334,0.2627,0.2394,0.2079,0.1924,0.1721,0.0926,0.1045,0.2433,0.2221,0.2011,0.1768,0.1273,0.2577,0.2431,0.2132,0.1841,0.1621,0.0936,0.1238,0.2285,0.166,0.1568,0.1449,0.109,0.172,0.1796,0.1615,0.1477,0.1364,0.0925,0.0948,0.1789,0.1697,0.1613,0.1528,0.115,0.1665,0.1733,0.166,0.1656,0.1372,0.0944,0.1139,0.232,0.1691,0.1749,0.156,0.1141,0.1752,0.176,0.1699,0.1538,0.1368,0.095,0.0974,0.0954,0.0929,0.0947,0.1008,0.0922,0.0935,0.0916,0.094,0.1003,0.0961,0.098,
20475s,0.0952,0.094,0.0945,0.0962,0.0967,0.0927,0.092,0.0988,0.0947,0.0943,0.0926,0.0932,0.0968,0.2516,0.2202,0.1981,0.1776,0.1368,0.2675,0.2465,0.221,0.187,0.1705,0.0964,0.1362,0.2998,0.2024,0.1906,0.1821,0.1346,0.2664,0.2382,0.208,0.1894,0.1738,0.0927,0.1043,0.247,0.2221,0.2016,0.1781,0.127,0.2582,0.2409,0.2119,0.181,0.1653,0.0937,0.1172,0.2255,0.1689,0.1585,0.1458,0.1094,0.1759,0.1822,0.163,0.1487,0.1371,0.0926,0.0953,0.1808,0.171,0.1633,0.1538,0.1151,0.1703,0.1771,0.168,0.1658,0.1375,0.0949,0.1206,0.2426,0.1715,0.1766,0.1566,0.1144,0.1804,0.1786,0.1718,0.1533,0.1381,0.0951,0.0975,0.0945,0.0925,0.0943,0.1008,0.0924,0.0936,0.0916,0.0942,0.1004,0.0962,0.098,
20737s,0.0961,0.0943,0.0944,0.0958,0.0966,0.0922,0.0917,0.0987,0.0948,0.0944,0.0926,0.0931,0.0972,0.2502,0.2206,0.1986,0.1773,0.1358,0.2731,0.2463,0.2223,0.1916,0.1684,0.0962,0.1456,0.3029,0.2036,0.191,0.1813,0.1342,0.2705,0.2431,0.21,0.194,0.1741,0.0928,0.1047,0.2525,0.2243,0.2026,0.1774,0.128,0.269,0.2467,0.2157,0.1842,0.1642,0.0938,0.126,0.2456,0.171,0.1592,0.1458,0.1093,0.1778,0.1851,0.1645,0.1483,0.1365,0.0925,0.0951,0.1855,0.1715,0.1662,0.1544,0.1154,0.1714,0.1785,0.1694,0.1644,0.1375,0.0947,0.1122,0.2375,0.1736,0.1788,0.1562,0.1141,0.18,0.1815,0.1727,0.1535,0.1372,0.0951,0.0978,0.0959,0.0934,0.0947,0.1009,0.0925,0.0937,0.0916,0.0941,0.1005,0.0961,0.098,
21000s,0.0951,0.0965,0.095,0.0961,0.097,0.0927,0.092,0.0992,0.095,0.0944,0.0928,0.0933,0.0965,0.2563,0.2223,0.1999,0.1789,0.1374,0.2793,0.2502,0.2253,0.1916,0.1699,0.0963,0.1403,0.3239,0.2038,0.1925,0.1814,0.1343,0.2762,0.2467,0.2135,0.1943,0.1748,0.0929,0.1042,0.2531,0.2257,0.203,0.1776,0.1279,0.2746,0.25,0.2184,0.1842,0.1638,0.0936,0.1225,0.2383,0.1727,0.1606,0.1466,0.1095,0.1803,0.1872,0.1656,0.1495,0.1374,0.0926,0.0953,0.1874,0.1748,0.1667,0.1562,0.1161,0.1753,0.1822,0.1715,0.1653,0.1382,0.0946,0.1167,0.2521,0.1748,0.1801,0.1585,0.1149,0.1835,0.1849,0.1756,0.1544,0.1382,0.0951,0.0976,0.0949,0.0927,0.0943,0.1009,0.0922,0.0934,0.0917,0.094,0.1006,0.096,0.0982,
21262s,0.0957,0.0939,0.0946,0.0961,0.097,0.0925,0.0918,0.0988,0.0948,0.0943,0.0927,0.0932,0.097,0.2596,0.2241,0.2016,0.1795,0.1373,0.2832,0.2478,0.2267,0.1937,0.1715,0.0964,0.129,0.3122,0.2056,0.1918,0.1811,0.1332,0.2836,0.2503,0.211,0.1941,0.1736,0.0927,0.1044,0.26,0.2272,0.2047,0.1767,0.1275,0.2767,0.2538,0.2213,0.1873,0.1641,0.0936,0.1236,0.2409,0.1755,0.1624,0.1471,0.1097,0.1841,0.1894,0.1668,0.1508,0.1386,0.0925,0.095,0.1892,0.1757,0.1674,0.1554,0.1153,0.1783,0.1843,0.1728,0.168,0.1396,0.0948,0.119,0.2507,0.1767,0.18,0.1562,0.1143,0.1856,0.1855,0.1757,0.1546,0.139,0.0951,0.0967,0.094,0.0921,0.0941,0.1011,0.0924,0.0936,0.0917,0.0942,0.1006,0.0963,0.0982,
21525s,0.0953,0.0956,0.0944,0.0962,0.097,0.0926,0.0919,0.0987,0.0948,0.0944,0.0925,0.0931,0.0961,0.2656,0.223,0.1992,0.1764,0.1396,0.2867,0.2512,0.2267,0.1921,0.1702,0.0963,0.1311,0.302,0.2076,0.1932,0.181,0.1342,0.2836,0.2488,0.2145,0.1949,0.1763,0.0926,0.1038,0.2639,0.229,0.2041,0.1774,0.129,0.2848,0.2543,0.22,0.1845,0.1668,0.0937,0.1255,0.2519,0.1774,0.1626,0.1465,0.1095,0.1853,0.192,0.1686,0.1502,0.1372,0.0925,0.0941,0.1908,0.1773,0.168,0.1555,0.1155,0.1796,0.1864,0.1739,0.1654,0.1392,0.0947,0.1173,0.2623,0.1792,0.1831,0.1595,0.1146,0.1893,0.1892,0.1786,0.155,0.1391,0.0952,0.0964,0.094,0.0922,0.094,0.1007,0.0921,0.0936,0.0916,0.0941,0.1004,0.0962,0.098,
21787s,0.0958,0.0945,0.0943,0.0959,0.0965,0.0923,0.0917,0.0987,0.0948,0.0943,0.0928,0.0932,0.0969,0.2634,0.227,0.2025,0.1786,0.1374,0.2919,0.2532,0.228,0.1938,0.1706,0.0964,0.1338,0.3154,0.2081,0.1943,0.1805,0.1339,0.2916,0.2506,0.2157,0.1963,0.1762,0.0927,0.1049,0.2695,0.2315,0.2063,0.1778,0.1286,0.2878,0.2584,0.2221,0.1856,0.167,0.0939,0.122,0.2579,0.1789,0.1647,0.1473,0.1095,0.1895,0.1952,0.1703,0.151,0.1376,0.0925,0.095,0.1953,0.1795,0.1696,0.1555,0.1158,0.1824,0.1884,0.1754,0.1666,0.1388,0.0947,0.1194,0.2523,0.1818,0.1826,0.1574,0.1139,0.1901,0.1906,0.1792,0.1549,0.1374,0.0953,0.0968,0.0942,0.0923,0.0941,0.1007,0.0923,0.0935,0.0916,0.094,0.1006,0.0961,0.0981,
22050s,0.0958,0.0946,0.0946,0.096,0.0969,0.0926,0.0918,0.0987,0.0948,0.0943,0.0926,0.0933,0.097,0.273,0.2271,0.2021,0.1789,0.1375,0.2947,0.2535,0.2295,0.195,0.1705,0.0963,0.1308,0.3211,0.2091,0.1938,0.18,0.1335,0.2949,0.253,0.2171,0.1965,0.1754,0.0928,0.1045,0.272,0.2332,0.2066,0.1777,0.1288,0.2915,0.2626,0.2238,0.1865,0.167,0.0937,0.1247,0.2586,0.1816,0.1663,0.1487,0.1099,0.1933,0.1982,0.1709,0.1517,0.1386,0.0926,0.0958,0.2004,0.1824,0.1732,0.157,0.1162,0.1865,0.1918,0.1779,0.1671,0.1395,0.095,0.1165,0.2629,0.1827,0.1851,0.158,0.1145,0.193,0.193,0.1809,0.1561,0.1389,0.0952,0.0972,0.0947,0.0927,0.0942,0.1011,0.0923,0.0937,0.0916,0.0943,0.1006,0.0962,0.0982,
22312s,0.0954,0.094,0.0945,0.096,0.0968,0.0926,0.0921,0.0989,0.0949,0.0944,0.0927,0.0933,0.0967,0.2813,0.2282,0.2027,0.1781,0.1373,0.2961,0.2509,0.2341,0.196,0.1733,0.0961,0.1423,0.3238,0.2112,0.1951,0.1811,0.1341,0.2977,0.26,0.2166,0.1959,0.1743,0.0928,0.1048,0.2772,0.2336,0.2064,0.1773,0.1273,0.2988,0.2632,0.2279,0.1889,0.1653,0.0937,0.1202,0.2811,0.1829,0.1673,0.1483,0.11,0.195,0.2005,0.1722,0.1525,0.1392,0.0926,0.0951,0.2007,0.184,0.1718,0.1562,0.1159,0.1882,0.1939,0.1781,0.1702,0.141,0.0946,0.1169,0.2614,0.1842,0.1853,0.1589,0.1144,0.1965,0.1951,0.182,0.158,0.1399,0.095,0.0967,0.094,0.0926,0.0943,0.101,0.0924,0.0936,0.0917,0.0941,0.1006,0.0962,0.0982,
22574s,0.096,0.0938,0.0943,0.0959,0.0969,0.0925,0.0917,0.0986,0.0948,0.0944,0.0926,0.0932,0.0966,0.2899,0.2297,0.2009,0.1772,0.142,0.3016,0.2558,0.2324,0.1934,0.1736,0.0963,0.1341,0.3212,0.2139,0.1953,0.1822,0.1349,0.2989,0.2603,0.2205,0.1961,0.1774,0.0926,0.1037,0.281,0.2355,0.2053,0.1791,0.1298,0.2989,0.2673,0.226,0.1873,0.1685,0.0936,0.1238,0.2617,0.1843,0.1687,0.1486,0.1099,0.1974,0.2029,0.1738,0.1524,0.1384,0.0924,0.0948,0.2044,0.1868,0.1733,0.1567,0.1159,0.1912,0.1964,0.1795,0.1669,0.1402,0.0947,0.1143,0.2629,0.1868,0.1872,0.1599,0.115,0.2004,0.199,0.1833,0.1564,0.1406,0.0949,0.0967,0.0947,0.0929,0.0944,0.1009,0.0924,0.0937,0.0916,0.0943,0.1004,0.0961,0.0979,
22837s,0.0954,0.0939,0.0946,0.0962,0.097,0.0925,0.0918,0.0988,0.095,0.0943,0.0927,0.0933,0.097,0.2874,0.2296,0.2007,0.1776,0.1374,0.3034,0.2544,0.2357,0.1969,0.1718,0.0964,0.133,0.3326,0.2125,0.1949,0.1813,0.1349,0.3031,0.2624,0.2206,0.1979,0.177,0.0926,0.1047,0.2827,0.2371,0.2074,0.1781,0.1285,0.3041,0.2701,0.2301,0.19,0.1663,0.0936,0.1179,0.2737,0.1868,0.1696,0.1494,0.11,0.2037,0.2062,0.1754,0.1527,0.1396,0.0925,0.0952,0.2083,0.188,0.1751,0.1565,0.1158,0.193,0.1973,0.1805,0.1693,0.1397,0.0947,0.1145,0.2673,0.1884,0.1895,0.1598,0.1146,0.2015,0.2006,0.1848,0.1573,0.1382,0.0953,0.0974,0.0946,0.0926,0.0941,0.1007,0.0924,0.0937,0.0917,0.0939,0.1005,0.0962,0.0982,
23100s,0.0958,0.0947,0.0946,0.0962,0.0969,0.0925,0.0918,0.0986,0.0948,0.0943,0.0926,0.0932,0.0972,0.2937,0.2343,0.2044,0.1786,0.1381,0.308,0.2575,0.2397,0.1977,0.1752,0.0965,0.1328,0.3241,0.215,0.195,0.1813,0.1336,0.3055,0.2673,0.221,0.1982,0.176,0.0927,0.1053,0.2918,0.2386,0.2064,0.1774,0.1278,0.306,0.2693,0.2322,0.191,0.1664,0.0935,0.1223,0.2806,0.1888,0.1694,0.1491,0.1098,0.2038,0.2068,0.1751,0.1537,0.14,0.0924,0.0955,0.2111,0.1872,0.1759,0.1556,0.1157,0.198,0.2012,0.1834,0.168,0.1416,0.0947,0.1253,0.2652,0.1903,0.1879,0.1584,0.1146,0.2058,0.2025,0.1855,0.1585,0.1412,0.0949,0.0977,0.0947,0.0931,0.0948,0.1011,0.0926,0.0937,0.0918,0.0943,0.1007,0.0963,0.0983,
23362s,0.0955,0.0943,0.0947,0.0964,0.0972,0.0927,0.0919,0.099,0.0951,0.0944,0.0927,0.0933,0.097,0.2919,0.2354,0.2055,0.1786,0.1387,0.3125,0.258,0.2392,0.1995,0.1739,0.0962,0.1357,0.335,0.217,0.1961,0.182,0.1338,0.3105,0.2697,0.2232,0.1983,0.1755,0.0927,0.1052,0.2904,0.2418,0.2103,0.1785,0.1283,0.3113,0.2747,0.2339,0.1919,0.1665,0.0937,0.1196,0.2987,0.1905,0.1712,0.1501,0.1103,0.2108,0.2098,0.1768,0.1545,0.1406,0.0927,0.0958,0.2148,0.1901,0.1777,0.1578,0.1161,0.2012,0.2049,0.1834,0.1707,0.1406,0.0946,0.1223,0.2641,0.1907,0.1898,0.159,0.1148,0.2101,0.2043,0.1878,0.1586,0.1403,0.0952,0.0976,0.0949,0.0927,0.0943,0.101,0.0924,0.0936,0.0916,0.0942,0.1008,0.0961,0.0981,
23624s,0.0959,0.0941,0.0946,0.0964,0.097,0.0925,0.0918,0.0987,0.0949,0.0945,0.0928,0.0932,0.097,0.3028,0.2363,0.2011,0.1784,0.1403,0.3147,0.2602,0.2404,0.1992,0.1731,0.0962,0.134,0.3428,0.2191,0.1961,0.1819,0.1353,0.3138,0.2704,0.2235,0.1988,0.178,0.0928,0.1045,0.3021,0.2419,0.2087,0.1789,0.1298,0.3146,0.2764,0.2342,0.1894,0.17,0.0937,0.1184,0.2986,0.1935,0.173,0.15,0.1105,0.2148,0.2144,0.1793,0.1538,0.1399,0.0927,0.0957,0.2196,0.1937,0.179,0.1588,0.1164,0.2053,0.2057,0.1855,0.1698,0.1407,0.0948,0.1193,0.2814,0.1918,0.1918,0.1596,0.115,0.212,0.2087,0.1896,0.1583,0.14,0.0952,0.0963,0.0937,0.0924,0.0941,0.1008,0.0923,0.0937,0.0917,0.0942,0.1004,0.0962,0.0981,
23887s,0.0956,0.0939,0.0945,0.0961,0.0971,0.0923,0.0917,0.0988,0.0947,0.0942,0.0926,0.0931,0.097,0.3046,0.2365,0.2016,0.1788,0.1383,0.3184,0.261,0.242,0.1994,0.1737,0.0961,0.1353,0.3358,0.2209,0.1956,0.1824,0.1352,0.3184,0.2728,0.2236,0.1986,0.1768,0.0929,0.1046,0.3071,0.2438,0.2087,0.1789,0.1292,0.3157,0.2774,0.2354,0.1906,0.1704,0.0936,0.1284,0.291,0.1945,0.1732,0.1499,0.1103,0.219,0.2162,0.1799,0.154,0.1399,0.0924,0.0944,0.2207,0.1974,0.1795,0.1582,0.116,0.2089,0.2074,0.1852,0.1693,0.1397,0.0946,0.1187,0.2843,0.1951,0.1942,0.1608,0.1153,0.2174,0.2115,0.1902,0.1589,0.1399,0.0951,0.0971,0.0947,0.0923,0.0941,0.1009,0.0924,0.0936,0.0916,0.094,0.1003,0.0961,0.0981,
24149s,0.0958,0.0946,0.0946,0.0961,0.0968,0.0923,0.0918,0.0987,0.0948,0.0945,0.0928,0.0932,0.0967,0.3139,0.2385,0.2011,0.1769,0.141,0.321,0.2634,0.2394,0.1966,0.1742,0.0961,0.1443,0.3455,0.2244,0.1968,0.1817,0.1346,0.323,0.2731,0.2263,0.1986,0.1788,0.0926,0.1042,0.3121,0.2451,0.2087,0.1781,0.1293,0.322,0.2797,0.235,0.1892,0.1693,0.0936,0.1228,0.3048,0.1969,0.1748,0.1507,0.1103,0.2226,0.2187,0.1809,0.1551,0.14,0.0925,0.0952,0.2259,0.2004,0.1813,0.1591,0.1168,0.214,0.2112,0.1892,0.1697,0.1412,0.0947,0.1199,0.3032,0.1986,0.1942,0.1614,0.1157,0.2216,0.2153,0.193,0.1603,0.1414,0.095,0.097,0.0945,0.0928,0.0945,0.1008,0.0926,0.0936,0.0915,0.0943,0.1005,0.0962,0.0982,
24412s,0.0954,0.0946,0.0945,0.0962,0.0971,0.0927,0.0917,0.099,0.0949,0.0943,0.0926,0.0932,0.0972,0.3111,0.2396,0.2048,0.1794,0.1388,0.3241,0.266,0.2432,0.2006,0.1767,0.0963,0.1336,0.3432,0.2241,0.1964,0.1823,0.1347,0.3283,0.2765,0.2296,0.2008,0.1784,0.0926,0.1047,0.3158,0.2511,0.2094,0.18,0.1289,0.3221,0.2851,0.2416,0.1948,0.1749,0.0936,0.1194,0.3025,0.1983,0.1752,0.1504,0.1107,0.2257,0.2199,0.1816,0.1555,0.1411,0.0926,0.0951,0.2279,0.203,0.1806,0.1577,0.1164,0.2234,0.2157,0.1881,0.1733,0.1426,0.0946,0.1165,0.2956,0.1989,0.1948,0.1602,0.1154,0.2281,0.2156,0.1917,0.1609,0.1432,0.0952,0.0969,0.0941,0.0926,0.0942,0.1009,0.0924,0.0934,0.0917,0.0942,0.1007,0.0963,0.098,
24674s,0.0957,0.0949,0.0947,0.0961,0.0968,0.0924,0.0919,0.099,0.095,0.0944,0.0926,0.0931,0.0971,0.3124,0.2418,0.2032,0.1776,0.1375,0.3295,0.2676,0.2461,0.201,0.1753,0.0961,0.134,0.3346,0.2285,0.1969,0.1818,0.135,0.3328,0.2802,0.2279,0.1993,0.1773,0.0927,0.1047,0.3149,0.2479,0.2091,0.1787,0.1293,0.3251,0.2855,0.2408,0.1936,0.1726,0.0937,0.1237,0.3127,0.2001,0.1764,0.1502,0.1103,0.2312,0.2231,0.1825,0.1545,0.1412,0.0925,0.0951,0.2312,0.2045,0.1828,0.1591,0.1166,0.2257,0.2159,0.1894,0.1715,0.1416,0.0947,0.1149,0.296,0.2018,0.1962,0.1617,0.1154,0.2305,0.2172,0.1932,0.1606,0.1401,0.095,0.0971,0.0949,0.0926,0.0944,0.1006,0.0924,0.0937,0.0917,0.0942,0.1006,0.0962,0.0981,
24937s,0.0949,0.0946,0.0946,0.0961,0.097,0.0925,0.0918,0.0986,0.0949,0.0945,0.0927,0.0933,0.097,0.3219,0.2431,0.2039,0.1783,0.1377,0.3381,0.2681,0.2456,0.2017,0.1782,0.0962,0.1324,0.3417,0.2294,0.1969,0.1826,0.1346,0.343,0.2797,0.2326,0.2027,0.1791,0.0927,0.1046,0.3229,0.2518,0.2096,0.1797,0.1286,0.3334,0.2872,0.2431,0.1946,0.1742,0.0938,0.1225,0.2971,0.2016,0.1758,0.1504,0.1103,0.236,0.2245,0.1836,0.1564,0.1412,0.0925,0.0939,0.2331,0.2033,0.1819,0.1575,0.1154,0.2295,0.222,0.1933,0.174,0.1439,0.0947,0.1179,0.3119,0.2035,0.1949,0.1601,0.1149,0.2351,0.2197,0.1957,0.1613,0.1448,0.095,0.0963,0.0937,0.0924,0.0942,0.1009,0.0923,0.0935,0.0916,0.0941,0.1005,0.0962,0.098,
25199s,0.0963,0.0945,0.0947,0.0961,0.0967,0.0924,0.0917,0.0988,0.0948,0.0945,0.0928,0.0933,0.0966,0.3185,0.2459,0.202,0.1763,0.1397,0.3454,0.2703,0.2494,0.2016,0.1757,0.0964,0.1419,0.3398,0.2321,0.197,0.1814,0.1351,0.3429,0.2834,0.2294,0.2016,0.1793,0.0928,0.1052,0.3285,0.2504,0.2105,0.179,0.1296,0.3338,0.289,0.2428,0.1932,0.1707,0.0936,0.1264,0.324,0.205,0.1786,0.1504,0.1103,0.2434,0.228,0.1846,0.1558,0.1404,0.0924,0.095,0.2385,0.2078,0.184,0.1595,0.1167,0.2353,0.221,0.1922,0.1708,0.1412,0.0947,0.1192,0.3055,0.2051,0.1978,0.1604,0.1148,0.2393,0.2213,0.1965,0.1613,0.1409,0.0952,0.0973,0.095,0.0931,0.0948,0.101,0.0928,0.0937,0.0918,0.0942,0.1004,0.0961,0.098,
25462s,0.0953,0.0949,0.0946,0.0962,0.0971,0.0926,0.0919,0.0988,0.095,0.0945,0.0927,0.0935,0.0972,0.3335,0.2494,0.2038,0.1779,0.1381,0.3526,0.2723,0.2479,0.203,0.1774,0.0963,0.1338,0.3494,0.2375,0.1982,0.1812,0.1344,0.3518,0.2848,0.2335,0.2023,0.1778,0.0928,0.1043,0.3213,0.2499,0.2109,0.1779,0.1284,0.3396,0.2911,0.245,0.1936,0.172,0.0936,0.1224,0.32,0.2062,0.1783,0.1511,0.1104,0.244,0.2305,0.1859,0.1566,0.1413,0.0926,0.0946,0.2417,0.2071,0.1845,0.1582,0.116,0.2417,0.2266,0.1929,0.174,0.1423,0.0946,0.1171,0.317,0.2129,0.1969,0.1608,0.1152,0.2413,0.2231,0.1971,0.1613,0.1418,0.0952,0.0959,0.0936,0.0922,0.0938,0.1006,0.0924,0.0936,0.0916,0.0942,0.1005,0.0962,0.0981,
25724s,0.0958,0.0949,0.0945,0.096,0.0969,0.0923,0.0918,0.0988,0.0949,0.0943,0.0926,0.0933,0.097,0.3324,0.2467,0.2036,0.178,0.1389,0.3529,0.2732,0.2502,0.2038,0.1762,0.0961,0.134,0.3457,0.2342,0.198,0.1811,0.1345,0.3557,0.2868,0.233,0.2011,0.1781,0.0929,0.105,0.3353,0.2547,0.2098,0.1784,0.1304,0.3469,0.2935,0.2468,0.1958,0.172,0.0936,0.1198,0.333,0.2078,0.1794,0.1508,0.1101,0.2488,0.2332,0.1867,0.156,0.1409,0.0924,0.0939,0.244,0.2059,0.1854,0.1587,0.1163,0.2427,0.2278,0.1944,0.1732,0.1417,0.0947,0.1191,0.3139,0.21,0.1992,0.1621,0.1153,0.2455,0.2263,0.1984,0.1614,0.1409,0.0951,0.0966,0.0945,0.0923,0.0941,0.1006,0.0923,0.0935,0.0915,0.0941,0.1003,0.096,0.0981,
25987s,0.0953,0.0953,0.0948,0.0964,0.097,0.0925,0.092,0.0987,0.0949,0.0946,0.0927,0.0934,0.0967,0.3408,0.2533,0.2019,0.1773,0.1414,0.359,0.2751,0.2536,0.2009,0.1768,0.0962,0.1382,0.3394,0.2393,0.1994,0.1833,0.1355,0.3597,0.2878,0.2342,0.2035,0.1818,0.0929,0.1041,0.3328,0.2538,0.2102,0.1786,0.1298,0.3507,0.2952,0.2455,0.193,0.1719,0.0937,0.1223,0.341,0.2105,0.1813,0.1523,0.1108,0.2563,0.2368,0.1882,0.1579,0.1421,0.0924,0.0946,0.2525,0.2105,0.1872,0.1602,0.1172,0.2496,0.23,0.1963,0.1722,0.1431,0.0949,0.1194,0.3143,0.2124,0.1999,0.1614,0.1155,0.2507,0.2287,0.2005,0.1619,0.1408,0.0952,0.0967,0.0939,0.0925,0.0943,0.1008,0.0925,0.0937,0.0917,0.0941,0.1004,0.0962,0.0983,
26249s,0.0954,0.0952,0.0945,0.0961,0.0969,0.0927,0.092,0.0988,0.0952,0.0944,0.0927,0.0934,0.097,0.3384,0.2544,0.2053,0.1787,0.1392,0.3584,0.2746,0.2528,0.2053,0.1793,0.0964,0.1349,0.3363,0.2379,0.1976,0.1819,0.1346,0.3642,0.287,0.2387,0.2064,0.1808,0.0926,0.1046,0.3354,0.2579,0.2113,0.1787,0.1296,0.3597,0.2923,0.2486,0.197,0.1752,0.0936,0.1195,0.324,0.2124,0.1809,0.1517,0.1109,0.2641,0.2387,0.189,0.1578,0.1426,0.0926,0.095,0.2554,0.209,0.1868,0.1578,0.1161,0.2519,0.2351,0.1998,0.1762,0.1437,0.0944,0.1169,0.3199,0.2122,0.1965,0.1607,0.1151,0.2604,0.2338,0.2007,0.1626,0.1464,0.0951,0.0965,0.0944,0.0925,0.0943,0.1009,0.0926,0.0936,0.0917,0.0941,0.1005,0.0963,0.0982,
26512s,0.0953,0.095,0.0947,0.0963,0.0966,0.0922,0.0918,0.0989,0.0949,0.0945,0.0926,0.0933,0.0962,0.336,0.2604,0.2028,0.1767,0.1405,0.3686,0.2761,0.2517,0.2055,0.1783,0.0962,0.1391,0.3438,0.2374,0.2001,0.1816,0.1354,0.3658,0.2922,0.2363,0.2033,0.1796,0.0927,0.1039,0.3479,0.256,0.2103,0.1789,0.1298,0.3641,0.2978,0.2502,0.1945,0.1719,0.0936,0.1179,0.3411,0.2143,0.1818,0.152,0.1111,0.2653,0.2418,0.1905,0.1579,0.1417,0.0924,0.0951,0.2601,0.2115,0.188,0.1588,0.116,0.2549,0.235,0.1973,0.1726,0.1421,0.0946,0.1162,0.3143,0.2164,0.1994,0.1613,0.115,0.2598,0.2317,0.2029,0.1629,0.141,0.0952,0.0973,0.0943,0.0926,0.0941,0.1008,0.0926,0.0936,0.0916,0.094,0.1003,0.0961,0.098,
26774s,0.0959,0.0945,0.0947,0.0963,0.0972,0.0927,0.0919,0.0988,0.0948,0.0943,0.0927,0.0931,0.0976,0.3341,0.2604,0.2029,0.1768,0.1388,0.3757,0.2757,0.2573,0.2062,0.1823,0.096,0.1286,0.345,0.243,0.1984,0.1817,0.1348,0.3658,0.2894,0.2405,0.2074,0.183,0.0927,0.1052,0.3529,0.2677,0.2116,0.1793,0.1292,0.3685,0.2972,0.25,0.1983,0.1752,0.0937,0.1208,0.3475,0.2151,0.1815,0.1517,0.1106,0.2723,0.2443,0.1915,0.1577,0.1428,0.0925,0.095,0.2609,0.2127,0.1884,0.1575,0.1164,0.2618,0.2386,0.2023,0.1774,0.1446,0.0943,0.1157,0.3204,0.2221,0.2002,0.1613,0.1153,0.2641,0.2397,0.2048,0.1638,0.1475,0.095,0.0965,0.0943,0.0924,0.0942,0.1007,0.0924,0.0937,0.0917,0.0942,0.1003,0.0963,0.098,
27037s,0.0955,0.094,0.0946,0.0961,0.0967,0.0924,0.0918,0.0987,0.095,0.0944,0.0926,0.0932,0.0962,0.3421,0.2519,0.2041,0.1783,0.1398,0.3736,0.2811,0.2534,0.2046,0.1783,0.096,0.1385,0.3429,0.2484,0.1983,0.1828,0.1363,0.3699,0.2931,0.2392,0.2042,0.1797,0.0929,0.1042,0.3461,0.2675,0.2093,0.1795,0.1312,0.3772,0.2995,0.2549,0.1984,0.173,0.0936,0.1235,0.331,0.2176,0.182,0.1513,0.111,0.2724,0.244,0.1924,0.1578,0.1422,0.0924,0.0947,0.2661,0.2146,0.189,0.1589,0.1166,0.2619,0.2422,0.1998,0.174,0.1429,0.0946,0.1165,0.3259,0.2208,0.2,0.1629,0.1155,0.2673,0.238,0.2047,0.1635,0.1416,0.095,0.0975,0.0946,0.0929,0.0948,0.1007,0.0922,0.0936,0.0916,0.094,0.1002,0.0962,0.098,
27299s,0.0962,0.0957,0.0945,0.0959,0.0966,0.0923,0.0919,0.0989,0.095,0.0945,0.0927,0.0934,0.0966,0.3476,0.263,0.2047,0.1784,0.1395,0.38,0.2833,0.2545,0.2067,0.1783,0.0961,0.1346,0.3397,0.2497,0.1991,0.1829,0.1362,0.3722,0.2961,0.2402,0.204,0.1799,0.0928,0.1046,0.3497,0.2656,0.2108,0.1794,0.1309,0.3783,0.3011,0.2544,0.1981,0.1726,0.0937,0.1224,0.3302,0.2187,0.1833,0.1519,0.1114,0.2807,0.2482,0.1938,0.1582,0.1423,0.0926,0.0949,0.2724,0.2177,0.1886,0.1592,0.1168,0.27,0.2456,0.202,0.1748,0.1429,0.0948,0.1154,0.3163,0.2208,0.2007,0.1627,0.1157,0.2716,0.2418,0.2058,0.1636,0.1417,0.0953,0.0972,0.0952,0.0928,0.0959,0.1008,0.0926,0.0937,0.0917,0.0941,0.1005,0.0962,0.0983,
27562s,0.0954,0.0961,0.0949,0.0962,0.0969,0.0923,0.0919,0.0989,0.095,0.0946,0.0929,0.0933,0.0966,0.3396,0.2631,0.2061,0.1786,0.1384,0.3834,0.2842,0.2567,0.2065,0.1788,0.0963,0.1323,0.3425,0.253,0.1988,0.1818,0.1357,0.378,0.2972,0.2425,0.2039,0.1797,0.093,0.1047,0.3605,0.2711,0.2112,0.1797,0.131,0.3808,0.3031,0.256,0.1988,0.1739,0.0937,0.1226,0.3439,0.2212,0.1844,0.1527,0.1122,0.2833,0.2522,0.1953,0.1598,0.1439,0.0925,0.0951,0.2741,0.2214,0.1891,0.1608,0.1175,0.2709,0.2485,0.2037,0.1755,0.1432,0.0947,0.1184,0.3224,0.2217,0.2007,0.1615,0.1158,0.2747,0.2455,0.2066,0.1642,0.1421,0.0953,0.0974,0.0948,0.0926,0.0951,0.1008,0.0924,0.0936,0.0916,0.0942,0.1003,0.0961,0.0982,
27824s,0.0955,0.0962,0.0943,0.0956,0.0964,0.0925,0.0916,0.0986,0.0948,0.0944,0.0926,0.093,0.0966,0.3485,0.266,0.2038,0.1777,0.1427,0.39,0.285,0.2568,0.206,0.1789,0.096,0.1343,0.3438,0.2513,0.1997,0.1823,0.1354,0.3803,0.2998,0.2411,0.2057,0.1814,0.0927,0.1043,0.3624,0.273,0.2107,0.1803,0.132,0.3885,0.3045,0.2566,0.1968,0.1735,0.0936,0.1187,0.3407,0.2231,0.1842,0.1522,0.1114,0.2871,0.2535,0.1959,0.1595,0.1425,0.0925,0.0952,0.2782,0.2249,0.1896,0.1595,0.1167,0.2765,0.2487,0.2031,0.1746,0.1427,0.0945,0.1202,0.3359,0.2385,0.2009,0.1612,0.1155,0.278,0.2453,0.2083,0.164,0.1423,0.0951,0.0965,0.095,0.093,0.096,0.1009,0.0925,0.0937,0.0915,0.0939,0.1004,0.0961,0.0981,
28087s,0.0955,0.0963,0.0947,0.0959,0.0965,0.0921,0.0917,0.0987,0.0949,0.0942,0.0925,0.0932,0.0966,0.3467,0.2707,0.204,0.1784,0.1419,0.3916,0.2863,0.2575,0.2072,0.1789,0.0964,0.1393,0.3519,0.2679,0.1995,0.1838,0.1367,0.3938,0.2995,0.2431,0.2065,0.1833,0.0927,0.1038,0.3623,0.2741,0.2104,0.1794,0.1314,0.3884,0.3073,0.2588,0.197,0.1736,0.0935,0.1204,0.3474,0.2245,0.1847,0.1524,0.1118,0.2904,0.2547,0.1965,0.1593,0.1426,0.0925,0.0946,0.279,0.2263,0.1911,0.1602,0.1172,0.2767,0.2521,0.2049,0.1744,0.143,0.0943,0.1182,0.3229,0.2289,0.202,0.1622,0.1158,0.2806,0.2491,0.2097,0.1646,0.1423,0.0951,0.097,0.0947,0.0929,0.0959,0.101,0.0925,0.0936,0.0916,0.0942,0.1003,0.0962,0.0984,
28349s,0.0957,0.0968,0.0949,0.0963,0.0969,0.0925,0.0918,0.0987,0.095,0.0945,0.0926,0.0933,0.0967,0.348,0.2719,0.2046,0.1784,0.1383,0.394,0.2891,0.2628,0.2089,0.1815,0.096,0.139,0.3479,0.2653,0.1999,0.1827,0.1368,0.3904,0.3022,0.2483,0.2071,0.1817,0.0929,0.1046,0.3556,0.282,0.2124,0.1793,0.1308,0.3969,0.3101,0.2561,0.2005,0.1744,0.0935,0.1259,0.354,0.2254,0.1869,0.1527,0.1118,0.2954,0.2596,0.1971,0.1594,0.1433,0.0923,0.0944,0.2813,0.2298,0.1902,0.1596,0.1176,0.2788,0.2508,0.2079,0.1776,0.1448,0.0947,0.112,0.3336,0.2391,0.2028,0.163,0.1164,0.2849,0.2534,0.2105,0.1654,0.1443,0.0952,0.0961,0.0943,0.0925,0.0974,0.1009,0.0923,0.0937,0.0913,0.0941,0.1004,0.0961,0.0981,
28612s,0.0956,0.0966,0.0949,0.0962,0.0969,0.0924,0.0918,0.0987,0.095,0.0945,0.0927,0.0932,0.0967,0.3481,0.2754,0.2063,0.1793,0.14,0.3968,0.2913,0.2609,0.208,0.1794,0.0961,0.1412,0.3558,0.2647,0.2004,0.1826,0.1361,0.3939,0.3038,0.2477,0.2056,0.1821,0.0928,0.1039,0.3614,0.2844,0.2122,0.1812,0.1323,0.399,0.3104,0.2593,0.2012,0.1744,0.0936,0.1192,0.3566,0.2272,0.1866,0.1529,0.1125,0.2995,0.2606,0.1989,0.1598,0.1433,0.0925,0.0958,0.2967,0.2341,0.1928,0.1609,0.1184,0.2825,0.2567,0.2084,0.1782,0.1453,0.0948,0.1198,0.333,0.2354,0.205,0.1617,0.1163,0.289,0.2557,0.2131,0.1657,0.1501,0.095,0.0967,0.0943,0.0928,0.097,0.1008,0.0925,0.0938,0.0917,0.0942,0.1003,0.0962,0.0981,
28874s,0.0956,0.0968,0.0948,0.0962,0.0969,0.0926,0.0919,0.0989,0.095,0.0945,0.0928,0.0932,0.0969,0.3499,0.2787,0.2048,0.1769,0.1413,0.3991,0.2923,0.2624,0.2093,0.1807,0.0962,0.1387,0.3505,0.2647,0.2011,0.1818,0.1362,0.3962,0.3067,0.2487,0.2061,0.1811,0.0929,0.1046,0.3595,0.282,0.2114,0.1795,0.1313,0.4001,0.3143,0.2592,0.2001,0.1741,0.0935,0.1228,0.3455,0.2287,0.1875,0.1525,0.112,0.3021,0.2633,0.1992,0.1602,0.1433,0.0926,0.0955,0.2995,0.2364,0.1916,0.1604,0.1173,0.285,0.2578,0.2098,0.1769,0.1438,0.0948,0.1186,0.3345,0.2411,0.2028,0.162,0.1159,0.2935,0.2569,0.2121,0.1653,0.1422,0.0951,0.0962,0.094,0.0923,0.0973,0.1007,0.0925,0.0936,0.0917,0.0942,0.1003,0.0962,0.098,
29137s,0.0954,0.0965,0.0946,0.0961,0.0966,0.0923,0.0918,0.099,0.095,0.0944,0.0927,0.0933,0.0966,0.3515,0.2857,0.2063,0.1747,0.1416,0.4012,0.2969,0.264,0.2103,0.182,0.0964,0.1397,0.3527,0.2622,0.2002,0.1825,0.1376,0.4003,0.3087,0.2504,0.2067,0.1828,0.0926,0.1044,0.3622,0.2857,0.2125,0.1798,0.1318,0.4048,0.3162,0.2597,0.2008,0.1747,0.0937,0.1237,0.3531,0.2319,0.1877,0.1529,0.1124,0.3056,0.2674,0.2008,0.1604,0.143,0.0926,0.0948,0.297,0.2391,0.1921,0.1597,0.1169,0.2883,0.2571,0.211,0.1776,0.1445,0.0949,0.116,0.3316,0.2408,0.2045,0.1628,0.1169,0.3022,0.2582,0.2141,0.1661,0.1434,0.0951,0.097,0.0946,0.0929,0.0985,0.1011,0.0926,0.0937,0.0915,0.094,0.1003,0.0962,0.0981,
29399s,0.0959,0.0965,0.0945,0.096,0.0968,0.0925,0.0918,0.0986,0.0951,0.0943,0.0926,0.0932,0.097,0.3507,0.2814,0.2041,0.1782,0.1391,0.4048,0.296,0.2645,0.2123,0.1836,0.096,0.1401,0.353,0.2649,0.1994,0.1821,0.1369,0.4035,0.3102,0.2512,0.2114,0.185,0.0926,0.1045,0.371,0.2929,0.214,0.1794,0.1305,0.4065,0.3153,0.2623,0.2027,0.1779,0.0935,0.1238,0.3605,0.2326,0.1865,0.1528,0.1121,0.31,0.2697,0.2014,0.1606,0.1445,0.0924,0.0949,0.2992,0.2404,0.1932,0.1589,0.117,0.2958,0.2622,0.2141,0.1802,0.1464,0.0947,0.1154,0.3437,0.241,0.2065,0.161,0.1161,0.3038,0.2597,0.2148,0.1663,0.1484,0.095,0.097,0.0946,0.0929,0.0986,0.1009,0.0924,0.0937,0.0914,0.0941,0.1002,0.0961,0.0981,
29662s,0.095,0.0967,0.0946,0.0962,0.0968,0.0925,0.0917,0.0986,0.0948,0.0945,0.0927,0.0932,0.0958,0.3592,0.2858,0.2046,0.1767,0.1434,0.4073,0.2982,0.2639,0.2105,0.181,0.0962,0.1399,0.3553,0.2672,0.2007,0.183,0.137,0.4069,0.3132,0.2509,0.2075,0.1832,0.0928,0.1038,0.3633,0.2875,0.2104,0.1796,0.1315,0.4104,0.3181,0.2639,0.1999,0.1749,0.0936,0.1259,0.3492,0.234,0.189,0.1521,0.1122,0.3149,0.2724,0.2022,0.1604,0.1429,0.0925,0.0946,0.2959,0.2437,0.1924,0.1589,0.1166,0.2982,0.261,0.2117,0.1773,0.1439,0.0948,0.1178,0.3381,0.2509,0.2042,0.1622,0.1164,0.3095,0.2637,0.2158,0.1671,0.1434,0.0951,0.096,0.0944,0.0931,0.0978,0.101,0.0923,0.0938,0.0916,0.0941,0.1003,0.0961,0.0979,
29924s,0.0955,0.0962,0.0943,0.0961,0.0966,0.0922,0.0916,0.0985,0.0948,0.0945,0.0928,0.0934,0.0962,0.3664,0.2849,0.2047,0.1778,0.143,0.4128,0.3011,0.2665,0.2114,0.1817,0.0962,0.1408,0.362,0.2657,0.2012,0.1829,0.1378,0.4117,0.3145,0.2545,0.2078,0.1836,0.0928,0.1038,0.3667,0.2933,0.2118,0.1811,0.1331,0.4166,0.3183,0.266,0.2008,0.1758,0.0935,0.1259,0.3489,0.2408,0.1893,0.1528,0.1125,0.3241,0.2748,0.2036,0.1613,0.144,0.0924,0.0954,0.3188,0.2461,0.1938,0.1604,0.1176,0.3042,0.2638,0.2137,0.177,0.1444,0.0945,0.1195,0.3435,0.2593,0.2047,0.1633,0.1167,0.3143,0.2641,0.2168,0.1663,0.1429,0.095,0.0966,0.0941,0.0924,0.0979,0.1008,0.0923,0.0937,0.0915,0.094,0.1002,0.0961,0.098,
30187s,0.0955,0.0966,0.0945,0.0958,0.0966,0.0923,0.0917,0.0986,0.0949,0.0945,0.0926,0.0932,0.097,0.3708,0.2875,0.2053,0.1776,0.1388,0.421,0.3046,0.2672,0.2124,0.1844,0.0959,0.1374,0.3644,0.2756,0.2,0.183,0.1375,0.4178,0.3161,0.254,0.21,0.1844,0.0929,0.1044,0.3782,0.3021,0.213,0.1796,0.1312,0.4175,0.3194,0.2643,0.2028,0.177,0.0934,0.1187,0.3558,0.2437,0.1887,0.153,0.1129,0.3367,0.2765,0.2043,0.1617,0.1449,0.0924,0.0952,0.3397,0.2466,0.1938,0.1606,0.1177,0.3174,0.2676,0.2162,0.1798,0.147,0.0945,0.1134,0.3424,0.2683,0.2048,0.1625,0.1171,0.3221,0.2698,0.218,0.1675,0.1458,0.0951,0.0959,0.0935,0.0921,0.0967,0.1005,0.0921,0.0934,0.0915,0.0939,0.1004,0.096,0.0981,
30449s,0.0953,0.0968,0.0946,0.096,0.0967,0.0924,0.0919,0.0989,0.0949,0.0945,0.0927,0.0934,0.0962,0.3608,0.2897,0.2039,0.1773,0.1423,0.4285,0.3076,0.2681,0.2126,0.1832,0.0961,0.1376,0.3648,0.2741,0.2004,0.1818,0.1364,0.4165,0.3179,0.2529,0.2087,0.1878,0.0927,0.1038,0.375,0.298,0.2112,0.1797,0.1328,0.4227,0.3213,0.2639,0.2024,0.1756,0.0936,0.1255,0.349,0.2491,0.1889,0.1528,0.1133,0.3406,0.2789,0.2048,0.1624,0.1448,0.0924,0.095,0.3249,0.2479,0.1948,0.16,0.1181,0.3219,0.2679,0.2165,0.1796,0.1458,0.0948,0.1196,0.3436,0.2505,0.2048,0.1622,0.1167,0.3239,0.2701,0.218,0.1672,0.1436,0.0951,0.0972,0.0942,0.0925,0.0951,0.1007,0.0925,0.0937,0.0916,0.0942,0.1005,0.0961,0.0981,
30712s,0.0955,0.0966,0.0947,0.0964,0.0969,0.0922,0.0918,0.0987,0.0948,0.0945,0.0926,0.0932,0.0967,0.3663,0.2984,0.2063,0.1763,0.141,0.4342,0.3109,0.2688,0.2121,0.1832,0.0961,0.1418,0.3663,0.2791,0.2009,0.1832,0.1376,0.4272,0.3192,0.2541,0.2089,0.1837,0.0929,0.104,0.384,0.2947,0.2123,0.1794,0.1317,0.4243,0.324,0.2643,0.2033,0.1764,0.0934,0.124,0.3523,0.2432,0.1908,0.1525,0.1129,0.3424,0.2813,0.2061,0.1622,0.145,0.0924,0.0949,0.3386,0.2502,0.1952,0.1608,0.1182,0.3235,0.2715,0.2169,0.1795,0.1458,0.0947,0.1197,0.342,0.2645,0.205,0.1628,0.1169,0.328,0.2731,0.22,0.1676,0.1445,0.0949,0.0971,0.0945,0.0922,0.0966,0.1006,0.0924,0.0937,0.0914,0.0939,0.1002,0.0961,0.098,
30974s,0.0954,0.0963,0.0945,0.096,0.0966,0.0922,0.0918,0.0988,0.095,0.0944,0.0927,0.0933,0.0964,0.3672,0.2895,0.2048,0.1783,0.1397,0.4368,0.3108,0.2694,0.213,0.1834,0.0962,0.1371,0.3665,0.2772,0.2011,0.1817,0.1371,0.4359,0.3217,0.2559,0.2108,0.1831,0.0929,0.1046,0.381,0.295,0.212,0.1798,0.1321,0.4321,0.3246,0.2664,0.2046,0.1769,0.0936,0.1234,0.3504,0.2496,0.1903,0.1526,0.1131,0.3422,0.2822,0.2071,0.1622,0.1449,0.0925,0.095,0.3376,0.2515,0.195,0.1609,0.1185,0.3337,0.2741,0.2187,0.1797,0.1459,0.095,0.1156,0.3422,0.2651,0.2051,0.1634,0.118,0.3304,0.2752,0.2204,0.1682,0.1453,0.0952,0.0969,0.0945,0.0926,0.0947,0.1011,0.0925,0.0939,0.0916,0.0941,0.1006,0.0963,0.0983,
31237s,0.0957,0.0965,0.0947,0.0962,0.0967,0.0922,0.0918,0.0989,0.095,0.0944,0.0927,0.0932,0.0969,0.3647,0.2891,0.205,0.1774,0.1399,0.4396,0.3141,0.2704,0.2137,0.1847,0.0963,0.1415,0.368,0.2741,0.201,0.1817,0.1375,0.4315,0.3223,0.2582,0.2117,0.1839,0.0929,0.1038,0.3833,0.2906,0.2143,0.1795,0.1313,0.4324,0.328,0.2687,0.2042,0.1773,0.0935,0.1205,0.356,0.2594,0.1903,0.1529,0.1131,0.3478,0.2844,0.2073,0.1627,0.145,0.0925,0.0948,0.331,0.2502,0.1947,0.1586,0.1178,0.3317,0.2765,0.2195,0.1808,0.1461,0.0945,0.1145,0.3423,0.2553,0.2057,0.1625,0.1171,0.3313,0.2792,0.2202,0.1683,0.1449,0.0952,0.0968,0.0948,0.0924,0.0969,0.1009,0.0923,0.0936,0.0917,0.094,0.1003,0.096,0.0982,
31499s,0.0951,0.0964,0.0944,0.0958,0.0964,0.0921,0.0916,0.0985,0.0948,0.0942,0.0925,0.0931,0.0962,0.3731,0.301,0.2059,0.174,0.1439,0.4446,0.3175,0.2702,0.2142,0.1837,0.0962,0.1395,0.366,0.272,0.2001,0.1821,0.1376,0.4381,0.3248,0.2575,0.2097,0.1844,0.0926,0.1039,0.3734,0.3002,0.2123,0.1795,0.1322,0.4404,0.3296,0.2674,0.203,0.1763,0.0934,0.1205,0.3567,0.2561,0.1902,0.1523,0.1129,0.3508,0.2853,0.2085,0.1628,0.1444,0.0923,0.0946,0.3436,0.2509,0.1946,0.1604,0.1185,0.3464,0.2759,0.2191,0.1785,0.1451,0.0945,0.1202,0.3433,0.2714,0.2047,0.1634,0.1172,0.3359,0.2787,0.2222,0.1686,0.1441,0.095,0.0965,0.0942,0.0927,0.0971,0.1008,0.0922,0.0937,0.0915,0.0941,0.1003,0.0962,0.098,
31762s,0.0956,0.0966,0.0948,0.0962,0.0969,0.0922,0.0918,0.0987,0.0948,0.0945,0.0925,0.0931,0.0963,0.3643,0.2914,0.2041,0.1782,0.1427,0.4445,0.3194,0.271,0.214,0.1841,0.0961,0.1379,0.3689,0.2765,0.2008,0.1825,0.1374,0.4337,0.3266,0.2585,0.2102,0.1836,0.0928,0.1044,0.3888,0.2957,0.2117,0.1795,0.1328,0.4469,0.3302,0.2696,0.205,0.1767,0.0934,0.1256,0.3565,0.2742,0.1913,0.1529,0.1134,0.3539,0.2876,0.2098,0.1636,0.1455,0.0924,0.0945,0.3466,0.2529,0.1958,0.1605,0.1188,0.3464,0.279,0.2204,0.1789,0.1457,0.0946,0.1196,0.3435,0.2757,0.2051,0.1621,0.117,0.3382,0.2821,0.222,0.1687,0.1439,0.0951,0.0958,0.0939,0.0923,0.0974,0.1008,0.0922,0.0936,0.0915,0.094,0.1001,0.0961,0.098,
32024s,0.0957,0.096,0.0948,0.096,0.0968,0.0927,0.0917,0.0987,0.0949,0.0944,0.0928,0.0932,0.097,0.3711,0.2885,0.2045,0.177,0.1424,0.4474,0.3202,0.2723,0.2146,0.1852,0.0961,0.1357,0.374,0.2752,0.2017,0.1829,0.1384,0.442,0.329,0.2599,0.2111,0.1845,0.0928,0.1047,0.3831,0.296,0.2115,0.1794,0.1323,0.4496,0.3325,0.2713,0.205,0.1781,0.0937,0.1242,0.3522,0.2746,0.1898,0.1524,0.113,0.3545,0.2927,0.2103,0.1632,0.1455,0.0924,0.095,0.3449,0.2512,0.1964,0.1596,0.1181,0.3454,0.2819,0.222,0.1816,0.147,0.0946,0.1186,0.3438,0.2691,0.205,0.1626,0.117,0.3463,0.2849,0.2216,0.1692,0.1445,0.0952,0.0958,0.0934,0.0922,0.0984,0.1007,0.0923,0.0936,0.0915,0.0941,0.1003,0.0963,0.0981,
32287s,0.0957,0.0961,0.0943,0.096,0.0967,0.0922,0.0919,0.0987,0.0947,0.0942,0.0925,0.0931,0.0965,0.3686,0.2946,0.2042,0.1767,0.1392,0.4475,0.32,0.272,0.2209,0.188,0.096,0.1323,0.3755,0.2738,0.2007,0.1815,0.1374,0.4385,0.3344,0.2627,0.2138,0.1903,0.0928,0.1041,0.3905,0.2934,0.2127,0.1789,0.1323,0.4527,0.3353,0.2738,0.2059,0.1802,0.0935,0.1201,0.3568,0.2768,0.1886,0.1517,0.1134,0.3605,0.2966,0.2117,0.1636,0.1468,0.0925,0.0951,0.3411,0.2526,0.1977,0.1583,0.1179,0.3494,0.2807,0.2253,0.1834,0.1486,0.0946,0.1171,0.3421,0.2803,0.2046,0.1629,0.1182,0.3498,0.286,0.226,0.1704,0.149,0.0949,0.0965,0.0943,0.0922,0.0984,0.1006,0.0923,0.0936,0.0916,0.0941,0.1004,0.0961,0.0981,
32549s,0.096,0.0963,0.0949,0.096,0.0968,0.0925,0.0917,0.0985,0.0949,0.0946,0.0927,0.0933,0.096,0.3695,0.2861,0.2052,0.1739,0.1416,0.4537,0.3246,0.2744,0.217,0.186,0.0962,0.1345,0.3729,0.2744,0.201,0.1833,0.1385,0.4428,0.3336,0.2608,0.2113,0.1856,0.0929,0.1043,0.3823,0.2913,0.2109,0.1789,0.1337,0.4516,0.3377,0.272,0.2059,0.1785,0.0935,0.1193,0.3521,0.2862,0.1894,0.1524,0.1133,0.3634,0.2996,0.2132,0.1631,0.1455,0.0924,0.0945,0.3563,0.257,0.1971,0.1579,0.118,0.3533,0.2856,0.222,0.1799,0.1478,0.0948,0.1167,0.3434,0.2798,0.2048,0.1634,0.118,0.3527,0.2873,0.2252,0.1693,0.1457,0.0951,0.0965,0.0943,0.0924,0.0982,0.1007,0.0923,0.0937,0.0915,0.0942,0.1001,0.0961,0.0981,
32812s,0.0957,0.0962,0.0944,0.096,0.0966,0.0923,0.0918,0.0987,0.095,0.0943,0.0928,0.0932,0.0965,0.3768,0.29,0.2053,0.1773,0.1399,0.4511,0.3232,0.2744,0.2188,0.187,0.0962,0.1422,0.3768,0.276,0.2012,0.183,0.1388,0.4426,0.3385,0.2651,0.214,0.1854,0.0929,0.104,0.3869,0.2948,0.2135,0.1807,0.135,0.4554,0.3419,0.2759,0.2073,0.1793,0.0935,0.1271,0.3621,0.2757,0.1892,0.1521,0.1136,0.3696,0.3022,0.2135,0.1642,0.1465,0.0925,0.0949,0.3521,0.2578,0.1976,0.1592,0.1185,0.3579,0.2867,0.2271,0.1818,0.147,0.0948,0.1147,0.3478,0.2799,0.2057,0.163,0.1175,0.3578,0.289,0.2251,0.1698,0.1452,0.0952,0.0969,0.0943,0.0923,0.0984,0.1009,0.0922,0.0937,0.0916,0.0941,0.1004,0.0961,0.0981,
33074s,0.0957,0.0963,0.0948,0.0962,0.0968,0.0923,0.0918,0.0988,0.095,0.0946,0.0926,0.0933,0.0966,0.3755,0.2957,0.2052,0.1753,0.1409,0.4547,0.3274,0.2748,0.2197,0.187,0.0961,0.1412,0.3751,0.2773,0.2005,0.1824,0.1381,0.4461,0.3394,0.2661,0.2144,0.1865,0.0928,0.1045,0.3892,0.2988,0.2132,0.1795,0.135,0.4554,0.3424,0.2758,0.2071,0.1799,0.0935,0.1264,0.365,0.2784,0.1904,0.1525,0.1137,0.3774,0.3032,0.2146,0.1639,0.1456,0.0924,0.0949,0.3538,0.2675,0.1998,0.1595,0.1192,0.3756,0.2878,0.2278,0.1826,0.1491,0.0946,0.1161,0.3451,0.2762,0.2058,0.1621,0.1172,0.3642,0.2908,0.2269,0.1697,0.1476,0.0952,0.0967,0.0944,0.0926,0.0987,0.1008,0.0925,0.0937,0.0916,0.094,0.1003,0.0961,0.0981,
33337s,0.0958,0.096,0.0943,0.0958,0.0968,0.0923,0.0918,0.0985,0.0947,0.0943,0.0926,0.0931,0.0964,0.3752,0.2946,0.2042,0.178,0.1403,0.4573,0.3249,0.2751,0.2222,0.188,0.096,0.1322,0.3744,0.2764,0.2002,0.1819,0.1368,0.4518,0.3397,0.2669,0.2176,0.1903,0.0928,0.104,0.3909,0.2934,0.214,0.1837,0.1346,0.4619,0.3467,0.276,0.2114,0.1846,0.0935,0.1248,0.3657,0.2877,0.1924,0.152,0.1139,0.3793,0.2999,0.218,0.1655,0.147,0.0923,0.0949,0.3592,0.264,0.1991,0.1575,0.1185,0.371,0.2889,0.2272,0.1859,0.1493,0.0945,0.1193,0.3541,0.281,0.2071,0.1626,0.118,0.3674,0.2897,0.2311,0.1714,0.1521,0.0947,0.0964,0.0941,0.0926,0.0983,0.1009,0.0925,0.0939,0.0918,0.094,0.1002,0.0962,0.0981,
33599s,0.0957,0.0963,0.0942,0.0959,0.0965,0.0923,0.0917,0.0986,0.0948,0.0945,0.0926,0.0931,0.0966,0.3803,0.2939,0.2064,0.1791,0.1424,0.4591,0.3301,0.2771,0.2174,0.1863,0.0963,0.136,0.3782,0.2759,0.2016,0.1835,0.1381,0.4532,0.3425,0.2677,0.2134,0.1848,0.0927,0.104,0.3885,0.2948,0.2124,0.1811,0.1363,0.4613,0.3488,0.277,0.2072,0.1791,0.0935,0.1214,0.3627,0.2813,0.1914,0.1528,0.1145,0.3848,0.3056,0.2169,0.1651,0.1458,0.0922,0.0947,0.3515,0.2604,0.1985,0.1582,0.1187,0.3725,0.2915,0.2277,0.1817,0.147,0.0947,0.1172,0.3492,0.2735,0.2066,0.1625,0.1176,0.3718,0.2951,0.2275,0.1708,0.1448,0.095,0.096,0.0949,0.0928,0.0975,0.101,0.0925,0.0939,0.0917,0.0941,0.1002,0.096,0.0981,
33862s,0.0951,0.0962,0.0943,0.0961,0.0968,0.0922,0.0918,0.0986,0.0949,0.0943,0.0927,0.0931,0.0961,0.3797,0.2973,0.205,0.1758,0.1426,0.4637,0.333,0.278,0.2183,0.1872,0.0963,0.1365,0.3796,0.28,0.2028,0.1837,0.1388,0.4559,0.345,0.268,0.2137,0.1859,0.0928,0.104,0.3917,0.2944,0.2129,0.1795,0.1349,0.4625,0.3488,0.2774,0.207,0.1785,0.0933,0.1236,0.3661,0.2799,0.1914,0.1529,0.115,0.3869,0.3076,0.2169,0.1652,0.1463,0.0924,0.0946,0.3548,0.2672,0.1985,0.1592,0.1191,0.3763,0.2936,0.2303,0.1825,0.1483,0.0947,0.1194,0.3512,0.2775,0.2059,0.162,0.1175,0.3721,0.2963,0.2284,0.1709,0.145,0.095,0.097,0.0943,0.0926,0.098,0.1007,0.0922,0.0938,0.0916,0.0939,0.1005,0.0961,0.0981,
34124s,0.0955,0.0966,0.0948,0.0963,0.0971,0.0925,0.0919,0.0989,0.0949,0.0946,0.0927,0.0935,0.0969,0.3789,0.2941,0.2047,0.1781,0.1393,0.4654,0.3328,0.2775,0.2242,0.1905,0.0961,0.1343,0.3845,0.2816,0.2018,0.1832,0.1386,0.4584,0.3513,0.2696,0.2179,0.1909,0.0928,0.1043,0.388,0.3089,0.2165,0.1843,0.1358,0.4654,0.3576,0.2779,0.21,0.1834,0.0934,0.1207,0.3712,0.2964,0.1921,0.1535,0.1152,0.3891,0.3086,0.2176,0.1652,0.1473,0.0924,0.0952,0.3612,0.2883,0.2003,0.1608,0.1195,0.3846,0.2929,0.2325,0.1858,0.1494,0.0945,0.1209,0.364,0.2782,0.208,0.1635,0.1186,0.3783,0.2968,0.234,0.1721,0.1513,0.0951,0.0956,0.0933,0.0918,0.0977,0.1007,0.0925,0.0936,0.0916,0.094,0.1005,0.096,0.0981,
34387s,0.0951,0.0961,0.0945,0.0962,0.0969,0.0922,0.0919,0.0987,0.0948,0.0944,0.0927,0.0934,0.0964,0.3808,0.2971,0.2062,0.1762,0.1459,0.4683,0.3343,0.2793,0.2179,0.1869,0.0961,0.1346,0.3754,0.2783,0.2022,0.1828,0.1387,0.4603,0.3474,0.2696,0.2145,0.1856,0.0926,0.1041,0.3912,0.2976,0.2122,0.1804,0.1349,0.4694,0.3555,0.2777,0.2082,0.184,0.0936,0.1264,0.3693,0.287,0.1931,0.1536,0.1157,0.3904,0.3101,0.2191,0.1664,0.1466,0.0924,0.095,0.3595,0.2792,0.1976,0.1606,0.1195,0.3868,0.2973,0.2289,0.1819,0.147,0.0947,0.1188,0.3584,0.2798,0.2069,0.1629,0.1186,0.3792,0.2983,0.2286,0.172,0.1458,0.095,0.0963,0.0941,0.0926,0.0981,0.1008,0.0923,0.0937,0.0913,0.0939,0.1003,0.096,0.098,
34649s,0.0957,0.0964,0.0946,0.0963,0.0969,0.0924,0.0919,0.0991,0.0951,0.0946,0.0927,0.0934,0.0961,0.3772,0.2983,0.2049,0.1748,0.1405,0.4697,0.3365,0.2789,0.2235,0.1904,0.0962,0.1351,0.3793,0.2788,0.2009,0.1821,0.139,0.4638,0.3547,0.2704,0.2176,0.1885,0.0931,0.1043,0.389,0.3062,0.214,0.1794,0.1351,0.4698,0.3558,0.2786,0.2093,0.1814,0.0933,0.1259,0.376,0.2948,0.1908,0.1525,0.115,0.3936,0.3137,0.2183,0.165,0.1468,0.0924,0.0956,0.3679,0.2806,0.2013,0.1611,0.12,0.3891,0.2975,0.2338,0.1842,0.1494,0.0949,0.1178,0.3645,0.2841,0.2069,0.1637,0.1192,0.385,0.2993,0.2348,0.1726,0.1474,0.0952,0.0967,0.0943,0.0924,0.0979,0.1008,0.0923,0.0936,0.0916,0.0941,0.1003,0.0961,0.0983,
34912s,0.0956,0.0963,0.0949,0.0962,0.0971,0.0925,0.0919,0.0989,0.0949,0.0943,0.0928,0.0932,0.0962,0.3742,0.2963,0.2039,0.1754,0.1395,0.471,0.3361,0.2798,0.224,0.1902,0.0961,0.1395,0.3815,0.2818,0.2015,0.1835,0.1385,0.4667,0.3587,0.2714,0.218,0.1898,0.093,0.1041,0.3857,0.3068,0.2153,0.1825,0.1361,0.4724,0.3646,0.2801,0.2104,0.1824,0.0936,0.1266,0.3737,0.2932,0.1911,0.1534,0.1159,0.399,0.3114,0.2199,0.1657,0.1469,0.0924,0.0946,0.3668,0.2729,0.201,0.1588,0.1197,0.3907,0.3004,0.2311,0.1855,0.148,0.0947,0.1122,0.3638,0.2838,0.2064,0.1629,0.1187,0.3894,0.3008,0.2365,0.1719,0.1478,0.0952,0.096,0.0935,0.092,0.0978,0.1006,0.0923,0.0937,0.0916,0.0942,0.1003,0.0962,0.0983,
35174s,0.0954,0.0966,0.0948,0.0962,0.0971,0.0925,0.0919,0.0991,0.095,0.0944,0.0928,0.0934,0.0966,0.3781,0.3015,0.2074,0.1757,0.1425,0.4763,0.3463,0.2806,0.2242,0.1907,0.0963,0.1394,0.3844,0.2826,0.2017,0.1818,0.1382,0.469,0.3569,0.2714,0.2179,0.1921,0.0927,0.1045,0.3878,0.3055,0.2161,0.182,0.1354,0.479,0.3639,0.2803,0.2135,0.1838,0.0936,0.1253,0.3801,0.2861,0.1945,0.1526,0.1154,0.4136,0.3142,0.2241,0.1676,0.1489,0.0925,0.0947,0.3681,0.2739,0.2016,0.1572,0.1197,0.3922,0.3012,0.2311,0.1865,0.1496,0.0946,0.1185,0.3664,0.2872,0.2066,0.1626,0.1186,0.4011,0.3025,0.237,0.1744,0.1507,0.0949,0.0971,0.0944,0.0925,0.0974,0.1007,0.0924,0.0941,0.0918,0.0942,0.1004,0.0963,0.0983,
35437s,0.0957,0.0961,0.0944,0.0959,0.0966,0.0923,0.0918,0.0987,0.0949,0.0945,0.0927,0.0933,0.0963,0.3781,0.2986,0.2054,0.1767,0.1435,0.4786,0.3451,0.2815,0.223,0.1891,0.0963,0.1365,0.3771,0.2804,0.2018,0.183,0.1393,0.4708,0.3573,0.2725,0.2167,0.1867,0.0928,0.1046,0.3867,0.2978,0.214,0.1808,0.1355,0.4776,0.3622,0.2806,0.2089,0.1804,0.0935,0.119,0.3789,0.2945,0.1925,0.1531,0.1162,0.4046,0.3167,0.2205,0.1662,0.1469,0.0923,0.0951,0.3693,0.2829,0.2,0.161,0.1209,0.4032,0.3025,0.2352,0.1836,0.1496,0.0947,0.1228,0.3667,0.2848,0.2061,0.1623,0.1185,0.4005,0.3039,0.236,0.1728,0.1466,0.0952,0.0966,0.0949,0.0927,0.0962,0.1009,0.0924,0.0937,0.0917,0.0941,0.1003,0.0961,0.0984,
35699s,0.0954,0.0962,0.0945,0.0959,0.0965,0.0921,0.0916,0.0986,0.0949,0.0945,0.0927,0.0932,0.0959,0.3797,0.2986,0.2067,0.1745,0.1421,0.4806,0.3477,0.2817,0.2237,0.1901,0.0961,0.1312,0.3801,0.2821,0.2016,0.1829,0.1399,0.4739,0.3659,0.2729,0.2174,0.1882,0.0928,0.1043,0.3886,0.3053,0.2139,0.1802,0.1367,0.4819,0.3683,0.2817,0.2106,0.181,0.0936,0.1239,0.3744,0.2934,0.1926,0.1523,0.1163,0.4111,0.3184,0.2215,0.1659,0.1468,0.0924,0.0951,0.3717,0.2816,0.2002,0.1597,0.1205,0.4052,0.3043,0.2354,0.1848,0.1494,0.0949,0.1178,0.3665,0.2879,0.2068,0.1646,0.1192,0.4093,0.3063,0.2386,0.1734,0.1476,0.095,0.097,0.0948,0.0928,0.0982,0.101,0.0923,0.0939,0.0916,0.0941,0.1005,0.0961,0.098,
35962s,0.0954,0.096,0.0943,0.0959,0.0968,0.0922,0.0918,0.099,0.095,0.0944,0.0926,0.0932,0.0963,0.3765,0.3,0.2053,0.176,0.1407,0.4828,0.3488,0.283,0.2257,0.1916,0.0959,0.1336,0.3832,0.2852,0.2025,0.183,0.1391,0.4771,0.3663,0.2737,0.2183,0.1889,0.0928,0.1041,0.384,0.3077,0.217,0.1861,0.1374,0.4858,0.3703,0.2833,0.2118,0.1828,0.0936,0.122,0.3779,0.2935,0.1919,0.1522,0.1162,0.4161,0.3186,0.2225,0.1661,0.1472,0.0923,0.0944,0.3696,0.2836,0.2013,0.159,0.1205,0.4069,0.305,0.2352,0.1844,0.1488,0.0947,0.1191,0.3675,0.2856,0.206,0.1621,0.1185,0.4062,0.3072,0.2381,0.173,0.1481,0.0952,0.0962,0.0943,0.0925,0.0976,0.1007,0.0924,0.0935,0.0915,0.094,0.1003,0.096,0.098,
36224s,0.0954,0.0964,0.0946,0.0962,0.0968,0.0926,0.0919,0.099,0.0947,0.0943,0.0927,0.0933,0.0967,0.3781,0.2943,0.2101,0.1759,0.1401,0.4876,0.3475,0.2846,0.2228,0.1913,0.0962,0.14,0.3837,0.2823,0.2022,0.1829,0.1386,0.4803,0.363,0.2734,0.2191,0.1938,0.0927,0.1048,0.3863,0.3029,0.216,0.1826,0.136,0.4876,0.3679,0.2833,0.214,0.185,0.0935,0.1249,0.3791,0.2894,0.1922,0.1537,0.1169,0.4206,0.3207,0.2259,0.1676,0.1492,0.0923,0.0946,0.3751,0.2778,0.2008,0.1575,0.1203,0.4164,0.3053,0.2334,0.1869,0.1481,0.0945,0.1175,0.3718,0.2858,0.2078,0.1612,0.1186,0.4089,0.311,0.2375,0.1729,0.1533,0.0951,0.0967,0.0938,0.0922,0.0981,0.1007,0.0922,0.0937,0.0918,0.0941,0.1003,0.0961,0.0981,
36487s,0.0954,0.0964,0.0948,0.0962,0.0968,0.0923,0.0918,0.0989,0.0948,0.0943,0.0926,0.0932,0.0966,0.3798,0.2946,0.2046,0.1765,0.1396,0.4874,0.3489,0.2859,0.2257,0.1926,0.0961,0.1317,0.3821,0.2846,0.2034,0.1837,0.1399,0.4825,0.3668,0.2743,0.2194,0.1908,0.0929,0.1042,0.386,0.3056,0.214,0.1811,0.1365,0.4898,0.3715,0.283,0.2122,0.1846,0.0935,0.1276,0.3793,0.2914,0.1919,0.1529,0.117,0.4292,0.3225,0.2248,0.167,0.149,0.0924,0.095,0.3721,0.2892,0.2015,0.1597,0.1208,0.4208,0.3067,0.2349,0.1863,0.1502,0.0946,0.1186,0.3681,0.2891,0.2072,0.1628,0.1196,0.4123,0.3114,0.2411,0.1739,0.1486,0.095,0.0968,0.0943,0.0925,0.0976,0.1008,0.0924,0.0937,0.0915,0.0939,0.1002,0.096,0.0979,
36749s,0.0956,0.0965,0.0948,0.0962,0.0971,0.0925,0.0918,0.0988,0.095,0.0944,0.0926,0.0932,0.0965,0.3771,0.2926,0.2039,0.1776,0.1391,0.49,0.349,0.2875,0.224,0.1911,0.096,0.1411,0.383,0.2859,0.2031,0.1832,0.1392,0.4855,0.3669,0.2756,0.22,0.1919,0.0927,0.1038,0.3854,0.3051,0.2144,0.1812,0.1367,0.4933,0.3728,0.2838,0.2128,0.1843,0.0936,0.1253,0.3818,0.2866,0.1911,0.1528,0.1173,0.4218,0.3242,0.2266,0.1679,0.1482,0.0924,0.0952,0.373,0.2831,0.2023,0.1599,0.1217,0.4247,0.3083,0.2353,0.1864,0.1497,0.0947,0.1131,0.3754,0.2878,0.2075,0.163,0.1195,0.4126,0.313,0.2412,0.1738,0.1502,0.0951,0.0963,0.094,0.0923,0.0979,0.1005,0.0921,0.0937,0.0915,0.094,0.1003,0.0963,0.0981,
37012s,0.0953,0.096,0.0944,0.0957,0.0967,0.0922,0.0919,0.0987,0.0948,0.0944,0.0927,0.0932,0.0967,0.3781,0.3002,0.2067,0.1775,0.1403,0.4938,0.3535,0.2851,0.2238,0.1939,0.0961,0.1402,0.3827,0.283,0.2043,0.1831,0.1388,0.4895,0.3677,0.2751,0.2206,0.1929,0.0927,0.1046,0.3834,0.3046,0.2161,0.1841,0.1365,0.4939,0.3732,0.2856,0.2153,0.1856,0.0935,0.119,0.3798,0.288,0.1929,0.1531,0.1176,0.4295,0.3248,0.2299,0.1689,0.1497,0.0924,0.0954,0.3817,0.2862,0.2,0.1596,0.1216,0.4288,0.3121,0.2376,0.1884,0.1516,0.0948,0.1208,0.3771,0.2914,0.2076,0.1613,0.1191,0.4198,0.314,0.2407,0.1746,0.1546,0.0951,0.0963,0.094,0.0926,0.0977,0.1009,0.0923,0.0938,0.0917,0.0941,0.1006,0.0961,0.0982,
37274s,0.0955,0.0963,0.0944,0.0962,0.0971,0.0926,0.0919,0.0987,0.0949,0.0945,0.0926,0.0932,0.0972,0.3772,0.2975,0.2059,0.1784,0.1398,0.4984,0.3542,0.2855,0.2249,0.1938,0.0964,0.1293,0.3821,0.2832,0.2035,0.1824,0.1392,0.4906,0.3704,0.2751,0.2209,0.1938,0.0928,0.1042,0.3832,0.2941,0.2138,0.1803,0.1357,0.4963,0.3745,0.2862,0.2151,0.1861,0.0937,0.12,0.3874,0.2866,0.194,0.1531,0.1175,0.4282,0.3269,0.2292,0.1687,0.149,0.0924,0.0955,0.3787,0.2941,0.2026,0.1601,0.1216,0.4246,0.3139,0.2381,0.1885,0.152,0.0947,0.117,0.3796,0.2818,0.2073,0.1619,0.1192,0.4198,0.3156,0.2409,0.1747,0.1539,0.0951,0.0971,0.0945,0.0927,0.0986,0.1009,0.0925,0.0939,0.0917,0.0942,0.1004,0.0962,0.0983,
37536s,0.0954,0.0959,0.0944,0.0962,0.0969,0.0924,0.0918,0.0987,0.0948,0.0944,0.0927,0.0932,0.0965,0.3768,0.3002,0.207,0.1762,0.1422,0.4977,0.3592,0.2882,0.227,0.1929,0.0962,0.1371,0.3792,0.2869,0.2035,0.1838,0.1409,0.4927,0.3725,0.2768,0.2203,0.1908,0.0928,0.1037,0.385,0.3052,0.2141,0.1804,0.1378,0.5001,0.3778,0.286,0.2135,0.1852,0.0935,0.123,0.3782,0.291,0.1913,0.1526,0.1177,0.4335,0.3286,0.2277,0.1677,0.1482,0.0923,0.0953,0.381,0.2874,0.2035,0.1615,0.1223,0.4345,0.3133,0.2405,0.1863,0.1517,0.0945,0.12,0.3769,0.2879,0.208,0.1639,0.1199,0.4257,0.3175,0.2438,0.175,0.1495,0.0951,0.0963,0.094,0.0923,0.0977,0.1008,0.0925,0.094,0.0916,0.0941,0.1004,0.0963,0.0981,
37799s,0.0959,0.0962,0.0944,0.0961,0.0967,0.0923,0.0918,0.0987,0.095,0.0946,0.0927,0.0933,0.097,0.3742,0.3001,0.2073,0.1761,0.1417,0.5006,0.3613,0.2888,0.2272,0.1929,0.0963,0.1342,0.3802,0.2841,0.2024,0.183,0.1401,0.4957,0.3736,0.2778,0.2211,0.1923,0.0929,0.1037,0.3836,0.305,0.2151,0.1819,0.1381,0.5022,0.3806,0.2867,0.2149,0.1849,0.0935,0.1221,0.382,0.2932,0.1923,0.1538,0.1186,0.4398,0.3286,0.2297,0.168,0.1491,0.0924,0.095,0.3769,0.2862,0.2036,0.1602,0.1226,0.4303,0.3151,0.2396,0.1876,0.1513,0.0949,0.1181,0.379,0.2852,0.2068,0.1624,0.1192,0.4258,0.3195,0.243,0.1744,0.1499,0.0951,0.0966,0.0945,0.0928,0.0978,0.1009,0.0927,0.0937,0.0917,0.094,0.1004,0.0961,0.0981,
38061s,0.0948,0.0962,0.0946,0.0962,0.0967,0.0924,0.0918,0.0987,0.0949,0.0944,0.0926,0.0933,0.0969,0.3772,0.2987,0.2082,0.1778,0.1399,0.5048,0.3601,0.288,0.225,0.1933,0.0962,0.1336,0.3827,0.2838,0.2044,0.1834,0.1399,0.5001,0.3748,0.2771,0.2223,0.1955,0.0929,0.1043,0.3835,0.3023,0.2157,0.1833,0.1374,0.5044,0.3818,0.288,0.217,0.1865,0.0935,0.126,0.3862,0.2947,0.1941,0.1536,0.1186,0.4412,0.331,0.23,0.1699,0.1495,0.0923,0.0942,0.3839,0.2825,0.202,0.1593,0.1222,0.4338,0.3182,0.2391,0.1885,0.1508,0.0945,0.1144,0.3787,0.2889,0.2081,0.1616,0.1203,0.4265,0.3228,0.2419,0.1755,0.1472,0.0951,0.0972,0.0942,0.0926,0.098,0.1008,0.0922,0.0936,0.0917,0.094,0.1004,0.0961,0.098,
38324s,0.0958,0.0959,0.0946,0.0961,0.0968,0.0923,0.0918,0.0986,0.0948,0.0945,0.0928,0.0931,0.0967,0.3757,0.301,0.2061,0.1766,0.1429,0.5044,0.3631,0.2912,0.2281,0.1937,0.0963,0.1396,0.3785,0.286,0.202,0.1839,0.141,0.5,0.3775,0.2784,0.22,0.1902,0.0929,0.104,0.3843,0.3038,0.2135,0.1804,0.1386,0.5078,0.3827,0.2878,0.2139,0.1838,0.0936,0.1217,0.3784,0.2968,0.1942,0.154,0.1191,0.4426,0.3342,0.2303,0.1684,0.1482,0.0925,0.0946,0.3738,0.2923,0.2001,0.1607,0.1227,0.4341,0.3184,0.2409,0.1855,0.1505,0.0948,0.1152,0.3786,0.2928,0.2087,0.1646,0.1203,0.4336,0.3241,0.2461,0.1765,0.1479,0.0952,0.0969,0.095,0.0928,0.0984,0.101,0.0925,0.094,0.0917,0.0942,0.1007,0.0963,0.0982,
38586s,0.0952,0.0964,0.0946,0.0961,0.0969,0.0924,0.0919,0.099,0.0951,0.0945,0.0926,0.0934,0.0965,0.3748,0.2957,0.2068,0.1766,0.1394,0.5074,0.3631,0.2903,0.2254,0.1938,0.0961,0.1428,0.3828,0.2848,0.2027,0.1832,0.1402,0.5045,0.3758,0.2796,0.2217,0.1945,0.0927,0.1038,0.3841,0.3066,0.2151,0.182,0.1372,0.5097,0.3851,0.2893,0.2164,0.1863,0.0933,0.1208,0.3828,0.2908,0.1944,0.1537,0.1191,0.4487,0.3364,0.2336,0.1695,0.1504,0.0924,0.0945,0.3766,0.2885,0.2008,0.1618,0.1232,0.4394,0.3229,0.241,0.1876,0.1522,0.0946,0.1163,0.3793,0.2905,0.2116,0.1632,0.1216,0.4342,0.328,0.2448,0.1775,0.1528,0.0951,0.0978,0.0948,0.0924,0.0981,0.1008,0.0924,0.0938,0.0918,0.0941,0.1003,0.0961,0.098,
38849s,0.0957,0.0961,0.0944,0.0958,0.0966,0.0924,0.0917,0.0987,0.0949,0.0943,0.0927,0.0934,0.0967,0.3758,0.2949,0.2054,0.1795,0.139,0.5106,0.362,0.2896,0.2289,0.1958,0.0959,0.1339,0.3797,0.2888,0.2042,0.1832,0.1398,0.5074,0.3777,0.2776,0.2216,0.1962,0.0927,0.1042,0.383,0.2997,0.215,0.1845,0.1368,0.5119,0.3866,0.289,0.2163,0.1894,0.0934,0.1252,0.3839,0.2965,0.1948,0.1536,0.1192,0.4484,0.3356,0.233,0.1705,0.1496,0.0924,0.0948,0.3789,0.2952,0.2011,0.1603,0.1233,0.4402,0.3242,0.242,0.1903,0.1533,0.0945,0.1153,0.3763,0.2873,0.2078,0.1618,0.1208,0.438,0.3284,0.2457,0.1766,0.1552,0.0951,0.0972,0.0947,0.0927,0.0982,0.1009,0.0925,0.0939,0.0916,0.0943,0.1005,0.0963,0.0982,
39111s,0.0955,0.0964,0.0947,0.0965,0.097,0.0925,0.0919,0.0989,0.0952,0.0948,0.0928,0.0935,0.0967,0.3753,0.3044,0.2127,0.175,0.142,0.5125,0.3672,0.2922,0.2282,0.1952,0.0962,0.1367,0.3801,0.286,0.204,0.1839,0.1414,0.5091,0.3793,0.2809,0.2221,0.1927,0.0927,0.1038,0.3848,0.3083,0.2149,0.1808,0.1378,0.5146,0.3889,0.2901,0.2169,0.1857,0.0935,0.1222,0.3861,0.2921,0.1938,0.153,0.1195,0.4516,0.338,0.2336,0.1691,0.1486,0.0923,0.0947,0.38,0.2873,0.2004,0.16,0.1237,0.4452,0.3233,0.2418,0.1873,0.1524,0.0948,0.1201,0.3747,0.2899,0.2114,0.1627,0.1212,0.4406,0.3342,0.2455,0.1782,0.1542,0.0952,0.0965,0.0939,0.0921,0.0977,0.1008,0.0923,0.0937,0.0917,0.0942,0.1005,0.0963,0.0982,
39374s,0.096,0.0963,0.0948,0.0962,0.097,0.0927,0.0919,0.0989,0.0951,0.0947,0.0927,0.0934,0.0972,0.3771,0.2963,0.2054,0.1769,0.1419,0.5159,0.3668,0.2929,0.2266,0.1946,0.0965,0.134,0.3793,0.2853,0.2028,0.183,0.1414,0.5117,0.3817,0.2818,0.2224,0.1936,0.0931,0.1042,0.3852,0.3085,0.2139,0.1805,0.1384,0.5161,0.3898,0.2913,0.2178,0.1865,0.0936,0.1234,0.3837,0.2947,0.1943,0.1538,0.1199,0.4565,0.3407,0.2346,0.1697,0.1502,0.0925,0.095,0.3803,0.2898,0.2027,0.1618,0.1244,0.4459,0.3256,0.2426,0.1884,0.1517,0.0947,0.1203,0.3757,0.2921,0.2105,0.1634,0.1211,0.4427,0.3329,0.247,0.1776,0.15,0.0952,0.0966,0.0943,0.0924,0.099,0.1008,0.0925,0.0939,0.0917,0.0942,0.1004,0.0962,0.0984,
39636s,0.0951,0.0962,0.0945,0.0958,0.0966,0.0923,0.0918,0.0987,0.0949,0.0944,0.0927,0.0933,0.0966,0.3774,0.2969,0.2054,0.1769,0.1405,0.5173,0.3676,0.2933,0.226,0.1941,0.0961,0.1341,0.3789,0.2851,0.2024,0.183,0.1408,0.5142,0.3819,0.2815,0.223,0.1945,0.0929,0.1039,0.3854,0.309,0.2149,0.1805,0.1382,0.5191,0.3911,0.292,0.2179,0.187,0.0936,0.1255,0.382,0.2889,0.1938,0.1529,0.1198,0.4563,0.3395,0.2341,0.1696,0.1496,0.0924,0.0947,0.3825,0.2878,0.2049,0.161,0.1244,0.4458,0.3265,0.2416,0.1881,0.1517,0.0946,0.121,0.376,0.2903,0.2103,0.164,0.121,0.4463,0.3341,0.2475,0.1773,0.1505,0.0952,0.097,0.0942,0.0924,0.098,0.1008,0.0925,0.0938,0.0916,0.0941,0.1002,0.0961,0.0982,
39899s,0.0957,0.096,0.0945,0.096,0.097,0.0925,0.0917,0.0986,0.0949,0.0945,0.0927,0.0931,0.0965,0.3771,0.3015,0.2045,0.1771,0.1423,0.5187,0.3705,0.2949,0.2299,0.1956,0.0962,0.1333,0.3767,0.2866,0.2019,0.1834,0.1415,0.516,0.385,0.2823,0.2219,0.1917,0.0929,0.1033,0.3844,0.306,0.213,0.1806,0.1401,0.5202,0.3938,0.2916,0.2152,0.1853,0.0934,0.1232,0.3844,0.2967,0.1948,0.1539,0.1203,0.4599,0.3429,0.2357,0.1698,0.1493,0.0924,0.0943,0.3798,0.2964,0.2017,0.1609,0.1243,0.4513,0.3278,0.244,0.1865,0.1508,0.0946,0.1196,0.3758,0.2899,0.209,0.1644,0.1212,0.4479,0.3365,0.2497,0.1776,0.1486,0.0951,0.0966,0.0943,0.0931,0.0995,0.1009,0.0924,0.0941,0.0918,0.094,0.1004,0.0962,0.0982,
40161s,0.0952,0.0962,0.0945,0.0959,0.0968,0.0926,0.0918,0.0988,0.0948,0.0944,0.0928,0.0932,0.097,0.3779,0.3049,0.2054,0.1788,0.1398,0.5221,0.3682,0.292,0.2298,0.1984,0.0962,0.1331,0.3758,0.2879,0.2033,0.1836,0.1402,0.5184,0.3868,0.2789,0.2223,0.1972,0.093,0.1041,0.3855,0.3033,0.2172,0.1853,0.1379,0.5234,0.3984,0.2914,0.2168,0.1888,0.0933,0.1227,0.3799,0.2998,0.1954,0.154,0.1207,0.4644,0.3459,0.2361,0.1722,0.1511,0.0924,0.095,0.3827,0.2993,0.2011,0.1601,0.124,0.4534,0.3315,0.2458,0.1906,0.1529,0.0943,0.1198,0.3761,0.2833,0.2089,0.1616,0.1214,0.4516,0.3427,0.2499,0.1775,0.1565,0.0951,0.0969,0.0941,0.0923,0.0982,0.101,0.0924,0.0938,0.0918,0.0942,0.1005,0.0962,0.0982,
40424s,0.0959,0.0965,0.0948,0.0963,0.0971,0.0925,0.0919,0.0989,0.0951,0.0945,0.0928,0.0932,0.0969,0.3774,0.299,0.2104,0.176,0.1405,0.5246,0.3727,0.295,0.2275,0.196,0.0961,0.1395,0.3753,0.2867,0.203,0.1838,0.141,0.5207,0.3898,0.2816,0.2244,0.1967,0.0927,0.1041,0.3855,0.3103,0.2183,0.1847,0.1385,0.5268,0.4009,0.2931,0.2197,0.1876,0.0935,0.1288,0.3831,0.296,0.1942,0.1537,0.1207,0.466,0.3487,0.2362,0.1706,0.1497,0.0924,0.0948,0.3808,0.2863,0.2036,0.16,0.1243,0.4546,0.3308,0.2436,0.1896,0.1502,0.0946,0.1151,0.3716,0.2911,0.2088,0.1629,0.1213,0.4538,0.3406,0.2478,0.1771,0.1542,0.0951,0.0968,0.0948,0.0925,0.0992,0.1009,0.0922,0.0939,0.0918,0.0942,0.1004,0.0963,0.0982,
40686s,0.0953,0.0958,0.0944,0.0962,0.0967,0.0924,0.0918,0.0987,0.0948,0.0943,0.0927,0.0932,0.0969,0.3778,0.308,0.2063,0.1793,0.1401,0.527,0.3724,0.2927,0.233,0.2022,0.0959,0.1372,0.3767,0.2938,0.2046,0.1831,0.1404,0.5234,0.3916,0.2803,0.2228,0.196,0.0927,0.1045,0.3858,0.3052,0.2146,0.182,0.1377,0.526,0.3997,0.2922,0.2177,0.1899,0.0933,0.1184,0.3799,0.3007,0.1942,0.1544,0.1211,0.469,0.3557,0.2396,0.1727,0.1512,0.0923,0.0948,0.3763,0.2931,0.2015,0.159,0.1237,0.459,0.3349,0.247,0.1908,0.154,0.0945,0.1197,0.3766,0.2822,0.2078,0.1617,0.121,0.4578,0.3435,0.254,0.1792,0.1551,0.095,0.0959,0.0937,0.0921,0.0986,0.1007,0.0923,0.0938,0.0916,0.0941,0.1004,0.0961,0.0981,
40949s,0.0958,0.0968,0.0948,0.0962,0.0972,0.0927,0.0919,0.0989,0.0951,0.0946,0.0929,0.0933,0.0965,0.3773,0.2997,0.2073,0.1759,0.1408,0.5295,0.3736,0.2957,0.2278,0.1955,0.0961,0.1371,0.377,0.2866,0.2038,0.1832,0.1413,0.526,0.3928,0.2828,0.2241,0.1951,0.0928,0.1042,0.3866,0.3079,0.2143,0.1804,0.1389,0.5306,0.401,0.2942,0.2197,0.1877,0.0936,0.1237,0.3792,0.2959,0.1939,0.1535,0.1209,0.4705,0.3515,0.2364,0.1707,0.1499,0.0924,0.0952,0.3837,0.2882,0.2035,0.1598,0.1247,0.4595,0.336,0.2446,0.1895,0.1524,0.0947,0.1153,0.3738,0.279,0.2093,0.1624,0.121,0.4593,0.3411,0.249,0.1767,0.153,0.0952,0.0962,0.0942,0.0924,0.0953,0.1009,0.0925,0.0939,0.0918,0.0943,0.1006,0.0961,0.0983,
41211s,0.0954,0.0965,0.0948,0.096,0.097,0.0926,0.092,0.099,0.0949,0.0944,0.0927,0.0933,0.097,0.3787,0.306,0.2088,0.1782,0.14,0.5317,0.376,0.2939,0.2303,0.1965,0.0961,0.1327,0.3762,0.2895,0.2067,0.1837,0.1419,0.5284,0.3952,0.2812,0.2237,0.1969,0.0929,0.1042,0.3857,0.3112,0.216,0.1849,0.1386,0.5313,0.4094,0.2929,0.2211,0.1887,0.0936,0.1267,0.3817,0.2981,0.1956,0.1539,0.1213,0.4737,0.352,0.237,0.1715,0.1523,0.0924,0.0948,0.3818,0.2989,0.201,0.1611,0.1256,0.4664,0.3424,0.2477,0.1916,0.1527,0.0947,0.1196,0.3744,0.2823,0.2065,0.162,0.1214,0.4627,0.3447,0.2519,0.1777,0.157,0.0952,0.0969,0.0941,0.0924,0.0951,0.1007,0.0923,0.0938,0.0918,0.0942,0.1004,0.0961,0.0981,
41473s,0.096,0.0963,0.0947,0.096,0.0968,0.0923,0.0918,0.0987,0.0949,0.0944,0.0927,0.0933,0.0971,0.3796,0.2997,0.2037,0.178,0.1397,0.5335,0.3744,0.2962,0.2292,0.1963,0.0961,0.1333,0.3749,0.2877,0.2047,0.1839,0.1416,0.5306,0.397,0.2829,0.2246,0.1961,0.0929,0.104,0.3863,0.3084,0.2159,0.1816,0.1394,0.5339,0.4061,0.2946,0.2203,0.1885,0.0934,0.1256,0.377,0.2955,0.1952,0.1543,0.1215,0.4756,0.3542,0.2375,0.1711,0.1515,0.0924,0.0947,0.3808,0.297,0.2027,0.1617,0.1258,0.4673,0.3448,0.2462,0.1902,0.1538,0.0945,0.1191,0.3712,0.2911,0.2144,0.1628,0.1227,0.4648,0.3502,0.2504,0.1791,0.1526,0.095,0.0959,0.0937,0.0919,0.0943,0.1007,0.0923,0.0938,0.0916,0.0941,0.1003,0.0962,0.0981,
41736s,0.0954,0.096,0.0945,0.0962,0.0968,0.0922,0.0917,0.0986,0.0946,0.0944,0.0926,0.0931,0.0963,0.3783,0.3008,0.2063,0.1753,0.1434,0.5354,0.379,0.2971,0.2284,0.1974,0.0963,0.1347,0.378,0.2878,0.2037,0.1835,0.1421,0.5335,0.3986,0.2855,0.2247,0.1942,0.0928,0.1036,0.3863,0.3116,0.2145,0.181,0.1406,0.5367,0.4073,0.2963,0.2194,0.1877,0.0933,0.123,0.3819,0.294,0.1936,0.1531,0.1214,0.4784,0.3551,0.2374,0.1709,0.1493,0.0923,0.0945,0.3832,0.2922,0.2026,0.1607,0.1253,0.4685,0.3402,0.2461,0.1882,0.1522,0.0948,0.1212,0.3708,0.2907,0.2075,0.1621,0.1211,0.4661,0.3454,0.2505,0.1785,0.1484,0.0951,0.0961,0.0936,0.0922,0.0941,0.1007,0.0922,0.0939,0.0916,0.094,0.1002,0.0962,0.0981,
41999s,0.0957,0.0963,0.0944,0.096,0.0972,0.0928,0.0921,0.099,0.095,0.0947,0.0928,0.0932,0.0972,0.3788,0.3115,0.212,0.1783,0.1402,0.5378,0.3818,0.2965,0.2278,0.2021,0.0963,0.1352,0.3764,0.2936,0.2048,0.1835,0.1416,0.5352,0.3998,0.2837,0.2244,0.1972,0.0928,0.1047,0.3873,0.3124,0.2159,0.1837,0.1384,0.536,0.4034,0.2947,0.2178,0.1892,0.0934,0.122,0.3799,0.3015,0.194,0.1543,0.1219,0.4835,0.3633,0.2422,0.1728,0.1512,0.0923,0.0949,0.3747,0.3013,0.2005,0.1601,0.1255,0.4714,0.3456,0.2503,0.1932,0.1545,0.0944,0.115,0.3714,0.2839,0.2088,0.162,0.1223,0.469,0.3495,0.2559,0.1793,0.1561,0.0951,0.0969,0.0944,0.0923,0.0946,0.1009,0.0924,0.0939,0.0918,0.0942,0.1003,0.0961,0.0983,
42261s,0.0954,0.0959,0.0944,0.0959,0.0968,0.0921,0.0917,0.0986,0.0948,0.0945,0.0926,0.093,0.0962,0.3795,0.3003,0.2073,0.1757,0.1426,0.54,0.3819,0.2982,0.2282,0.198,0.0962,0.1404,0.3779,0.2862,0.2049,0.1851,0.143,0.5371,0.3985,0.2833,0.2257,0.1956,0.0927,0.1034,0.387,0.3119,0.2168,0.1825,0.1414,0.5406,0.4128,0.2952,0.2214,0.19,0.0934,0.1285,0.3801,0.2953,0.1936,0.1537,0.1218,0.4828,0.3617,0.2388,0.1717,0.1502,0.0921,0.0951,0.3805,0.2876,0.2017,0.16,0.1253,0.473,0.3426,0.2467,0.1889,0.1511,0.0947,0.1186,0.3697,0.2905,0.2094,0.1635,0.1219,0.4713,0.354,0.2511,0.1789,0.1499,0.0949,0.0977,0.0945,0.0928,0.0979,0.1008,0.0923,0.094,0.0916,0.094,0.1003,0.0962,0.0983,
42524s,0.0955,0.0963,0.0946,0.096,0.0968,0.0924,0.0918,0.0986,0.0948,0.0945,0.0929,0.0932,0.0971,0.3794,0.3111,0.2093,0.1789,0.1403,0.5426,0.3819,0.2981,0.2339,0.2048,0.0962,0.1408,0.3784,0.2961,0.2051,0.1841,0.142,0.5389,0.4028,0.2856,0.2245,0.1973,0.0926,0.1046,0.3874,0.3108,0.218,0.1854,0.1389,0.5405,0.4106,0.295,0.22,0.1922,0.0933,0.1207,0.3799,0.2992,0.1955,0.1543,0.1219,0.4869,0.3646,0.2428,0.173,0.1517,0.0923,0.0948,0.3752,0.2942,0.2023,0.1592,0.1254,0.4751,0.348,0.2498,0.1923,0.1563,0.0947,0.118,0.3724,0.2761,0.2072,0.1621,0.1218,0.4735,0.3499,0.2591,0.1814,0.1557,0.0951,0.0972,0.0946,0.0928,0.0995,0.101,0.0924,0.0939,0.0917,0.0942,0.1005,0.0961,0.098,
42786s,0.095,0.0964,0.0947,0.0961,0.0968,0.0923,0.0916,0.0987,0.0949,0.0944,0.0927,0.0932,0.0965,0.382,0.3014,0.2038,0.177,0.1411,0.5447,0.3836,0.2992,0.2299,0.1976,0.0962,0.1345,0.3759,0.2879,0.2062,0.1841,0.1434,0.5417,0.4016,0.2843,0.2254,0.1967,0.0929,0.1041,0.3874,0.3132,0.2183,0.1845,0.1417,0.5449,0.4089,0.2969,0.2216,0.1894,0.0934,0.1269,0.3785,0.2987,0.1942,0.1538,0.1223,0.4885,0.3666,0.2422,0.1715,0.1516,0.0923,0.0943,0.3773,0.294,0.2028,0.1605,0.1263,0.4774,0.3484,0.2487,0.1893,0.1527,0.0948,0.1141,0.3714,0.2875,0.2076,0.1632,0.1224,0.476,0.3545,0.2531,0.1789,0.1535,0.0951,0.0977,0.0943,0.0925,0.099,0.1008,0.0923,0.0938,0.0916,0.094,0.1003,0.0961,0.098,
43048s,0.0962,0.0964,0.095,0.0964,0.0972,0.0924,0.0918,0.0988,0.0949,0.0947,0.0926,0.0932,0.0968,0.3803,0.3015,0.2134,0.1763,0.1416,0.5473,0.3883,0.2992,0.2306,0.1985,0.0963,0.145,0.3761,0.2916,0.2062,0.1844,0.1418,0.5447,0.4035,0.2855,0.2262,0.1975,0.0929,0.1042,0.3899,0.309,0.2146,0.1814,0.1403,0.5459,0.4103,0.2974,0.2213,0.1896,0.0935,0.1265,0.3783,0.2983,0.1947,0.1537,0.1225,0.4913,0.3712,0.2417,0.172,0.1514,0.0923,0.0944,0.3779,0.2939,0.2024,0.1603,0.1267,0.4795,0.3522,0.2491,0.1908,0.1529,0.0946,0.1147,0.371,0.2919,0.2144,0.1634,0.1232,0.4789,0.3558,0.2537,0.1799,0.1531,0.0951,0.0973,0.0952,0.0926,0.0951,0.1008,0.0924,0.094,0.0917,0.0943,0.1003,0.0962,0.0981,
43311s,0.0954,0.0962,0.0945,0.0962,0.0969,0.0924,0.0919,0.099,0.095,0.0944,0.0926,0.0932,0.0964,0.3812,0.3037,0.2041,0.1778,0.1388,0.5484,0.3862,0.3007,0.2332,0.1987,0.0963,0.1353,0.3769,0.293,0.2067,0.1839,0.142,0.5462,0.4054,0.2857,0.2259,0.1984,0.093,0.1042,0.3894,0.3094,0.2167,0.183,0.1399,0.5476,0.4135,0.2973,0.2198,0.189,0.0935,0.1257,0.376,0.2985,0.1951,0.1539,0.1227,0.4938,0.3722,0.2429,0.172,0.1527,0.0924,0.0943,0.3775,0.2976,0.2026,0.16,0.1264,0.4812,0.3529,0.2504,0.1919,0.1524,0.0948,0.1182,0.3687,0.2905,0.2089,0.1635,0.1225,0.4804,0.3555,0.2551,0.1792,0.1554,0.0951,0.0961,0.0936,0.0919,0.0949,0.1007,0.0923,0.0938,0.0916,0.0941,0.1005,0.096,0.0982,
43573s,0.0952,0.0961,0.0944,0.0958,0.0967,0.0922,0.0916,0.0985,0.0949,0.0943,0.0926,0.0931,0.0964,0.3822,0.2993,0.2053,0.1762,0.1418,0.5507,0.3892,0.301,0.2291,0.1998,0.0963,0.1343,0.3783,0.2879,0.2056,0.1845,0.1431,0.5484,0.405,0.2858,0.2265,0.1956,0.0927,0.1038,0.3895,0.3143,0.2175,0.1831,0.1409,0.5511,0.4155,0.2984,0.2222,0.1893,0.0933,0.1222,0.3821,0.2971,0.1942,0.1537,0.1228,0.4948,0.3735,0.242,0.1725,0.1511,0.0922,0.0946,0.3827,0.294,0.203,0.1616,0.1276,0.4844,0.3554,0.2496,0.1904,0.1535,0.0945,0.1162,0.3691,0.2903,0.2078,0.1635,0.1228,0.4825,0.3579,0.2542,0.1805,0.1506,0.095,0.0973,0.0953,0.0931,0.0966,0.1012,0.0924,0.094,0.0917,0.0941,0.1003,0.0962,0.0979,
43836s,0.0955,0.0961,0.0944,0.0963,0.0967,0.0923,0.0917,0.0986,0.0949,0.0944,0.0926,0.0932,0.0961,0.3828,0.2999,0.2099,0.1757,0.1412,0.5531,0.3929,0.3015,0.23,0.1994,0.0962,0.1394,0.3776,0.2893,0.2058,0.185,0.1432,0.5509,0.4064,0.2865,0.2262,0.1964,0.0927,0.1041,0.3903,0.314,0.2166,0.1821,0.1414,0.5534,0.4185,0.2991,0.2225,0.1909,0.0933,0.1248,0.3847,0.2981,0.1949,0.1531,0.1226,0.4975,0.3704,0.2434,0.1726,0.1511,0.0923,0.0947,0.3775,0.2961,0.2033,0.1606,0.1268,0.4851,0.3553,0.25,0.1906,0.1534,0.0947,0.1168,0.3707,0.2918,0.2111,0.1638,0.1232,0.4862,0.3604,0.2555,0.1808,0.1512,0.0951,0.0957,0.0935,0.0925,0.1002,0.1008,0.0924,0.0938,0.0916,0.0941,0.1003,0.0962,0.098,
44099s,0.0962,0.0961,0.0944,0.0961,0.0968,0.0924,0.0918,0.0989,0.0951,0.0945,0.0928,0.0933,0.0965,0.3816,0.3042,0.2156,0.1758,0.1401,0.5547,0.3936,0.3003,0.2347,0.2027,0.0962,0.1349,0.378,0.292,0.2044,0.1832,0.1421,0.5524,0.4105,0.2881,0.2255,0.199,0.0928,0.1043,0.3917,0.3113,0.2165,0.1824,0.14,0.5541,0.4204,0.2984,0.2205,0.1915,0.0934,0.1257,0.3774,0.2983,0.1955,0.1541,0.1229,0.5015,0.3728,0.2452,0.1725,0.1527,0.0923,0.0947,0.3771,0.3066,0.2006,0.1607,0.1278,0.4881,0.3576,0.2525,0.1933,0.1541,0.0944,0.1189,0.3723,0.2865,0.2081,0.1616,0.1227,0.487,0.3582,0.2606,0.1799,0.1572,0.0952,0.0964,0.0943,0.0924,0.0941,0.1006,0.0923,0.0938,0.0917,0.0942,0.1003,0.0961,0.098,
44361s,0.0955,0.0961,0.0946,0.0961,0.097,0.0924,0.0919,0.0987,0.095,0.0945,0.0928,0.0933,0.0965,0.3844,0.3024,0.2096,0.1775,0.1392,0.5566,0.3916,0.3024,0.2332,0.204,0.0962,0.1341,0.3762,0.2866,0.2051,0.1833,0.1429,0.5539,0.4098,0.289,0.2258,0.198,0.0927,0.1036,0.3918,0.3087,0.2205,0.1862,0.1408,0.5551,0.4227,0.2986,0.2204,0.1903,0.0934,0.1261,0.3821,0.2976,0.1958,0.1546,0.1233,0.5043,0.3713,0.2453,0.1747,0.1527,0.0924,0.0943,0.3754,0.2985,0.2011,0.1596,0.127,0.49,0.3559,0.2516,0.1925,0.1571,0.0944,0.1193,0.3736,0.2815,0.2064,0.1616,0.1227,0.489,0.3586,0.2609,0.1831,0.155,0.095,0.0967,0.0939,0.0924,0.094,0.1008,0.0924,0.094,0.0917,0.094,0.1003,0.0962,0.0983,
44623s,0.0956,0.0961,0.0945,0.096,0.0967,0.0922,0.0916,0.0986,0.095,0.0945,0.0928,0.0933,0.0972,0.3845,0.3106,0.2044,0.177,0.1391,0.5581,0.3941,0.3042,0.234,0.2007,0.0963,0.1338,0.3773,0.292,0.2059,0.1841,0.1422,0.5565,0.4101,0.2888,0.2266,0.1991,0.0928,0.1045,0.3945,0.3095,0.2152,0.182,0.1413,0.5576,0.4223,0.3002,0.2217,0.1912,0.0936,0.1253,0.3777,0.3001,0.1941,0.1544,0.1237,0.5062,0.3772,0.2449,0.1737,0.1524,0.0923,0.0946,0.3782,0.3022,0.2027,0.1602,0.1276,0.4932,0.3567,0.2524,0.1923,0.1532,0.0946,0.1189,0.3705,0.2934,0.2125,0.1635,0.1232,0.493,0.3608,0.2593,0.1796,0.1551,0.0951,0.0972,0.095,0.0928,0.094,0.1008,0.0925,0.094,0.0916,0.094,0.1004,0.0962,0.098,
44886s,0.0955,0.096,0.0945,0.0961,0.0967,0.0923,0.0917,0.0986,0.0948,0.0944,0.0926,0.0932,0.0965,0.3851,0.3075,0.2097,0.1765,0.1389,0.5605,0.3962,0.3027,0.2344,0.2019,0.0961,0.1371,0.3792,0.2921,0.2059,0.1842,0.1434,0.558,0.4141,0.2898,0.2257,0.1988,0.0927,0.1038,0.393,0.3088,0.2179,0.1839,0.1416,0.5601,0.4247,0.2996,0.2212,0.1916,0.0935,0.1288,0.376,0.2983,0.1933,0.1536,0.1237,0.5088,0.3754,0.2463,0.1733,0.1524,0.0921,0.0947,0.3778,0.3033,0.2017,0.1604,0.1277,0.4977,0.3581,0.2533,0.1935,0.1528,0.0948,0.1169,0.3746,0.2885,0.2073,0.163,0.1231,0.4939,0.3628,0.2612,0.1792,0.1549,0.0951,0.0973,0.0946,0.0927,0.0942,0.1008,0.0923,0.094,0.0916,0.0939,0.1002,0.0961,0.0979,
45148s,0.0958,0.0963,0.0944,0.0962,0.0971,0.0925,0.092,0.0989,0.0951,0.0946,0.0928,0.0932,0.097,0.3859,0.3125,0.2116,0.1777,0.1396,0.5622,0.402,0.3036,0.2317,0.2076,0.0962,0.1322,0.3813,0.2912,0.2041,0.1845,0.1433,0.5607,0.42,0.2906,0.2266,0.1987,0.0929,0.1042,0.3948,0.3161,0.2136,0.1809,0.1404,0.5625,0.4244,0.3005,0.2229,0.1929,0.0932,0.1249,0.3808,0.3004,0.1945,0.1541,0.1239,0.5102,0.3761,0.2469,0.175,0.1538,0.0922,0.0947,0.3763,0.2978,0.2007,0.16,0.128,0.4981,0.362,0.2543,0.1951,0.1542,0.0947,0.116,0.3758,0.2857,0.2085,0.1632,0.1233,0.4966,0.3655,0.2629,0.1799,0.1563,0.0952,0.0969,0.0946,0.0925,0.094,0.1007,0.0925,0.0939,0.0917,0.0941,0.1005,0.0961,0.0979,
45411s,0.0952,0.0961,0.0944,0.0962,0.0968,0.0923,0.0917,0.0985,0.0948,0.0944,0.0927,0.093,0.0961,0.3874,0.3003,0.2125,0.1745,0.1408,0.5641,0.4,0.3045,0.2342,0.2017,0.0963,0.141,0.3793,0.2894,0.2049,0.1845,0.143,0.5634,0.4129,0.2907,0.2279,0.198,0.0928,0.1036,0.3964,0.3089,0.2144,0.1812,0.1427,0.5654,0.4262,0.3011,0.2238,0.1914,0.0933,0.1216,0.377,0.2969,0.1944,0.1532,0.1236,0.5117,0.378,0.2461,0.1731,0.1513,0.0922,0.0945,0.3769,0.2985,0.2027,0.1612,0.1285,0.5004,0.3609,0.2534,0.1906,0.1534,0.0944,0.1242,0.3711,0.2937,0.2133,0.165,0.1235,0.4996,0.3644,0.259,0.181,0.1518,0.0949,0.0966,0.0941,0.0925,0.0939,0.1008,0.0923,0.094,0.0914,0.094,0.1002,0.0961,0.0979,
45675s,0.0957,0.096,0.0947,0.0963,0.0967,0.0923,0.0919,0.0987,0.095,0.0945,0.0927,0.0934,0.0965,0.3883,0.304,0.2151,0.1759,0.1414,0.5666,0.4045,0.3047,0.2344,0.2023,0.0965,0.1356,0.3798,0.2871,0.2074,0.1842,0.1445,0.5653,0.4191,0.2912,0.2273,0.1992,0.0928,0.1041,0.3969,0.3111,0.2175,0.1838,0.1429,0.5672,0.4299,0.3016,0.224,0.192,0.0936,0.1215,0.3783,0.3011,0.1934,0.1546,0.1244,0.516,0.3781,0.2475,0.1735,0.1518,0.0922,0.0942,0.3774,0.2976,0.2013,0.161,0.1286,0.5032,0.3641,0.2543,0.1928,0.1543,0.0948,0.1198,0.3715,0.2938,0.2101,0.164,0.1237,0.5007,0.3657,0.261,0.1809,0.1526,0.0951,0.0972,0.0943,0.0924,0.0939,0.1009,0.0925,0.0939,0.0917,0.0942,0.1004,0.0963,0.098,
45938s,0.0954,0.096,0.0944,0.0958,0.0965,0.0922,0.0918,0.0988,0.0949,0.0943,0.0927,0.0931,0.0969,0.3877,0.312,0.2144,0.1778,0.1406,0.5691,0.4056,0.3049,0.2328,0.2083,0.0961,0.1441,0.3845,0.2934,0.2062,0.184,0.1428,0.5678,0.4223,0.2923,0.2269,0.1985,0.0929,0.1042,0.3979,0.3149,0.2199,0.189,0.1415,0.5694,0.4348,0.3022,0.2209,0.193,0.0934,0.1247,0.3808,0.3038,0.1946,0.1545,0.1241,0.5179,0.3765,0.2481,0.1748,0.1542,0.0923,0.0947,0.3771,0.3039,0.2011,0.1614,0.1291,0.5049,0.3672,0.2564,0.1955,0.156,0.0946,0.1168,0.3737,0.2884,0.2091,0.1624,0.124,0.504,0.3688,0.2649,0.1812,0.1593,0.0951,0.0965,0.094,0.0922,0.0938,0.1007,0.0923,0.0939,0.0916,0.0941,0.1002,0.0962,0.0979,
46200s,0.0959,0.0963,0.0948,0.0964,0.0969,0.0924,0.0917,0.0987,0.0949,0.0944,0.0927,0.0931,0.0966,0.388,0.3048,0.2105,0.1757,0.1389,0.5705,0.4069,0.3064,0.2342,0.2038,0.0962,0.1445,0.3844,0.2913,0.206,0.1841,0.1423,0.569,0.4194,0.293,0.2275,0.1995,0.0928,0.1048,0.4009,0.3106,0.2183,0.1841,0.1419,0.5719,0.4347,0.3023,0.222,0.191,0.0934,0.126,0.3803,0.3014,0.1932,0.1538,0.1239,0.5193,0.3791,0.248,0.1737,0.1522,0.0922,0.0948,0.378,0.3043,0.2007,0.1603,0.1283,0.5077,0.3639,0.2561,0.1947,0.154,0.0946,0.1142,0.3739,0.2936,0.2117,0.1632,0.1242,0.5048,0.3714,0.2632,0.1805,0.1538,0.095,0.0961,0.0936,0.0921,0.0938,0.1007,0.0923,0.0939,0.0915,0.0941,0.1004,0.0961,0.0981,
46463s,0.0953,0.0958,0.0945,0.0959,0.0965,0.092,0.0917,0.0986,0.0948,0.0943,0.0926,0.0931,0.0967,0.3896,0.3038,0.2049,0.1773,0.1386,0.5718,0.4065,0.3082,0.2337,0.205,0.096,0.1423,0.384,0.2915,0.2048,0.1839,0.1434,0.5711,0.4254,0.2932,0.228,0.2002,0.0926,0.104,0.4015,0.3104,0.2161,0.1824,0.1426,0.5726,0.4354,0.3027,0.2217,0.1926,0.0933,0.1246,0.382,0.2999,0.1946,0.1538,0.1243,0.5207,0.3795,0.2482,0.1746,0.1529,0.0922,0.0945,0.3783,0.2984,0.201,0.1596,0.1283,0.5088,0.3624,0.2555,0.1945,0.1534,0.0944,0.1136,0.3751,0.2937,0.2118,0.1637,0.1244,0.5079,0.3723,0.2633,0.1814,0.1569,0.095,0.0966,0.0942,0.0924,0.094,0.1007,0.0923,0.0941,0.0915,0.0941,0.1001,0.096,0.0979,
46725s,0.0955,0.0961,0.0945,0.0962,0.0968,0.0924,0.0918,0.0989,0.0951,0.0946,0.0927,0.0933,0.0967,0.3916,0.302,0.2068,0.178,0.1398,0.5745,0.4083,0.3079,0.2329,0.2068,0.0962,0.1406,0.3852,0.2925,0.2079,0.1844,0.144,0.5729,0.4325,0.2929,0.2275,0.2008,0.0929,0.1047,0.4025,0.314,0.2172,0.1836,0.1415,0.5746,0.439,0.3033,0.2212,0.1935,0.0936,0.1191,0.3806,0.3019,0.194,0.1544,0.1249,0.5237,0.382,0.2487,0.1751,0.154,0.0922,0.0945,0.3781,0.3042,0.2009,0.1615,0.1296,0.5112,0.3685,0.2563,0.1963,0.1553,0.0948,0.1165,0.3771,0.2812,0.2083,0.1627,0.1241,0.5112,0.3716,0.265,0.1811,0.1575,0.0952,0.0971,0.0944,0.0923,0.0939,0.1007,0.0925,0.0941,0.0918,0.0943,0.1004,0.0962,0.0981,
46988s,0.096,0.0967,0.0948,0.0964,0.0969,0.0927,0.0919,0.0989,0.0951,0.0945,0.0928,0.0932,0.0967,0.3919,0.305,0.2116,0.1774,0.1395,0.5756,0.4088,0.3086,0.2323,0.2091,0.0961,0.1307,0.3871,0.2901,0.2058,0.1842,0.1429,0.5751,0.4301,0.2928,0.2276,0.2003,0.093,0.1044,0.4034,0.3176,0.2178,0.1846,0.1423,0.5768,0.4416,0.304,0.2224,0.1981,0.0936,0.1245,0.3803,0.3027,0.194,0.1544,0.1249,0.5253,0.3831,0.2467,0.1753,0.1543,0.0924,0.0951,0.38,0.3066,0.2009,0.161,0.1291,0.5136,0.3701,0.2569,0.1966,0.157,0.0948,0.1135,0.3767,0.289,0.2117,0.1624,0.1248,0.513,0.373,0.2658,0.1836,0.1598,0.0952,0.097,0.0943,0.0924,0.0941,0.1008,0.0925,0.094,0.0919,0.0942,0.1004,0.0962,0.0982,
47250s,0.0953,0.0959,0.0944,0.0961,0.0966,0.0921,0.0918,0.0985,0.0948,0.0944,0.0927,0.0931,0.0963,0.3942,0.3112,0.2049,0.1766,0.1402,0.5776,0.4073,0.3102,0.2339,0.2045,0.0962,0.1345,0.3868,0.29,0.205,0.1842,0.1439,0.5757,0.4287,0.2949,0.229,0.2,0.0927,0.1043,0.4054,0.3105,0.2215,0.1877,0.1433,0.5791,0.4407,0.3039,0.2232,0.1934,0.0933,0.1252,0.3806,0.3036,0.1939,0.1537,0.125,0.5275,0.3834,0.2492,0.175,0.1527,0.0921,0.0948,0.3785,0.304,0.2023,0.1618,0.1299,0.5152,0.3714,0.2567,0.1938,0.1546,0.0944,0.1199,0.3753,0.2903,0.2088,0.1637,0.1243,0.5154,0.3733,0.2653,0.1811,0.1533,0.095,0.0969,0.0947,0.0927,0.0942,0.101,0.0924,0.0942,0.0916,0.094,0.1002,0.0961,0.0979,
47513s,0.0955,0.0962,0.0944,0.096,0.0966,0.0924,0.0917,0.0986,0.0948,0.0944,0.0925,0.0932,0.0966,0.3938,0.2962,0.2039,0.1792,0.1388,0.5797,0.4076,0.3112,0.2337,0.2058,0.0961,0.1382,0.3881,0.2894,0.2044,0.1844,0.1437,0.5786,0.4306,0.2953,0.2281,0.201,0.0926,0.1038,0.4062,0.3094,0.2177,0.1849,0.1431,0.5812,0.4414,0.3051,0.2226,0.1922,0.0933,0.1244,0.3811,0.3023,0.194,0.1548,0.1256,0.5305,0.3855,0.2492,0.1753,0.1535,0.0921,0.0945,0.379,0.3057,0.202,0.1623,0.1302,0.5178,0.3767,0.2581,0.1945,0.1556,0.0946,0.1203,0.3766,0.2877,0.2093,0.1644,0.1244,0.5174,0.3753,0.266,0.1815,0.1537,0.095,0.0963,0.0948,0.093,0.0944,0.1008,0.0924,0.0941,0.0916,0.094,0.1002,0.096,0.0981,
47776s,0.0955,0.096,0.0946,0.0961,0.0967,0.0923,0.0918,0.0987,0.0948,0.0944,0.0928,0.0934,0.0961,0.3959,0.3119,0.2114,0.1768,0.141,0.581,0.4126,0.3115,0.2331,0.2075,0.0962,0.1367,0.3907,0.2852,0.2043,0.1827,0.1429,0.5799,0.426,0.2956,0.2288,0.1997,0.0928,0.1041,0.4079,0.3096,0.2152,0.1816,0.1425,0.5823,0.4412,0.3064,0.2225,0.1932,0.0934,0.127,0.3852,0.3016,0.1944,0.1534,0.1252,0.5324,0.3842,0.2501,0.1756,0.153,0.0923,0.0945,0.3805,0.3089,0.2026,0.1621,0.1303,0.5195,0.3738,0.258,0.1939,0.1551,0.0947,0.1191,0.3741,0.2934,0.2175,0.1624,0.1255,0.5199,0.3775,0.2662,0.1828,0.1553,0.095,0.097,0.0946,0.0924,0.0941,0.1008,0.0923,0.094,0.0916,0.094,0.1002,0.0961,0.0981,
48038s,0.0958,0.0961,0.0943,0.096,0.0969,0.0926,0.0917,0.0988,0.095,0.0943,0.0928,0.0932,0.0967,0.3961,0.3032,0.2117,0.1779,0.1435,0.5821,0.4074,0.3118,0.2308,0.2068,0.0963,0.132,0.392,0.2887,0.2057,0.1854,0.1448,0.5818,0.4266,0.2957,0.2295,0.2021,0.0927,0.1043,0.4084,0.3216,0.2138,0.1814,0.1411,0.5841,0.436,0.3065,0.2271,0.1968,0.0934,0.1243,0.3851,0.3037,0.1942,0.1548,0.1253,0.5341,0.3878,0.2496,0.1764,0.155,0.0924,0.0942,0.3796,0.2988,0.2012,0.1599,0.1297,0.5204,0.3746,0.2574,0.1947,0.1562,0.0949,0.1167,0.3778,0.2845,0.2058,0.1616,0.1239,0.5219,0.3768,0.2664,0.1841,0.1585,0.0951,0.0964,0.0939,0.0923,0.094,0.1007,0.0923,0.0938,0.0917,0.0941,0.1003,0.0961,0.0984,
48301s,0.0954,0.0962,0.0946,0.0963,0.0969,0.0923,0.0918,0.0988,0.0951,0.0945,0.0928,0.0933,0.0966,0.3976,0.2955,0.2069,0.178,0.1393,0.5852,0.4138,0.3133,0.2319,0.2078,0.0961,0.1328,0.3931,0.2922,0.21,0.1858,0.1447,0.5834,0.4275,0.2955,0.2285,0.2009,0.0928,0.1043,0.4103,0.3204,0.2147,0.1814,0.1425,0.5866,0.4374,0.3077,0.2236,0.1952,0.0934,0.1264,0.3856,0.3035,0.1941,0.1541,0.1255,0.5366,0.3898,0.2511,0.176,0.154,0.0923,0.0946,0.3803,0.3045,0.2006,0.1603,0.1297,0.5235,0.3737,0.2585,0.1964,0.1542,0.0947,0.1198,0.3786,0.2865,0.2103,0.1632,0.1246,0.5244,0.3782,0.2681,0.1814,0.1601,0.0951,0.0976,0.0949,0.0928,0.0946,0.1012,0.0925,0.0941,0.0918,0.0942,0.1003,0.0963,0.098,
48563s,0.0955,0.0965,0.095,0.0963,0.0971,0.0925,0.0918,0.0989,0.0951,0.0946,0.0928,0.0933,0.0966,0.3985,0.2963,0.2116,0.1777,0.14,0.587,0.4172,0.314,0.2322,0.2086,0.0961,0.1371,0.3941,0.29,0.206,0.1839,0.1442,0.5851,0.4291,0.2959,0.2289,0.201,0.0929,0.1043,0.4117,0.3175,0.2219,0.1902,0.1439,0.5883,0.4395,0.3086,0.2241,0.196,0.0937,0.1295,0.3857,0.3042,0.1946,0.1542,0.1259,0.5388,0.3946,0.2501,0.1773,0.1551,0.0923,0.0948,0.3823,0.3036,0.201,0.1605,0.1298,0.5245,0.3782,0.2585,0.1976,0.1561,0.0949,0.1156,0.38,0.2847,0.2097,0.163,0.1252,0.5263,0.3816,0.2674,0.1826,0.1576,0.0951,0.0959,0.094,0.0921,0.094,0.1006,0.0923,0.0941,0.0917,0.0941,0.1002,0.0963,0.0982,
48826s,0.0955,0.0962,0.0945,0.0962,0.0969,0.0924,0.0917,0.0988,0.095,0.0946,0.0927,0.0934,0.0963,0.3997,0.2987,0.2102,0.1789,0.1406,0.5893,0.4164,0.3149,0.2317,0.2088,0.096,0.1398,0.396,0.29,0.2091,0.1847,0.1437,0.5862,0.4292,0.297,0.2295,0.2006,0.0929,0.1041,0.4105,0.3124,0.222,0.1886,0.1436,0.5896,0.4409,0.31,0.2248,0.1971,0.0935,0.1264,0.3873,0.3018,0.1932,0.1551,0.1259,0.5413,0.3942,0.2512,0.1777,0.1552,0.0922,0.095,0.3828,0.3041,0.2006,0.1608,0.1298,0.5267,0.3805,0.2593,0.1975,0.1555,0.0948,0.1143,0.3798,0.2837,0.2096,0.1626,0.1248,0.5287,0.3846,0.2688,0.1833,0.1589,0.0952,0.0972,0.0943,0.0925,0.0939,0.1008,0.0922,0.094,0.0917,0.0942,0.1003,0.0962,0.0981,
49088s,0.0954,0.0959,0.0946,0.0961,0.0967,0.0922,0.0918,0.0986,0.0949,0.0944,0.0927,0.0932,0.0963,0.4027,0.3105,0.2092,0.1773,0.1405,0.59,0.417,0.3153,0.2331,0.2083,0.0963,0.1419,0.3969,0.2905,0.2058,0.1848,0.1446,0.5892,0.4312,0.2975,0.2296,0.2015,0.0928,0.1041,0.4114,0.3149,0.2161,0.1817,0.1436,0.5924,0.4382,0.3095,0.2229,0.1946,0.0934,0.1222,0.3851,0.3042,0.1943,0.1551,0.1259,0.5437,0.3954,0.2515,0.177,0.1538,0.0924,0.0951,0.3826,0.3053,0.2008,0.1613,0.1301,0.5296,0.3818,0.2602,0.1952,0.1553,0.0946,0.1184,0.3805,0.2863,0.21,0.1645,0.1254,0.531,0.3849,0.2681,0.1828,0.1545,0.0949,0.0966,0.0942,0.0925,0.094,0.1008,0.0925,0.0939,0.0917,0.0941,0.1005,0.0961,0.098,
49351s,0.0953,0.0961,0.0944,0.0961,0.0966,0.0923,0.0916,0.0986,0.0947,0.0945,0.0927,0.0931,0.096,0.4013,0.2969,0.2071,0.1775,0.1404,0.5913,0.4188,0.3161,0.2319,0.208,0.0961,0.1345,0.3986,0.2872,0.2051,0.1842,0.1442,0.5899,0.4298,0.2984,0.2297,0.2014,0.0927,0.1035,0.4116,0.3092,0.2168,0.1829,0.1435,0.5939,0.4398,0.3099,0.2238,0.1954,0.0932,0.1248,0.3865,0.3021,0.1939,0.155,0.1263,0.5445,0.3966,0.2517,0.1772,0.1538,0.0922,0.0937,0.3832,0.303,0.2006,0.1611,0.1308,0.5312,0.3838,0.2602,0.1968,0.1554,0.0945,0.121,0.3806,0.2871,0.2115,0.1634,0.1252,0.5324,0.3866,0.2684,0.1822,0.155,0.0949,0.0965,0.0939,0.0923,0.0939,0.1007,0.0924,0.0939,0.0916,0.094,0.1001,0.0961,0.098,
49613s,0.0954,0.0962,0.0947,0.0961,0.0969,0.0923,0.0916,0.0986,0.0948,0.0944,0.0926,0.0932,0.0966,0.402,0.2975,0.2157,0.1766,0.1415,0.5936,0.4225,0.3169,0.2326,0.2102,0.0963,0.1369,0.4004,0.2928,0.2094,0.1865,0.1464,0.5918,0.4319,0.2999,0.2299,0.2026,0.0927,0.1039,0.4115,0.3174,0.2154,0.1818,0.1434,0.5961,0.4418,0.3112,0.224,0.1958,0.0933,0.1265,0.3889,0.3027,0.1939,0.1548,0.1261,0.5468,0.3991,0.253,0.1767,0.1545,0.0922,0.0946,0.3836,0.3045,0.2007,0.1625,0.1311,0.5338,0.3822,0.26,0.198,0.156,0.0946,0.1163,0.3818,0.2848,0.2097,0.1628,0.1247,0.5351,0.3885,0.269,0.1822,0.1589,0.095,0.0969,0.0943,0.0923,0.0939,0.1008,0.0924,0.0939,0.0916,0.0941,0.1002,0.0961,0.0978,
49876s,0.0955,0.096,0.0945,0.096,0.0967,0.0924,0.0918,0.0986,0.0947,0.0943,0.0927,0.0934,0.0965,0.3996,0.3084,0.2168,0.1763,0.1436,0.5946,0.4162,0.3172,0.233,0.2088,0.096,0.135,0.4026,0.289,0.2062,0.185,0.1451,0.5937,0.432,0.3006,0.2312,0.2015,0.0928,0.1042,0.41,0.3227,0.2189,0.1864,0.1433,0.5967,0.445,0.3136,0.2282,0.1997,0.0933,0.1255,0.3893,0.3013,0.1948,0.1547,0.1265,0.55,0.3983,0.2523,0.1768,0.1547,0.0922,0.0942,0.3842,0.2974,0.2005,0.1614,0.1308,0.5362,0.3852,0.2593,0.1951,0.1607,0.0945,0.1166,0.3829,0.2874,0.2087,0.1636,0.1256,0.5371,0.3885,0.27,0.1869,0.1606,0.095,0.0963,0.0937,0.0923,0.0939,0.1007,0.0922,0.0938,0.0917,0.0941,0.1003,0.0961,0.0982,
50138s,0.0955,0.0962,0.0946,0.0962,0.0969,0.0923,0.0918,0.0989,0.0949,0.0944,0.0927,0.0932,0.0966,0.3998,0.2935,0.2144,0.1775,0.1408,0.5969,0.4194,0.3173,0.2336,0.2094,0.0962,0.139,0.4015,0.2871,0.2046,0.184,0.1442,0.5946,0.4311,0.3006,0.2304,0.2019,0.0928,0.1036,0.4112,0.3151,0.2192,0.1855,0.1438,0.5983,0.4469,0.3144,0.2252,0.1993,0.0933,0.1287,0.3921,0.3024,0.1931,0.1547,0.1263,0.5514,0.4015,0.2533,0.1775,0.1555,0.0922,0.0949,0.3847,0.3046,0.201,0.1623,0.1309,0.5382,0.3869,0.2605,0.1987,0.1565,0.0947,0.1142,0.3838,0.2823,0.2095,0.1628,0.126,0.5395,0.3879,0.2707,0.1836,0.1593,0.095,0.0969,0.0944,0.0921,0.0939,0.1008,0.0924,0.0938,0.0915,0.0941,0.1003,0.0961,0.098,
50401s,0.0958,0.096,0.0945,0.0961,0.0967,0.0922,0.0918,0.0988,0.0949,0.0945,0.0928,0.0934,0.0968,0.3999,0.3018,0.2125,0.1783,0.1409,0.5979,0.4182,0.3186,0.2338,0.2093,0.0962,0.1316,0.4021,0.2866,0.2046,0.1849,0.1452,0.597,0.4329,0.3014,0.2309,0.2013,0.0931,0.1043,0.4106,0.3205,0.2137,0.1817,0.1428,0.6005,0.4442,0.3148,0.2283,0.1975,0.0934,0.1269,0.3912,0.3019,0.1935,0.1545,0.1265,0.5548,0.4014,0.2534,0.1776,0.1556,0.0922,0.0942,0.3849,0.3002,0.1995,0.1611,0.1308,0.5406,0.3859,0.2603,0.1973,0.1565,0.0949,0.1188,0.384,0.2858,0.2071,0.163,0.1251,0.542,0.3892,0.272,0.1858,0.1612,0.0952,0.0966,0.094,0.0922,0.0939,0.1009,0.0922,0.094,0.0918,0.0941,0.1004,0.0961,0.0981,
50663s,0.0953,0.0962,0.0946,0.096,0.0968,0.0923,0.0918,0.0988,0.095,0.0944,0.0928,0.0934,0.0964,0.3994,0.3028,0.2168,0.1779,0.1421,0.5999,0.4182,0.3198,0.2335,0.2109,0.0961,0.1399,0.4036,0.2851,0.2039,0.1835,0.1443,0.5983,0.4342,0.3022,0.2309,0.2015,0.0928,0.1039,0.4115,0.321,0.2194,0.1867,0.144,0.6027,0.4475,0.3167,0.2273,0.2004,0.0933,0.1264,0.3926,0.3015,0.1948,0.1544,0.1268,0.5556,0.4013,0.2527,0.178,0.155,0.0922,0.095,0.3866,0.2976,0.2006,0.1617,0.1307,0.5425,0.3874,0.2603,0.1963,0.1568,0.0949,0.115,0.3855,0.2849,0.2096,0.1627,0.1261,0.5437,0.3902,0.2724,0.1853,0.1612,0.0951,0.0975,0.095,0.0928,0.094,0.1009,0.0923,0.0939,0.0917,0.094,0.1002,0.0962,0.0981,
50926s,0.0956,0.0962,0.0945,0.0962,0.0971,0.0926,0.0917,0.0988,0.095,0.0945,0.0929,0.0932,0.0969,0.4006,0.2974,0.215,0.1789,0.1437,0.5996,0.4155,0.3213,0.2337,0.2089,0.0963,0.1302,0.402,0.2869,0.206,0.1844,0.1451,0.601,0.4362,0.3039,0.2312,0.2041,0.093,0.1049,0.4091,0.3108,0.2199,0.1837,0.1443,0.6024,0.4452,0.3168,0.229,0.1989,0.0934,0.1242,0.3942,0.2995,0.1954,0.1543,0.1266,0.5581,0.4017,0.2511,0.1798,0.1552,0.0923,0.0951,0.3874,0.3072,0.2016,0.1602,0.1306,0.5422,0.3866,0.2613,0.1996,0.1586,0.0948,0.1161,0.3865,0.2892,0.2081,0.1647,0.1256,0.5451,0.3996,0.2678,0.1888,0.1607,0.0951,0.0963,0.0943,0.0927,0.094,0.101,0.0925,0.094,0.0918,0.0942,0.1005,0.0962,0.0985,
51188s,0.0955,0.0962,0.0945,0.096,0.0968,0.0922,0.0917,0.0985,0.0949,0.0943,0.0927,0.0932,0.0962,0.4005,0.2938,0.2111,0.1768,0.1409,0.6031,0.4222,0.3215,0.2342,0.2104,0.0961,0.1341,0.4023,0.2827,0.2036,0.1845,0.1448,0.6017,0.436,0.3043,0.2318,0.2029,0.0928,0.1043,0.4114,0.3175,0.2152,0.1817,0.1443,0.6053,0.4469,0.3167,0.2269,0.1973,0.0932,0.1262,0.3937,0.2996,0.1928,0.1541,0.1268,0.5606,0.4024,0.2537,0.1778,0.1551,0.0923,0.0946,0.3865,0.3009,0.2015,0.1618,0.132,0.5467,0.3896,0.262,0.1984,0.1573,0.0945,0.12,0.3845,0.2912,0.2204,0.1634,0.126,0.5487,0.3899,0.2714,0.1838,0.1572,0.095,0.0965,0.0943,0.0925,0.0939,0.1009,0.0925,0.0942,0.0917,0.0941,0.1003,0.0963,0.098,
51451s,0.0956,0.0961,0.0945,0.0961,0.0967,0.0921,0.0917,0.0987,0.095,0.0946,0.0927,0.0933,0.0973,0.4004,0.3082,0.2052,0.1798,0.1405,0.6046,0.4182,0.3217,0.2351,0.2086,0.0963,0.1329,0.4037,0.2908,0.2083,0.1855,0.1461,0.6022,0.4392,0.3064,0.2315,0.2029,0.0929,0.1042,0.4117,0.3202,0.2174,0.1853,0.1454,0.6069,0.451,0.3177,0.2283,0.2008,0.0933,0.1261,0.3949,0.2999,0.1924,0.1542,0.1271,0.562,0.4034,0.2544,0.1779,0.1554,0.0923,0.0947,0.388,0.2995,0.201,0.1628,0.1323,0.5479,0.3915,0.2622,0.1998,0.1577,0.0948,0.1182,0.3855,0.2845,0.2107,0.1626,0.1261,0.5508,0.392,0.2722,0.1846,0.1583,0.095,0.0973,0.0951,0.0929,0.0943,0.1009,0.0924,0.0941,0.0917,0.0942,0.1005,0.0963,0.0983,
51713s,0.0949,0.0962,0.0946,0.0962,0.0968,0.0923,0.0918,0.0988,0.0948,0.0944,0.0928,0.0933,0.0967,0.3995,0.3078,0.2159,0.1781,0.1417,0.6055,0.4192,0.3238,0.2345,0.2071,0.0961,0.1364,0.4029,0.2895,0.2075,0.1848,0.1462,0.6037,0.4372,0.3057,0.2324,0.2028,0.0928,0.1042,0.4103,0.3148,0.2176,0.1848,0.1432,0.6071,0.4476,0.321,0.2282,0.1978,0.0932,0.1262,0.397,0.2998,0.1946,0.1552,0.1274,0.5642,0.4044,0.2509,0.1786,0.1565,0.0923,0.095,0.3899,0.3002,0.2008,0.1605,0.1313,0.5503,0.3916,0.2615,0.1962,0.1594,0.0945,0.1193,0.3881,0.2873,0.2096,0.1632,0.1265,0.5524,0.3965,0.2708,0.1891,0.1616,0.0952,0.097,0.0942,0.0923,0.0941,0.1007,0.0923,0.0938,0.0917,0.0941,0.1003,0.0962,0.0983,
51976s,0.0959,0.096,0.0945,0.096,0.0967,0.0923,0.0918,0.0986,0.0948,0.0944,0.0928,0.0932,0.0963,0.4009,0.2936,0.2105,0.1768,0.1433,0.6077,0.4242,0.3243,0.235,0.2107,0.0961,0.1352,0.4023,0.2902,0.2073,0.1851,0.1467,0.605,0.4374,0.3077,0.2321,0.2031,0.0931,0.1035,0.4112,0.3083,0.2261,0.1897,0.1466,0.6102,0.4506,0.324,0.2256,0.2014,0.0933,0.1214,0.3965,0.2984,0.1928,0.1549,0.1277,0.5655,0.4048,0.2548,0.1786,0.1553,0.0922,0.0946,0.3895,0.3005,0.2013,0.1622,0.1326,0.5522,0.3919,0.263,0.198,0.1564,0.0948,0.1206,0.3878,0.2927,0.2158,0.1639,0.1268,0.5544,0.3932,0.2719,0.1844,0.1547,0.0951,0.096,0.0944,0.0926,0.0943,0.101,0.0925,0.094,0.0917,0.094,0.1005,0.0962,0.0981,
52238s,0.095,0.096,0.0944,0.0962,0.0968,0.0923,0.0918,0.0988,0.0949,0.0946,0.0928,0.0931,0.0962,0.3997,0.3098,0.2172,0.1778,0.1421,0.609,0.4212,0.3249,0.2347,0.209,0.0962,0.1366,0.4033,0.2852,0.2042,0.1844,0.1451,0.6063,0.44,0.3071,0.2321,0.2022,0.0927,0.104,0.4107,0.3213,0.2157,0.1834,0.144,0.6111,0.45,0.3214,0.2293,0.1981,0.0935,0.1288,0.3984,0.2986,0.194,0.1544,0.1272,0.5685,0.4064,0.2542,0.1781,0.1562,0.0922,0.0945,0.3936,0.3006,0.201,0.1609,0.1319,0.5543,0.3911,0.2622,0.1977,0.1579,0.0948,0.1147,0.3898,0.2861,0.208,0.1619,0.1261,0.5557,0.3979,0.2738,0.1877,0.1608,0.0951,0.0966,0.0939,0.0923,0.0939,0.1008,0.0923,0.094,0.0917,0.0938,0.1003,0.0962,0.0982,
52501s,0.0961,0.096,0.0945,0.0959,0.0966,0.0923,0.0918,0.0988,0.095,0.0945,0.0927,0.0932,0.0969,0.3991,0.308,0.2173,0.1777,0.142,0.6103,0.4216,0.3249,0.2347,0.2075,0.0962,0.1382,0.4032,0.2855,0.2041,0.1854,0.1461,0.608,0.4408,0.3077,0.2326,0.2027,0.0929,0.1043,0.4104,0.3147,0.2155,0.183,0.1449,0.6111,0.4499,0.324,0.2289,0.1985,0.0933,0.1305,0.3988,0.2999,0.1948,0.1549,0.1277,0.5701,0.4107,0.2535,0.179,0.1577,0.0922,0.0945,0.3938,0.2988,0.1997,0.1608,0.1317,0.5563,0.3936,0.2634,0.1971,0.1585,0.0947,0.1138,0.3913,0.2892,0.2082,0.1615,0.1257,0.5572,0.3994,0.2731,0.1873,0.1608,0.095,0.097,0.0947,0.0927,0.094,0.1007,0.0923,0.0941,0.0917,0.0941,0.1004,0.096,0.0979,
52763s,0.0953,0.0961,0.0944,0.096,0.0969,0.0925,0.0918,0.0987,0.0948,0.0944,0.0928,0.0933,0.0971,0.3989,0.3025,0.2094,0.1777,0.1439,0.6104,0.4193,0.3227,0.2352,0.2113,0.0962,0.1345,0.4033,0.2954,0.2062,0.1862,0.1464,0.6096,0.4416,0.3116,0.2323,0.2081,0.0928,0.1045,0.4091,0.3082,0.2191,0.1832,0.1444,0.6116,0.4527,0.3202,0.226,0.2029,0.0934,0.1252,0.4022,0.2927,0.1937,0.1532,0.1272,0.5712,0.4107,0.2538,0.1797,0.1556,0.0923,0.0949,0.3915,0.3057,0.2013,0.1606,0.1313,0.5557,0.3968,0.2634,0.1969,0.1608,0.0946,0.116,0.3915,0.2871,0.2054,0.1646,0.1257,0.56,0.4032,0.2718,0.1891,0.1597,0.095,0.0963,0.094,0.0922,0.0938,0.1008,0.0921,0.0942,0.0916,0.0941,0.1004,0.096,0.0982,
53025s,0.0957,0.096,0.0943,0.096,0.0965,0.0921,0.0916,0.0986,0.0947,0.0943,0.0927,0.093,0.0963,0.3987,0.3003,0.2155,0.1773,0.143,0.6132,0.4244,0.3248,0.2354,0.2106,0.0964,0.1358,0.4027,0.2841,0.2048,0.1848,0.146,0.6096,0.4426,0.3093,0.2329,0.2028,0.0929,0.1039,0.4107,0.3146,0.2191,0.1869,0.1464,0.614,0.4501,0.3264,0.2293,0.1988,0.0932,0.1245,0.4018,0.2979,0.1924,0.154,0.1275,0.5738,0.409,0.2561,0.1792,0.1562,0.0922,0.0936,0.3941,0.2957,0.1986,0.1604,0.1316,0.5605,0.3954,0.2634,0.1975,0.1567,0.0947,0.1191,0.3917,0.2848,0.2112,0.1624,0.1265,0.5618,0.3997,0.2738,0.1851,0.1591,0.0949,0.0972,0.0947,0.0926,0.0942,0.1008,0.0925,0.0939,0.0918,0.0941,0.1004,0.0961,0.098,
53288s,0.0955,0.0963,0.0944,0.0959,0.0966,0.0925,0.0917,0.0987,0.0948,0.0944,0.0925,0.0931,0.097,0.3989,0.3085,0.2133,0.1775,0.1422,0.6147,0.4241,0.3246,0.2356,0.2104,0.0966,0.1371,0.4042,0.2865,0.2042,0.1861,0.1459,0.6109,0.4417,0.3096,0.2334,0.2032,0.0927,0.1041,0.4096,0.3191,0.214,0.1818,0.1461,0.6156,0.4516,0.3268,0.2295,0.1983,0.0933,0.122,0.4027,0.2986,0.1926,0.1543,0.1279,0.5764,0.4099,0.2555,0.1788,0.1559,0.0922,0.0947,0.3966,0.2996,0.2001,0.1616,0.1321,0.5626,0.3991,0.2641,0.1977,0.1567,0.0947,0.1186,0.3939,0.2863,0.2084,0.1629,0.1259,0.5635,0.4035,0.2751,0.1866,0.1612,0.0949,0.0968,0.0941,0.0924,0.0939,0.1007,0.0923,0.0939,0.0916,0.094,0.1003,0.0962,0.0981,
53551s,0.0953,0.0961,0.0946,0.0962,0.0967,0.0926,0.0916,0.0988,0.0951,0.0944,0.0928,0.0933,0.0967,0.3988,0.307,0.213,0.1782,0.1428,0.616,0.4247,0.3245,0.2351,0.2107,0.0961,0.1369,0.4046,0.2865,0.204,0.1855,0.146,0.6126,0.4425,0.3109,0.2335,0.203,0.0931,0.1044,0.4104,0.3172,0.2202,0.1882,0.1465,0.6163,0.4562,0.3241,0.229,0.1987,0.0934,0.1291,0.4056,0.2955,0.1935,0.1548,0.1284,0.5778,0.4133,0.2562,0.1793,0.1573,0.0923,0.0949,0.3967,0.2996,0.2005,0.1617,0.1323,0.5639,0.4001,0.2645,0.1975,0.1572,0.0948,0.1243,0.3965,0.2921,0.2166,0.1642,0.1276,0.5656,0.4097,0.2728,0.1876,0.1632,0.0952,0.0972,0.0947,0.0925,0.094,0.1007,0.0924,0.094,0.0918,0.0941,0.1005,0.0961,0.0982,
53813s,0.0956,0.0965,0.0948,0.0963,0.0972,0.0925,0.092,0.0986,0.095,0.0945,0.0928,0.0935,0.0972,0.3987,0.3,0.2139,0.1783,0.1464,0.6156,0.4254,0.3255,0.2359,0.2123,0.0962,0.1357,0.4047,0.2882,0.2031,0.1857,0.1471,0.6148,0.4444,0.3141,0.2328,0.2068,0.0926,0.1042,0.409,0.3194,0.2212,0.1909,0.1461,0.6169,0.4577,0.3247,0.2273,0.202,0.0933,0.1248,0.4047,0.2917,0.1939,0.155,0.1283,0.5787,0.4147,0.2571,0.1797,0.1557,0.0922,0.0944,0.3965,0.301,0.2011,0.1604,0.132,0.5654,0.398,0.2648,0.1973,0.1602,0.0947,0.116,0.3968,0.2899,0.212,0.1629,0.1267,0.5668,0.402,0.272,0.1848,0.1618,0.0952,0.0976,0.095,0.0929,0.0941,0.1007,0.0922,0.0939,0.0918,0.0942,0.1006,0.0963,0.0984,
54075s,0.0956,0.0964,0.0947,0.0962,0.0968,0.0923,0.0919,0.099,0.095,0.0947,0.0928,0.0933,0.0963,0.3987,0.3052,0.2162,0.1782,0.1465,0.6181,0.4269,0.3256,0.2363,0.2095,0.0962,0.1344,0.4039,0.286,0.2038,0.1856,0.1465,0.6147,0.4455,0.315,0.2338,0.2029,0.0928,0.1043,0.4093,0.3198,0.2192,0.1856,0.1463,0.6185,0.4574,0.3227,0.2285,0.1995,0.0936,0.1257,0.4047,0.2942,0.1941,0.1548,0.1282,0.5809,0.4129,0.2548,0.1791,0.1569,0.0923,0.0946,0.3987,0.3004,0.2004,0.1616,0.1323,0.5678,0.4016,0.2648,0.1973,0.1588,0.0947,0.1178,0.3988,0.2881,0.2067,0.1621,0.1261,0.5702,0.4069,0.2742,0.1893,0.1617,0.0952,0.0976,0.0946,0.0927,0.0941,0.1009,0.0923,0.0942,0.0917,0.094,0.1004,0.0961,0.0981,
54338s,0.0958,0.0963,0.0945,0.0962,0.0967,0.0922,0.0916,0.0988,0.095,0.0945,0.0928,0.0933,0.097,0.3974,0.3103,0.2174,0.1773,0.1477,0.6195,0.4281,0.3295,0.2354,0.2111,0.0961,0.1441,0.4043,0.2889,0.2037,0.1859,0.1465,0.6161,0.4469,0.3147,0.2342,0.2049,0.0928,0.1049,0.4093,0.3118,0.2189,0.1878,0.1468,0.619,0.4598,0.324,0.2283,0.2002,0.0934,0.1276,0.4043,0.2979,0.1954,0.1556,0.1288,0.5825,0.4173,0.2547,0.1796,0.1573,0.0921,0.0943,0.3998,0.3039,0.2012,0.1624,0.1333,0.569,0.4041,0.2649,0.1969,0.1596,0.0948,0.1143,0.3987,0.2908,0.2086,0.1624,0.1268,0.5715,0.4099,0.274,0.1904,0.1633,0.0951,0.0969,0.0942,0.0924,0.0939,0.1007,0.0924,0.094,0.0916,0.0939,0.1002,0.096,0.098,
54600s,0.0951,0.0963,0.0946,0.0961,0.0969,0.0923,0.0919,0.0988,0.0948,0.0944,0.0928,0.0932,0.0969,0.3979,0.3028,0.2135,0.1777,0.1501,0.6204,0.4267,0.3264,0.2367,0.215,0.0962,0.1389,0.4035,0.2924,0.2064,0.1864,0.1463,0.6173,0.449,0.314,0.2323,0.2081,0.0925,0.1038,0.4076,0.3079,0.2245,0.1909,0.1466,0.6195,0.459,0.3274,0.2267,0.2034,0.0934,0.1285,0.4049,0.2959,0.1945,0.156,0.1291,0.5843,0.4231,0.2568,0.1811,0.1567,0.0921,0.0942,0.3977,0.3045,0.2015,0.161,0.1325,0.5704,0.4081,0.2647,0.1977,0.1633,0.0943,0.117,0.3988,0.2891,0.2148,0.1641,0.1267,0.573,0.4053,0.274,0.1894,0.1608,0.095,0.0965,0.0937,0.0921,0.094,0.1007,0.0921,0.094,0.0917,0.0939,0.1001,0.0961,0.0982,
54863s,0.0957,0.096,0.0945,0.0958,0.0966,0.0922,0.0916,0.0986,0.0948,0.0944,0.0928,0.0931,0.0962,0.3983,0.3079,0.2139,0.1781,0.1483,0.6228,0.428,0.3291,0.2363,0.2101,0.0961,0.1372,0.4027,0.2894,0.2099,0.1853,0.1477,0.6185,0.4485,0.3167,0.2331,0.2032,0.0927,0.1043,0.4094,0.32,0.2186,0.1837,0.1467,0.6218,0.4591,0.3246,0.2293,0.1989,0.0931,0.1235,0.4048,0.297,0.1933,0.1544,0.1288,0.5863,0.4157,0.2564,0.1796,0.1567,0.0922,0.0942,0.4013,0.2999,0.1999,0.1628,0.1332,0.5733,0.4043,0.266,0.1987,0.1595,0.0947,0.1168,0.3971,0.2831,0.2112,0.1628,0.1278,0.5747,0.4127,0.2742,0.1881,0.1622,0.0952,0.0963,0.0945,0.0925,0.094,0.1008,0.0923,0.094,0.0915,0.0942,0.1002,0.0963,0.0982,
55125s,0.0951,0.0963,0.0948,0.0962,0.0968,0.0923,0.0918,0.0987,0.0947,0.0944,0.0928,0.0933,0.0965,0.3972,0.3094,0.2177,0.1769,0.1485,0.6245,0.4292,0.3301,0.2377,0.2092,0.0962,0.1415,0.4037,0.2867,0.2072,0.1865,0.1473,0.6194,0.4497,0.3171,0.2337,0.2037,0.0928,0.104,0.4083,0.32,0.2172,0.1839,0.1467,0.6232,0.4603,0.3254,0.2289,0.1992,0.0934,0.1229,0.4044,0.2981,0.1944,0.1548,0.1289,0.5874,0.4203,0.2558,0.1802,0.1568,0.0921,0.0943,0.399,0.2982,0.1998,0.161,0.1328,0.5755,0.4064,0.2663,0.1974,0.1592,0.0947,0.1203,0.3976,0.2845,0.2086,0.1629,0.1272,0.5761,0.4104,0.2741,0.1901,0.1617,0.0952,0.0974,0.0945,0.0926,0.094,0.1008,0.0923,0.0941,0.0917,0.0941,0.1004,0.0963,0.0982,
55388s,0.0958,0.0964,0.0947,0.0961,0.0967,0.0922,0.0916,0.0987,0.0948,0.0946,0.0928,0.0931,0.0968,0.3981,0.3024,0.2105,0.1793,0.1483,0.6248,0.4293,0.3299,0.2372,0.2095,0.096,0.1345,0.4036,0.2874,0.2043,0.1859,0.1476,0.6209,0.4502,0.3154,0.2344,0.2033,0.0928,0.1044,0.4091,0.3129,0.2163,0.183,0.1468,0.6243,0.4608,0.3258,0.2285,0.199,0.0935,0.1208,0.4046,0.2956,0.1942,0.1542,0.1288,0.59,0.4207,0.2554,0.1807,0.1571,0.0923,0.0944,0.3998,0.3009,0.2007,0.1622,0.1335,0.5763,0.4078,0.2661,0.1981,0.159,0.0945,0.1198,0.3984,0.2856,0.2101,0.1632,0.1276,0.5774,0.4114,0.2746,0.1911,0.1623,0.0951,0.0975,0.095,0.0928,0.0941,0.101,0.0924,0.0938,0.0917,0.094,0.1003,0.0962,0.0981,
55650s,0.0953,0.0961,0.0947,0.0961,0.0967,0.0923,0.0918,0.0987,0.0948,0.0942,0.0925,0.0933,0.0966,0.3962,0.2984,0.2198,0.1764,0.1514,0.6267,0.4321,0.3311,0.2364,0.2146,0.0961,0.1449,0.4044,0.29,0.2152,0.1859,0.1481,0.6218,0.4533,0.3158,0.2318,0.2071,0.0927,0.1039,0.4074,0.3084,0.221,0.1903,0.1473,0.6241,0.4623,0.3295,0.2281,0.204,0.0934,0.1278,0.4053,0.2968,0.1955,0.1563,0.1296,0.5904,0.4219,0.2571,0.1813,0.1577,0.0922,0.0944,0.3974,0.3018,0.2011,0.1597,0.1318,0.5773,0.4066,0.2664,0.1993,0.161,0.0946,0.1171,0.3981,0.2876,0.208,0.1638,0.1269,0.5788,0.4089,0.2756,0.1905,0.1614,0.095,0.0964,0.0939,0.0922,0.0938,0.1006,0.0923,0.0939,0.0915,0.0941,0.1002,0.0963,0.0981,
55913s,0.0966,0.0956,0.0941,0.0957,0.0965,0.0921,0.0916,0.0984,0.0947,0.0943,0.0927,0.0932,0.0964,0.3968,0.3063,0.2158,0.1768,0.1483,0.6288,0.4318,0.3312,0.2381,0.2106,0.0961,0.1449,0.4028,0.2855,0.2064,0.1862,0.1462,0.6221,0.4514,0.3161,0.2348,0.2035,0.0927,0.1039,0.4085,0.3183,0.2158,0.1822,0.1478,0.6264,0.4615,0.3273,0.2289,0.1996,0.0932,0.1282,0.4052,0.2927,0.1927,0.1544,0.1291,0.5932,0.4202,0.2563,0.18,0.1567,0.0921,0.0945,0.3998,0.2985,0.2004,0.1621,0.1342,0.5798,0.4106,0.2666,0.201,0.1588,0.0947,0.12,0.3983,0.2881,0.2086,0.1636,0.1273,0.5797,0.4109,0.2763,0.1891,0.1593,0.0951,0.0955,0.0935,0.0926,0.0937,0.1008,0.0923,0.0941,0.0918,0.094,0.1003,0.0961,0.0979,
56175s,0.095,0.096,0.0946,0.0959,0.0966,0.0922,0.0916,0.0989,0.0948,0.0944,0.0927,0.0932,0.0963,0.396,0.3017,0.217,0.1773,0.1501,0.6297,0.4338,0.3293,0.2377,0.214,0.0963,0.1406,0.4039,0.2893,0.2074,0.1866,0.1477,0.624,0.4538,0.316,0.2342,0.2074,0.0928,0.1043,0.4087,0.3016,0.2169,0.1832,0.147,0.6283,0.4627,0.3275,0.2286,0.202,0.0934,0.1216,0.4045,0.2904,0.194,0.1548,0.1292,0.5945,0.4237,0.2564,0.1805,0.1568,0.0922,0.0945,0.3977,0.2993,0.2019,0.1627,0.1342,0.5813,0.4167,0.2662,0.1985,0.1622,0.0951,0.121,0.3973,0.286,0.2104,0.1629,0.1277,0.582,0.4104,0.2762,0.1913,0.1646,0.0951,0.0973,0.0943,0.0924,0.0938,0.1008,0.0923,0.0939,0.0915,0.094,0.1004,0.096,0.0981,
56438s,0.0958,0.0963,0.0945,0.0963,0.0968,0.0925,0.0918,0.0987,0.0948,0.0943,0.0928,0.0932,0.0971,0.3956,0.3014,0.2154,0.1759,0.1521,0.6308,0.4332,0.3343,0.2364,0.2161,0.0961,0.1351,0.4034,0.2895,0.2073,0.1862,0.1478,0.6253,0.4556,0.3155,0.233,0.2091,0.0927,0.1048,0.408,0.3044,0.2219,0.1897,0.1476,0.6281,0.4627,0.3273,0.2288,0.2045,0.0934,0.1215,0.4051,0.2974,0.1938,0.1556,0.1299,0.5963,0.4197,0.2583,0.1825,0.1578,0.0922,0.0947,0.3962,0.3014,0.2017,0.1605,0.1329,0.582,0.411,0.2672,0.2004,0.1639,0.0946,0.1213,0.3994,0.2875,0.2114,0.1637,0.127,0.5838,0.4145,0.2759,0.1896,0.1605,0.0951,0.0961,0.0938,0.0924,0.0939,0.1007,0.0923,0.0941,0.0919,0.0941,0.1003,0.0963,0.0984,
56700s,0.0954,0.096,0.0943,0.0961,0.0967,0.0924,0.0918,0.0988,0.0947,0.0944,0.0926,0.0932,0.0964,0.3956,0.3023,0.2123,0.1779,0.1506,0.6317,0.4319,0.3333,0.2366,0.2153,0.096,0.137,0.4039,0.2885,0.2027,0.1857,0.1474,0.6254,0.457,0.3168,0.2328,0.2095,0.0927,0.1041,0.408,0.3133,0.218,0.1877,0.1477,0.63,0.4661,0.3266,0.2287,0.2042,0.0933,0.1233,0.4049,0.2949,0.1936,0.1546,0.1297,0.5984,0.4255,0.2597,0.1827,0.1571,0.0922,0.0948,0.3959,0.3014,0.2009,0.1604,0.1329,0.5827,0.4103,0.267,0.2013,0.1635,0.0948,0.1165,0.3989,0.2876,0.2089,0.1652,0.1272,0.5861,0.415,0.276,0.1893,0.1625,0.0949,0.0959,0.0935,0.0919,0.0939,0.1006,0.0923,0.094,0.0916,0.0939,0.1005,0.0963,0.0984,
56963s,0.0953,0.0962,0.0945,0.0961,0.0968,0.0924,0.0917,0.0988,0.095,0.0944,0.0926,0.0932,0.0968,0.3963,0.3016,0.2162,0.1785,0.1516,0.6336,0.4353,0.337,0.238,0.2118,0.0961,0.1344,0.4032,0.2874,0.2039,0.1871,0.1486,0.6267,0.4552,0.3173,0.236,0.2061,0.0927,0.1046,0.4082,0.3197,0.2205,0.1909,0.1488,0.6319,0.4671,0.3313,0.2292,0.2012,0.0934,0.1242,0.4044,0.2922,0.1938,0.155,0.1299,0.6,0.4254,0.2575,0.181,0.1582,0.0921,0.0944,0.3984,0.299,0.2004,0.1617,0.1333,0.5869,0.4101,0.2689,0.1978,0.1591,0.0947,0.1198,0.3982,0.2883,0.2095,0.1632,0.1276,0.5865,0.4124,0.2768,0.1904,0.1646,0.0949,0.0966,0.0944,0.0923,0.0939,0.1007,0.0923,0.094,0.0917,0.094,0.1004,0.0958,0.0982,
57225s,0.0952,0.0962,0.0944,0.0961,0.0966,0.0922,0.0916,0.0987,0.0949,0.0944,0.0928,0.0932,0.0962,0.3952,0.3046,0.2173,0.177,0.1508,0.6361,0.4364,0.339,0.2375,0.2126,0.0961,0.1354,0.4033,0.2882,0.2045,0.1869,0.148,0.6282,0.456,0.3174,0.2358,0.207,0.0927,0.1038,0.4081,0.3196,0.22,0.1877,0.148,0.6334,0.4665,0.3312,0.2289,0.2011,0.0933,0.123,0.4048,0.294,0.1942,0.1553,0.1305,0.6004,0.4266,0.2586,0.1827,0.1584,0.0921,0.0949,0.3981,0.2989,0.2015,0.1627,0.1345,0.5878,0.417,0.2674,0.199,0.1616,0.0948,0.1206,0.3979,0.2878,0.2095,0.1636,0.1283,0.5879,0.4162,0.2783,0.1922,0.164,0.0949,0.0972,0.0943,0.0921,0.0937,0.1006,0.0923,0.094,0.0917,0.094,0.1001,0.0962,0.0981,
57488s,0.0958,0.0959,0.0944,0.096,0.0969,0.0924,0.0918,0.0988,0.0948,0.0944,0.0926,0.0933,0.0966,0.3955,0.3012,0.2149,0.1771,0.1516,0.6359,0.4343,0.3344,0.2375,0.2166,0.096,0.1361,0.4032,0.2898,0.2108,0.187,0.1494,0.6294,0.4595,0.3184,0.2329,0.2083,0.0926,0.1045,0.4075,0.3024,0.2201,0.1891,0.1479,0.6334,0.466,0.3304,0.2289,0.2053,0.0932,0.1225,0.4039,0.2939,0.1942,0.1557,0.1304,0.6023,0.4237,0.2599,0.1826,0.1583,0.092,0.0946,0.3967,0.3023,0.2009,0.1611,0.1337,0.5895,0.4093,0.2684,0.1999,0.163,0.0946,0.1169,0.3975,0.2851,0.2078,0.1653,0.1276,0.5889,0.4166,0.2768,0.1905,0.1623,0.0949,0.0968,0.0945,0.0927,0.094,0.1005,0.0922,0.094,0.0915,0.0941,0.1003,0.0961,0.098,
57750s,0.0952,0.0959,0.0943,0.0959,0.0965,0.0923,0.0915,0.0984,0.0948,0.0943,0.0926,0.093,0.0962,0.3953,0.3059,0.2151,0.1777,0.1499,0.6381,0.4368,0.3376,0.2387,0.2112,0.096,0.1358,0.4031,0.2847,0.2045,0.1871,0.1483,0.6291,0.4577,0.3186,0.2356,0.2052,0.0928,0.1042,0.4078,0.3203,0.2173,0.1836,0.1488,0.6352,0.4667,0.3318,0.2295,0.2002,0.0933,0.1239,0.4038,0.2979,0.1946,0.1552,0.1312,0.6033,0.4298,0.2592,0.1827,0.1578,0.0921,0.0946,0.398,0.296,0.2002,0.162,0.1335,0.5921,0.4134,0.2682,0.1994,0.1591,0.0945,0.1203,0.3985,0.2868,0.2231,0.163,0.1288,0.5912,0.4151,0.2784,0.1903,0.1608,0.095,0.0971,0.0942,0.0927,0.0942,0.1011,0.0923,0.094,0.0917,0.094,0.1003,0.0962,0.0982,
58013s,0.0955,0.0964,0.0947,0.0963,0.0968,0.0924,0.0918,0.0988,0.0951,0.0944,0.0928,0.0934,0.0968,0.3958,0.3012,0.2148,0.1792,0.1522,0.6386,0.4372,0.337,0.2377,0.2167,0.0961,0.1409,0.4034,0.289,0.2087,0.1867,0.1487,0.6312,0.4602,0.318,0.2338,0.2092,0.0928,0.1048,0.4081,0.3029,0.217,0.1832,0.1484,0.6352,0.4675,0.3292,0.2296,0.2038,0.0934,0.129,0.4048,0.2932,0.1943,0.1553,0.1304,0.6056,0.4245,0.2603,0.1822,0.158,0.0922,0.0948,0.3963,0.3036,0.2015,0.1631,0.1348,0.5929,0.4121,0.2683,0.1991,0.1622,0.0945,0.1178,0.3977,0.2862,0.2216,0.1635,0.1283,0.592,0.418,0.2772,0.1929,0.1635,0.0951,0.0977,0.0952,0.0926,0.094,0.1006,0.0924,0.094,0.0916,0.0941,0.1005,0.0964,0.098,
58275s,0.0952,0.0963,0.0947,0.096,0.0968,0.0925,0.0919,0.0987,0.0948,0.0945,0.0929,0.0932,0.0967,0.395,0.3039,0.2135,0.1763,0.152,0.6398,0.4363,0.3357,0.2384,0.2147,0.0961,0.1418,0.4031,0.2934,0.2115,0.1874,0.1488,0.6325,0.4622,0.3195,0.2333,0.2099,0.0927,0.1045,0.4068,0.3156,0.2216,0.1891,0.1489,0.6359,0.4688,0.3363,0.2301,0.2042,0.0931,0.1224,0.4036,0.2968,0.1966,0.1554,0.1306,0.6065,0.4288,0.2589,0.1843,0.1585,0.0922,0.0943,0.396,0.3017,0.2004,0.1609,0.1333,0.5935,0.4156,0.2696,0.2013,0.1632,0.0948,0.1184,0.3979,0.2847,0.2092,0.1658,0.1277,0.5948,0.4151,0.2774,0.1909,0.1611,0.095,0.0966,0.0939,0.0922,0.094,0.1007,0.0922,0.0939,0.0916,0.0941,0.1005,0.0962,0.0985,
58538s,0.0958,0.0964,0.0947,0.0962,0.0969,0.0923,0.0917,0.0986,0.095,0.0944,0.0928,0.0933,0.097,0.3957,0.3029,0.2156,0.1772,0.1526,0.6404,0.4388,0.3377,0.2386,0.2173,0.0961,0.1343,0.4031,0.2893,0.2089,0.1868,0.1498,0.6328,0.4631,0.3214,0.2344,0.2089,0.0928,0.1048,0.407,0.3081,0.2255,0.1919,0.1486,0.6375,0.4705,0.3364,0.2301,0.2045,0.0932,0.1279,0.4045,0.2964,0.1942,0.1554,0.1302,0.6081,0.4271,0.261,0.1827,0.1577,0.0923,0.0943,0.3961,0.3023,0.2013,0.1605,0.1332,0.5953,0.4126,0.2694,0.1998,0.1639,0.0948,0.1178,0.3972,0.2866,0.2088,0.1645,0.1284,0.5957,0.4169,0.2781,0.1906,0.162,0.095,0.0965,0.094,0.092,0.094,0.1008,0.0923,0.0938,0.0916,0.0942,0.1003,0.0962,0.0978,
58800s,0.0949,0.0961,0.0943,0.0959,0.0966,0.092,0.0917,0.0988,0.0948,0.0944,0.0927,0.0931,0.0962,0.3948,0.2981,0.2173,0.1779,0.1513,0.6422,0.4387,0.3381,0.2391,0.216,0.0962,0.1361,0.4028,0.2876,0.2091,0.186,0.1486,0.6333,0.4623,0.3215,0.2354,0.2087,0.0928,0.1042,0.408,0.3065,0.2125,0.1827,0.1476,0.6382,0.4704,0.3314,0.2294,0.2036,0.0931,0.1267,0.404,0.2924,0.1937,0.154,0.13,0.609,0.4262,0.2608,0.1814,0.158,0.0922,0.095,0.3963,0.3025,0.1993,0.1607,0.1338,0.5968,0.4116,0.2696,0.1991,0.1609,0.0947,0.1171,0.3982,0.2908,0.2082,0.1628,0.1278,0.5988,0.4171,0.28,0.1915,0.1632,0.0949,0.0967,0.0946,0.0925,0.094,0.1008,0.0923,0.094,0.0916,0.0938,0.1004,0.0962,0.0982,
59062s,0.0953,0.0966,0.0948,0.0963,0.0971,0.0925,0.0918,0.0987,0.0948,0.0945,0.093,0.0933,0.0965,0.3946,0.2994,0.2177,0.1771,0.1517,0.6437,0.4409,0.3397,0.2391,0.2156,0.0963,0.1373,0.4029,0.2867,0.2058,0.1865,0.1496,0.635,0.4633,0.3223,0.2351,0.2084,0.0927,0.1039,0.4069,0.3124,0.2193,0.187,0.1484,0.6404,0.472,0.3366,0.2297,0.2042,0.0933,0.132,0.4042,0.2916,0.194,0.1549,0.1307,0.6107,0.4272,0.2617,0.1827,0.1592,0.0922,0.095,0.3959,0.304,0.2012,0.1629,0.1349,0.5981,0.417,0.2694,0.1991,0.1628,0.0946,0.1171,0.3975,0.291,0.212,0.1635,0.1285,0.5992,0.4201,0.2794,0.1927,0.1655,0.0951,0.097,0.0952,0.093,0.0941,0.1008,0.0923,0.0941,0.0915,0.094,0.1003,0.0961,0.098,
59325s,0.0952,0.0961,0.0945,0.0957,0.0966,0.0922,0.0917,0.0984,0.0946,0.0943,0.0927,0.093,0.0966,0.3957,0.3006,0.2078,0.1786,0.1494,0.6453,0.4404,0.338,0.2394,0.2131,0.0961,0.1351,0.4027,0.2859,0.2064,0.1866,0.1483,0.6363,0.4618,0.3243,0.2364,0.2063,0.0926,0.1041,0.4078,0.3187,0.2181,0.185,0.1498,0.6413,0.4719,0.3363,0.2299,0.2016,0.0933,0.1291,0.4044,0.2939,0.1946,0.1543,0.1306,0.6121,0.4282,0.2611,0.1814,0.1586,0.0921,0.0949,0.3963,0.2981,0.2011,0.1632,0.1343,0.599,0.4138,0.2702,0.2005,0.1608,0.0947,0.1209,0.3968,0.2835,0.2116,0.1637,0.1279,0.6001,0.4199,0.2803,0.191,0.1608,0.095,0.0967,0.094,0.0925,0.0938,0.1009,0.0922,0.094,0.0915,0.094,0.1001,0.0961,0.0979,
59588s,0.0955,0.0964,0.0946,0.0963,0.0973,0.0927,0.0918,0.0988,0.0949,0.0944,0.0929,0.0933,0.0966,0.3936,0.3041,0.2151,0.1767,0.153,0.6457,0.4407,0.3389,0.2376,0.2155,0.0958,0.1374,0.4029,0.2896,0.209,0.1872,0.1495,0.6375,0.4655,0.3259,0.2341,0.2096,0.0928,0.1044,0.4062,0.3122,0.2214,0.189,0.1499,0.6415,0.4725,0.3371,0.231,0.2049,0.0935,0.1239,0.4034,0.2944,0.1943,0.1548,0.1308,0.6137,0.43,0.2613,0.1849,0.1587,0.0923,0.0951,0.3947,0.3033,0.202,0.1616,0.1346,0.5998,0.418,0.2714,0.202,0.1658,0.0947,0.1174,0.3966,0.2852,0.2171,0.1648,0.1287,0.6021,0.4198,0.281,0.1917,0.1617,0.0951,0.0958,0.0935,0.0922,0.0938,0.1005,0.0923,0.094,0.0916,0.0942,0.1005,0.0963,0.0982,
59850s,0.0956,0.0962,0.0946,0.0959,0.0968,0.0922,0.0918,0.0987,0.095,0.0945,0.0928,0.0934,0.0964,0.3937,0.2992,0.2157,0.1774,0.1519,0.6466,0.4425,0.3401,0.2397,0.217,0.0962,0.143,0.4037,0.2843,0.2038,0.1865,0.1488,0.6374,0.4655,0.3231,0.2353,0.2095,0.093,0.1041,0.4079,0.3024,0.2202,0.1865,0.1489,0.6429,0.474,0.3366,0.2311,0.205,0.0933,0.1311,0.4041,0.2933,0.1952,0.1559,0.1314,0.6146,0.4336,0.2625,0.1835,0.1583,0.0923,0.0944,0.3949,0.3009,0.1992,0.1616,0.1342,0.6023,0.4178,0.2709,0.1998,0.1633,0.0948,0.1149,0.3974,0.2842,0.2077,0.1648,0.1283,0.6034,0.4201,0.2804,0.1911,0.1636,0.0951,0.0973,0.0945,0.0924,0.0941,0.1009,0.0923,0.094,0.0917,0.0941,0.1004,0.0961,0.098,
60112s,0.0955,0.0961,0.0943,0.096,0.097,0.0928,0.0918,0.0986,0.0948,0.0945,0.0926,0.0932,0.0968,0.3935,0.3034,0.2156,0.1761,0.1523,0.6474,0.4417,0.3381,0.2382,0.2141,0.0961,0.1394,0.4022,0.2912,0.2078,0.1864,0.1495,0.6387,0.4659,0.3262,0.2353,0.2099,0.0927,0.1046,0.4066,0.3167,0.2211,0.1878,0.1501,0.6429,0.4734,0.3387,0.2312,0.2041,0.0931,0.1246,0.404,0.2913,0.1931,0.1546,0.1316,0.616,0.4287,0.2614,0.1851,0.1594,0.0921,0.0946,0.3943,0.2994,0.2003,0.1609,0.1331,0.6034,0.4134,0.2708,0.2029,0.1615,0.0948,0.1147,0.3969,0.2835,0.2087,0.1648,0.128,0.6044,0.4215,0.2805,0.1918,0.1637,0.0949,0.0965,0.0938,0.0927,0.0942,0.1007,0.0923,0.0939,0.0916,0.0942,0.1003,0.096,0.0982,
60375s,0.0954,0.0965,0.095,0.0964,0.097,0.0925,0.0919,0.0991,0.0951,0.0945,0.093,0.0933,0.0963,0.3939,0.299,0.2185,0.1773,0.1518,0.6496,0.4444,0.3422,0.2397,0.217,0.0962,0.1404,0.4024,0.2875,0.2043,0.1872,0.1495,0.6394,0.4664,0.3235,0.2363,0.209,0.093,0.1051,0.4073,0.3063,0.2195,0.1878,0.1503,0.6453,0.4755,0.3382,0.2308,0.2036,0.0936,0.1231,0.4039,0.2898,0.1941,0.155,0.1313,0.6172,0.4335,0.2637,0.1825,0.1583,0.0923,0.0952,0.3955,0.3001,0.1996,0.162,0.1345,0.6058,0.4172,0.2718,0.1987,0.1622,0.0949,0.1184,0.3972,0.2896,0.2159,0.164,0.1287,0.6061,0.4232,0.2805,0.1918,0.1634,0.0949,0.0971,0.0944,0.0925,0.0941,0.1009,0.0925,0.0941,0.0917,0.0942,0.1002,0.0962,0.0982,
60637s,0.0956,0.0965,0.0947,0.0963,0.0969,0.0923,0.092,0.0989,0.0949,0.0946,0.0928,0.0933,0.097,0.3941,0.3028,0.2135,0.1795,0.1526,0.6502,0.4438,0.34,0.2396,0.2158,0.0962,0.1336,0.4029,0.2878,0.2061,0.1871,0.1498,0.6399,0.4672,0.3283,0.2353,0.2096,0.0929,0.1044,0.4065,0.3131,0.2204,0.1874,0.1497,0.646,0.4758,0.3391,0.2321,0.2042,0.0933,0.1219,0.4041,0.2977,0.1969,0.156,0.1316,0.618,0.432,0.2619,0.1853,0.159,0.0923,0.0949,0.395,0.3025,0.2016,0.1605,0.1337,0.6065,0.4175,0.2715,0.2018,0.164,0.0948,0.1172,0.3967,0.2895,0.211,0.1645,0.1284,0.6075,0.422,0.2812,0.1914,0.1619,0.0951,0.0971,0.0938,0.0921,0.0939,0.1006,0.0923,0.094,0.0917,0.0942,0.1005,0.0963,0.0983,
60900s,0.0954,0.096,0.0945,0.096,0.0965,0.0923,0.0916,0.0988,0.0949,0.0945,0.0928,0.0933,0.0967,0.3944,0.3005,0.2159,0.178,0.1521,0.6519,0.4449,0.3404,0.2399,0.2174,0.0962,0.1404,0.4031,0.2863,0.2035,0.1866,0.1497,0.6413,0.4682,0.3259,0.2366,0.2107,0.0928,0.1049,0.407,0.3028,0.2215,0.1891,0.1506,0.6479,0.4773,0.3393,0.2313,0.2056,0.0933,0.1272,0.4029,0.2924,0.198,0.1564,0.1321,0.6189,0.436,0.2628,0.1836,0.1594,0.0922,0.0948,0.3947,0.3015,0.1992,0.1628,0.1353,0.6073,0.4187,0.2715,0.1994,0.1629,0.0947,0.1183,0.3958,0.2882,0.2166,0.1636,0.1295,0.607,0.4242,0.2812,0.1923,0.1635,0.0951,0.0969,0.0943,0.0924,0.0942,0.101,0.0925,0.0942,0.0918,0.0942,0.1003,0.0963,0.098,
61162s,0.0955,0.0962,0.0945,0.0961,0.0966,0.0922,0.0917,0.0988,0.0947,0.0944,0.0928,0.093,0.0959,0.3943,0.2998,0.2147,0.1777,0.1519,0.6532,0.4445,0.3428,0.2408,0.2165,0.0961,0.1338,0.402,0.2875,0.2058,0.1873,0.1503,0.6418,0.4682,0.3284,0.2358,0.2086,0.0926,0.1043,0.4067,0.3205,0.2195,0.1894,0.1514,0.6487,0.4783,0.342,0.2306,0.2024,0.0933,0.1264,0.4025,0.2921,0.1953,0.1547,0.1317,0.6204,0.4331,0.2645,0.1819,0.1584,0.0921,0.0946,0.3949,0.3003,0.1999,0.163,0.1353,0.6097,0.4189,0.2713,0.2013,0.1613,0.0948,0.1206,0.3966,0.2854,0.2102,0.1636,0.1286,0.609,0.4248,0.2825,0.1929,0.1617,0.0949,0.097,0.0944,0.0929,0.0942,0.1011,0.0924,0.0941,0.0917,0.0939,0.1004,0.0962,0.098,
61425s,0.0952,0.0962,0.0944,0.096,0.0968,0.0927,0.0919,0.099,0.0949,0.0945,0.0928,0.0932,0.0966,0.3932,0.3024,0.2123,0.177,0.1539,0.6526,0.4443,0.3393,0.2392,0.2124,0.096,0.1355,0.4016,0.2886,0.2113,0.1872,0.151,0.6432,0.4702,0.3303,0.2356,0.2099,0.0928,0.104,0.407,0.3024,0.2239,0.1906,0.1506,0.6501,0.4767,0.3406,0.2311,0.2039,0.0934,0.1303,0.4029,0.2958,0.1996,0.1566,0.1326,0.6221,0.4335,0.2632,0.1862,0.1598,0.0922,0.0947,0.3937,0.2993,0.2006,0.1613,0.134,0.6082,0.4171,0.2726,0.2027,0.1637,0.0947,0.1161,0.3969,0.2828,0.2133,0.1641,0.1285,0.6099,0.4255,0.2825,0.1933,0.1615,0.095,0.0966,0.0938,0.0922,0.0938,0.1008,0.0921,0.0938,0.0917,0.0941,0.1004,0.0961,0.0982,
61687s,0.0957,0.0962,0.0947,0.0961,0.0969,0.0924,0.0917,0.0988,0.0949,0.0944,0.0927,0.093,0.0963,0.3937,0.299,0.2169,0.1776,0.1525,0.6549,0.4472,0.3425,0.2405,0.2177,0.0961,0.1399,0.4022,0.2857,0.2074,0.1871,0.1509,0.6439,0.4698,0.3319,0.2362,0.2089,0.093,0.1046,0.4065,0.31,0.2191,0.1874,0.1506,0.6512,0.4801,0.3417,0.2309,0.2023,0.0932,0.1242,0.4029,0.2914,0.1953,0.1549,0.1318,0.622,0.4355,0.2649,0.1826,0.1586,0.0921,0.0944,0.394,0.2984,0.1997,0.163,0.1358,0.6111,0.4214,0.2712,0.2005,0.1624,0.0949,0.1203,0.3957,0.2889,0.2086,0.1629,0.129,0.6113,0.4262,0.2823,0.193,0.164,0.095,0.0973,0.0945,0.0929,0.0941,0.101,0.0923,0.094,0.0918,0.0939,0.1003,0.0962,0.0979,
61950s,0.0954,0.0962,0.0944,0.0961,0.0969,0.0926,0.0918,0.0989,0.0949,0.0946,0.0927,0.0932,0.0967,0.3936,0.3005,0.2159,0.1767,0.1534,0.6555,0.4469,0.3426,0.2386,0.2126,0.0963,0.1363,0.4018,0.2921,0.2069,0.1868,0.1505,0.6449,0.4698,0.3303,0.2366,0.2103,0.0929,0.1045,0.4055,0.3179,0.2221,0.1895,0.1519,0.6513,0.4772,0.3394,0.2316,0.2047,0.0932,0.1261,0.4034,0.2945,0.1942,0.155,0.1325,0.6239,0.4344,0.2638,0.1861,0.1601,0.0923,0.0952,0.3929,0.2983,0.1998,0.1612,0.1341,0.6112,0.4193,0.2733,0.2019,0.1639,0.0948,0.1218,0.3952,0.2883,0.2197,0.1637,0.1292,0.613,0.4274,0.2844,0.1921,0.1638,0.0951,0.0967,0.0941,0.0923,0.0938,0.1007,0.0924,0.094,0.0916,0.0941,0.1003,0.0961,0.098,
62212s,0.0954,0.0963,0.0946,0.0962,0.0968,0.0923,0.0917,0.0988,0.095,0.0944,0.093,0.0933,0.0969,0.394,0.3017,0.2156,0.1787,0.1527,0.6576,0.4478,0.3416,0.2421,0.2168,0.0961,0.1366,0.402,0.2869,0.2099,0.1859,0.1514,0.646,0.4718,0.33,0.2361,0.2089,0.0929,0.1046,0.4059,0.3089,0.2155,0.1834,0.1511,0.6523,0.4782,0.3401,0.2325,0.2052,0.0934,0.1306,0.4035,0.2959,0.2035,0.1563,0.133,0.6241,0.4394,0.2642,0.1844,0.16,0.0921,0.0949,0.3937,0.2999,0.1994,0.1621,0.1348,0.614,0.4195,0.2734,0.2,0.1628,0.0948,0.1135,0.3961,0.2883,0.211,0.1634,0.1294,0.6131,0.4275,0.2831,0.1929,0.1647,0.0952,0.0966,0.0941,0.0922,0.0939,0.1007,0.0923,0.0941,0.0916,0.0941,0.1003,0.0963,0.098,
62475s,0.0958,0.0961,0.0947,0.096,0.0965,0.0922,0.0915,0.0987,0.0949,0.0943,0.0928,0.0932,0.0963,0.3931,0.3003,0.2162,0.179,0.1522,0.6587,0.4478,0.3423,0.2427,0.2165,0.096,0.1416,0.4027,0.2888,0.2096,0.1872,0.1516,0.647,0.4713,0.3321,0.2377,0.2101,0.093,0.1044,0.4062,0.3019,0.2214,0.1919,0.1513,0.6531,0.4813,0.341,0.2321,0.2049,0.0933,0.1323,0.4022,0.2943,0.1993,0.1565,0.1331,0.6256,0.4379,0.2653,0.185,0.1599,0.0923,0.0947,0.3932,0.2999,0.1996,0.1617,0.1345,0.6147,0.4184,0.2735,0.2003,0.1629,0.0949,0.1123,0.3958,0.2845,0.2085,0.1637,0.1289,0.6157,0.4276,0.2832,0.1928,0.1644,0.0951,0.0964,0.0943,0.0922,0.0938,0.1008,0.0924,0.0939,0.0918,0.0941,0.1003,0.0961,0.098,
62737s,0.0956,0.0967,0.0948,0.0962,0.0972,0.0926,0.0917,0.0987,0.0951,0.0945,0.0928,0.0933,0.0968,0.3928,0.3008,0.2148,0.1789,0.1542,0.6583,0.4481,0.3433,0.2419,0.2154,0.096,0.1322,0.4014,0.287,0.2073,0.1865,0.1509,0.6474,0.4723,0.3315,0.2366,0.2097,0.0928,0.1046,0.4061,0.3033,0.2184,0.1847,0.1508,0.654,0.4797,0.3408,0.2327,0.2052,0.0933,0.1252,0.4025,0.2909,0.1947,0.1554,0.1325,0.6273,0.4368,0.265,0.1846,0.1596,0.0922,0.0948,0.3926,0.2993,0.1988,0.1614,0.1351,0.6152,0.4215,0.2729,0.2003,0.1643,0.0947,0.116,0.3943,0.2883,0.224,0.1635,0.1306,0.6163,0.4292,0.2865,0.1932,0.165,0.095,0.0964,0.0943,0.0925,0.0937,0.1007,0.0922,0.094,0.0915,0.094,0.1005,0.0961,0.0979,
63000s,0.0953,0.0961,0.0946,0.0961,0.0965,0.0922,0.0916,0.0986,0.0947,0.0944,0.0927,0.0932,0.0963,0.3934,0.2983,0.2169,0.1781,0.1511,0.6601,0.4492,0.3435,0.2422,0.2181,0.0962,0.1364,0.4016,0.2849,0.2067,0.1863,0.1509,0.6478,0.4725,0.3338,0.2374,0.2095,0.093,0.1041,0.4062,0.3156,0.2188,0.1881,0.1509,0.6554,0.4824,0.343,0.2318,0.2043,0.0933,0.1263,0.4025,0.2933,0.1977,0.1549,0.1327,0.6273,0.4391,0.2652,0.1841,0.1596,0.0921,0.0949,0.3925,0.2994,0.199,0.1614,0.135,0.6172,0.421,0.274,0.2002,0.164,0.0947,0.1244,0.3943,0.2811,0.2229,0.1633,0.1309,0.6178,0.4301,0.2873,0.1941,0.1633,0.095,0.0964,0.0941,0.0924,0.0938,0.1009,0.0922,0.0941,0.0917,0.094,0.1003,0.0963,0.0981,
63262s,0.0954,0.0965,0.0949,0.0964,0.0971,0.0926,0.0916,0.0986,0.0948,0.0944,0.0927,0.0933,0.096,0.3921,0.2969,0.2166,0.177,0.1518,0.6601,0.4497,0.3473,0.2406,0.218,0.096,0.1382,0.4005,0.287,0.2077,0.1868,0.1529,0.6498,0.4742,0.3326,0.2376,0.2098,0.093,0.1049,0.4063,0.3081,0.2188,0.1865,0.1517,0.6573,0.4826,0.342,0.232,0.2054,0.0933,0.1268,0.4016,0.2914,0.1962,0.1547,0.1326,0.6288,0.4389,0.2658,0.1835,0.1595,0.0921,0.0953,0.3923,0.3003,0.2014,0.1623,0.1361,0.6179,0.4242,0.2735,0.2011,0.1639,0.0949,0.1185,0.3949,0.2839,0.2077,0.1636,0.1285,0.6185,0.4298,0.2848,0.1927,0.1641,0.0951,0.0966,0.0941,0.0925,0.0943,0.1008,0.0924,0.0942,0.0918,0.0941,0.1004,0.0963,0.0981,
63525s,0.095,0.0963,0.0944,0.0962,0.0968,0.0925,0.0916,0.0989,0.095,0.0944,0.0926,0.0934,0.0962,0.3917,0.2982,0.2212,0.1772,0.1509,0.6613,0.4518,0.35,0.2397,0.2144,0.0961,0.1427,0.4006,0.2893,0.2105,0.1868,0.1516,0.6506,0.4732,0.3314,0.2369,0.2107,0.0928,0.1042,0.4052,0.3011,0.2226,0.1918,0.1521,0.6575,0.4816,0.346,0.2327,0.2054,0.0933,0.1243,0.4015,0.29,0.1942,0.1557,0.1333,0.631,0.4399,0.2665,0.1871,0.1599,0.0922,0.0945,0.3919,0.2975,0.1994,0.1613,0.1356,0.6187,0.4233,0.2753,0.2013,0.1665,0.0948,0.1149,0.3951,0.283,0.2116,0.1645,0.1298,0.6203,0.4323,0.2865,0.1922,0.1639,0.0951,0.0978,0.0949,0.0927,0.0941,0.1007,0.0922,0.094,0.0919,0.094,0.1003,0.0961,0.0981,
63788s,0.0957,0.096,0.0944,0.0959,0.0967,0.0921,0.0916,0.0986,0.0947,0.0942,0.0928,0.093,0.0966,0.3924,0.3,0.2138,0.177,0.1523,0.6599,0.4489,0.3477,0.2401,0.2147,0.0959,0.1335,0.4012,0.2925,0.2084,0.1877,0.1526,0.6521,0.4743,0.3386,0.2365,0.2091,0.0927,0.1046,0.4048,0.3136,0.2214,0.1885,0.1541,0.6589,0.4805,0.3443,0.2322,0.2025,0.0931,0.1235,0.402,0.2935,0.1942,0.1546,0.133,0.6322,0.4395,0.2666,0.1868,0.1605,0.0921,0.0953,0.3915,0.3004,0.2025,0.162,0.1354,0.6198,0.4254,0.2757,0.2028,0.1666,0.0946,0.1187,0.3939,0.2806,0.2165,0.1645,0.1297,0.6207,0.4329,0.2871,0.196,0.1634,0.0951,0.0958,0.0936,0.0921,0.0938,0.1005,0.0921,0.094,0.0916,0.0941,0.1001,0.0959,0.0981,
64050s,0.0952,0.0963,0.0947,0.0965,0.097,0.0925,0.0918,0.0989,0.095,0.0944,0.0929,0.0932,0.0956,0.3917,0.2996,0.2166,0.177,0.153,0.6644,0.4522,0.3484,0.2416,0.2163,0.096,0.135,0.4009,0.2868,0.209,0.1864,0.1522,0.653,0.4742,0.3328,0.2371,0.2107,0.0928,0.1044,0.4055,0.309,0.2225,0.1922,0.1524,0.661,0.4836,0.3505,0.232,0.2062,0.0934,0.1266,0.4012,0.2926,0.1987,0.1562,0.1335,0.6326,0.441,0.2672,0.1855,0.1597,0.0922,0.0947,0.3934,0.2977,0.2,0.162,0.1355,0.6221,0.4242,0.2757,0.2015,0.164,0.0948,0.1139,0.3941,0.2826,0.2074,0.1632,0.1292,0.6229,0.4325,0.2864,0.1919,0.1636,0.0951,0.0972,0.0941,0.0924,0.0939,0.1008,0.0925,0.094,0.0917,0.0942,0.1004,0.0961,0.0982,
64312s,0.0957,0.0959,0.0941,0.0959,0.0964,0.092,0.0915,0.0987,0.0948,0.0943,0.0926,0.093,0.0965,0.392,0.2993,0.2179,0.1766,0.1542,0.6646,0.4526,0.3483,0.2417,0.2166,0.0963,0.1365,0.3995,0.2828,0.2039,0.1867,0.1512,0.654,0.4743,0.3319,0.238,0.2105,0.0929,0.1041,0.405,0.303,0.2192,0.1859,0.1524,0.661,0.482,0.3464,0.2332,0.2058,0.0932,0.1294,0.4015,0.294,0.2014,0.1548,0.1331,0.6324,0.4413,0.2677,0.1859,0.1598,0.0921,0.0947,0.3921,0.2975,0.2017,0.1616,0.1362,0.6225,0.427,0.2757,0.2013,0.1656,0.0948,0.1139,0.3937,0.285,0.2083,0.163,0.1297,0.6233,0.4342,0.2877,0.1923,0.1647,0.0951,0.0959,0.0941,0.092,0.0936,0.1005,0.0924,0.094,0.0915,0.0941,0.1002,0.0961,0.0981,
64575s,0.0953,0.0962,0.0946,0.0962,0.0968,0.0923,0.0919,0.0989,0.0949,0.0944,0.0929,0.0933,0.0963,0.3918,0.2987,0.2139,0.1772,0.1521,0.6661,0.4524,0.351,0.2402,0.2131,0.0962,0.1314,0.3997,0.2857,0.2103,0.1861,0.152,0.6546,0.4756,0.3394,0.2369,0.2101,0.0927,0.1043,0.4047,0.3159,0.2208,0.1897,0.1526,0.6627,0.4826,0.3479,0.2327,0.2035,0.0933,0.1247,0.402,0.29,0.1931,0.154,0.1336,0.6344,0.4429,0.2675,0.1872,0.1622,0.0921,0.0948,0.3906,0.2972,0.1993,0.1603,0.1346,0.6221,0.4293,0.2755,0.2037,0.1645,0.0949,0.1136,0.3935,0.2817,0.2073,0.1649,0.1296,0.6244,0.4346,0.289,0.1948,0.1654,0.0951,0.0971,0.0941,0.0922,0.0941,0.1007,0.0922,0.0938,0.0915,0.094,0.1003,0.0961,0.0984,
64837s,0.0954,0.096,0.0945,0.0962,0.0965,0.0921,0.0917,0.0986,0.0948,0.0943,0.0926,0.0931,0.0962,0.3919,0.3006,0.2157,0.1787,0.1528,0.6658,0.4528,0.3482,0.2428,0.2163,0.0962,0.1344,0.3994,0.286,0.2049,0.1865,0.1519,0.6542,0.4757,0.3333,0.2386,0.2109,0.0928,0.1041,0.4055,0.3089,0.2186,0.1894,0.1533,0.6639,0.4839,0.3505,0.2329,0.2064,0.0932,0.1273,0.4008,0.2887,0.1952,0.1538,0.1326,0.6361,0.4424,0.2677,0.1849,0.1592,0.092,0.094,0.3911,0.2991,0.1989,0.162,0.1367,0.6245,0.4267,0.2749,0.2004,0.1639,0.0947,0.1142,0.3937,0.2883,0.216,0.1634,0.1306,0.6255,0.4346,0.2895,0.1943,0.1648,0.0951,0.0961,0.0942,0.0924,0.094,0.1008,0.0923,0.0941,0.0916,0.094,0.1002,0.0962,0.0978,
65100s,0.0953,0.0962,0.0946,0.0963,0.0968,0.0924,0.0917,0.0986,0.0947,0.0943,0.0929,0.0931,0.096,0.3927,0.2995,0.2141,0.1795,0.1533,0.6674,0.4538,0.3491,0.243,0.2155,0.0963,0.1349,0.3996,0.2881,0.21,0.1874,0.1535,0.6558,0.4765,0.3343,0.2382,0.2102,0.0928,0.1036,0.4056,0.3143,0.2198,0.191,0.1538,0.6655,0.4851,0.3506,0.2336,0.2067,0.0932,0.1264,0.4013,0.2878,0.1952,0.1554,0.1336,0.6374,0.4438,0.2683,0.1858,0.1604,0.0921,0.0955,0.3916,0.2995,0.1999,0.1623,0.1361,0.6256,0.4276,0.2758,0.2007,0.164,0.0945,0.1173,0.393,0.2848,0.2154,0.1638,0.1348,0.6257,0.4358,0.2892,0.1943,0.1667,0.0952,0.0967,0.0943,0.0926,0.0941,0.1009,0.0925,0.0942,0.0916,0.0941,0.1002,0.0962,0.0982,
65363s,0.0958,0.0965,0.0947,0.0962,0.0968,0.0923,0.0917,0.0989,0.0949,0.0943,0.0928,0.0934,0.0965,0.3921,0.2989,0.2151,0.1774,0.1542,0.668,0.454,0.3551,0.2399,0.2157,0.096,0.1342,0.3995,0.285,0.209,0.1865,0.1527,0.6565,0.4764,0.3394,0.2372,0.2107,0.0928,0.1043,0.4054,0.301,0.2224,0.193,0.154,0.6652,0.4841,0.3488,0.2333,0.2066,0.0933,0.1336,0.4008,0.2888,0.194,0.1547,0.1334,0.6372,0.4448,0.2693,0.1862,0.1601,0.0921,0.0948,0.3912,0.2977,0.1986,0.1613,0.1361,0.6262,0.4299,0.2768,0.202,0.1649,0.0948,0.117,0.3929,0.2896,0.2148,0.164,0.1294,0.6271,0.4373,0.2895,0.1939,0.1656,0.095,0.0963,0.0939,0.0924,0.0939,0.1009,0.0924,0.0942,0.0915,0.0939,0.1004,0.096,0.0979,
65625s,0.0953,0.0961,0.0946,0.0961,0.0968,0.0925,0.0918,0.0987,0.0948,0.0944,0.0927,0.0932,0.0963,0.3918,0.2994,0.2165,0.1765,0.1524,0.6675,0.4537,0.3566,0.2413,0.2148,0.0962,0.1351,0.3996,0.292,0.2059,0.1891,0.1543,0.6575,0.4766,0.3385,0.2387,0.2098,0.0927,0.1042,0.4052,0.3095,0.2201,0.1877,0.1559,0.6661,0.4849,0.349,0.2344,0.2031,0.093,0.1302,0.4005,0.2924,0.1936,0.1547,0.1341,0.6397,0.4454,0.2702,0.1883,0.1625,0.0922,0.0946,0.391,0.2982,0.1997,0.1606,0.1362,0.6283,0.4318,0.2776,0.2028,0.165,0.0947,0.1159,0.3935,0.2793,0.2083,0.1639,0.1295,0.6287,0.4383,0.2896,0.1948,0.1634,0.0951,0.0959,0.0936,0.0919,0.0937,0.1005,0.0922,0.0939,0.0916,0.0939,0.1003,0.0962,0.0979,
65887s,0.0955,0.0963,0.0945,0.0962,0.0968,0.0923,0.0918,0.0989,0.0949,0.0943,0.0927,0.0932,0.0966,0.3914,0.3,0.2149,0.1774,0.1556,0.6699,0.4552,0.3545,0.2415,0.2145,0.0959,0.1362,0.3999,0.2861,0.2012,0.1866,0.1525,0.6579,0.4777,0.3389,0.2395,0.2115,0.0927,0.1042,0.4055,0.3109,0.2182,0.1838,0.1533,0.6676,0.485,0.3503,0.2339,0.205,0.0931,0.1238,0.4013,0.2943,0.2092,0.156,0.1342,0.6401,0.446,0.2714,0.1874,0.1609,0.092,0.0943,0.3909,0.2989,0.199,0.161,0.1359,0.6284,0.432,0.2776,0.2031,0.1666,0.0948,0.1146,0.3934,0.283,0.2143,0.1644,0.1304,0.6299,0.4377,0.2904,0.1929,0.1669,0.0951,0.0967,0.0942,0.0922,0.0938,0.1006,0.0923,0.0941,0.0916,0.094,0.1002,0.0961,0.0982,
66150s,0.0955,0.0962,0.0945,0.0961,0.0966,0.0922,0.0915,0.0987,0.0949,0.0944,0.0925,0.0932,0.0968,0.3914,0.2996,0.2128,0.1788,0.1573,0.6705,0.4554,0.3533,0.2421,0.2144,0.096,0.1358,0.3994,0.2832,0.2069,0.1865,0.1527,0.6599,0.4784,0.3402,0.2387,0.2102,0.0928,0.1046,0.4051,0.3053,0.2198,0.1887,0.1539,0.6685,0.4854,0.3528,0.2342,0.2057,0.0933,0.1322,0.4003,0.2906,0.197,0.1551,0.1338,0.6409,0.4467,0.2712,0.1871,0.1613,0.092,0.0951,0.3912,0.2992,0.2015,0.1622,0.1368,0.6296,0.4323,0.2789,0.2028,0.1667,0.095,0.1129,0.3934,0.2819,0.2118,0.1646,0.1306,0.6304,0.4391,0.2949,0.193,0.1663,0.0951,0.0964,0.094,0.0923,0.0937,0.1006,0.0923,0.0939,0.0916,0.0939,0.1006,0.0962,0.0978,
66412s,0.0952,0.0962,0.0946,0.0962,0.0967,0.0923,0.0916,0.0988,0.0949,0.0943,0.0927,0.0932,0.0962,0.391,0.2982,0.2142,0.1764,0.1553,0.6704,0.4554,0.3534,0.2419,0.2139,0.0959,0.1395,0.3999,0.2821,0.2061,0.1865,0.1528,0.66,0.4784,0.3412,0.2379,0.2102,0.0929,0.104,0.4045,0.2994,0.2218,0.1906,0.1545,0.6684,0.486,0.357,0.2333,0.2065,0.0931,0.1319,0.401,0.2907,0.1995,0.1561,0.1348,0.6419,0.4474,0.2727,0.1883,0.1621,0.092,0.0954,0.3912,0.2987,0.2005,0.1618,0.1362,0.6311,0.4348,0.2787,0.2043,0.1659,0.0947,0.115,0.3934,0.2823,0.2172,0.1649,0.131,0.6323,0.4397,0.2949,0.1941,0.1669,0.0949,0.0973,0.095,0.0927,0.0941,0.101,0.0924,0.0939,0.0916,0.0939,0.1002,0.0959,0.0979,
66675s,0.0956,0.0958,0.0943,0.0958,0.0967,0.0923,0.0917,0.0987,0.0949,0.0944,0.0927,0.0934,0.0974,0.3917,0.2999,0.2175,0.1777,0.1554,0.6731,0.4556,0.3571,0.2427,0.2158,0.0963,0.1329,0.4,0.2881,0.2076,0.1885,0.1532,0.6613,0.48,0.3369,0.239,0.2114,0.0927,0.1046,0.4044,0.304,0.2214,0.1893,0.1562,0.6688,0.488,0.3547,0.2331,0.2023,0.0932,0.1244,0.4009,0.2862,0.1952,0.155,0.1341,0.642,0.4479,0.2715,0.1863,0.1604,0.0922,0.095,0.3917,0.2952,0.1992,0.1622,0.1368,0.6316,0.4327,0.2782,0.2014,0.1637,0.0947,0.1206,0.3928,0.2831,0.231,0.1638,0.1313,0.6328,0.4405,0.2958,0.194,0.1665,0.0952,0.0965,0.0939,0.0927,0.094,0.1008,0.0926,0.094,0.0916,0.0942,0.1006,0.0963,0.0981,
66937s,0.0954,0.0961,0.0945,0.0963,0.0966,0.0922,0.0918,0.0987,0.0948,0.0943,0.0927,0.0931,0.0963,0.3919,0.3005,0.2158,0.1779,0.1553,0.6734,0.4579,0.3572,0.2433,0.2153,0.0961,0.1394,0.399,0.284,0.2047,0.1873,0.1534,0.6615,0.4798,0.34,0.2402,0.2106,0.0927,0.1044,0.4054,0.3019,0.2206,0.1893,0.1545,0.67,0.4868,0.3551,0.2349,0.2064,0.0932,0.1283,0.3999,0.2945,0.2027,0.1557,0.1347,0.643,0.4496,0.2723,0.1877,0.161,0.0921,0.0947,0.3915,0.2989,0.2002,0.1632,0.1373,0.6326,0.433,0.2797,0.2021,0.1657,0.0948,0.1198,0.393,0.2841,0.2074,0.1632,0.1306,0.6339,0.4407,0.2913,0.1938,0.1652,0.095,0.0974,0.0947,0.0927,0.0941,0.1012,0.0924,0.0943,0.0917,0.094,0.1002,0.096,0.0981,
67200s,0.0953,0.0965,0.0946,0.0962,0.0968,0.0923,0.0917,0.0987,0.0948,0.0945,0.0928,0.0931,0.0966,0.3911,0.2999,0.2151,0.178,0.1565,0.6743,0.4584,0.3571,0.2432,0.2151,0.0961,0.1362,0.3992,0.2867,0.2105,0.1859,0.1538,0.6627,0.48,0.3407,0.2389,0.2105,0.0927,0.104,0.405,0.2997,0.2204,0.1903,0.1549,0.6712,0.4873,0.3577,0.2343,0.2065,0.0932,0.1267,0.4004,0.287,0.1941,0.1552,0.1343,0.6439,0.449,0.272,0.1878,0.1608,0.0921,0.095,0.3917,0.2995,0.1994,0.1626,0.1361,0.6335,0.4347,0.2789,0.2035,0.1662,0.0948,0.1193,0.392,0.2858,0.2176,0.1647,0.1318,0.6337,0.4415,0.2972,0.1943,0.1681,0.0951,0.0963,0.0944,0.0929,0.0944,0.1011,0.0923,0.0942,0.0916,0.094,0.1003,0.0962,0.0982,
67463s,0.0951,0.0962,0.0944,0.0962,0.0969,0.0924,0.0917,0.0988,0.0947,0.0944,0.0928,0.0932,0.0972,0.3914,0.2995,0.2133,0.178,0.1537,0.6739,0.4564,0.3517,0.2429,0.2167,0.096,0.1342,0.3988,0.2867,0.2073,0.1862,0.153,0.6634,0.48,0.3396,0.2392,0.2113,0.0926,0.1046,0.4047,0.3158,0.2205,0.1891,0.1563,0.6711,0.4856,0.3581,0.2339,0.205,0.0931,0.1217,0.4002,0.2917,0.1936,0.154,0.1344,0.6449,0.4518,0.2721,0.1891,0.1654,0.0921,0.0949,0.3892,0.296,0.2005,0.1615,0.1359,0.6346,0.4367,0.2804,0.205,0.1669,0.0947,0.1198,0.3926,0.278,0.2119,0.1644,0.1302,0.6347,0.4417,0.2952,0.1976,0.1638,0.095,0.097,0.0942,0.0922,0.0937,0.1007,0.092,0.094,0.0915,0.0941,0.1002,0.096,0.0982,
67725s,0.0955,0.0961,0.0942,0.0959,0.0967,0.0923,0.0915,0.0984,0.0949,0.0943,0.0927,0.0931,0.0958,0.3907,0.295,0.2154,0.1771,0.1541,0.6759,0.4576,0.3585,0.2433,0.2158,0.0962,0.1377,0.3985,0.2837,0.2049,0.186,0.1544,0.6634,0.4803,0.3409,0.2397,0.2115,0.0925,0.1044,0.4052,0.3163,0.222,0.1918,0.1543,0.6724,0.488,0.3601,0.2341,0.2059,0.0932,0.1332,0.4004,0.2889,0.197,0.154,0.1341,0.6457,0.4502,0.2735,0.1872,0.1607,0.092,0.0948,0.3894,0.2978,0.1995,0.1622,0.1373,0.6348,0.4369,0.2805,0.2025,0.1661,0.0949,0.1187,0.3926,0.2883,0.2105,0.1631,0.1313,0.6355,0.4423,0.2946,0.1944,0.1653,0.095,0.0962,0.094,0.0925,0.0939,0.1007,0.0922,0.094,0.0915,0.0939,0.1003,0.0962,0.0979,
67987s,0.0957,0.0959,0.0944,0.096,0.0966,0.0922,0.0916,0.0989,0.0948,0.0944,0.0927,0.0932,0.0964,0.3903,0.298,0.2167,0.1764,0.1559,0.6781,0.4586,0.3583,0.2428,0.2149,0.0962,0.1337,0.3986,0.2833,0.2064,0.1858,0.1534,0.6656,0.481,0.3453,0.2395,0.2103,0.093,0.104,0.4049,0.3068,0.2186,0.1881,0.1553,0.6742,0.4885,0.3545,0.2347,0.2034,0.0932,0.1302,0.4,0.2893,0.1953,0.1538,0.1344,0.6471,0.4521,0.2733,0.1892,0.1623,0.0921,0.0949,0.3895,0.2982,0.2,0.1609,0.1367,0.636,0.437,0.2809,0.2053,0.1673,0.0949,0.1147,0.3925,0.278,0.2069,0.1637,0.1299,0.6375,0.4425,0.2955,0.1956,0.1648,0.095,0.0974,0.0948,0.0928,0.0941,0.101,0.0923,0.0941,0.0916,0.094,0.1004,0.0961,0.0979,
68250s,0.0958,0.0962,0.0945,0.0962,0.0966,0.0922,0.0916,0.0988,0.0948,0.0944,0.0926,0.0933,0.0963,0.3895,0.297,0.2186,0.1764,0.1543,0.6769,0.4593,0.3575,0.2425,0.2148,0.0959,0.1328,0.3984,0.2867,0.2104,0.1857,0.1536,0.667,0.4814,0.3492,0.2389,0.2106,0.0928,0.1042,0.4044,0.3001,0.2213,0.191,0.1563,0.6752,0.4892,0.3602,0.2344,0.2052,0.0932,0.13,0.4005,0.2881,0.1981,0.1555,0.1351,0.6482,0.4528,0.2767,0.189,0.1633,0.0921,0.0948,0.3891,0.2977,0.1986,0.1599,0.1364,0.637,0.4371,0.2812,0.2054,0.1643,0.0949,0.1137,0.3918,0.2801,0.2084,0.1649,0.1304,0.6383,0.4432,0.2944,0.1962,0.1659,0.095,0.0967,0.0944,0.0923,0.094,0.1008,0.0923,0.0941,0.0916,0.094,0.1003,0.096,0.0981,
68512s,0.0951,0.0964,0.0946,0.0962,0.097,0.0924,0.0919,0.099,0.095,0.0944,0.093,0.0933,0.0966,0.3914,0.2996,0.2147,0.1771,0.1554,0.6773,0.4594,0.3557,0.2445,0.216,0.096,0.1398,0.3986,0.2872,0.2037,0.1877,0.1552,0.6683,0.4822,0.3399,0.2402,0.2111,0.0928,0.105,0.404,0.3002,0.2262,0.1924,0.1576,0.6761,0.4899,0.3621,0.2344,0.205,0.0931,0.1255,0.3996,0.2892,0.1982,0.1556,0.135,0.6487,0.455,0.2744,0.1894,0.1653,0.0921,0.0951,0.3888,0.2972,0.1994,0.1601,0.1365,0.638,0.4367,0.2813,0.2032,0.1634,0.0948,0.1178,0.3919,0.282,0.2062,0.1654,0.1298,0.6399,0.4433,0.2949,0.1972,0.1637,0.0949,0.0966,0.0939,0.0922,0.0938,0.1009,0.0924,0.0942,0.0916,0.0939,0.1004,0.0962,0.0983,
68775s,0.0954,0.0964,0.0944,0.0961,0.0969,0.0924,0.0918,0.0989,0.0949,0.0945,0.0929,0.0932,0.0965,0.391,0.2983,0.214,0.1779,0.1562,0.6787,0.4601,0.3568,0.2441,0.2153,0.0961,0.1342,0.3984,0.2851,0.2056,0.1852,0.1547,0.6685,0.4827,0.3451,0.24,0.211,0.0929,0.1038,0.4048,0.3067,0.223,0.1933,0.1559,0.6771,0.4899,0.3634,0.2348,0.2065,0.0934,0.1278,0.3996,0.2873,0.197,0.1551,0.1351,0.65,0.4536,0.277,0.1899,0.1618,0.0923,0.0944,0.39,0.2982,0.1996,0.1604,0.1366,0.6397,0.4367,0.2813,0.2045,0.1655,0.0949,0.1151,0.3916,0.2874,0.2173,0.164,0.1314,0.6402,0.4445,0.2955,0.1943,0.1672,0.095,0.0965,0.0941,0.0926,0.0942,0.1009,0.0924,0.0942,0.0919,0.094,0.1003,0.0962,0.0982,
69037s,0.0953,0.0961,0.0944,0.0961,0.0967,0.0922,0.0916,0.0987,0.0949,0.0943,0.0927,0.0932,0.0962,0.3906,0.2992,0.2162,0.1769,0.1548,0.6792,0.4613,0.3569,0.2432,0.2156,0.0963,0.1362,0.3978,0.2827,0.2025,0.1876,0.1557,0.6684,0.4827,0.3402,0.2403,0.2107,0.0928,0.1038,0.4042,0.2996,0.2212,0.1912,0.1569,0.6787,0.4907,0.3597,0.2349,0.2071,0.0932,0.1326,0.3995,0.2905,0.21,0.1551,0.1353,0.6514,0.4551,0.2765,0.1896,0.1619,0.0922,0.095,0.3891,0.298,0.1993,0.1605,0.1373,0.6413,0.439,0.2825,0.2048,0.1671,0.0945,0.1186,0.3914,0.2796,0.2111,0.1652,0.1308,0.6409,0.4443,0.2968,0.1946,0.1666,0.0951,0.0967,0.0942,0.0924,0.094,0.1009,0.0923,0.0942,0.0915,0.0941,0.1003,0.0962,0.098,
69300s,0.0955,0.0958,0.0944,0.0959,0.0964,0.0921,0.0915,0.0985,0.0948,0.0943,0.0927,0.0933,0.0966,0.3903,0.2981,0.2152,0.1771,0.1547,0.6811,0.4613,0.357,0.2434,0.2148,0.0963,0.1374,0.3982,0.2827,0.2068,0.1868,0.1557,0.6697,0.4834,0.3389,0.2405,0.2108,0.093,0.1049,0.4042,0.3095,0.2192,0.1869,0.1589,0.6794,0.4897,0.3585,0.2354,0.204,0.0933,0.1238,0.4,0.2894,0.1945,0.1547,0.1351,0.652,0.4558,0.2756,0.1901,0.163,0.092,0.0951,0.3906,0.2973,0.2031,0.1623,0.1376,0.6415,0.4383,0.2837,0.2044,0.1674,0.0948,0.1231,0.3916,0.2765,0.2084,0.1643,0.1308,0.6424,0.4455,0.2956,0.1955,0.1657,0.0951,0.0963,0.0941,0.0922,0.094,0.1008,0.0923,0.0942,0.0916,0.0939,0.1003,0.0961,0.0981,
69562s,0.095,0.0959,0.0942,0.0959,0.0966,0.0921,0.0916,0.0986,0.0947,0.0942,0.0927,0.0932,0.096,0.39,0.2975,0.2179,0.1765,0.1535,0.6811,0.4613,0.3571,0.245,0.2168,0.0961,0.1317,0.3981,0.2872,0.2101,0.1872,0.1559,0.6709,0.4837,0.3397,0.2406,0.2112,0.0928,0.1038,0.4038,0.3073,0.2193,0.1871,0.1586,0.6806,0.488,0.354,0.2349,0.2029,0.0931,0.1294,0.3994,0.2856,0.1927,0.1546,0.1349,0.6531,0.4553,0.276,0.1899,0.1608,0.0921,0.0951,0.3891,0.296,0.2028,0.162,0.137,0.6429,0.44,0.2853,0.2042,0.1671,0.0946,0.1194,0.3912,0.283,0.2114,0.1656,0.1308,0.6434,0.4449,0.2957,0.1992,0.1655,0.0951,0.0966,0.0939,0.0925,0.0938,0.1006,0.092,0.0939,0.0915,0.0941,0.1003,0.0961,0.0981,
69825s,0.0955,0.0963,0.0948,0.0962,0.0968,0.0924,0.0918,0.0988,0.0949,0.0945,0.0928,0.0932,0.0967,0.3902,0.299,0.2147,0.1776,0.1543,0.6822,0.4619,0.3581,0.2452,0.216,0.0963,0.1326,0.3979,0.2825,0.2073,0.1859,0.1555,0.6713,0.4839,0.3422,0.2411,0.2109,0.0929,0.1046,0.4036,0.3002,0.2281,0.1929,0.158,0.6817,0.4913,0.3591,0.2353,0.2052,0.0934,0.1263,0.3991,0.2903,0.196,0.1559,0.1355,0.6541,0.4571,0.2775,0.1901,0.1642,0.0923,0.0944,0.3893,0.2968,0.2018,0.162,0.1378,0.6434,0.4398,0.2849,0.2052,0.1683,0.0949,0.1181,0.3913,0.279,0.2142,0.1649,0.1308,0.644,0.4471,0.2945,0.1984,0.166,0.0952,0.0963,0.094,0.0924,0.0938,0.1007,0.0924,0.0943,0.0918,0.0941,0.1005,0.0961,0.0981,
70087s,0.0956,0.0961,0.0946,0.0961,0.0967,0.0921,0.0917,0.0986,0.0948,0.0944,0.0928,0.0933,0.0968,0.3896,0.2979,0.2186,0.177,0.154,0.6824,0.4622,0.3589,0.2459,0.2156,0.0962,0.1379,0.3975,0.2839,0.2085,0.1866,0.1559,0.6727,0.4844,0.3429,0.2409,0.2111,0.0928,0.104,0.4041,0.3038,0.2252,0.1914,0.1586,0.6828,0.491,0.3582,0.2349,0.2045,0.0933,0.1312,0.4,0.2911,0.1938,0.1549,0.1359,0.6547,0.4571,0.2783,0.1902,0.1646,0.0921,0.0946,0.3894,0.2954,0.2006,0.1619,0.1373,0.6448,0.4402,0.2853,0.2054,0.1666,0.0948,0.1149,0.3915,0.2785,0.2085,0.1655,0.1306,0.6451,0.4463,0.294,0.1985,0.1652,0.0951,0.0969,0.0941,0.0922,0.0938,0.1007,0.0924,0.0941,0.0917,0.0941,0.1003,0.0961,0.0981,
70350s,0.0954,0.0963,0.0945,0.0957,0.0967,0.0925,0.0917,0.0988,0.095,0.0945,0.0927,0.0932,0.0971,0.3902,0.299,0.2191,0.1772,0.1551,0.6838,0.463,0.3585,0.2449,0.2163,0.0961,0.1364,0.3982,0.2854,0.2074,0.1867,0.1566,0.6728,0.485,0.3416,0.2414,0.2124,0.0926,0.1046,0.4032,0.312,0.2236,0.1907,0.1605,0.6825,0.4875,0.3568,0.2341,0.2035,0.0932,0.1303,0.3995,0.2935,0.1995,0.1559,0.1352,0.6556,0.4568,0.2783,0.1909,0.1668,0.0923,0.0949,0.3887,0.2928,0.2013,0.1622,0.1384,0.6447,0.4401,0.2865,0.2059,0.1652,0.0947,0.1137,0.391,0.283,0.2107,0.1655,0.131,0.6458,0.4466,0.299,0.1998,0.167,0.095,0.0979,0.0953,0.0929,0.0944,0.101,0.0924,0.094,0.0918,0.0942,0.1004,0.0961,0.098,
70612s,0.0951,0.0956,0.0942,0.0958,0.0965,0.0922,0.0916,0.0984,0.0948,0.0944,0.0926,0.093,0.0968,0.3904,0.299,0.2154,0.177,0.1553,0.6847,0.4634,0.3585,0.2464,0.2182,0.0961,0.1299,0.3962,0.2823,0.2093,0.1883,0.1566,0.6732,0.485,0.3411,0.2422,0.2117,0.0926,0.104,0.4045,0.3071,0.2233,0.1893,0.16,0.6841,0.4888,0.358,0.2333,0.2028,0.093,0.124,0.3993,0.2892,0.1964,0.1555,0.1355,0.6566,0.458,0.2777,0.1898,0.1631,0.092,0.0953,0.389,0.2967,0.2019,0.1623,0.1375,0.6469,0.4414,0.2863,0.2048,0.1685,0.0947,0.1199,0.3905,0.2852,0.2161,0.1643,0.1316,0.6465,0.4473,0.2963,0.1962,0.1667,0.095,0.0962,0.0934,0.092,0.0935,0.1005,0.0923,0.0941,0.0915,0.094,0.1003,0.096,0.098,
70875s,0.0956,0.0958,0.0945,0.0961,0.0967,0.0922,0.0917,0.0986,0.0949,0.0946,0.0928,0.0933,0.0965,0.3899,0.299,0.2168,0.177,0.1542,0.6852,0.4637,0.3601,0.2473,0.216,0.0963,0.135,0.3973,0.2843,0.2122,0.1852,0.1534,0.6742,0.4857,0.3447,0.2427,0.2109,0.0928,0.1042,0.4038,0.2993,0.2248,0.1919,0.1595,0.6854,0.4922,0.36,0.2355,0.2073,0.0932,0.131,0.3993,0.2889,0.1985,0.1558,0.136,0.6574,0.4585,0.2801,0.1906,0.164,0.0922,0.0951,0.3892,0.2972,0.2024,0.1638,0.139,0.6477,0.443,0.2905,0.2053,0.1687,0.0952,0.1202,0.3902,0.282,0.2208,0.1647,0.1326,0.6488,0.4472,0.299,0.1966,0.1665,0.0951,0.0973,0.0949,0.0928,0.0942,0.1011,0.0926,0.0943,0.0919,0.0942,0.1005,0.0962,0.098,
71137s,0.0953,0.0961,0.0945,0.096,0.0964,0.092,0.0916,0.0987,0.095,0.0945,0.0929,0.0933,0.0963,0.3899,0.2985,0.2158,0.1777,0.1535,0.6862,0.4646,0.3584,0.2474,0.2168,0.0962,0.1337,0.3977,0.2825,0.2081,0.1864,0.1563,0.6762,0.4861,0.3438,0.2422,0.211,0.0926,0.1037,0.4044,0.3008,0.2242,0.1918,0.1596,0.6852,0.4924,0.3596,0.2355,0.2059,0.0933,0.1278,0.3987,0.2899,0.198,0.1562,0.1365,0.659,0.4596,0.2803,0.1905,0.1648,0.092,0.0947,0.389,0.296,0.2038,0.1628,0.1388,0.6489,0.4427,0.2876,0.2058,0.1683,0.0949,0.1206,0.3909,0.2788,0.2143,0.1652,0.1315,0.6493,0.449,0.2982,0.198,0.1654,0.095,0.0969,0.0942,0.0924,0.0939,0.1008,0.0924,0.094,0.0916,0.0941,0.1003,0.0962,0.0982,
71400s,0.0958,0.0962,0.0945,0.0961,0.097,0.0924,0.0918,0.0989,0.0949,0.0944,0.0928,0.0933,0.0966,0.3894,0.2972,0.2184,0.1766,0.1533,0.6864,0.464,0.3598,0.2453,0.218,0.096,0.142,0.3978,0.2894,0.209,0.1875,0.1574,0.6766,0.4866,0.3418,0.2418,0.2125,0.0929,0.1041,0.4031,0.3075,0.221,0.1892,0.1613,0.6864,0.4894,0.3578,0.2354,0.2033,0.0932,0.1298,0.3995,0.2939,0.2044,0.1563,0.1367,0.6592,0.4584,0.2793,0.1911,0.1655,0.0924,0.0948,0.3876,0.2953,0.203,0.1625,0.1384,0.6491,0.4423,0.2897,0.2037,0.1669,0.0949,0.1156,0.3901,0.279,0.2078,0.1649,0.1311,0.6497,0.4497,0.2996,0.2008,0.1659,0.0951,0.0966,0.0943,0.0923,0.0941,0.1008,0.0924,0.0943,0.0915,0.0941,0.1005,0.0962,0.0981,
71662s,0.0951,0.0959,0.0945,0.0962,0.0966,0.0923,0.0917,0.0987,0.0947,0.0943,0.0927,0.0931,0.0961,0.3889,0.2987,0.219,0.1772,0.1548,0.6869,0.4657,0.3616,0.2463,0.2164,0.0963,0.1348,0.3973,0.2813,0.2065,0.1864,0.1573,0.6769,0.4863,0.3439,0.2427,0.212,0.0929,0.1035,0.4039,0.3121,0.2243,0.1931,0.1593,0.6881,0.4934,0.3606,0.2357,0.207,0.0932,0.1322,0.3991,0.2872,0.1977,0.1555,0.1365,0.6608,0.4598,0.2794,0.1901,0.1622,0.092,0.0945,0.3888,0.2959,0.2051,0.1637,0.1393,0.6497,0.4437,0.2901,0.2047,0.1684,0.0949,0.1216,0.3902,0.2782,0.2068,0.1638,0.131,0.6511,0.4498,0.2965,0.1971,0.1667,0.0951,0.0966,0.0943,0.093,0.0942,0.101,0.0925,0.0943,0.0919,0.0941,0.1005,0.0961,0.098,
71925s,0.0954,0.096,0.0943,0.0961,0.0969,0.0922,0.0916,0.0987,0.0947,0.0943,0.0926,0.0931,0.0959,0.3894,0.297,0.2128,0.1766,0.1535,0.6873,0.4656,0.36,0.2457,0.2179,0.0958,0.1417,0.3973,0.2859,0.2079,0.1866,0.1571,0.678,0.4863,0.3427,0.2422,0.2116,0.0926,0.1039,0.4027,0.3114,0.2238,0.1916,0.1591,0.6884,0.4928,0.3622,0.2351,0.205,0.093,0.1323,0.3989,0.2898,0.2022,0.1565,0.1376,0.6619,0.4602,0.2798,0.1915,0.1658,0.092,0.0941,0.3887,0.2973,0.2023,0.1624,0.1387,0.6505,0.4437,0.2903,0.2048,0.1686,0.0945,0.1147,0.3903,0.2776,0.2175,0.1648,0.1316,0.6521,0.4502,0.3032,0.1997,0.1648,0.095,0.0976,0.0949,0.0925,0.0938,0.1005,0.0922,0.0938,0.0916,0.0939,0.1001,0.096,0.098,
72187s,0.0953,0.0959,0.0943,0.0959,0.0967,0.0924,0.0916,0.0988,0.0947,0.0943,0.0926,0.0932,0.0962,0.3896,0.2969,0.2143,0.1777,0.1564,0.6882,0.4641,0.3595,0.2484,0.2178,0.0961,0.1355,0.3964,0.286,0.2101,0.1865,0.1567,0.679,0.4875,0.3428,0.243,0.2132,0.0927,0.1043,0.4022,0.3132,0.2237,0.1923,0.1608,0.6878,0.4909,0.3599,0.2342,0.2036,0.0931,0.1242,0.3994,0.2893,0.1977,0.1557,0.1368,0.663,0.4603,0.2802,0.192,0.1667,0.0919,0.0948,0.387,0.2904,0.2013,0.162,0.1385,0.6509,0.4437,0.2883,0.2032,0.1657,0.0946,0.1147,0.3907,0.2812,0.2094,0.1655,0.1316,0.6532,0.4518,0.2997,0.1995,0.1686,0.0949,0.0975,0.0945,0.0924,0.094,0.1008,0.0922,0.094,0.0917,0.094,0.1004,0.0963,0.0983,
72450s,0.0959,0.0959,0.0941,0.0958,0.0964,0.092,0.0915,0.0984,0.0945,0.0941,0.0924,0.0932,0.0967,0.3887,0.2973,0.2169,0.1763,0.1542,0.6883,0.4648,0.3604,0.2471,0.2182,0.0959,0.1312,0.3961,0.2893,0.2045,0.1885,0.1586,0.6795,0.4876,0.3426,0.2431,0.2128,0.0926,0.1047,0.4024,0.3054,0.221,0.1876,0.1629,0.6885,0.4876,0.3577,0.2342,0.2045,0.0931,0.1265,0.3989,0.2892,0.1968,0.1549,0.1354,0.6634,0.4604,0.2795,0.1916,0.1659,0.092,0.0945,0.3866,0.2946,0.2006,0.1606,0.1377,0.6508,0.444,0.2876,0.2032,0.1677,0.0947,0.116,0.3901,0.2791,0.208,0.1649,0.1318,0.6536,0.4507,0.3021,0.1997,0.1697,0.0949,0.0942,0.0923,0.0914,0.0931,0.1003,0.0922,0.0937,0.0915,0.0939,0.1,0.096,0.0977,
72712s,0.0955,0.0957,0.0943,0.0956,0.0962,0.0919,0.0915,0.0987,0.0946,0.0944,0.0925,0.0932,0.0962,0.3885,0.2963,0.2156,0.1769,0.1536,0.69,0.4672,0.3622,0.2474,0.2169,0.0963,0.1338,0.3971,0.2847,0.2077,0.1865,0.1581,0.6801,0.4874,0.3435,0.2433,0.2121,0.0928,0.1045,0.4038,0.3114,0.2173,0.186,0.1601,0.6908,0.4927,0.3597,0.2361,0.2055,0.093,0.1261,0.3989,0.286,0.1994,0.1549,0.1372,0.6649,0.4618,0.2794,0.1926,0.1673,0.0921,0.0947,0.3863,0.296,0.1991,0.161,0.1387,0.6518,0.4455,0.2912,0.2055,0.169,0.0948,0.1195,0.3907,0.2814,0.2178,0.1646,0.132,0.6539,0.4519,0.304,0.1986,0.1681,0.0951,0.097,0.0947,0.0926,0.094,0.101,0.0924,0.0941,0.0915,0.0939,0.1002,0.096,0.0982,
72975s,0.0956,0.0961,0.0944,0.0959,0.0967,0.0922,0.0916,0.0987,0.0949,0.0945,0.0928,0.0931,0.0966,0.3901,0.2974,0.2117,0.1786,0.1544,0.6912,0.4672,0.3618,0.2463,0.2183,0.0962,0.1362,0.3968,0.2866,0.2042,0.1874,0.1579,0.6814,0.4888,0.343,0.2435,0.2118,0.0926,0.1042,0.4033,0.305,0.2237,0.1913,0.1615,0.6912,0.4939,0.3633,0.2359,0.2052,0.0932,0.1277,0.3986,0.286,0.1999,0.1556,0.1374,0.6654,0.4619,0.2817,0.1905,0.1668,0.092,0.0951,0.3872,0.2965,0.2004,0.161,0.1383,0.6529,0.4452,0.2919,0.2064,0.168,0.095,0.1129,0.3904,0.2766,0.2106,0.1648,0.1318,0.6548,0.4522,0.3028,0.1999,0.1661,0.095,0.0972,0.0947,0.0925,0.094,0.1007,0.0925,0.0943,0.0917,0.0939,0.1004,0.0961,0.0981,
73237s,0.0953,0.0959,0.0941,0.0956,0.0964,0.0923,0.0916,0.0986,0.0946,0.0942,0.0926,0.0931,0.0967,0.3884,0.298,0.2176,0.1772,0.1552,0.6924,0.4683,0.3637,0.2478,0.2162,0.0965,0.1328,0.3969,0.284,0.2105,0.1867,0.1584,0.6824,0.4883,0.3435,0.2438,0.2122,0.0927,0.1041,0.4035,0.3073,0.2232,0.1932,0.1599,0.6921,0.4949,0.3642,0.2361,0.2038,0.0931,0.1304,0.3991,0.2841,0.1984,0.1557,0.1369,0.6672,0.4627,0.2821,0.1912,0.1641,0.092,0.0946,0.3882,0.2957,0.1996,0.1624,0.1392,0.6546,0.4448,0.2915,0.2058,0.1681,0.0948,0.1192,0.3903,0.283,0.2116,0.1647,0.1318,0.6552,0.4528,0.3039,0.1972,0.1693,0.0951,0.0969,0.0941,0.0924,0.094,0.1009,0.0923,0.0941,0.0917,0.0938,0.1003,0.0961,0.0983,
73500s,0.0955,0.0964,0.0944,0.0961,0.0968,0.0924,0.0917,0.0988,0.0947,0.0946,0.0926,0.0932,0.0965,0.3878,0.297,0.2179,0.1776,0.1541,0.6931,0.4677,0.3632,0.248,0.2176,0.0962,0.1369,0.396,0.288,0.2085,0.1865,0.158,0.684,0.4888,0.346,0.246,0.2126,0.0929,0.1043,0.4024,0.3115,0.2237,0.1939,0.1604,0.6935,0.4926,0.3614,0.235,0.2046,0.0934,0.1246,0.3984,0.2835,0.1918,0.1539,0.1369,0.668,0.4639,0.2809,0.1921,0.1656,0.092,0.0953,0.3866,0.2971,0.2008,0.1611,0.1383,0.6539,0.4455,0.2926,0.2038,0.166,0.0948,0.1165,0.3904,0.282,0.2092,0.1648,0.1317,0.6581,0.4537,0.3019,0.2001,0.1674,0.0949,0.0962,0.0937,0.0923,0.094,0.1006,0.0924,0.0942,0.0918,0.0941,0.1004,0.0962,0.0981,
73762s,0.0954,0.0961,0.0943,0.0958,0.0966,0.0921,0.0917,0.099,0.095,0.0944,0.0928,0.0933,0.0965,0.3891,0.2959,0.2175,0.1768,0.1543,0.6934,0.4693,0.3644,0.2478,0.2192,0.096,0.1384,0.3964,0.2847,0.2106,0.1864,0.1582,0.6844,0.4899,0.3448,0.2445,0.2134,0.0929,0.104,0.4027,0.3072,0.2197,0.1864,0.1626,0.6934,0.4944,0.3592,0.2368,0.2042,0.093,0.1281,0.3992,0.2886,0.1972,0.1564,0.1384,0.6689,0.4635,0.2803,0.1913,0.1678,0.0919,0.0948,0.388,0.2966,0.2046,0.1633,0.1401,0.6551,0.4471,0.2948,0.2053,0.1702,0.095,0.1145,0.3897,0.2799,0.212,0.1653,0.1318,0.6569,0.4544,0.3035,0.2009,0.1659,0.0951,0.0966,0.0937,0.0923,0.0938,0.1006,0.0926,0.094,0.0917,0.0941,0.1007,0.096,0.0982,
74025s,0.0955,0.0963,0.0943,0.0959,0.0969,0.0925,0.092,0.0991,0.095,0.0944,0.0927,0.093,0.0968,0.3887,0.2958,0.2184,0.1772,0.1554,0.6935,0.4679,0.3634,0.2495,0.2192,0.0962,0.1405,0.396,0.2913,0.215,0.1873,0.1599,0.6847,0.49,0.3449,0.2453,0.2124,0.0927,0.1046,0.4026,0.3044,0.2213,0.1887,0.1626,0.6941,0.4901,0.3604,0.2356,0.2058,0.0932,0.1291,0.3988,0.2868,0.1966,0.1559,0.1374,0.6703,0.4646,0.2818,0.193,0.1675,0.0921,0.0944,0.3867,0.2979,0.1997,0.1613,0.1384,0.656,0.4456,0.2887,0.2031,0.1656,0.0947,0.1163,0.3898,0.2831,0.2106,0.165,0.1321,0.6587,0.4558,0.3032,0.2002,0.1703,0.0949,0.0971,0.0937,0.0922,0.094,0.1007,0.0924,0.094,0.0918,0.0942,0.1005,0.0963,0.0982,
74287s,0.0955,0.096,0.0946,0.0959,0.0965,0.0922,0.0917,0.0988,0.0948,0.0943,0.0927,0.0931,0.0961,0.3884,0.2959,0.2192,0.1768,0.1541,0.6952,0.4702,0.3656,0.2485,0.2182,0.0962,0.1409,0.3968,0.2856,0.2125,0.1876,0.1589,0.6847,0.49,0.3453,0.245,0.2125,0.0926,0.1034,0.4036,0.3034,0.225,0.1929,0.1616,0.6962,0.4957,0.3626,0.237,0.2052,0.0932,0.1324,0.3984,0.2859,0.1955,0.1556,0.1381,0.6693,0.4649,0.2802,0.192,0.1679,0.092,0.0945,0.3878,0.2973,0.201,0.163,0.1395,0.6568,0.4486,0.2911,0.2056,0.1684,0.0949,0.1207,0.3901,0.2777,0.2183,0.1651,0.1336,0.6593,0.4551,0.3065,0.1999,0.1664,0.095,0.0974,0.0944,0.0925,0.094,0.1009,0.0925,0.0941,0.0915,0.0941,0.1004,0.0961,0.098,
74549s,0.0957,0.0962,0.0943,0.0961,0.0968,0.0924,0.0918,0.0987,0.0948,0.0943,0.0929,0.0931,0.0971,0.3896,0.2976,0.2141,0.1778,0.1549,0.6962,0.4703,0.3642,0.2483,0.2184,0.096,0.1305,0.3962,0.2891,0.2088,0.1872,0.1581,0.6852,0.49,0.3457,0.2449,0.2129,0.0927,0.1039,0.4029,0.3075,0.2206,0.1913,0.1608,0.6973,0.496,0.3625,0.2367,0.205,0.0931,0.1229,0.3984,0.2856,0.1997,0.1563,0.1391,0.6699,0.4654,0.2829,0.1929,0.1679,0.092,0.0943,0.3868,0.2961,0.2024,0.1625,0.1397,0.6571,0.4492,0.2935,0.2063,0.1687,0.0946,0.1164,0.3903,0.2793,0.2073,0.1648,0.1318,0.6598,0.4561,0.3038,0.201,0.1653,0.0952,0.0962,0.0943,0.0924,0.0938,0.1008,0.0925,0.0943,0.0916,0.0941,0.1003,0.0961,0.0984,
74812s,0.0956,0.0963,0.0946,0.0962,0.0969,0.0924,0.0918,0.0988,0.0948,0.0944,0.0927,0.0932,0.0965,0.3894,0.2956,0.216,0.1768,0.1545,0.6966,0.4704,0.3664,0.2488,0.2182,0.0962,0.1376,0.3958,0.2871,0.2095,0.1874,0.1592,0.6853,0.4909,0.3456,0.2451,0.2136,0.0928,0.1039,0.4028,0.309,0.2272,0.1931,0.1613,0.6971,0.4962,0.364,0.2367,0.2049,0.0933,0.1305,0.3981,0.2874,0.1999,0.1561,0.1391,0.6704,0.4662,0.284,0.1927,0.1682,0.0922,0.0946,0.3869,0.2954,0.2044,0.1631,0.1404,0.6582,0.4494,0.2955,0.2064,0.1702,0.0946,0.1196,0.3897,0.2797,0.2097,0.1648,0.132,0.6602,0.4563,0.3038,0.2014,0.1663,0.095,0.0971,0.0943,0.0922,0.0938,0.1007,0.0923,0.0942,0.0914,0.0939,0.1003,0.0961,0.0985,
75074s,0.0952,0.0962,0.0944,0.096,0.0967,0.0924,0.0916,0.0985,0.0947,0.0943,0.0927,0.0931,0.0959,0.3885,0.2959,0.2168,0.1769,0.1534,0.6977,0.4714,0.3668,0.2509,0.2179,0.0964,0.1332,0.3956,0.282,0.2091,0.1853,0.1574,0.6857,0.4916,0.3463,0.2465,0.2127,0.0928,0.1039,0.4023,0.3,0.2193,0.1901,0.16,0.6982,0.4969,0.3629,0.2374,0.2047,0.0931,0.1245,0.3985,0.2842,0.1944,0.1552,0.1382,0.6718,0.4665,0.2812,0.1922,0.1675,0.092,0.0941,0.387,0.2946,0.2027,0.1634,0.1407,0.66,0.4496,0.2951,0.2063,0.1706,0.0948,0.121,0.3889,0.2808,0.2251,0.1649,0.1334,0.6618,0.4571,0.3054,0.199,0.1687,0.0949,0.0966,0.0944,0.0929,0.0942,0.1011,0.0924,0.0944,0.0916,0.094,0.1003,0.0962,0.0981,
75337s,0.0954,0.0962,0.0944,0.0963,0.0967,0.0924,0.0917,0.0988,0.0948,0.0944,0.0927,0.0931,0.0966,0.3886,0.2952,0.2182,0.1773,0.1553,0.6978,0.4701,0.3648,0.2518,0.2198,0.0961,0.1322,0.3958,0.2874,0.2077,0.1872,0.1607,0.6886,0.4914,0.3468,0.2469,0.2123,0.0928,0.1047,0.4017,0.3101,0.2249,0.1953,0.1624,0.699,0.4933,0.3646,0.2356,0.2049,0.0932,0.1293,0.3983,0.2842,0.1976,0.1564,0.139,0.674,0.4669,0.2841,0.1935,0.1685,0.0921,0.095,0.3866,0.2878,0.2006,0.162,0.1395,0.6598,0.4491,0.2914,0.2036,0.1668,0.0948,0.116,0.3893,0.2762,0.2088,0.1657,0.1323,0.6626,0.458,0.3097,0.2009,0.1704,0.095,0.0965,0.094,0.0923,0.0939,0.1007,0.0924,0.094,0.0917,0.0941,0.1006,0.0962,0.0983,
75599s,0.0952,0.0963,0.0944,0.0963,0.0969,0.0926,0.0919,0.0988,0.0948,0.0944,0.0928,0.0932,0.0962,0.3899,0.2963,0.2137,0.1783,0.1548,0.6991,0.4722,0.3663,0.2504,0.2196,0.0961,0.1444,0.3958,0.288,0.2058,0.1886,0.16,0.6888,0.4926,0.3459,0.2461,0.2136,0.0927,0.104,0.4026,0.3045,0.2194,0.1899,0.1627,0.7008,0.4971,0.3642,0.238,0.2061,0.0931,0.1233,0.398,0.2841,0.1974,0.1556,0.139,0.6753,0.4672,0.2848,0.1926,0.1685,0.092,0.0945,0.388,0.2947,0.2014,0.1623,0.1394,0.6614,0.4504,0.2929,0.2045,0.1689,0.0949,0.1156,0.3896,0.28,0.2254,0.1651,0.1343,0.6642,0.4576,0.31,0.1999,0.169,0.095,0.0965,0.0936,0.0926,0.0939,0.1007,0.0924,0.0941,0.0917,0.094,0.1003,0.0963,0.0981,
75862s,0.0962,0.0962,0.0943,0.0963,0.097,0.0925,0.0918,0.0987,0.0948,0.0944,0.0927,0.0931,0.0967,0.3892,0.2957,0.2178,0.1779,0.156,0.6987,0.4705,0.3657,0.2527,0.2191,0.0961,0.1388,0.3963,0.2922,0.2062,0.1897,0.1623,0.6891,0.4912,0.3469,0.2469,0.2118,0.0927,0.1045,0.4015,0.306,0.2242,0.1906,0.1639,0.7003,0.492,0.3644,0.2358,0.2059,0.0932,0.1259,0.3983,0.2867,0.1963,0.1546,0.1383,0.6765,0.468,0.2827,0.1947,0.1681,0.0921,0.0946,0.3872,0.2914,0.2018,0.1628,0.1397,0.6605,0.4494,0.2918,0.2039,0.1683,0.0946,0.1189,0.3886,0.2844,0.2165,0.1641,0.1333,0.6642,0.459,0.3117,0.201,0.1709,0.0951,0.0966,0.0941,0.0922,0.094,0.1006,0.0923,0.0941,0.0917,0.0942,0.1004,0.0962,0.0982,
76124s,0.0952,0.096,0.0945,0.0961,0.0967,0.0924,0.0917,0.0988,0.0949,0.0943,0.0928,0.0931,0.0964,0.3892,0.2955,0.2159,0.1776,0.1552,0.7009,0.4722,0.3678,0.2519,0.2194,0.0961,0.1349,0.3956,0.2863,0.2065,0.1875,0.1598,0.6889,0.4927,0.3472,0.2475,0.214,0.0927,0.1039,0.4023,0.311,0.2198,0.1894,0.1637,0.7017,0.4967,0.3644,0.2381,0.2057,0.0932,0.1313,0.3976,0.2888,0.1948,0.1565,0.1394,0.6766,0.4686,0.2829,0.1923,0.1684,0.0921,0.0944,0.3876,0.2934,0.1996,0.1622,0.14,0.663,0.4521,0.2927,0.2056,0.1672,0.0948,0.1175,0.3888,0.2792,0.2259,0.1645,0.133,0.6656,0.4589,0.3081,0.2018,0.1672,0.0949,0.0974,0.0948,0.0929,0.0946,0.1008,0.0924,0.0942,0.0917,0.0942,0.1005,0.0963,0.0982,
76387s,0.0962,0.096,0.0943,0.0959,0.0967,0.0922,0.0917,0.0986,0.0948,0.0944,0.0927,0.0934,0.0967,0.3883,0.2956,0.2196,0.1771,0.1548,0.7004,0.4726,0.3682,0.2546,0.2196,0.0962,0.1329,0.3951,0.2864,0.2126,0.1865,0.1592,0.69,0.4918,0.3476,0.2487,0.2135,0.0929,0.104,0.4019,0.308,0.2271,0.1955,0.1616,0.7015,0.4973,0.3666,0.2366,0.2056,0.0931,0.1312,0.3977,0.2907,0.2016,0.1564,0.1398,0.6774,0.4685,0.2857,0.1933,0.1675,0.0921,0.0948,0.3865,0.2893,0.2013,0.1614,0.1394,0.6634,0.4527,0.2941,0.2044,0.1683,0.0949,0.1165,0.3884,0.2785,0.2107,0.1648,0.1325,0.6657,0.4592,0.3079,0.2015,0.1687,0.095,0.0972,0.0945,0.0924,0.0942,0.1007,0.0923,0.0941,0.0917,0.094,0.1004,0.096,0.0979,
76649s,0.0953,0.0961,0.0946,0.0963,0.0969,0.0923,0.0918,0.0987,0.0948,0.0944,0.0928,0.0932,0.0965,0.3886,0.2942,0.2187,0.1768,0.1544,0.7015,0.4731,0.3683,0.2542,0.2195,0.0962,0.1384,0.396,0.2858,0.2182,0.1868,0.1583,0.6917,0.4935,0.3483,0.2494,0.214,0.093,0.1043,0.4021,0.3094,0.2207,0.1895,0.1646,0.703,0.4975,0.3655,0.2382,0.2064,0.0932,0.1266,0.3979,0.2896,0.2036,0.1571,0.1401,0.6787,0.4704,0.2869,0.1925,0.1687,0.0921,0.0945,0.3871,0.2955,0.2013,0.1622,0.1401,0.6647,0.4526,0.2946,0.2054,0.1671,0.0948,0.1164,0.388,0.2797,0.2104,0.1652,0.1327,0.6675,0.4609,0.3097,0.2027,0.1659,0.095,0.097,0.0944,0.0925,0.0939,0.1008,0.0923,0.0944,0.0917,0.0942,0.1003,0.0961,0.0983,
76912s,0.0956,0.0962,0.0944,0.0963,0.0967,0.0922,0.0917,0.0986,0.0947,0.0944,0.0928,0.0931,0.0962,0.3891,0.2965,0.2141,0.1787,0.1552,0.7026,0.4734,0.3684,0.2534,0.2198,0.0963,0.1365,0.3957,0.2831,0.21,0.1867,0.16,0.6915,0.4937,0.3481,0.2487,0.2132,0.0927,0.1041,0.402,0.307,0.2211,0.1913,0.1634,0.7035,0.4994,0.3674,0.2374,0.2055,0.0931,0.1257,0.3975,0.2876,0.1976,0.1557,0.1388,0.6792,0.4705,0.286,0.193,0.1682,0.0921,0.0946,0.3878,0.2955,0.2011,0.1635,0.1409,0.6655,0.4533,0.2954,0.2073,0.1695,0.0949,0.1208,0.388,0.279,0.2168,0.1659,0.1332,0.6685,0.4604,0.3103,0.2016,0.1697,0.095,0.0965,0.0946,0.0928,0.0942,0.1009,0.0925,0.0943,0.0916,0.0942,0.1005,0.0962,0.098,
77174s,0.0951,0.0962,0.0945,0.0961,0.0971,0.0925,0.0917,0.0987,0.0947,0.0943,0.0928,0.0931,0.0963,0.3886,0.2953,0.2183,0.1775,0.1552,0.7037,0.4739,0.3696,0.2542,0.2197,0.096,0.1402,0.3952,0.2851,0.2126,0.1869,0.1604,0.6923,0.4948,0.3484,0.2491,0.214,0.0927,0.1039,0.4022,0.3135,0.2201,0.1879,0.1637,0.7046,0.5002,0.3662,0.2393,0.2066,0.0933,0.1246,0.398,0.2874,0.1974,0.1554,0.1393,0.6807,0.4713,0.2854,0.1958,0.1691,0.092,0.0948,0.3881,0.2962,0.2038,0.1631,0.1411,0.6658,0.455,0.296,0.2043,0.1713,0.0946,0.116,0.3883,0.2828,0.2115,0.1654,0.1337,0.67,0.4612,0.3114,0.2022,0.1705,0.095,0.0967,0.0938,0.0924,0.0937,0.1007,0.0923,0.0942,0.0917,0.094,0.1004,0.0963,0.0981,
77437s,0.0955,0.0964,0.0947,0.0965,0.0971,0.0925,0.0919,0.099,0.0949,0.0945,0.0929,0.0933,0.0966,0.3878,0.2944,0.2195,0.1772,0.1549,0.7024,0.4736,0.3685,0.2577,0.2196,0.0961,0.1353,0.3957,0.2875,0.2065,0.1889,0.1618,0.6932,0.4944,0.3489,0.2483,0.2145,0.0927,0.1046,0.4019,0.3084,0.2246,0.1912,0.164,0.7046,0.4998,0.3677,0.2381,0.2057,0.0932,0.1288,0.398,0.2869,0.1975,0.1557,0.1392,0.6814,0.4705,0.2877,0.1926,0.168,0.0921,0.0943,0.3875,0.2975,0.2008,0.1621,0.1397,0.6663,0.4525,0.2953,0.2069,0.1679,0.0946,0.1178,0.3877,0.2823,0.2116,0.1651,0.1332,0.6704,0.4615,0.3132,0.2024,0.1676,0.0951,0.0986,0.0944,0.0921,0.0939,0.1008,0.0923,0.0942,0.0917,0.0941,0.1003,0.0962,0.0983,
77700s,0.0948,0.0961,0.0945,0.096,0.0966,0.0923,0.0917,0.0987,0.0946,0.0942,0.0926,0.0931,0.0966,0.3876,0.2941,0.2163,0.1778,0.1555,0.704,0.473,0.3683,0.2547,0.2177,0.096,0.1348,0.3953,0.2896,0.2072,0.1872,0.1614,0.6943,0.4955,0.3512,0.2528,0.2118,0.0927,0.1041,0.4014,0.3038,0.2243,0.1926,0.1632,0.7048,0.4941,0.3657,0.2366,0.2055,0.0931,0.1261,0.3974,0.2902,0.1972,0.1552,0.1395,0.683,0.4711,0.2883,0.1956,0.1696,0.0921,0.0939,0.3866,0.2944,0.1988,0.1616,0.1396,0.6679,0.4509,0.2926,0.2047,0.169,0.0948,0.1168,0.3882,0.2798,0.2115,0.1661,0.1339,0.6706,0.4612,0.3125,0.2022,0.1722,0.0949,0.0994,0.094,0.0922,0.0941,0.1005,0.0921,0.094,0.0916,0.094,0.1004,0.096,0.0981,
77962s,0.0956,0.0964,0.0945,0.0962,0.0967,0.0924,0.0917,0.0989,0.0948,0.0945,0.0927,0.0932,0.0965,0.3882,0.2946,0.2183,0.1768,0.1545,0.7042,0.4747,0.3698,0.257,0.2204,0.0961,0.1402,0.3954,0.2875,0.2085,0.1876,0.1614,0.6943,0.4947,0.3501,0.2491,0.2143,0.0928,0.1046,0.4017,0.3072,0.2204,0.1882,0.1655,0.7055,0.4997,0.3674,0.2385,0.2066,0.0933,0.1246,0.397,0.2871,0.1949,0.1559,0.1395,0.6827,0.4715,0.2878,0.1921,0.1686,0.092,0.0949,0.3863,0.2939,0.2,0.162,0.1399,0.6678,0.4552,0.2937,0.2059,0.1676,0.0947,0.1154,0.3881,0.278,0.2073,0.1651,0.1334,0.6715,0.4619,0.3129,0.2028,0.1675,0.095,0.0991,0.0942,0.0924,0.0938,0.1009,0.0925,0.0941,0.0918,0.0941,0.1003,0.0961,0.0981,
78224s,0.095,0.0962,0.0944,0.0961,0.0966,0.0922,0.0919,0.0987,0.0948,0.0945,0.0928,0.0932,0.0967,0.3879,0.2944,0.2156,0.1773,0.155,0.705,0.4753,0.3699,0.2581,0.2212,0.0959,0.1312,0.3948,0.2856,0.2074,0.1869,0.1609,0.695,0.4958,0.3505,0.2496,0.2145,0.0926,0.1042,0.4019,0.3112,0.23,0.194,0.1637,0.7065,0.4995,0.3693,0.2378,0.2058,0.0933,0.1316,0.3972,0.2853,0.1936,0.1555,0.1401,0.6832,0.4719,0.2872,0.1925,0.1685,0.092,0.0939,0.3864,0.2932,0.2056,0.1624,0.1409,0.6694,0.4549,0.2978,0.2059,0.1689,0.0948,0.1147,0.3871,0.2793,0.2138,0.165,0.1335,0.6715,0.4626,0.3137,0.2028,0.1668,0.0951,0.0987,0.0936,0.0919,0.0936,0.1006,0.0922,0.0941,0.0916,0.0939,0.1002,0.0962,0.098,
78487s,0.0953,0.0962,0.0944,0.0963,0.0969,0.0922,0.0915,0.0988,0.0947,0.0945,0.0927,0.0932,0.0962,0.3873,0.2933,0.2187,0.1765,0.1549,0.7048,0.4753,0.3708,0.2586,0.2202,0.0963,0.1358,0.3942,0.2877,0.214,0.1863,0.1601,0.6963,0.4954,0.3509,0.2497,0.2138,0.0925,0.1041,0.4015,0.3105,0.2255,0.1922,0.1636,0.7065,0.5003,0.3687,0.2375,0.2064,0.093,0.1283,0.3973,0.2825,0.1933,0.156,0.1405,0.6842,0.472,0.288,0.1927,0.1675,0.0918,0.0948,0.386,0.287,0.2003,0.1608,0.1401,0.6705,0.4547,0.2948,0.2053,0.1668,0.0946,0.116,0.3875,0.2806,0.2132,0.1648,0.1333,0.6713,0.4625,0.3128,0.203,0.167,0.0949,0.0987,0.0939,0.0923,0.0936,0.1006,0.0921,0.094,0.0916,0.0939,0.1,0.096,0.098,
78749s,0.095,0.0959,0.0944,0.0958,0.0966,0.0923,0.0916,0.0984,0.0947,0.0943,0.0925,0.093,0.0963,0.3881,0.296,0.2178,0.1773,0.1548,0.7052,0.4759,0.371,0.2587,0.2198,0.0964,0.1364,0.3942,0.2857,0.2052,0.1877,0.1617,0.6966,0.4957,0.3505,0.25,0.2148,0.0925,0.1034,0.4021,0.3088,0.2187,0.1903,0.1641,0.7078,0.5009,0.3688,0.2392,0.2058,0.0931,0.1295,0.3971,0.2885,0.198,0.1558,0.1397,0.6847,0.4734,0.2882,0.1926,0.1681,0.0921,0.0947,0.3863,0.2945,0.2001,0.162,0.1411,0.671,0.4558,0.2953,0.207,0.171,0.0947,0.1172,0.3879,0.2762,0.2219,0.1652,0.1348,0.673,0.462,0.3158,0.2033,0.1686,0.0949,0.0994,0.0947,0.0928,0.0943,0.101,0.0924,0.0943,0.0916,0.094,0.1002,0.0961,0.098,
79012s,0.0957,0.096,0.0945,0.0961,0.0966,0.0923,0.0916,0.0986,0.0947,0.0943,0.0928,0.093,0.0964,0.3873,0.294,0.2199,0.1774,0.1543,0.706,0.4764,0.3715,0.2593,0.2198,0.0963,0.1401,0.3949,0.2834,0.21,0.1864,0.1608,0.6976,0.4966,0.3513,0.2494,0.2146,0.0927,0.1039,0.4023,0.3089,0.2216,0.1919,0.1636,0.7087,0.5014,0.3693,0.2394,0.2063,0.0931,0.1279,0.3973,0.2876,0.1948,0.1559,0.1407,0.686,0.4738,0.292,0.1932,0.1692,0.0921,0.0951,0.3862,0.2935,0.202,0.1624,0.1414,0.6714,0.4565,0.2972,0.2073,0.1697,0.0947,0.1185,0.3876,0.2785,0.2121,0.1652,0.1338,0.6742,0.4635,0.3142,0.2032,0.1673,0.0949,0.0988,0.0949,0.0925,0.094,0.1009,0.0927,0.0942,0.0916,0.0941,0.1004,0.0961,0.0982,
79275s,0.0951,0.0965,0.0948,0.0963,0.0969,0.0926,0.0919,0.0989,0.0949,0.0946,0.0928,0.0933,0.0969,0.3879,0.2945,0.2159,0.1773,0.1569,0.7074,0.4759,0.3701,0.2575,0.22,0.096,0.1435,0.3952,0.2884,0.2119,0.1874,0.1602,0.6987,0.4975,0.3525,0.2542,0.2129,0.0927,0.1042,0.4014,0.307,0.2248,0.1908,0.1643,0.7084,0.5001,0.3695,0.238,0.207,0.0933,0.1289,0.3977,0.2877,0.2009,0.1564,0.1409,0.6865,0.4745,0.2922,0.1951,0.169,0.0922,0.0945,0.3856,0.2891,0.2008,0.1628,0.1415,0.6723,0.4558,0.3002,0.2046,0.1685,0.0948,0.1154,0.3876,0.2828,0.2137,0.1661,0.1339,0.6749,0.4633,0.312,0.2033,0.1683,0.0951,0.0988,0.0941,0.0925,0.094,0.1007,0.0924,0.0942,0.0917,0.0941,0.1003,0.0962,0.098,
79537s,0.0952,0.0962,0.0944,0.0961,0.0967,0.0924,0.0917,0.0988,0.0947,0.0942,0.0927,0.0931,0.0966,0.3877,0.2917,0.213,0.1783,0.1561,0.7072,0.4755,0.3692,0.2562,0.2194,0.0961,0.1306,0.395,0.2924,0.2107,0.1868,0.1614,0.6998,0.4972,0.3538,0.2543,0.212,0.0928,0.1042,0.4014,0.3061,0.2237,0.1905,0.1634,0.7089,0.497,0.3671,0.2386,0.2071,0.093,0.1281,0.3969,0.2864,0.1911,0.1548,0.1395,0.6882,0.474,0.291,0.1953,0.1703,0.092,0.0951,0.386,0.2872,0.1997,0.1613,0.1404,0.6724,0.4561,0.2976,0.2051,0.1673,0.0946,0.1225,0.3879,0.2773,0.2081,0.1656,0.1336,0.6761,0.4635,0.3118,0.2023,0.1696,0.095,0.0995,0.0947,0.0926,0.0939,0.1007,0.0923,0.0941,0.0917,0.0941,0.1005,0.0961,0.0981,
79799s,0.0955,0.0959,0.0941,0.0958,0.0964,0.0921,0.0915,0.0987,0.0948,0.0944,0.0927,0.0931,0.0968,0.3876,0.294,0.22,0.1775,0.1555,0.7094,0.4774,0.3721,0.2572,0.221,0.0962,0.1354,0.3944,0.2872,0.2099,0.1872,0.1612,0.7005,0.4971,0.3522,0.2522,0.215,0.0927,0.1039,0.4021,0.3107,0.2255,0.1917,0.1656,0.7108,0.5014,0.3706,0.2387,0.2067,0.0932,0.1307,0.3968,0.2851,0.1953,0.1562,0.1414,0.6891,0.4747,0.292,0.1933,0.169,0.0921,0.0948,0.3858,0.294,0.2024,0.1625,0.1414,0.6732,0.4564,0.302,0.2058,0.1695,0.0946,0.1234,0.3877,0.2801,0.2118,0.1648,0.1336,0.6762,0.4632,0.3124,0.2033,0.1664,0.095,0.0984,0.0941,0.0924,0.0939,0.1007,0.0922,0.0941,0.0916,0.094,0.1003,0.0961,0.098,
80062s,0.0955,0.0961,0.0946,0.0961,0.0968,0.0922,0.0916,0.0988,0.0948,0.0943,0.0927,0.0931,0.0964,0.3869,0.2936,0.2203,0.18,0.1553,0.7103,0.478,0.3728,0.2566,0.2203,0.0961,0.1434,0.3951,0.2869,0.2074,0.1875,0.1626,0.7011,0.497,0.3531,0.2529,0.2146,0.0927,0.1039,0.4018,0.3107,0.2269,0.1916,0.1654,0.7109,0.5015,0.371,0.2387,0.2073,0.0934,0.1331,0.3975,0.2815,0.1937,0.1553,0.141,0.6895,0.4752,0.2919,0.1934,0.1683,0.092,0.095,0.3857,0.2932,0.2021,0.1621,0.1409,0.6739,0.457,0.2988,0.2057,0.1674,0.095,0.1194,0.3872,0.2812,0.2193,0.164,0.1352,0.6777,0.4639,0.3137,0.2034,0.1675,0.095,0.0993,0.0941,0.0924,0.0941,0.1008,0.0922,0.0941,0.0917,0.094,0.1003,0.0961,0.0982,
80324s,0.0953,0.0963,0.0944,0.096,0.0968,0.0924,0.0918,0.0988,0.0948,0.0942,0.0928,0.0932,0.097,0.3866,0.2935,0.2171,0.1773,0.1566,0.7099,0.4779,0.3705,0.2561,0.2198,0.0963,0.1342,0.394,0.2863,0.2063,0.1878,0.1634,0.7015,0.4979,0.3544,0.2519,0.2123,0.0928,0.1043,0.4012,0.3027,0.2239,0.192,0.1632,0.7103,0.5031,0.3685,0.2389,0.2064,0.0931,0.1312,0.3963,0.2853,0.1933,0.1549,0.1403,0.6907,0.4753,0.2911,0.1962,0.169,0.0921,0.0946,0.3848,0.2864,0.2002,0.1608,0.1404,0.6752,0.4571,0.3003,0.2049,0.1692,0.095,0.1167,0.3874,0.2756,0.2081,0.1652,0.1336,0.6781,0.4654,0.3115,0.2032,0.1721,0.095,0.099,0.0942,0.0922,0.094,0.1006,0.0923,0.0942,0.0917,0.094,0.1002,0.096,0.0981,
80587s,0.0951,0.0964,0.0947,0.0963,0.097,0.0927,0.0919,0.099,0.0949,0.0945,0.0929,0.0931,0.0963,0.3868,0.293,0.2181,0.1773,0.155,0.7116,0.4788,0.3726,0.2589,0.2211,0.0963,0.1403,0.3945,0.2847,0.2102,0.1868,0.1616,0.7021,0.4988,0.3532,0.2526,0.2153,0.0928,0.1041,0.4022,0.3108,0.2221,0.1914,0.1657,0.7122,0.5032,0.3708,0.2398,0.2073,0.0933,0.1267,0.3971,0.2857,0.2005,0.156,0.1417,0.6912,0.476,0.2945,0.1935,0.1695,0.0921,0.0948,0.3859,0.2928,0.2032,0.162,0.1414,0.6762,0.4591,0.3029,0.2079,0.17,0.0949,0.12,0.3874,0.2794,0.2129,0.1648,0.1405,0.6782,0.4648,0.3127,0.2037,0.1686,0.095,0.0994,0.0948,0.0929,0.0942,0.101,0.0924,0.0944,0.0916,0.0942,0.1004,0.0962,0.0982,
80849s,0.0953,0.0963,0.0945,0.0958,0.0967,0.0927,0.0917,0.0985,0.0948,0.0944,0.0927,0.093,0.0964,0.3862,0.2933,0.2206,0.1774,0.1546,0.7121,0.4794,0.3728,0.2578,0.2209,0.0961,0.1394,0.3938,0.2856,0.2086,0.1878,0.1628,0.7039,0.499,0.3537,0.2519,0.2155,0.0928,0.1038,0.4017,0.3003,0.2291,0.1942,0.1628,0.713,0.504,0.3708,0.2396,0.2071,0.0931,0.1301,0.3974,0.2851,0.1967,0.1566,0.142,0.6918,0.4769,0.2945,0.1938,0.1693,0.0919,0.0946,0.3855,0.2946,0.2019,0.1627,0.1426,0.6768,0.4591,0.3063,0.2068,0.1704,0.0947,0.1225,0.3872,0.2799,0.2154,0.1654,0.1348,0.6794,0.4658,0.3141,0.2045,0.1659,0.095,0.0983,0.0938,0.0923,0.0938,0.1008,0.0925,0.0941,0.0917,0.094,0.1002,0.0961,0.0981,
81112s,0.095,0.0964,0.0948,0.0962,0.0968,0.0927,0.0918,0.0991,0.0949,0.0945,0.093,0.0934,0.0965,0.3862,0.2928,0.2165,0.1772,0.1574,0.7129,0.4793,0.3717,0.2569,0.2204,0.0963,0.143,0.3947,0.2873,0.2107,0.1872,0.1622,0.7042,0.4996,0.3547,0.2547,0.2136,0.093,0.1044,0.4017,0.3045,0.2263,0.1924,0.164,0.714,0.5031,0.3699,0.2393,0.2073,0.0932,0.1296,0.3962,0.287,0.1985,0.1566,0.1426,0.6933,0.4775,0.2942,0.1963,0.1694,0.0921,0.0945,0.3851,0.2874,0.2004,0.1621,0.1419,0.6789,0.4588,0.3031,0.2051,0.1682,0.0948,0.1165,0.3867,0.2762,0.2091,0.1658,0.1335,0.6813,0.467,0.3164,0.204,0.1708,0.0953,0.0985,0.0938,0.0923,0.0938,0.1006,0.0925,0.094,0.0918,0.0941,0.1005,0.0962,0.0982,
81374s,0.0958,0.0963,0.0944,0.0963,0.097,0.0925,0.0916,0.0987,0.0949,0.0945,0.0926,0.0932,0.0968,0.3871,0.2929,0.2169,0.1777,0.1575,0.713,0.4799,0.3711,0.2573,0.2206,0.096,0.1308,0.3944,0.2885,0.2175,0.187,0.1595,0.7046,0.4998,0.3543,0.2558,0.2142,0.0928,0.104,0.4012,0.3092,0.2259,0.192,0.1655,0.7152,0.5039,0.3725,0.239,0.2077,0.0932,0.1235,0.3975,0.2849,0.1957,0.1567,0.1421,0.6936,0.4771,0.2931,0.1944,0.1687,0.0921,0.095,0.3854,0.2948,0.2026,0.1626,0.1429,0.6793,0.4585,0.3042,0.2063,0.168,0.0948,0.116,0.3863,0.2767,0.2074,0.1663,0.1333,0.6811,0.4664,0.3128,0.2039,0.1683,0.0951,0.0994,0.0946,0.0924,0.0937,0.1009,0.0924,0.0941,0.0917,0.094,0.1006,0.0962,0.0982,
81637s,0.0952,0.0959,0.0945,0.096,0.0965,0.0922,0.0917,0.0985,0.0948,0.0945,0.0928,0.0931,0.0963,0.387,0.2923,0.2124,0.1785,0.1575,0.7145,0.4796,0.3717,0.2572,0.2213,0.0962,0.1342,0.394,0.2855,0.2077,0.1888,0.1636,0.705,0.4999,0.3546,0.2547,0.2147,0.0927,0.1041,0.4015,0.3045,0.2212,0.1887,0.1653,0.7157,0.5045,0.3706,0.2399,0.2084,0.0932,0.133,0.3968,0.2859,0.2054,0.1571,0.1426,0.694,0.4779,0.2924,0.1945,0.169,0.092,0.0946,0.3853,0.2954,0.2058,0.1636,0.1432,0.6797,0.4592,0.3063,0.2067,0.1705,0.0949,0.1172,0.3862,0.2808,0.2151,0.1649,0.1338,0.6817,0.4673,0.3151,0.2037,0.1688,0.0952,0.0994,0.0948,0.0929,0.0941,0.1009,0.0926,0.0941,0.0919,0.0942,0.1003,0.0963,0.0982,
81899s,0.0956,0.0961,0.0945,0.0962,0.097,0.0925,0.0916,0.0987,0.0948,0.0943,0.0927,0.0932,0.0969,0.3865,0.2925,0.2201,0.177,0.1565,0.7156,0.4802,0.3725,0.257,0.2215,0.0962,0.1349,0.394,0.2865,0.2116,0.1871,0.163,0.706,0.5005,0.3553,0.2537,0.2153,0.0928,0.1046,0.4009,0.3032,0.2227,0.1909,0.1654,0.7162,0.5041,0.3718,0.2395,0.2081,0.0931,0.132,0.3968,0.2835,0.1992,0.1551,0.1409,0.694,0.4785,0.2914,0.1963,0.1694,0.0921,0.0946,0.385,0.2919,0.2028,0.1624,0.1424,0.6807,0.4595,0.3048,0.2061,0.1696,0.0949,0.1147,0.3866,0.2837,0.2172,0.1649,0.1356,0.6835,0.4675,0.3183,0.2042,0.1689,0.0949,0.0991,0.0942,0.0923,0.0938,0.1008,0.0923,0.0941,0.0917,0.0941,0.1004,0.0962,0.098,
82162s,0.0953,0.0963,0.0946,0.0961,0.0968,0.0923,0.0917,0.0987,0.0949,0.0945,0.0929,0.0932,0.0962,0.3862,0.2914,0.2194,0.1774,0.1557,0.7153,0.4808,0.3724,0.258,0.2206,0.0962,0.1401,0.394,0.2862,0.209,0.1875,0.1625,0.7064,0.5008,0.3562,0.2546,0.214,0.0927,0.1042,0.4014,0.3044,0.2213,0.1898,0.1653,0.717,0.504,0.3705,0.2399,0.2081,0.0933,0.1322,0.3971,0.2829,0.1966,0.1554,0.1417,0.6957,0.4788,0.2918,0.197,0.1684,0.0921,0.0942,0.3854,0.287,0.1991,0.1614,0.1411,0.6818,0.4594,0.3011,0.2052,0.1673,0.0947,0.1168,0.3866,0.2816,0.2162,0.1644,0.135,0.6838,0.4676,0.3187,0.2043,0.1696,0.0952,0.0991,0.0943,0.0924,0.0939,0.1007,0.0923,0.0942,0.0918,0.094,0.1003,0.096,0.0984,
82424s,0.0953,0.0964,0.0944,0.0961,0.0967,0.0922,0.0917,0.0986,0.0947,0.0943,0.0928,0.0932,0.0964,0.3866,0.2926,0.2129,0.1781,0.1558,0.7164,0.481,0.3734,0.2589,0.2219,0.0962,0.1377,0.3944,0.2826,0.2156,0.1865,0.1619,0.707,0.5021,0.3564,0.2551,0.2147,0.0927,0.1047,0.4017,0.307,0.2206,0.1856,0.166,0.7173,0.5059,0.3711,0.2412,0.2082,0.0931,0.1259,0.3969,0.2882,0.1937,0.1556,0.1423,0.6975,0.4792,0.2944,0.1939,0.1694,0.0921,0.0949,0.3855,0.2938,0.2046,0.1631,0.1429,0.6819,0.4607,0.3057,0.2062,0.1692,0.0948,0.1184,0.3864,0.2816,0.2177,0.1644,0.1349,0.6836,0.4682,0.3195,0.2034,0.1692,0.0952,0.0997,0.0949,0.0929,0.0944,0.101,0.0923,0.0944,0.0917,0.0942,0.1004,0.0963,0.0981,
82687s,0.0954,0.0963,0.0946,0.0961,0.0968,0.0924,0.0917,0.0986,0.0947,0.0942,0.0928,0.093,0.0957,0.3858,0.2916,0.2232,0.1785,0.1545,0.7169,0.4817,0.3737,0.2592,0.2207,0.0961,0.1357,0.3935,0.285,0.2071,0.1875,0.1629,0.7081,0.502,0.3564,0.2543,0.2163,0.0927,0.1047,0.4012,0.308,0.2223,0.191,0.1665,0.7184,0.5065,0.372,0.2404,0.2082,0.0932,0.1262,0.3968,0.2851,0.1945,0.1564,0.1419,0.6979,0.4796,0.2938,0.195,0.1692,0.0921,0.0947,0.3853,0.2922,0.2009,0.1623,0.1423,0.6833,0.4604,0.303,0.2066,0.1684,0.0946,0.119,0.3865,0.278,0.2213,0.1642,0.1349,0.6849,0.4686,0.3171,0.2042,0.168,0.095,0.0988,0.0943,0.0924,0.0942,0.1007,0.0924,0.0941,0.0918,0.0941,0.1004,0.096,0.0983,
82950s,0.0952,0.096,0.0944,0.096,0.0966,0.0923,0.0916,0.0986,0.0948,0.0943,0.0928,0.0931,0.0962,0.386,0.2915,0.2176,0.1772,0.1565,0.7176,0.482,0.3734,0.2578,0.2218,0.0962,0.1444,0.3934,0.2857,0.2154,0.1868,0.1619,0.7083,0.5015,0.3568,0.2546,0.2145,0.0927,0.1044,0.4017,0.3055,0.2212,0.1906,0.1659,0.7187,0.5062,0.3697,0.2402,0.208,0.0931,0.1304,0.3968,0.2875,0.2035,0.1568,0.143,0.6981,0.4803,0.293,0.1946,0.1688,0.092,0.0944,0.3851,0.2937,0.2046,0.1628,0.1426,0.6834,0.4607,0.3069,0.2066,0.1707,0.0949,0.1195,0.3864,0.2796,0.2131,0.1652,0.135,0.6859,0.4689,0.3185,0.2041,0.1692,0.095,0.0992,0.0947,0.0927,0.0945,0.1011,0.0924,0.0941,0.0916,0.0941,0.1001,0.096,0.098,
83212s,0.0956,0.0964,0.0945,0.0962,0.097,0.0926,0.0918,0.0989,0.0949,0.0946,0.0929,0.0934,0.0968,0.3856,0.2917,0.2179,0.178,0.1548,0.7183,0.4811,0.3715,0.2599,0.22,0.0963,0.138,0.3936,0.2902,0.2057,0.1886,0.1637,0.7097,0.5022,0.3565,0.2534,0.214,0.093,0.1048,0.4008,0.3075,0.22,0.1876,0.1649,0.7184,0.5038,0.3685,0.242,0.208,0.0932,0.1292,0.3967,0.2857,0.2021,0.1554,0.1418,0.7001,0.4795,0.2947,0.1973,0.1693,0.0921,0.0947,0.3842,0.2863,0.2031,0.1622,0.1422,0.6842,0.4606,0.3086,0.2062,0.1708,0.0948,0.1189,0.3864,0.2782,0.2112,0.1651,0.1349,0.6872,0.469,0.3222,0.2045,0.1722,0.0952,0.0997,0.0947,0.0928,0.0946,0.1011,0.0926,0.0944,0.0917,0.0942,0.1005,0.0963,0.0983,
83475s,0.0954,0.0962,0.0945,0.0961,0.0968,0.0923,0.0918,0.0987,0.0949,0.0946,0.0927,0.0931,0.0966,0.3857,0.2922,0.22,0.1769,0.1569,0.7191,0.4827,0.3724,0.2596,0.2214,0.0962,0.136,0.3933,0.2858,0.2122,0.1874,0.1624,0.7094,0.5028,0.3569,0.2549,0.2144,0.0926,0.1048,0.4009,0.3032,0.2268,0.1924,0.1652,0.7189,0.5073,0.3711,0.2407,0.2085,0.0931,0.128,0.3968,0.2824,0.2004,0.1559,0.1423,0.7002,0.4802,0.2929,0.1966,0.1686,0.0919,0.0952,0.3849,0.2884,0.2011,0.1622,0.1417,0.6846,0.4614,0.3046,0.2064,0.1687,0.0949,0.1182,0.3862,0.2785,0.2105,0.1646,0.1341,0.6878,0.4703,0.3208,0.2039,0.169,0.095,0.0999,0.095,0.0926,0.0941,0.1008,0.0924,0.0942,0.0916,0.0941,0.1004,0.096,0.0981,
83737s,0.0957,0.0963,0.0946,0.0961,0.0968,0.0925,0.0917,0.0987,0.0948,0.0945,0.0929,0.0932,0.097,0.3863,0.2931,0.2163,0.1769,0.1576,0.72,0.4825,0.3721,0.2598,0.222,0.096,0.1419,0.3933,0.285,0.2078,0.1889,0.1651,0.7101,0.5029,0.3574,0.2538,0.2146,0.0928,0.1047,0.4008,0.3021,0.2258,0.1954,0.1658,0.7206,0.5069,0.3714,0.2412,0.2087,0.0935,0.1291,0.3966,0.2836,0.1925,0.155,0.1415,0.7016,0.4801,0.2935,0.1976,0.1683,0.092,0.095,0.3852,0.2923,0.2036,0.1626,0.1427,0.6855,0.4615,0.3094,0.2067,0.1706,0.095,0.114,0.3865,0.2774,0.2108,0.165,0.1341,0.6887,0.4698,0.3219,0.2041,0.1704,0.095,0.0998,0.0949,0.0928,0.0942,0.1008,0.0926,0.0943,0.0917,0.0941,0.1002,0.096,0.0982,
84000s,0.0951,0.0963,0.0947,0.0962,0.0967,0.0923,0.0918,0.099,0.0951,0.0944,0.0927,0.0933,0.0965,0.3856,0.2921,0.2198,0.1773,0.1568,0.7195,0.4836,0.3728,0.2607,0.2207,0.0961,0.1419,0.3941,0.2886,0.2053,0.1904,0.1651,0.7117,0.5031,0.3578,0.2538,0.214,0.0928,0.1047,0.4011,0.3048,0.2221,0.189,0.1655,0.7217,0.5075,0.3703,0.2412,0.2085,0.0931,0.1292,0.3963,0.2871,0.206,0.1562,0.1425,0.703,0.4806,0.2953,0.1977,0.1695,0.0921,0.0945,0.3855,0.2889,0.201,0.1632,0.1428,0.686,0.4621,0.3076,0.2061,0.1699,0.0948,0.1176,0.3862,0.2798,0.2154,0.1647,0.1345,0.6901,0.4701,0.3225,0.2043,0.171,0.095,0.0997,0.0946,0.0928,0.094,0.1009,0.0923,0.0943,0.0918,0.0941,0.1005,0.0961,0.0979,
84262s,0.0955,0.0962,0.0947,0.0961,0.0969,0.0924,0.0916,0.0987,0.0948,0.0944,0.0927,0.0931,0.0963,0.3854,0.2884,0.2133,0.1782,0.1553,0.7195,0.4837,0.3708,0.258,0.2224,0.096,0.135,0.3931,0.2909,0.211,0.187,0.163,0.7115,0.5041,0.3582,0.2552,0.2135,0.0927,0.1049,0.4007,0.3035,0.224,0.1881,0.1677,0.721,0.5021,0.3682,0.2426,0.2084,0.0932,0.1234,0.3966,0.2933,0.1992,0.1561,0.1421,0.7034,0.4816,0.3016,0.196,0.1708,0.0921,0.0952,0.3836,0.2988,0.2052,0.1627,0.1436,0.6872,0.4585,0.3071,0.2072,0.1732,0.095,0.1184,0.3859,0.2855,0.2166,0.1648,0.138,0.6902,0.4719,0.3223,0.2039,0.1739,0.095,0.0999,0.0952,0.0934,0.0949,0.1012,0.0926,0.0942,0.0918,0.0941,0.1004,0.0962,0.098,
84524s,0.0953,0.096,0.0942,0.0958,0.0963,0.0921,0.0915,0.0984,0.0946,0.0942,0.0926,0.0929,0.0956,0.3853,0.2911,0.2184,0.1768,0.1564,0.7207,0.484,0.3737,0.2601,0.2218,0.0962,0.141,0.3932,0.2838,0.2108,0.1862,0.1614,0.7116,0.5035,0.3585,0.2542,0.2149,0.0927,0.1041,0.4008,0.3084,0.228,0.1926,0.1659,0.7227,0.5091,0.3715,0.2414,0.2089,0.0929,0.1315,0.3963,0.2873,0.2007,0.1558,0.1421,0.7033,0.4817,0.2945,0.1964,0.1693,0.0921,0.0946,0.3852,0.2936,0.2041,0.1632,0.1433,0.6878,0.4625,0.3084,0.207,0.1694,0.0945,0.1185,0.3862,0.2791,0.2139,0.1649,0.1349,0.6906,0.4714,0.3229,0.2048,0.1697,0.0948,0.0988,0.0941,0.0927,0.0941,0.1008,0.0924,0.0942,0.0917,0.0941,0.1004,0.096,0.0981,
84787s,0.0954,0.0963,0.0946,0.0962,0.097,0.0925,0.0917,0.0986,0.0949,0.0944,0.0928,0.0932,0.0965,0.3855,0.2918,0.2188,0.1769,0.1564,0.7223,0.4844,0.3736,0.261,0.2218,0.0962,0.1387,0.393,0.2857,0.2143,0.1878,0.162,0.7122,0.5042,0.3581,0.2554,0.2144,0.0927,0.1046,0.4004,0.3025,0.2286,0.1952,0.1654,0.7236,0.5097,0.3717,0.2414,0.2094,0.0933,0.1242,0.3961,0.2849,0.1975,0.1556,0.1429,0.7055,0.4813,0.2944,0.1973,0.1683,0.0921,0.0947,0.3845,0.2873,0.2003,0.1625,0.1435,0.6897,0.4633,0.3062,0.2065,0.168,0.0947,0.1195,0.3859,0.2806,0.2181,0.1648,0.1362,0.6917,0.4706,0.3252,0.2049,0.1695,0.0951,0.098,0.0936,0.0922,0.0937,0.1007,0.0923,0.0943,0.0916,0.0941,0.1004,0.0962,0.0984,
85049s,0.0951,0.0962,0.0947,0.0962,0.0968,0.0923,0.0917,0.0989,0.0949,0.0944,0.0927,0.0933,0.0962,0.3854,0.2914,0.2173,0.1774,0.1564,0.7234,0.4831,0.3716,0.2591,0.2206,0.0961,0.1418,0.3931,0.2901,0.2057,0.1893,0.1651,0.712,0.5047,0.3586,0.2552,0.2141,0.0927,0.104,0.3996,0.3102,0.2256,0.1895,0.1671,0.7237,0.5072,0.3695,0.2431,0.2083,0.0933,0.1258,0.396,0.2899,0.1963,0.1551,0.1419,0.7061,0.4824,0.2974,0.1981,0.172,0.092,0.0946,0.3843,0.2894,0.1996,0.1625,0.142,0.6899,0.4625,0.3037,0.207,0.1705,0.0948,0.1137,0.3858,0.2807,0.2166,0.164,0.1353,0.692,0.4713,0.3226,0.2052,0.1746,0.0951,0.099,0.0941,0.0923,0.0941,0.1007,0.0923,0.0941,0.0916,0.0942,0.1005,0.0961,0.098,
85312s,0.0957,0.0962,0.0944,0.096,0.0967,0.0924,0.0917,0.0985,0.0947,0.0944,0.0927,0.0932,0.0959,0.3853,0.2902,0.2186,0.1771,0.1548,0.7227,0.4853,0.375,0.261,0.2224,0.096,0.1382,0.3927,0.2827,0.2124,0.1862,0.1622,0.7127,0.505,0.3585,0.256,0.2148,0.0928,0.1045,0.4007,0.306,0.2211,0.1904,0.1674,0.7244,0.5108,0.3725,0.2416,0.2095,0.0934,0.1357,0.3963,0.2889,0.2026,0.1562,0.1428,0.7064,0.4818,0.295,0.1954,0.1696,0.0921,0.0946,0.3845,0.2936,0.2036,0.1636,0.1438,0.6904,0.4634,0.3076,0.2077,0.1701,0.0949,0.1173,0.3852,0.2772,0.227,0.1644,0.1364,0.6935,0.4717,0.3248,0.2058,0.1697,0.095,0.0978,0.0943,0.0927,0.0944,0.101,0.0927,0.0943,0.0919,0.094,0.1003,0.0963,0.098,
85574s,0.0952,0.0961,0.0946,0.0962,0.0968,0.0923,0.0917,0.0987,0.0948,0.0943,0.0929,0.0931,0.0963,0.3857,0.2919,0.22,0.1772,0.1568,0.7232,0.4846,0.3731,0.2598,0.2208,0.0962,0.1434,0.3923,0.2842,0.2111,0.1865,0.1629,0.7135,0.5052,0.3591,0.2553,0.2143,0.0929,0.1048,0.4003,0.3016,0.2252,0.1905,0.1658,0.7246,0.5099,0.3706,0.2428,0.2094,0.0933,0.1286,0.3958,0.2849,0.2002,0.1553,0.1423,0.707,0.4828,0.2953,0.1983,0.1704,0.0921,0.0949,0.384,0.2908,0.2032,0.1627,0.143,0.6906,0.4638,0.3079,0.2064,0.1702,0.0948,0.1183,0.3853,0.278,0.2108,0.1659,0.1347,0.6948,0.4712,0.3238,0.2055,0.1734,0.095,0.0987,0.0941,0.0924,0.0938,0.1007,0.0924,0.0942,0.0917,0.094,0.1003,0.0961,0.0979,
85837s,0.0954,0.096,0.0943,0.096,0.0967,0.0922,0.0917,0.0988,0.0949,0.0943,0.0928,0.0931,0.0962,0.3844,0.2908,0.2184,0.1781,0.1552,0.724,0.4856,0.3735,0.2602,0.2201,0.096,0.1339,0.3927,0.2839,0.2119,0.187,0.1617,0.714,0.5055,0.3586,0.256,0.2143,0.0929,0.1046,0.4002,0.3052,0.2242,0.1905,0.1666,0.7255,0.5098,0.3703,0.2435,0.2095,0.0932,0.1325,0.396,0.2851,0.1987,0.1561,0.1428,0.7081,0.4825,0.2991,0.1983,0.1707,0.0922,0.0947,0.384,0.2861,0.2007,0.1631,0.1438,0.6912,0.4638,0.3046,0.2063,0.1699,0.0947,0.1139,0.385,0.2811,0.2185,0.1642,0.1358,0.6947,0.4727,0.3252,0.2061,0.1733,0.095,0.099,0.0944,0.0926,0.0941,0.1009,0.0923,0.0943,0.0916,0.0939,0.1004,0.0961,0.098,
86099s,0.0954,0.0962,0.0944,0.0956,0.0966,0.0926,0.0918,0.0989,0.0947,0.0942,0.0928,0.0932,0.0975,0.3848,0.2887,0.2168,0.1779,0.1549,0.7238,0.4835,0.371,0.2629,0.2202,0.0963,0.1345,0.3926,0.2904,0.2126,0.1889,0.1658,0.7156,0.5065,0.359,0.2557,0.2155,0.0926,0.104,0.4001,0.3078,0.2257,0.1875,0.1686,0.7243,0.5052,0.3671,0.244,0.2085,0.0932,0.1244,0.3964,0.2942,0.2036,0.1565,0.1439,0.7097,0.4839,0.3024,0.1981,0.172,0.092,0.0957,0.3833,0.2971,0.2046,0.1628,0.144,0.6916,0.4604,0.3079,0.2075,0.1728,0.0946,0.1178,0.3855,0.2882,0.2234,0.1652,0.1365,0.6968,0.4743,0.3248,0.2031,0.1746,0.0949,0.099,0.0942,0.0922,0.094,0.1009,0.0923,0.0944,0.0917,0.094,0.1004,0.0961,0.0983,
86362s,0.0954,0.0963,0.0945,0.0962,0.0968,0.0923,0.0917,0.0987,0.0948,0.0943,0.0926,0.093,0.0958,0.3845,0.2878,0.2228,0.1789,0.1551,0.7261,0.4868,0.3748,0.2613,0.2217,0.0962,0.1357,0.3925,0.2843,0.2135,0.1872,0.1631,0.7151,0.5065,0.3593,0.2558,0.2143,0.0927,0.1042,0.4002,0.3052,0.2312,0.1945,0.1653,0.7265,0.5115,0.3722,0.243,0.2094,0.0932,0.1288,0.3958,0.2815,0.1936,0.1563,0.1439,0.709,0.4835,0.2983,0.1977,0.1697,0.092,0.0942,0.3839,0.293,0.2024,0.163,0.1443,0.6926,0.4637,0.3079,0.2067,0.1692,0.0949,0.1187,0.3849,0.2794,0.2202,0.1642,0.1357,0.6966,0.4735,0.3257,0.206,0.1713,0.0949,0.0978,0.0937,0.092,0.0938,0.1008,0.0924,0.0939,0.0917,0.0941,0.1004,0.096,0.0983,
86624s,0.0949,0.096,0.0946,0.096,0.0966,0.0923,0.0917,0.0989,0.0947,0.0945,0.0927,0.0932,0.0962,0.3847,0.291,0.2205,0.1776,0.1572,0.7271,0.4867,0.3747,0.261,0.2222,0.0964,0.1389,0.3923,0.2847,0.2106,0.1883,0.1649,0.7155,0.5068,0.359,0.2558,0.2153,0.0928,0.1043,0.4001,0.3044,0.2302,0.1973,0.1647,0.728,0.512,0.3722,0.2436,0.2087,0.0932,0.1272,0.3965,0.2905,0.22,0.1574,0.1448,0.7108,0.4836,0.3016,0.198,0.1697,0.092,0.0957,0.3844,0.2917,0.2042,0.1629,0.1439,0.6937,0.4648,0.3078,0.2076,0.1698,0.0949,0.1172,0.3849,0.2767,0.211,0.165,0.1358,0.6967,0.4738,0.3239,0.2058,0.1721,0.0951,0.0993,0.0945,0.0923,0.0939,0.1006,0.0923,0.0941,0.0915,0.0939,0.1002,0.096,0.0981,
86887s,0.0955,0.0961,0.0946,0.096,0.0968,0.0923,0.0917,0.0988,0.0948,0.0944,0.0927,0.0932,0.0964,0.3847,0.2905,0.2202,0.1772,0.1576,0.7272,0.4869,0.3735,0.2599,0.2221,0.0963,0.1384,0.3923,0.2846,0.2185,0.1867,0.1624,0.7168,0.5072,0.3596,0.2566,0.215,0.0926,0.1045,0.4001,0.3024,0.2265,0.1944,0.1659,0.7289,0.5108,0.3706,0.2441,0.2092,0.0931,0.1293,0.3958,0.2895,0.2124,0.1558,0.1435,0.7103,0.4843,0.2994,0.199,0.1724,0.0921,0.0949,0.3838,0.2866,0.2011,0.1629,0.1444,0.694,0.465,0.3107,0.207,0.1712,0.0946,0.1122,0.3843,0.2802,0.2171,0.1642,0.1353,0.6974,0.4743,0.3252,0.2055,0.1713,0.095,0.0995,0.095,0.0928,0.0942,0.1011,0.0925,0.0943,0.0918,0.094,0.1005,0.096,0.098,
87149s,0.0951,0.0964,0.0947,0.0961,0.0969,0.0926,0.0918,0.0988,0.0949,0.0943,0.0928,0.0932,0.0966,0.3856,0.2899,0.2095,0.1793,0.1572,0.7265,0.4847,0.3724,0.2588,0.2234,0.0961,0.1299,0.392,0.2869,0.2101,0.1869,0.1655,0.7174,0.5076,0.36,0.2559,0.2153,0.0927,0.1042,0.4004,0.3105,0.2257,0.1902,0.1669,0.7281,0.5117,0.3727,0.2458,0.2093,0.0931,0.1294,0.396,0.2928,0.1959,0.1552,0.1434,0.7111,0.4841,0.3019,0.1988,0.1725,0.092,0.0941,0.383,0.287,0.2013,0.1619,0.1431,0.6942,0.4641,0.3064,0.2076,0.1706,0.0948,0.1174,0.3853,0.2809,0.2094,0.1653,0.1355,0.6989,0.4748,0.326,0.2063,0.1742,0.095,0.0986,0.0943,0.0929,0.094,0.1007,0.0924,0.0942,0.0917,0.0941,0.1002,0.096,0.098,
87412s,0.0963,0.0957,0.0943,0.096,0.0964,0.0921,0.0916,0.0987,0.0947,0.0943,0.0925,0.0932,0.096,0.3846,0.2893,0.2186,0.1774,0.1566,0.7283,0.4871,0.3743,0.2607,0.221,0.096,0.1398,0.392,0.2843,0.2092,0.1872,0.1641,0.7174,0.5084,0.36,0.2553,0.215,0.0927,0.1049,0.3996,0.3044,0.2278,0.1944,0.166,0.73,0.5108,0.3706,0.2457,0.2096,0.0932,0.1319,0.3956,0.2889,0.2151,0.1566,0.1445,0.7108,0.4849,0.3018,0.199,0.1708,0.0919,0.0945,0.3834,0.2895,0.2053,0.1631,0.1434,0.6953,0.4656,0.3117,0.2075,0.1705,0.0948,0.1186,0.3848,0.2775,0.2128,0.1649,0.1362,0.6989,0.4749,0.3254,0.2059,0.1729,0.095,0.0988,0.0945,0.0924,0.0938,0.1008,0.0922,0.0941,0.0917,0.0941,0.1004,0.0961,0.0983,
87674s,0.0955,0.0959,0.0945,0.0962,0.0965,0.0921,0.0916,0.0986,0.0948,0.0943,0.0927,0.0931,0.0961,0.3854,0.2905,0.2183,0.1766,0.1573,0.7291,0.4868,0.3744,0.2637,0.2208,0.0964,0.1422,0.392,0.2838,0.2065,0.1892,0.166,0.7183,0.5089,0.3598,0.255,0.2154,0.0928,0.1047,0.4001,0.308,0.2264,0.192,0.1666,0.7304,0.5126,0.371,0.2463,0.2097,0.0931,0.1323,0.3952,0.2881,0.2005,0.1555,0.1438,0.7121,0.485,0.3019,0.1992,0.1721,0.092,0.0941,0.3833,0.2909,0.2031,0.1635,0.144,0.6964,0.4651,0.313,0.2072,0.1714,0.0949,0.1145,0.3846,0.2806,0.2192,0.1639,0.1358,0.7006,0.4754,0.326,0.2063,0.1742,0.0951,0.0992,0.0941,0.0925,0.0938,0.1005,0.0922,0.0941,0.0916,0.0939,0.1003,0.0959,0.0985,
87937s,0.0953,0.0961,0.0945,0.0961,0.0969,0.0925,0.0918,0.0989,0.0948,0.0943,0.0927,0.0933,0.0966,0.3844,0.2878,0.2111,0.1791,0.1566,0.7288,0.4867,0.3723,0.2636,0.2239,0.0962,0.1374,0.392,0.2915,0.2132,0.1879,0.1659,0.7193,0.5094,0.3605,0.2565,0.2164,0.0929,0.1048,0.3989,0.3096,0.2251,0.1927,0.168,0.7305,0.5107,0.3698,0.2462,0.2094,0.0932,0.1276,0.3952,0.2849,0.1955,0.1557,0.1437,0.7135,0.4855,0.3003,0.1975,0.1721,0.092,0.0944,0.3826,0.2964,0.2005,0.1623,0.1441,0.6977,0.4633,0.3082,0.2087,0.1734,0.0948,0.1175,0.3847,0.2829,0.2121,0.1639,0.1364,0.701,0.4764,0.3272,0.2054,0.1751,0.0951,0.0983,0.094,0.0923,0.094,0.1008,0.0922,0.0941,0.0917,0.0942,0.1004,0.0962,0.0983,
88199s,0.095,0.0963,0.0946,0.0962,0.0968,0.0926,0.0917,0.0989,0.0948,0.0944,0.0927,0.093,0.0961,0.3839,0.2904,0.2201,0.1773,0.157,0.73,0.4886,0.3755,0.2647,0.2213,0.0964,0.1395,0.3914,0.2828,0.211,0.1874,0.1635,0.7194,0.5102,0.3597,0.2563,0.2153,0.0928,0.1037,0.3997,0.3013,0.2298,0.1932,0.1651,0.7315,0.5138,0.372,0.2473,0.2094,0.0931,0.1341,0.3958,0.2851,0.1994,0.1555,0.1434,0.7143,0.4853,0.3019,0.1994,0.171,0.092,0.0948,0.3838,0.2865,0.2002,0.1627,0.1431,0.698,0.4661,0.3095,0.207,0.1701,0.0948,0.1159,0.3845,0.2804,0.2189,0.1642,0.1361,0.7009,0.4761,0.3273,0.2067,0.1726,0.095,0.0983,0.0938,0.0924,0.094,0.1008,0.0923,0.0942,0.0916,0.0939,0.1003,0.0962,0.098,
88462s,0.0954,0.0958,0.0943,0.0959,0.0965,0.0921,0.0915,0.0985,0.0947,0.0944,0.0926,0.0931,0.096,0.3841,0.2899,0.22,0.1773,0.1571,0.7308,0.4889,0.3752,0.265,0.2212,0.0962,0.1342,0.3915,0.2822,0.211,0.1868,0.1627,0.7192,0.51,0.361,0.2565,0.2155,0.0925,0.1047,0.4001,0.3035,0.2267,0.1919,0.1656,0.7324,0.5137,0.3717,0.2469,0.2097,0.0931,0.1259,0.3957,0.2854,0.1978,0.156,0.1439,0.7145,0.4859,0.3015,0.1988,0.171,0.0922,0.0951,0.3832,0.2871,0.2013,0.1633,0.1435,0.6978,0.4662,0.3127,0.2073,0.1706,0.0951,0.1174,0.3841,0.2821,0.223,0.1643,0.1372,0.7017,0.4753,0.3267,0.2073,0.1731,0.095,0.0993,0.0951,0.0933,0.0947,0.1011,0.0927,0.0943,0.0919,0.0942,0.1003,0.0963,0.0979,
88724s,0.0953,0.0961,0.0945,0.0964,0.0968,0.0925,0.0916,0.0986,0.0948,0.0945,0.0926,0.0932,0.0961,0.3847,0.2904,0.2189,0.1771,0.1575,0.732,0.4888,0.3751,0.2663,0.2215,0.0961,0.1353,0.3915,0.2805,0.2087,0.1879,0.1659,0.7193,0.5094,0.3609,0.2556,0.216,0.0928,0.1044,0.4004,0.3009,0.2304,0.1947,0.1655,0.7324,0.5134,0.3706,0.2479,0.2095,0.0932,0.1374,0.3955,0.2861,0.2074,0.1569,0.145,0.7149,0.4858,0.3033,0.1992,0.1708,0.0921,0.0943,0.3832,0.2901,0.2038,0.1627,0.1436,0.6989,0.4666,0.3129,0.2076,0.1716,0.0947,0.1168,0.3841,0.2809,0.2174,0.1641,0.1368,0.7027,0.4755,0.3265,0.2069,0.1737,0.095,0.0981,0.0933,0.0918,0.0935,0.1005,0.0923,0.0939,0.0915,0.094,0.1003,0.096,0.0982,
88987s,0.0953,0.0964,0.0948,0.0963,0.0969,0.0925,0.0919,0.0989,0.095,0.0944,0.0928,0.0933,0.0966,0.3838,0.2877,0.2172,0.1779,0.1561,0.7315,0.4885,0.3736,0.2646,0.2227,0.0961,0.139,0.392,0.2881,0.206,0.1883,0.1667,0.7213,0.5099,0.3607,0.2562,0.217,0.0928,0.1052,0.3992,0.3098,0.2262,0.1905,0.1683,0.7326,0.5139,0.3706,0.2471,0.2101,0.0932,0.1257,0.3953,0.2885,0.2038,0.1563,0.1442,0.7159,0.4869,0.2982,0.198,0.1734,0.0921,0.0949,0.3825,0.2935,0.2012,0.1624,0.1444,0.7,0.4656,0.3125,0.2086,0.1734,0.0949,0.1154,0.3847,0.2823,0.2144,0.1637,0.1364,0.7036,0.4762,0.3276,0.2058,0.1752,0.0951,0.0981,0.0937,0.092,0.0939,0.1006,0.0923,0.0942,0.0916,0.0941,0.1003,0.096,0.0984,
89249s,0.0956,0.0957,0.0943,0.0957,0.0965,0.0923,0.0916,0.0986,0.0949,0.0944,0.0929,0.0931,0.0957,0.3837,0.2895,0.217,0.1767,0.1573,0.7331,0.4903,0.3763,0.2659,0.2234,0.096,0.1381,0.3913,0.2843,0.2084,0.1883,0.1664,0.7218,0.5104,0.3608,0.2565,0.2165,0.0927,0.1045,0.4001,0.3032,0.2306,0.1927,0.1663,0.733,0.5134,0.3713,0.2479,0.2103,0.0934,0.1339,0.3951,0.2846,0.2031,0.1563,0.1449,0.7165,0.4866,0.3026,0.1994,0.1728,0.0921,0.0949,0.383,0.2858,0.2006,0.1629,0.1439,0.7004,0.4671,0.3122,0.2076,0.171,0.095,0.1212,0.3841,0.278,0.2248,0.1637,0.1359,0.705,0.4769,0.3274,0.2071,0.1717,0.0951,0.0991,0.0943,0.0925,0.0939,0.1009,0.0922,0.0944,0.0917,0.0941,0.1003,0.0961,0.0982,
89512s,0.096,0.096,0.0946,0.0961,0.0964,0.0921,0.0915,0.0989,0.0947,0.0943,0.0927,0.0932,0.0965,0.3848,0.2905,0.2178,0.1773,0.1567,0.7333,0.4892,0.3746,0.2636,0.2214,0.0964,0.1371,0.3912,0.2823,0.2098,0.1875,0.1647,0.7216,0.5105,0.361,0.2579,0.2167,0.0928,0.1051,0.3995,0.3096,0.2265,0.1901,0.1668,0.7333,0.5152,0.3717,0.2476,0.2104,0.093,0.1353,0.3949,0.2875,0.2009,0.1561,0.1438,0.717,0.4865,0.3031,0.1994,0.1725,0.0921,0.0949,0.3823,0.2855,0.1996,0.1615,0.1432,0.7009,0.4676,0.3136,0.2084,0.1714,0.095,0.1147,0.3841,0.2788,0.2125,0.1647,0.1354,0.7054,0.477,0.3286,0.2074,0.1762,0.0951,0.0986,0.0942,0.0924,0.0941,0.1008,0.0922,0.0942,0.0915,0.0938,0.1001,0.096,0.0982,
89774s,0.0948,0.0963,0.0945,0.096,0.097,0.0926,0.0921,0.0991,0.0949,0.0944,0.0928,0.0934,0.0967,0.3841,0.287,0.2158,0.1779,0.156,0.7337,0.489,0.3729,0.265,0.2236,0.0958,0.1357,0.3913,0.2881,0.2085,0.1875,0.1652,0.7239,0.511,0.362,0.2586,0.217,0.0927,0.1048,0.3999,0.3115,0.226,0.1921,0.1678,0.734,0.5141,0.3696,0.2482,0.2112,0.0931,0.1282,0.3955,0.2895,0.2076,0.1563,0.1437,0.7176,0.4867,0.3042,0.1986,0.1727,0.0921,0.0949,0.3826,0.2907,0.2,0.1619,0.1434,0.7012,0.4673,0.3165,0.2083,0.1729,0.0947,0.1193,0.384,0.2797,0.2104,0.1652,0.1357,0.7065,0.4775,0.3279,0.2071,0.1756,0.0951,0.0997,0.095,0.0928,0.0941,0.1009,0.0925,0.0941,0.0917,0.094,0.1004,0.096,0.0981,
90037s,0.0953,0.0964,0.0945,0.096,0.0969,0.0926,0.0919,0.0986,0.0948,0.0946,0.0927,0.0932,0.0964,0.3845,0.2877,0.2144,0.1781,0.1562,0.7337,0.4888,0.3735,0.2644,0.2239,0.0962,0.1325,0.3911,0.2877,0.2126,0.1864,0.1645,0.7237,0.5119,0.3621,0.259,0.2168,0.0927,0.1049,0.3993,0.3078,0.2292,0.1953,0.1683,0.7339,0.5135,0.3698,0.2491,0.2099,0.093,0.1307,0.3958,0.2927,0.1997,0.1554,0.1444,0.7191,0.4884,0.3032,0.198,0.1734,0.092,0.0943,0.3826,0.2848,0.2003,0.1624,0.144,0.7012,0.4662,0.3125,0.2097,0.1724,0.0948,0.1179,0.384,0.2845,0.2192,0.1644,0.1362,0.7066,0.479,0.3284,0.2057,0.1763,0.095,0.0989,0.0941,0.0923,0.0939,0.1008,0.0921,0.0939,0.0916,0.0941,0.1004,0.0962,0.0982,
90299s,0.095,0.096,0.0943,0.0963,0.0967,0.0922,0.0916,0.0987,0.0948,0.0942,0.0925,0.0931,0.0963,0.3836,0.2899,0.2203,0.1775,0.1577,0.7346,0.4914,0.3756,0.2668,0.2221,0.0962,0.1367,0.391,0.2805,0.2095,0.1865,0.1631,0.7242,0.5114,0.3615,0.2594,0.2164,0.0927,0.1048,0.3996,0.3078,0.2262,0.1915,0.1674,0.7359,0.5165,0.3726,0.2489,0.2118,0.093,0.1285,0.3951,0.2868,0.2084,0.1563,0.1454,0.7195,0.4878,0.3037,0.1993,0.1723,0.0919,0.0947,0.3823,0.2861,0.1999,0.1618,0.1433,0.703,0.4684,0.3139,0.2076,0.1711,0.0946,0.1177,0.3839,0.2793,0.2152,0.1649,0.1358,0.7071,0.4774,0.3278,0.2072,0.1745,0.0949,0.0985,0.0938,0.0922,0.0939,0.1007,0.0922,0.0943,0.0914,0.094,0.1003,0.096,0.0982,
90562s,0.0957,0.0957,0.0942,0.0957,0.0964,0.092,0.0915,0.0984,0.0946,0.0943,0.0928,0.0931,0.096,0.3835,0.2895,0.2174,0.1767,0.158,0.7351,0.4914,0.3757,0.2661,0.2236,0.0961,0.1358,0.391,0.2812,0.2112,0.1866,0.1639,0.7243,0.5117,0.3616,0.2596,0.217,0.0926,0.1045,0.3994,0.305,0.2271,0.196,0.1667,0.7366,0.5172,0.3725,0.2494,0.2113,0.0931,0.1345,0.3945,0.2864,0.2017,0.1557,0.1445,0.719,0.4881,0.3039,0.1996,0.1724,0.0921,0.0953,0.3825,0.2907,0.2046,0.1633,0.1445,0.7045,0.4679,0.318,0.208,0.1719,0.0946,0.118,0.3831,0.2765,0.2145,0.1642,0.1358,0.7073,0.4789,0.3287,0.2079,0.1757,0.095,0.0986,0.0942,0.0922,0.0937,0.1008,0.0922,0.094,0.0916,0.0938,0.1002,0.0959,0.098,
90824s,0.0949,0.0965,0.0947,0.0964,0.097,0.0927,0.0918,0.099,0.0949,0.0943,0.0927,0.0933,0.0965,0.3839,0.2874,0.2166,0.1776,0.157,0.7358,0.4896,0.3728,0.2646,0.2239,0.0964,0.1417,0.3912,0.2879,0.2107,0.187,0.1642,0.7246,0.5129,0.3623,0.2614,0.2165,0.0926,0.1044,0.3996,0.3041,0.2266,0.1905,0.1691,0.7359,0.5158,0.3707,0.2502,0.2112,0.0932,0.1328,0.395,0.2923,0.1986,0.1553,0.1452,0.7204,0.4878,0.3026,0.1987,0.1732,0.0921,0.0953,0.3822,0.294,0.2058,0.1627,0.1446,0.7035,0.4671,0.3202,0.2085,0.1744,0.0948,0.1131,0.3838,0.2825,0.2181,0.1645,0.1431,0.7077,0.4786,0.3292,0.2063,0.176,0.095,0.0986,0.0936,0.092,0.0939,0.1006,0.0921,0.0939,0.0915,0.0939,0.1002,0.096,0.0978,
91086s,0.0959,0.096,0.0944,0.0959,0.0967,0.0924,0.0916,0.0986,0.0946,0.0941,0.0926,0.093,0.0964,0.384,0.2904,0.2159,0.1771,0.1584,0.7373,0.4927,0.3774,0.267,0.2244,0.0959,0.1337,0.3909,0.2805,0.2087,0.1867,0.1644,0.7245,0.5119,0.362,0.26,0.2168,0.0925,0.1046,0.4,0.3002,0.2314,0.1949,0.166,0.7374,0.5177,0.3736,0.2515,0.2116,0.0931,0.1318,0.3952,0.2877,0.2119,0.157,0.1463,0.7201,0.4884,0.3056,0.1995,0.172,0.0919,0.0945,0.3823,0.2867,0.1993,0.1628,0.1437,0.7043,0.4686,0.3141,0.208,0.17,0.0946,0.117,0.3832,0.2779,0.2149,0.1643,0.1363,0.7087,0.4791,0.3279,0.2074,0.174,0.0949,0.0982,0.0937,0.0923,0.0938,0.1007,0.0922,0.094,0.0918,0.094,0.1002,0.0959,0.0981,
91349s,0.0952,0.0959,0.0945,0.096,0.0966,0.0921,0.0916,0.0986,0.0948,0.0944,0.0928,0.0933,0.0962,0.3828,0.2887,0.218,0.1787,0.1566,0.7371,0.4924,0.376,0.267,0.2239,0.096,0.1389,0.3904,0.2812,0.209,0.1862,0.1644,0.7255,0.5132,0.3627,0.26,0.2175,0.0926,0.1046,0.3997,0.3101,0.2256,0.1896,0.1687,0.7376,0.5168,0.3717,0.2489,0.2111,0.093,0.1344,0.3951,0.2862,0.2097,0.1561,0.145,0.7218,0.4881,0.304,0.1987,0.1734,0.092,0.0946,0.3818,0.2852,0.2005,0.1625,0.1435,0.7057,0.4688,0.3179,0.2091,0.1731,0.0949,0.1198,0.3835,0.28,0.2235,0.1643,0.1363,0.7095,0.4798,0.3273,0.2075,0.1755,0.0951,0.0989,0.0942,0.0924,0.0939,0.1007,0.0924,0.0942,0.0915,0.0939,0.1004,0.0962,0.0979,
91612s,0.0952,0.0964,0.0947,0.0962,0.0968,0.0925,0.0917,0.0988,0.095,0.0946,0.0929,0.0933,0.0968,0.3838,0.2887,0.2178,0.1775,0.157,0.7372,0.4925,0.3755,0.267,0.2239,0.0963,0.1334,0.3905,0.2838,0.2079,0.1881,0.166,0.7266,0.5135,0.3627,0.262,0.2177,0.0927,0.1043,0.3992,0.3039,0.2277,0.2,0.1665,0.738,0.5182,0.3727,0.2514,0.2109,0.0932,0.1294,0.3944,0.291,0.2016,0.1566,0.1451,0.7214,0.4886,0.3046,0.1988,0.1725,0.0921,0.0951,0.3815,0.2877,0.2042,0.1626,0.1447,0.7057,0.4694,0.3209,0.2087,0.1737,0.0946,0.1238,0.3833,0.2791,0.2169,0.1643,0.1367,0.7102,0.4804,0.3295,0.2082,0.1763,0.0951,0.0987,0.0942,0.0922,0.0938,0.1007,0.0925,0.0942,0.0917,0.0938,0.1002,0.096,0.0981,
91874s,0.0953,0.0957,0.0941,0.0959,0.0966,0.0921,0.0917,0.0988,0.0947,0.0942,0.0928,0.0932,0.0972,0.3836,0.2882,0.2165,0.1776,0.159,0.738,0.4928,0.3742,0.2662,0.2247,0.0961,0.1353,0.3902,0.2858,0.2063,0.1867,0.1665,0.7275,0.5143,0.363,0.2611,0.2172,0.0926,0.1048,0.3997,0.3057,0.2238,0.1871,0.1709,0.7383,0.5165,0.3698,0.2509,0.2118,0.093,0.1283,0.3945,0.2901,0.1977,0.1547,0.1444,0.722,0.4885,0.3035,0.1985,0.1731,0.092,0.0948,0.3815,0.2867,0.203,0.1616,0.1437,0.7054,0.4679,0.3193,0.2088,0.1726,0.0949,0.1159,0.3834,0.2867,0.212,0.165,0.1365,0.7113,0.4813,0.3289,0.2077,0.1761,0.0949,0.0996,0.0943,0.0925,0.0941,0.1006,0.0923,0.0941,0.0916,0.094,0.1002,0.096,0.0985,
92137s,0.0957,0.0961,0.0944,0.0962,0.0968,0.0923,0.0917,0.0985,0.0949,0.0944,0.0928,0.0931,0.0965,0.383,0.2891,0.2193,0.1785,0.1579,0.7387,0.4934,0.378,0.2681,0.2242,0.0963,0.1338,0.3901,0.2812,0.2075,0.1875,0.1654,0.7275,0.5135,0.3626,0.2613,0.2174,0.0928,0.1047,0.3992,0.3082,0.2243,0.191,0.1676,0.7388,0.519,0.373,0.2502,0.2128,0.0931,0.1301,0.3949,0.2842,0.2121,0.1565,0.1463,0.7229,0.4884,0.3066,0.1995,0.1728,0.092,0.0947,0.382,0.2879,0.1994,0.1618,0.1445,0.7066,0.47,0.3186,0.2088,0.1724,0.0947,0.1188,0.3829,0.2772,0.2071,0.1662,0.1357,0.7119,0.4811,0.3272,0.2083,0.1761,0.0951,0.0981,0.0936,0.0922,0.0938,0.1005,0.0924,0.0942,0.0916,0.094,0.1002,0.0961,0.0979,
92399s,0.0952,0.0962,0.0947,0.0963,0.0968,0.0924,0.0916,0.0988,0.0949,0.0943,0.0926,0.0932,0.0961,0.383,0.2882,0.22,0.1777,0.1573,0.7389,0.4942,0.3762,0.2676,0.2243,0.0961,0.1361,0.3907,0.2811,0.2082,0.1878,0.1657,0.7283,0.5145,0.3637,0.2622,0.2178,0.0928,0.1047,0.3995,0.3052,0.2274,0.1971,0.1666,0.74,0.5203,0.3735,0.2523,0.2113,0.0932,0.1285,0.3949,0.2864,0.2066,0.1568,0.1464,0.7237,0.49,0.3065,0.1999,0.1729,0.0919,0.0947,0.382,0.2886,0.1999,0.1624,0.1446,0.7065,0.4699,0.3208,0.2089,0.1731,0.0948,0.1158,0.3833,0.2807,0.2102,0.1651,0.1363,0.7114,0.4817,0.3277,0.2084,0.1758,0.095,0.0988,0.0943,0.0922,0.0941,0.1007,0.0925,0.0941,0.0916,0.094,0.1002,0.0959,0.0983,
92662s,0.0954,0.0962,0.0945,0.096,0.0967,0.0925,0.0917,0.0987,0.0947,0.0944,0.0928,0.0931,0.0956,0.3828,0.287,0.2229,0.1798,0.1561,0.7392,0.4943,0.3792,0.2695,0.2234,0.096,0.1418,0.3906,0.2831,0.208,0.1863,0.1643,0.7284,0.5153,0.3635,0.2636,0.2173,0.0927,0.1045,0.3999,0.3043,0.2215,0.1907,0.1683,0.7414,0.5204,0.3739,0.2508,0.2143,0.0931,0.1325,0.3947,0.2883,0.2079,0.1563,0.1473,0.7234,0.4907,0.3052,0.2004,0.1723,0.0919,0.095,0.3814,0.2854,0.2014,0.1626,0.1447,0.7069,0.4702,0.3197,0.209,0.1725,0.0948,0.119,0.3831,0.2786,0.2252,0.1648,0.1366,0.7125,0.4823,0.3294,0.2083,0.1756,0.0949,0.0996,0.0946,0.0928,0.0943,0.1011,0.0924,0.0942,0.0917,0.094,0.1003,0.096,0.0978,
92924s,0.0954,0.0964,0.0944,0.0959,0.0968,0.0921,0.0917,0.0987,0.0949,0.0944,0.0927,0.0933,0.0963,0.3837,0.2866,0.2161,0.1782,0.1559,0.7405,0.4933,0.375,0.2669,0.2247,0.0961,0.1317,0.3901,0.2857,0.2089,0.1862,0.166,0.7291,0.5151,0.3636,0.2653,0.2176,0.093,0.1042,0.4,0.3034,0.2255,0.1913,0.1697,0.7398,0.5208,0.3712,0.25,0.2129,0.0932,0.1301,0.3947,0.2919,0.2022,0.1557,0.1458,0.7252,0.4899,0.3054,0.1992,0.1722,0.0921,0.0949,0.3817,0.2938,0.2005,0.1624,0.1441,0.7066,0.4705,0.3165,0.2087,0.1724,0.0948,0.1173,0.3836,0.2842,0.2115,0.1648,0.1365,0.7136,0.4828,0.329,0.2069,0.1759,0.0952,0.0985,0.0939,0.0923,0.0942,0.1009,0.0923,0.0941,0.0916,0.094,0.1004,0.096,0.0983,
93187s,0.0955,0.0959,0.0945,0.0959,0.0968,0.0922,0.0918,0.0985,0.0948,0.0943,0.0927,0.0931,0.096,0.3831,0.2878,0.2172,0.1774,0.1575,0.7404,0.494,0.3752,0.2671,0.225,0.0961,0.1344,0.3898,0.282,0.2062,0.1869,0.1646,0.7293,0.5154,0.3638,0.2633,0.2178,0.0929,0.1047,0.3994,0.3078,0.2253,0.1957,0.1681,0.7409,0.5198,0.3729,0.2514,0.2125,0.0931,0.129,0.3945,0.2907,0.1943,0.1553,0.1451,0.7251,0.4908,0.3056,0.1988,0.1727,0.092,0.0955,0.3818,0.289,0.2041,0.1628,0.1443,0.7084,0.47,0.3188,0.2097,0.1737,0.0949,0.1166,0.3832,0.282,0.2404,0.165,0.1371,0.7146,0.4828,0.3305,0.2077,0.1772,0.0949,0.0993,0.0942,0.0922,0.0939,0.1005,0.0922,0.0941,0.0915,0.0939,0.1002,0.0958,0.0982,
93449s,0.0952,0.0961,0.0947,0.0961,0.0967,0.0922,0.0919,0.0987,0.0949,0.0942,0.0929,0.0932,0.0961,0.3832,0.2881,0.2164,0.1773,0.1569,0.741,0.4945,0.3759,0.2673,0.2246,0.096,0.1386,0.3904,0.2836,0.2077,0.1862,0.1643,0.7308,0.5153,0.3639,0.264,0.2176,0.0929,0.1039,0.3988,0.3054,0.2251,0.1979,0.1662,0.7415,0.52,0.3728,0.2508,0.2122,0.0934,0.1284,0.3943,0.2893,0.2111,0.1556,0.1458,0.7255,0.49,0.3052,0.2,0.1731,0.0921,0.0953,0.3813,0.2861,0.2052,0.1621,0.1445,0.7091,0.4704,0.3211,0.2094,0.1743,0.0947,0.1209,0.3827,0.28,0.2303,0.164,0.1366,0.7148,0.4822,0.3304,0.208,0.1781,0.0951,0.0992,0.094,0.0923,0.0938,0.1005,0.0922,0.0941,0.0918,0.094,0.1002,0.0961,0.098,
93712s,0.0956,0.096,0.0943,0.0961,0.0967,0.0922,0.0916,0.0987,0.0947,0.0943,0.0926,0.0932,0.0966,0.3814,0.2865,0.2155,0.1772,0.1566,0.7416,0.4941,0.3752,0.2665,0.2242,0.0961,0.1428,0.3896,0.283,0.2063,0.1848,0.1638,0.7306,0.5159,0.3632,0.2656,0.2176,0.0929,0.1043,0.3995,0.3068,0.2249,0.1886,0.1684,0.7423,0.5195,0.3732,0.2512,0.2132,0.0931,0.1275,0.3944,0.2871,0.2055,0.1549,0.1446,0.7252,0.4902,0.305,0.1996,0.1736,0.0919,0.0944,0.3799,0.2871,0.201,0.1602,0.1438,0.7102,0.4699,0.3195,0.2095,0.1739,0.0949,0.1226,0.3826,0.279,0.2252,0.164,0.1364,0.7159,0.4833,0.3294,0.2071,0.1766,0.095,0.099,0.0942,0.0922,0.0938,0.1007,0.0922,0.0939,0.0915,0.0939,0.1001,0.0959,0.098,
93974s,0.0954,0.0964,0.0946,0.0964,0.0969,0.0925,0.0918,0.0989,0.0948,0.0944,0.0928,0.0931,0.0968,0.3823,0.288,0.2183,0.1768,0.1595,0.7426,0.496,0.3781,0.2679,0.226,0.096,0.134,0.3893,0.2793,0.2103,0.1856,0.164,0.7304,0.5167,0.3636,0.2644,0.2184,0.0927,0.1044,0.3997,0.3069,0.2243,0.1913,0.1677,0.7434,0.5203,0.3727,0.2522,0.2156,0.0932,0.1304,0.3948,0.2795,0.1978,0.1541,0.1443,0.7256,0.4913,0.307,0.1998,0.1726,0.092,0.0951,0.3801,0.2903,0.1982,0.1607,0.1437,0.7108,0.4714,0.3194,0.2094,0.1728,0.095,0.1179,0.3827,0.2801,0.214,0.1642,0.1368,0.7152,0.4833,0.3287,0.2087,0.1771,0.095,0.0984,0.0938,0.0918,0.0936,0.1006,0.0923,0.0942,0.0915,0.0938,0.1003,0.0961,0.0984,
94237s,0.0954,0.0961,0.0946,0.0961,0.0966,0.0923,0.0916,0.0987,0.0948,0.0944,0.0926,0.0931,0.0961,0.383,0.2889,0.2186,0.1774,0.1585,0.743,0.4961,0.3774,0.2693,0.225,0.096,0.1352,0.3899,0.279,0.2118,0.1863,0.1639,0.7312,0.5165,0.364,0.2665,0.218,0.0928,0.1045,0.3995,0.3057,0.2274,0.1948,0.1662,0.7444,0.5211,0.3745,0.2516,0.2149,0.093,0.131,0.3944,0.2835,0.2031,0.1556,0.1453,0.7266,0.4916,0.3052,0.199,0.1724,0.092,0.0948,0.381,0.2904,0.1986,0.1614,0.1442,0.7125,0.471,0.3166,0.2098,0.1733,0.0947,0.1146,0.3828,0.2776,0.2117,0.1644,0.1369,0.7154,0.4837,0.3292,0.209,0.177,0.0949,0.0993,0.094,0.0924,0.0939,0.1008,0.0922,0.0943,0.0915,0.0938,0.1003,0.096,0.0982,
94499s,0.0956,0.0957,0.0941,0.096,0.0967,0.0922,0.0916,0.0987,0.0947,0.0943,0.0926,0.0931,0.0966,0.3824,0.2872,0.2193,0.1772,0.1586,0.7445,0.497,0.3805,0.2712,0.2249,0.0961,0.1332,0.3903,0.2779,0.2111,0.186,0.1638,0.7316,0.5163,0.3641,0.2647,0.218,0.0928,0.1045,0.3994,0.3069,0.2216,0.1896,0.1691,0.7452,0.5221,0.3746,0.2539,0.2158,0.0932,0.1315,0.3942,0.2855,0.2157,0.1565,0.1462,0.7277,0.4918,0.3048,0.2,0.1726,0.092,0.0953,0.3809,0.2854,0.2044,0.1634,0.1458,0.7114,0.4717,0.322,0.2092,0.1752,0.095,0.1212,0.3825,0.2788,0.2179,0.1641,0.1366,0.7166,0.4832,0.3299,0.209,0.1778,0.095,0.0996,0.0948,0.0928,0.0939,0.1008,0.0924,0.094,0.0917,0.094,0.1003,0.0961,0.0981,
94762s,0.0951,0.0961,0.0944,0.096,0.0967,0.0924,0.0917,0.0989,0.0949,0.0943,0.0927,0.0931,0.0964,0.3828,0.2876,0.2157,0.1787,0.1564,0.7441,0.4961,0.3757,0.2682,0.2237,0.0961,0.1388,0.3904,0.2817,0.2046,0.1888,0.168,0.7334,0.5181,0.3645,0.266,0.2188,0.0928,0.1045,0.3994,0.3027,0.2258,0.1941,0.1694,0.7453,0.5176,0.3702,0.2511,0.2149,0.0934,0.1305,0.3942,0.288,0.1949,0.1551,0.1457,0.7293,0.4925,0.3061,0.199,0.173,0.0921,0.0949,0.3798,0.2868,0.201,0.1616,0.1445,0.7137,0.4701,0.3183,0.2108,0.1719,0.0946,0.1162,0.3825,0.2864,0.2102,0.1648,0.1366,0.7183,0.4854,0.329,0.2071,0.1771,0.095,0.0993,0.0943,0.0923,0.094,0.1008,0.0922,0.0941,0.0916,0.094,0.1003,0.0961,0.0982,
95024s,0.0954,0.0958,0.0944,0.0959,0.0967,0.092,0.0916,0.0987,0.0949,0.0944,0.0927,0.0931,0.0959,0.3826,0.2878,0.2199,0.1797,0.1566,0.7448,0.4973,0.3795,0.2672,0.2262,0.0961,0.1352,0.3898,0.2829,0.2075,0.1862,0.1651,0.7318,0.5178,0.364,0.2652,0.2184,0.0928,0.1043,0.3986,0.3034,0.2246,0.1889,0.1697,0.7458,0.522,0.374,0.2519,0.2162,0.093,0.1347,0.3937,0.2886,0.2024,0.1555,0.1452,0.7286,0.4931,0.3048,0.2001,0.173,0.0919,0.0947,0.3807,0.2887,0.2027,0.1633,0.1445,0.7147,0.4714,0.3173,0.2106,0.1735,0.095,0.1185,0.3821,0.2818,0.2178,0.1639,0.1367,0.7175,0.4859,0.33,0.2088,0.1776,0.095,0.0995,0.0945,0.0922,0.0938,0.1005,0.0923,0.0941,0.0916,0.0939,0.1004,0.096,0.0981,
95286s,0.0948,0.0961,0.0947,0.0962,0.0967,0.0921,0.0915,0.0986,0.0947,0.0944,0.0927,0.0933,0.0959,0.3825,0.2871,0.2168,0.1776,0.1562,0.7446,0.4965,0.3774,0.2673,0.2247,0.0964,0.1344,0.3894,0.2817,0.2075,0.1857,0.165,0.7333,0.5186,0.3649,0.2651,0.2186,0.0929,0.1043,0.3988,0.3056,0.2249,0.1955,0.1682,0.7464,0.5206,0.3718,0.2515,0.2152,0.0931,0.1344,0.3937,0.2902,0.2016,0.1554,0.1449,0.7303,0.4924,0.3052,0.1994,0.1727,0.092,0.0946,0.3805,0.2883,0.2003,0.1621,0.1446,0.7148,0.4709,0.3169,0.2111,0.1741,0.0945,0.1182,0.3821,0.2818,0.2214,0.1641,0.1372,0.7181,0.4866,0.3298,0.2082,0.177,0.0949,0.0988,0.0941,0.0922,0.0937,0.1005,0.092,0.0939,0.0916,0.0939,0.1,0.0959,0.0982,
95549s,0.0955,0.0959,0.0943,0.0962,0.0966,0.0922,0.0917,0.0988,0.0949,0.0944,0.0929,0.0933,0.0967,0.3836,0.2859,0.2157,0.1774,0.1578,0.7462,0.4975,0.377,0.2681,0.2249,0.0961,0.1372,0.39,0.2841,0.2045,0.1879,0.1681,0.7329,0.5185,0.3646,0.2656,0.2189,0.093,0.1039,0.3993,0.3028,0.2245,0.1934,0.1687,0.7463,0.5224,0.3725,0.2514,0.216,0.0932,0.1266,0.3942,0.2886,0.201,0.155,0.1456,0.7295,0.4927,0.3056,0.1999,0.1732,0.0921,0.0956,0.3806,0.2912,0.202,0.1623,0.1448,0.7159,0.4718,0.3196,0.2105,0.175,0.0949,0.1187,0.3827,0.2834,0.2275,0.1641,0.137,0.7197,0.4862,0.3298,0.2078,0.1776,0.0949,0.0989,0.0943,0.0924,0.094,0.1007,0.0923,0.0941,0.0917,0.0939,0.1002,0.096,0.0982,
95811s,0.0955,0.096,0.0946,0.096,0.0967,0.0923,0.0915,0.0987,0.0947,0.0943,0.0926,0.0933,0.0961,0.3822,0.2859,0.2206,0.1822,0.1547,0.7465,0.4973,0.3779,0.2714,0.2247,0.0961,0.1372,0.3898,0.2843,0.207,0.1866,0.1662,0.7339,0.5182,0.3637,0.2652,0.219,0.0926,0.1041,0.3989,0.3054,0.2248,0.1953,0.1677,0.7474,0.522,0.3735,0.2512,0.2159,0.0931,0.1311,0.3941,0.2901,0.2016,0.1567,0.1461,0.7299,0.4922,0.3079,0.2002,0.173,0.0919,0.0945,0.3807,0.2936,0.2038,0.1623,0.145,0.716,0.471,0.3195,0.2098,0.174,0.0949,0.1181,0.382,0.2842,0.2215,0.1648,0.1376,0.7196,0.4863,0.3305,0.2075,0.178,0.0948,0.0986,0.094,0.0923,0.094,0.1007,0.0922,0.0941,0.0916,0.0939,0.1003,0.096,0.0981,
96074s,0.0954,0.0962,0.0946,0.0963,0.0969,0.0925,0.0918,0.0987,0.0949,0.0946,0.0928,0.0934,0.096,0.3835,0.2869,0.2149,0.1774,0.1588,0.7475,0.4974,0.3775,0.267,0.2264,0.0961,0.1313,0.3891,0.2792,0.2114,0.1854,0.1658,0.7334,0.5193,0.3643,0.2653,0.2186,0.0929,0.1037,0.3992,0.3046,0.2272,0.1954,0.1669,0.7481,0.5231,0.374,0.2526,0.2156,0.0931,0.1343,0.3937,0.2845,0.2043,0.1567,0.1462,0.7307,0.4934,0.3071,0.2001,0.1724,0.092,0.0949,0.3808,0.2851,0.2002,0.1621,0.1449,0.7157,0.4733,0.3181,0.2106,0.1745,0.0949,0.118,0.3817,0.2817,0.2121,0.1655,0.1373,0.7197,0.4871,0.3301,0.2099,0.177,0.095,0.0984,0.0937,0.0918,0.0936,0.1008,0.0922,0.0942,0.0916,0.094,0.1003,0.0959,0.0985,
96336s,0.0951,0.0959,0.0947,0.0962,0.0968,0.0923,0.0919,0.0987,0.0951,0.0945,0.0929,0.0933,0.0965,0.3819,0.2877,0.219,0.1809,0.1564,0.7473,0.4986,0.3793,0.2699,0.2249,0.0963,0.1357,0.3893,0.2827,0.2067,0.1869,0.1669,0.7344,0.5193,0.3652,0.2655,0.2193,0.0927,0.1042,0.399,0.3047,0.2243,0.1896,0.1681,0.7483,0.525,0.3741,0.2525,0.2165,0.093,0.1274,0.3942,0.2846,0.2008,0.1556,0.1452,0.7318,0.4939,0.3047,0.2,0.1723,0.092,0.0948,0.3807,0.2842,0.2025,0.1624,0.1455,0.717,0.4731,0.3198,0.2103,0.175,0.0948,0.1226,0.3817,0.2829,0.2097,0.165,0.1371,0.7201,0.4873,0.3302,0.2089,0.1771,0.0951,0.0988,0.094,0.0922,0.0936,0.1008,0.0922,0.0942,0.0917,0.0939,0.1004,0.096,0.098,
96599s,0.0952,0.0962,0.0945,0.096,0.0969,0.0925,0.0918,0.0989,0.0949,0.0945,0.0928,0.0933,0.0965,0.3822,0.2863,0.2192,0.1816,0.1561,0.7482,0.4975,0.377,0.271,0.2251,0.096,0.1347,0.389,0.2832,0.2067,0.1864,0.1663,0.7364,0.5203,0.3656,0.2682,0.2197,0.0929,0.1043,0.399,0.3038,0.2244,0.1908,0.1698,0.7484,0.5221,0.3725,0.2533,0.2158,0.093,0.1301,0.3944,0.2869,0.1959,0.1551,0.1463,0.7321,0.4946,0.3062,0.1989,0.1734,0.0922,0.0948,0.3803,0.2885,0.2013,0.1616,0.1449,0.7165,0.472,0.3181,0.2117,0.1718,0.0948,0.1172,0.3823,0.2856,0.2235,0.1651,0.1389,0.7212,0.488,0.3305,0.2084,0.1777,0.0949,0.0997,0.0946,0.0925,0.0941,0.1008,0.0921,0.0939,0.0915,0.094,0.1004,0.0961,0.0979,
96861s,0.0953,0.0963,0.0944,0.0961,0.0969,0.0923,0.0915,0.0985,0.0948,0.0943,0.0927,0.0931,0.0958,0.3819,0.2886,0.2194,0.1774,0.1578,0.7486,0.4993,0.3796,0.2691,0.2256,0.0961,0.1369,0.3894,0.2762,0.2124,0.1855,0.1636,0.7353,0.52,0.3658,0.2656,0.2192,0.0926,0.104,0.3994,0.3053,0.227,0.195,0.167,0.7501,0.5248,0.3759,0.2526,0.2158,0.093,0.1349,0.3939,0.2869,0.1984,0.1557,0.146,0.7324,0.4941,0.3068,0.1998,0.1729,0.092,0.0952,0.3808,0.2839,0.2021,0.1628,0.1464,0.7181,0.4741,0.32,0.2103,0.1751,0.0946,0.1182,0.3816,0.2807,0.2312,0.1638,0.138,0.722,0.4874,0.3311,0.209,0.1784,0.0948,0.0994,0.0944,0.0927,0.0941,0.1008,0.0922,0.0942,0.0916,0.0939,0.1001,0.096,0.098,
97124s,0.0953,0.0961,0.0947,0.096,0.0968,0.0923,0.0918,0.099,0.0952,0.0947,0.0929,0.0934,0.0964,0.3828,0.2866,0.2171,0.1785,0.1575,0.7491,0.4985,0.3772,0.2699,0.2253,0.0961,0.1394,0.3893,0.2823,0.2092,0.1857,0.165,0.7371,0.5203,0.3658,0.2678,0.2192,0.093,0.1042,0.3991,0.303,0.2252,0.194,0.1684,0.7497,0.5235,0.3734,0.2536,0.2167,0.0933,0.1306,0.3936,0.2803,0.1956,0.1553,0.1464,0.7336,0.4943,0.3072,0.1997,0.1734,0.0921,0.0943,0.381,0.2884,0.1982,0.1611,0.1443,0.7183,0.4739,0.3179,0.2117,0.1727,0.095,0.1131,0.3819,0.2834,0.2132,0.1653,0.1372,0.7241,0.4882,0.3321,0.2081,0.1776,0.0951,0.0997,0.0941,0.0922,0.0939,0.1007,0.0922,0.094,0.0916,0.0941,0.1005,0.0962,0.0984,
97386s,0.0957,0.0962,0.0946,0.0963,0.097,0.0923,0.0918,0.099,0.0951,0.0947,0.0928,0.0934,0.0966,0.3825,0.2859,0.2156,0.178,0.1574,0.7507,0.4993,0.378,0.2707,0.2261,0.0963,0.136,0.3899,0.2807,0.2035,0.1886,0.169,0.7371,0.5202,0.3656,0.2664,0.2199,0.0928,0.1048,0.3989,0.3037,0.2275,0.1904,0.1707,0.7508,0.5227,0.3733,0.2532,0.217,0.0933,0.1261,0.3933,0.2878,0.201,0.1559,0.146,0.7336,0.4954,0.3081,0.2004,0.174,0.0921,0.0946,0.3805,0.2902,0.2018,0.1623,0.1453,0.7191,0.4742,0.3209,0.2114,0.1738,0.0948,0.1157,0.3817,0.2864,0.2205,0.1636,0.1377,0.7235,0.489,0.3318,0.2083,0.1787,0.0951,0.0981,0.0936,0.0921,0.094,0.1006,0.0924,0.0941,0.0918,0.0942,0.1003,0.096,0.0985,
97649s,0.0953,0.0958,0.0944,0.0959,0.0965,0.0924,0.0916,0.0985,0.0947,0.0942,0.0927,0.0931,0.0956,0.3821,0.2863,0.2179,0.1772,0.1581,0.7512,0.4995,0.3795,0.2706,0.2258,0.0962,0.142,0.3892,0.2844,0.2065,0.1884,0.1694,0.7368,0.5211,0.3652,0.2657,0.2196,0.0928,0.1042,0.3988,0.3038,0.224,0.1891,0.1691,0.7508,0.5244,0.3747,0.2525,0.2168,0.0926,0.1314,0.3936,0.2849,0.2141,0.1571,0.1475,0.7337,0.4949,0.3108,0.2009,0.1725,0.092,0.0944,0.3804,0.2884,0.1993,0.1622,0.1454,0.7184,0.4748,0.3195,0.2102,0.1752,0.0948,0.1137,0.3814,0.2816,0.2142,0.1645,0.1376,0.7223,0.489,0.3316,0.2081,0.1787,0.0949,0.0994,0.0948,0.0927,0.0942,0.1009,0.0923,0.0941,0.0914,0.0939,0.1003,0.0959,0.0979,
97911s,0.0959,0.0962,0.0946,0.0962,0.0969,0.0924,0.0917,0.099,0.0948,0.0943,0.0927,0.0934,0.0963,0.3822,0.2858,0.2173,0.1784,0.1571,0.7519,0.5001,0.3793,0.2716,0.2258,0.0962,0.1394,0.3888,0.2821,0.2081,0.1866,0.166,0.7381,0.5211,0.3659,0.2665,0.2202,0.0927,0.1041,0.399,0.3031,0.2259,0.1918,0.1685,0.7509,0.5259,0.3747,0.2538,0.2162,0.0931,0.1273,0.3931,0.2851,0.2021,0.1564,0.1468,0.7339,0.4949,0.3082,0.2011,0.1727,0.092,0.0945,0.3801,0.2827,0.2059,0.1631,0.1463,0.7198,0.4748,0.3211,0.2109,0.1758,0.0945,0.1203,0.381,0.2822,0.2077,0.1653,0.1371,0.7258,0.4889,0.3328,0.2102,0.1786,0.0948,0.1,0.095,0.0927,0.0941,0.1009,0.0923,0.0942,0.0915,0.094,0.1003,0.0961,0.098,
98174s,0.0954,0.096,0.0942,0.096,0.0966,0.0926,0.0918,0.0988,0.0949,0.0945,0.0927,0.0932,0.0961,0.3819,0.2852,0.2153,0.1772,0.1575,0.7522,0.5003,0.3809,0.2717,0.2264,0.0963,0.131,0.389,0.2767,0.2091,0.1855,0.165,0.7387,0.5211,0.3663,0.268,0.2202,0.0929,0.1043,0.3989,0.3052,0.2246,0.194,0.1689,0.7517,0.5246,0.375,0.2539,0.2168,0.0933,0.125,0.3936,0.2854,0.2036,0.1563,0.1464,0.7348,0.4957,0.3067,0.201,0.173,0.0921,0.0947,0.3802,0.2914,0.1988,0.1609,0.1444,0.7208,0.4751,0.3208,0.2117,0.1741,0.0948,0.1146,0.3818,0.2818,0.2178,0.1642,0.1374,0.7248,0.4885,0.3329,0.209,0.1782,0.0951,0.0995,0.0952,0.0929,0.0943,0.1006,0.0925,0.0943,0.0916,0.094,0.1004,0.096,0.0984,
98436s,0.0955,0.0962,0.0946,0.0961,0.0968,0.0924,0.0916,0.0985,0.0949,0.0944,0.0928,0.0931,0.0964,0.3819,0.2879,0.2188,0.1774,0.1582,0.7525,0.5015,0.3807,0.2715,0.2266,0.0964,0.1392,0.3888,0.2784,0.2123,0.1866,0.1653,0.7391,0.5208,0.3667,0.2665,0.2199,0.0928,0.1043,0.3989,0.3034,0.231,0.1955,0.1668,0.7534,0.5271,0.3763,0.2541,0.216,0.0928,0.1283,0.3937,0.2801,0.2024,0.1561,0.1478,0.7354,0.4955,0.3091,0.2004,0.1728,0.092,0.0947,0.3808,0.2831,0.2017,0.1627,0.1462,0.7211,0.4761,0.32,0.2103,0.1751,0.0948,0.116,0.3811,0.2778,0.2168,0.164,0.1384,0.7257,0.4891,0.3326,0.2104,0.1794,0.095,0.0992,0.0953,0.0935,0.0948,0.1014,0.0928,0.0945,0.0918,0.0942,0.1003,0.096,0.098,
98699s,0.0953,0.0959,0.0943,0.0959,0.0967,0.0921,0.0918,0.0988,0.0949,0.0945,0.0928,0.0933,0.0964,0.3816,0.2849,0.2159,0.1775,0.1576,0.7536,0.5003,0.379,0.2748,0.227,0.0963,0.1326,0.3889,0.2838,0.2068,0.1864,0.1668,0.7397,0.5222,0.3662,0.2704,0.2206,0.0929,0.104,0.3996,0.3032,0.2317,0.195,0.1674,0.7527,0.5239,0.3736,0.2541,0.2154,0.0932,0.1286,0.3939,0.2865,0.2057,0.1557,0.1482,0.7365,0.496,0.3063,0.1989,0.173,0.092,0.0949,0.3794,0.2919,0.2059,0.162,0.1459,0.7208,0.4753,0.3203,0.2108,0.1762,0.0948,0.1179,0.3811,0.2869,0.222,0.1641,0.1423,0.7277,0.4911,0.3348,0.2093,0.1803,0.0951,0.0994,0.0944,0.0927,0.0944,0.1006,0.0922,0.0941,0.0917,0.0942,0.1003,0.0962,0.0982,
98961s,0.096,0.0957,0.0942,0.0961,0.0965,0.0921,0.0915,0.0987,0.0948,0.0943,0.0927,0.0933,0.0961,0.3815,0.288,0.2185,0.1818,0.1578,0.7537,0.5015,0.38,0.277,0.2263,0.0963,0.1403,0.3889,0.2822,0.2088,0.1864,0.1654,0.7403,0.5218,0.3668,0.2684,0.2203,0.0926,0.1043,0.3985,0.3048,0.2253,0.1941,0.168,0.7536,0.526,0.376,0.2543,0.2162,0.0932,0.133,0.3936,0.2813,0.1987,0.1557,0.1466,0.7369,0.4954,0.3086,0.2013,0.1731,0.092,0.0949,0.3798,0.2839,0.2002,0.1617,0.1451,0.7221,0.4766,0.3208,0.2115,0.1753,0.0947,0.1167,0.3808,0.2776,0.2279,0.1639,0.1407,0.7282,0.4894,0.3338,0.2087,0.1796,0.0951,0.0986,0.0943,0.0922,0.094,0.1006,0.0923,0.0942,0.0918,0.0941,0.1004,0.0962,0.0984,
99224s,0.0952,0.096,0.0944,0.096,0.0966,0.0922,0.0917,0.0987,0.0948,0.0943,0.0926,0.0933,0.0963,0.3817,0.2861,0.2182,0.1773,0.1577,0.7548,0.5016,0.3797,0.2756,0.2267,0.0964,0.1381,0.3879,0.2815,0.2099,0.187,0.1655,0.7403,0.5223,0.3662,0.2711,0.2199,0.0928,0.1051,0.398,0.303,0.2279,0.1914,0.1692,0.7543,0.5265,0.3755,0.2541,0.2166,0.0933,0.1308,0.3934,0.2826,0.211,0.1561,0.1469,0.7374,0.4958,0.3087,0.2016,0.1736,0.0919,0.0942,0.3799,0.289,0.1985,0.1612,0.1449,0.7225,0.4765,0.3198,0.2122,0.1742,0.0948,0.1157,0.381,0.2814,0.2128,0.1645,0.138,0.7281,0.4908,0.334,0.2095,0.1792,0.0949,0.0997,0.0946,0.093,0.0943,0.1009,0.0922,0.0943,0.0916,0.0941,0.1003,0.096,0.0978,
99486s,0.0962,0.0962,0.0947,0.0964,0.0969,0.0924,0.0919,0.0989,0.0949,0.0944,0.0929,0.0933,0.0966,0.381,0.2864,0.2185,0.1802,0.1575,0.7549,0.5028,0.3811,0.2765,0.2269,0.0965,0.1427,0.3884,0.2854,0.2058,0.1891,0.17,0.7404,0.523,0.3669,0.2685,0.221,0.0929,0.1053,0.3986,0.3033,0.227,0.1935,0.1686,0.7545,0.527,0.3759,0.2551,0.2162,0.0932,0.1313,0.3937,0.2849,0.2099,0.1561,0.1471,0.7376,0.4964,0.3078,0.2016,0.1735,0.0922,0.0949,0.3801,0.2853,0.206,0.1637,0.1465,0.7221,0.477,0.3238,0.2115,0.1764,0.0952,0.1148,0.3812,0.28,0.2204,0.1638,0.1376,0.7273,0.4901,0.3355,0.2097,0.1794,0.095,0.099,0.0942,0.0921,0.094,0.1007,0.0924,0.0943,0.0916,0.0941,0.1005,0.0961,0.0984,
99749s,0.0957,0.096,0.0943,0.096,0.0968,0.0923,0.0917,0.0988,0.0948,0.0943,0.0927,0.0932,0.0968,0.3817,0.2865,0.2169,0.1787,0.1591,0.7554,0.5023,0.3788,0.2747,0.2275,0.0964,0.1292,0.3891,0.2787,0.2074,0.1865,0.166,0.7426,0.523,0.3671,0.2736,0.2199,0.093,0.1045,0.3985,0.3049,0.2278,0.1917,0.1702,0.755,0.5248,0.3733,0.2538,0.2162,0.0933,0.13,0.3933,0.2848,0.1941,0.1553,0.1474,0.7385,0.4969,0.306,0.2004,0.1737,0.0923,0.0944,0.38,0.2877,0.202,0.1624,0.1464,0.7233,0.4751,0.3191,0.211,0.1741,0.0947,0.1143,0.3812,0.2872,0.2204,0.1639,0.1376,0.7295,0.4915,0.3357,0.2095,0.1801,0.0949,0.0987,0.0941,0.0921,0.0939,0.1007,0.0923,0.0942,0.0916,0.0942,0.1003,0.096,0.0982,
100011s,0.0951,0.0961,0.0945,0.0962,0.0967,0.0922,0.0916,0.0988,0.0949,0.0943,0.0926,0.0933,0.0966,0.3812,0.2854,0.2185,0.1791,0.1576,0.7561,0.5019,0.3795,0.275,0.2269,0.0962,0.1389,0.3885,0.2825,0.2066,0.1866,0.1671,0.7421,0.523,0.3673,0.2726,0.221,0.0928,0.1047,0.3986,0.3024,0.2256,0.1883,0.1708,0.7551,0.5278,0.376,0.2537,0.2172,0.0931,0.1317,0.3937,0.2866,0.2061,0.1552,0.1471,0.7386,0.4966,0.3078,0.2008,0.1741,0.092,0.0946,0.3797,0.2858,0.2032,0.163,0.1467,0.7246,0.4767,0.3235,0.2117,0.1756,0.0947,0.1167,0.3811,0.2775,0.2331,0.1638,0.138,0.7295,0.4917,0.3364,0.2096,0.1791,0.0949,0.0976,0.0933,0.0916,0.0936,0.1006,0.0923,0.094,0.0916,0.0941,0.1002,0.096,0.098,
100274s,0.0955,0.096,0.0944,0.0959,0.0966,0.0921,0.0917,0.0987,0.0948,0.0945,0.0929,0.0932,0.0961,0.3812,0.2871,0.2192,0.1769,0.1585,0.7557,0.5032,0.3826,0.2753,0.2276,0.0963,0.1403,0.3884,0.2788,0.2122,0.1865,0.1658,0.7414,0.524,0.3669,0.2712,0.22,0.093,0.104,0.3985,0.3039,0.2274,0.1911,0.1687,0.756,0.5287,0.3768,0.2551,0.2159,0.0931,0.1285,0.3932,0.2808,0.2056,0.1564,0.1483,0.7398,0.496,0.3092,0.2013,0.1733,0.092,0.095,0.3793,0.2829,0.2026,0.1629,0.1466,0.7251,0.4773,0.323,0.2115,0.1761,0.0948,0.1191,0.3812,0.2785,0.2132,0.1645,0.1388,0.7291,0.4915,0.3354,0.2103,0.1798,0.0951,0.0988,0.0939,0.0926,0.0941,0.101,0.0925,0.0943,0.0917,0.094,0.1004,0.0962,0.098,
100536s,0.0952,0.0962,0.0946,0.0962,0.0967,0.0922,0.0917,0.0988,0.0946,0.0943,0.0925,0.093,0.0959,0.3807,0.2847,0.2175,0.177,0.1566,0.7564,0.5036,0.3812,0.2742,0.2276,0.0961,0.1452,0.3889,0.2786,0.2067,0.1865,0.1659,0.7427,0.5243,0.368,0.2732,0.2204,0.0929,0.1042,0.3983,0.3022,0.2276,0.1975,0.1664,0.7552,0.5286,0.3764,0.2581,0.215,0.0932,0.1335,0.3936,0.2859,0.2058,0.1548,0.1482,0.7395,0.4975,0.3069,0.1992,0.1738,0.0921,0.0948,0.3801,0.2904,0.2038,0.1632,0.1471,0.7261,0.4752,0.3209,0.2117,0.1756,0.0946,0.1165,0.3806,0.2819,0.2209,0.1649,0.1396,0.7306,0.4929,0.3371,0.2102,0.1812,0.095,0.0989,0.0938,0.0921,0.0941,0.1008,0.0922,0.0939,0.0915,0.0939,0.1002,0.096,0.0978,
100799s,0.0957,0.0959,0.0942,0.0959,0.0965,0.0922,0.0916,0.0984,0.0948,0.0942,0.0927,0.0933,0.0965,0.3812,0.2853,0.2164,0.1796,0.1568,0.7569,0.5019,0.3797,0.274,0.2277,0.0963,0.131,0.3888,0.2819,0.2118,0.1868,0.1663,0.7433,0.5245,0.3672,0.2716,0.2202,0.0928,0.1038,0.3985,0.3009,0.2307,0.1982,0.1664,0.7559,0.5283,0.3756,0.2596,0.2154,0.0932,0.1323,0.3931,0.2861,0.1984,0.1557,0.1475,0.7396,0.4968,0.3085,0.2001,0.1739,0.092,0.0945,0.3795,0.2887,0.1978,0.1616,0.1456,0.7267,0.4771,0.3213,0.2128,0.1756,0.0948,0.1186,0.381,0.2833,0.22,0.1641,0.138,0.7304,0.4921,0.3364,0.2095,0.1804,0.0949,0.0998,0.0952,0.093,0.0943,0.1011,0.0923,0.0942,0.0916,0.094,0.1003,0.096,0.0979,
101061s,0.0955,0.096,0.0945,0.096,0.0967,0.0923,0.0916,0.0987,0.0949,0.0944,0.0927,0.0933,0.0966,0.3812,0.2864,0.2179,0.1775,0.1584,0.7584,0.5035,0.3809,0.2751,0.2276,0.0963,0.1338,0.3881,0.28,0.2098,0.1859,0.1653,0.7437,0.5253,0.3674,0.2723,0.2208,0.0927,0.1046,0.3988,0.3024,0.2261,0.1898,0.1695,0.7571,0.5286,0.376,0.2546,0.2168,0.0931,0.1337,0.3933,0.2847,0.1998,0.1556,0.1478,0.7404,0.4971,0.3083,0.2019,0.1741,0.092,0.0948,0.3796,0.2852,0.2023,0.1627,0.1463,0.7263,0.4786,0.3252,0.2123,0.1764,0.0949,0.1197,0.3806,0.2807,0.2105,0.1652,0.1383,0.7305,0.4924,0.3377,0.2106,0.1808,0.095,0.099,0.0942,0.0924,0.0939,0.1009,0.0925,0.0941,0.0917,0.0941,0.1003,0.0959,0.0983,
101324s,0.0953,0.0959,0.0943,0.0959,0.0966,0.0922,0.0916,0.0987,0.0949,0.0943,0.0926,0.0932,0.0965,0.381,0.2854,0.2172,0.1773,0.1582,0.7583,0.5039,0.3815,0.275,0.2276,0.0963,0.1315,0.3882,0.2813,0.2082,0.1861,0.1659,0.7455,0.5248,0.3676,0.2734,0.2209,0.0926,0.1043,0.3981,0.3009,0.2257,0.1944,0.1684,0.7577,0.5289,0.3766,0.2549,0.2174,0.0931,0.1274,0.3932,0.2851,0.1974,0.1561,0.1474,0.7405,0.4972,0.3077,0.2014,0.1741,0.092,0.0946,0.3791,0.285,0.2033,0.163,0.1466,0.7273,0.4783,0.3236,0.2125,0.177,0.0949,0.1153,0.3807,0.2805,0.232,0.1639,0.138,0.7311,0.493,0.3373,0.2101,0.1797,0.095,0.0995,0.0946,0.0925,0.0941,0.1008,0.0926,0.0942,0.0917,0.0939,0.1004,0.096,0.098,
101586s,0.0954,0.0961,0.0947,0.0961,0.0969,0.0923,0.0916,0.0988,0.0949,0.0945,0.0928,0.0931,0.0962,0.3804,0.2847,0.2179,0.1789,0.1578,0.7592,0.5035,0.3807,0.2742,0.2282,0.096,0.1392,0.3882,0.2828,0.2079,0.1867,0.1668,0.7459,0.5253,0.368,0.2728,0.2209,0.0928,0.1037,0.3989,0.2993,0.227,0.1978,0.1674,0.7572,0.529,0.3764,0.256,0.2164,0.0933,0.133,0.393,0.2866,0.2097,0.1571,0.1483,0.7415,0.4972,0.3089,0.2008,0.1736,0.0921,0.0946,0.3794,0.2828,0.2071,0.1628,0.1465,0.7274,0.4788,0.3244,0.2122,0.1772,0.0949,0.1155,0.3804,0.2834,0.2216,0.1636,0.1381,0.7325,0.4932,0.3376,0.2104,0.1801,0.0949,0.0986,0.0942,0.0922,0.0936,0.1006,0.0922,0.0941,0.0917,0.094,0.1002,0.0959,0.0981,
101849s,0.0954,0.0962,0.0946,0.0961,0.0972,0.0926,0.0919,0.0988,0.095,0.0944,0.0929,0.0933,0.0964,0.3806,0.2848,0.2162,0.1777,0.1576,0.7596,0.5045,0.3835,0.2742,0.228,0.0964,0.1399,0.388,0.2808,0.2074,0.1861,0.1656,0.7472,0.5255,0.3682,0.2735,0.2213,0.0928,0.1044,0.3979,0.3007,0.225,0.1961,0.1692,0.7581,0.5296,0.3762,0.257,0.2166,0.0933,0.1259,0.3929,0.2838,0.211,0.1563,0.1474,0.7423,0.4974,0.3089,0.2005,0.1741,0.0921,0.0948,0.379,0.2882,0.2032,0.1626,0.1466,0.7282,0.4788,0.323,0.2129,0.1753,0.0947,0.1168,0.3804,0.2807,0.2261,0.1638,0.138,0.7335,0.4933,0.3382,0.2101,0.1806,0.095,0.0993,0.0946,0.0927,0.094,0.1008,0.0925,0.0943,0.0917,0.0941,0.1005,0.0961,0.0982,
102111s,0.0951,0.0961,0.0948,0.0964,0.0969,0.0928,0.0918,0.0988,0.0948,0.0942,0.0929,0.0931,0.0962,0.3806,0.2869,0.2223,0.1842,0.1568,0.7601,0.505,0.383,0.2764,0.2282,0.0962,0.1362,0.388,0.2787,0.2104,0.187,0.1657,0.7473,0.5255,0.3683,0.2727,0.2216,0.0926,0.1036,0.3987,0.3011,0.2278,0.2005,0.1671,0.7594,0.5306,0.378,0.2562,0.2165,0.0932,0.1281,0.393,0.2823,0.1993,0.1566,0.1486,0.7427,0.4989,0.3085,0.202,0.1736,0.092,0.0946,0.3794,0.286,0.2002,0.1628,0.1464,0.7285,0.4793,0.3232,0.2125,0.1763,0.0948,0.1204,0.3805,0.276,0.2213,0.1645,0.1391,0.7334,0.4936,0.338,0.2101,0.1804,0.095,0.0988,0.0942,0.0924,0.0939,0.1007,0.0923,0.0941,0.0917,0.094,0.1003,0.096,0.0982,
102374s,0.0955,0.096,0.0946,0.096,0.0969,0.0924,0.0918,0.0987,0.0948,0.0945,0.0928,0.0931,0.096,0.3798,0.2859,0.2238,0.1865,0.1571,0.7603,0.5053,0.3833,0.2757,0.2291,0.0963,0.1386,0.388,0.2769,0.2138,0.1863,0.166,0.7473,0.5257,0.3686,0.2745,0.2207,0.0929,0.1038,0.3983,0.3016,0.2272,0.1978,0.1674,0.759,0.5306,0.3781,0.261,0.2142,0.0932,0.1322,0.3928,0.2824,0.2033,0.1568,0.1485,0.7433,0.499,0.3108,0.2022,0.1737,0.0921,0.0944,0.3786,0.2828,0.2027,0.1633,0.1473,0.729,0.4792,0.3244,0.2118,0.1773,0.0949,0.1177,0.3797,0.2762,0.2275,0.1638,0.1384,0.7345,0.4949,0.3383,0.2105,0.1807,0.095,0.0987,0.0947,0.0925,0.0944,0.1009,0.0925,0.094,0.0918,0.0942,0.1004,0.0961,0.0984,
102636s,0.095,0.0961,0.0947,0.0964,0.0971,0.0924,0.0917,0.0989,0.0948,0.0946,0.0929,0.0933,0.097,0.3807,0.287,0.2144,0.1784,0.1582,0.7612,0.5035,0.3806,0.274,0.2302,0.0962,0.1321,0.3883,0.2806,0.209,0.1866,0.1674,0.7482,0.5268,0.3684,0.2713,0.2208,0.0927,0.1051,0.3983,0.3027,0.2283,0.1877,0.1723,0.7607,0.5279,0.3743,0.2554,0.2155,0.0933,0.1318,0.3928,0.2889,0.2053,0.1561,0.1486,0.7437,0.4998,0.3082,0.1995,0.174,0.0922,0.0946,0.3785,0.29,0.2046,0.1625,0.1465,0.7302,0.4787,0.3226,0.2121,0.1758,0.0949,0.116,0.38,0.283,0.2255,0.1634,0.1375,0.7342,0.4949,0.3388,0.2113,0.1823,0.0951,0.0985,0.0938,0.0922,0.0938,0.1006,0.0923,0.0941,0.0916,0.0939,0.1003,0.0959,0.0983,
102899s,0.0956,0.0961,0.0945,0.096,0.0967,0.0923,0.0918,0.0987,0.0947,0.0943,0.0927,0.0931,0.0957,0.3808,0.2868,0.2187,0.1787,0.1574,0.7619,0.5057,0.3847,0.2756,0.2299,0.0961,0.1394,0.388,0.2772,0.2128,0.186,0.167,0.748,0.5265,0.3686,0.2718,0.2218,0.0929,0.104,0.3979,0.303,0.2309,0.1941,0.1676,0.76,0.5314,0.3786,0.2559,0.2153,0.0928,0.1299,0.3931,0.2811,0.2042,0.1556,0.1498,0.7435,0.499,0.3125,0.2024,0.1733,0.092,0.0942,0.3791,0.2836,0.2011,0.1627,0.1469,0.731,0.4797,0.3239,0.2112,0.1768,0.0947,0.1206,0.3801,0.2765,0.2141,0.1645,0.1392,0.7351,0.4946,0.3384,0.2114,0.1816,0.0948,0.098,0.0939,0.0923,0.0939,0.1006,0.0923,0.0941,0.0917,0.094,0.1003,0.0961,0.0982,
103161s,0.0953,0.0962,0.0944,0.0962,0.0967,0.0924,0.0917,0.0989,0.0946,0.0942,0.0926,0.093,0.0963,0.3804,0.2843,0.2167,0.1779,0.1582,0.7619,0.505,0.382,0.274,0.2305,0.0963,0.1304,0.3876,0.2813,0.2072,0.1859,0.1657,0.7484,0.5272,0.3681,0.2745,0.221,0.0927,0.1039,0.3982,0.2999,0.2269,0.1989,0.1682,0.7608,0.5304,0.3776,0.2605,0.2135,0.093,0.131,0.3925,0.2861,0.1968,0.1558,0.1473,0.7442,0.4997,0.3081,0.2009,0.1745,0.0918,0.0945,0.3781,0.2901,0.2002,0.1623,0.1456,0.7307,0.4795,0.3214,0.2128,0.1752,0.095,0.116,0.3796,0.2782,0.2091,0.1645,0.1377,0.7373,0.4964,0.3382,0.2109,0.1815,0.0949,0.0995,0.094,0.092,0.0936,0.1006,0.0921,0.0942,0.0915,0.094,0.1002,0.096,0.0978,
103424s,0.0953,0.0965,0.0947,0.0961,0.0969,0.0926,0.0918,0.099,0.095,0.0943,0.0928,0.0932,0.0966,0.3802,0.2855,0.216,0.1776,0.1581,0.7622,0.5061,0.3825,0.2741,0.2309,0.0962,0.1329,0.3879,0.2793,0.2053,0.1876,0.1689,0.7484,0.5279,0.3689,0.2716,0.2217,0.0928,0.1043,0.3977,0.3019,0.2276,0.193,0.1712,0.7606,0.5313,0.3785,0.2566,0.2155,0.093,0.1297,0.3932,0.2864,0.2042,0.1559,0.1478,0.7445,0.4996,0.309,0.2006,0.1742,0.0921,0.0946,0.3779,0.289,0.202,0.1618,0.1453,0.7316,0.4801,0.3224,0.2123,0.1758,0.0949,0.1143,0.3803,0.2832,0.2258,0.1642,0.138,0.7358,0.496,0.3388,0.2111,0.1818,0.095,0.0992,0.0945,0.0922,0.094,0.1008,0.0923,0.0944,0.0915,0.094,0.1002,0.0959,0.0983,
103686s,0.0956,0.0963,0.0944,0.0959,0.0966,0.0922,0.0916,0.0985,0.0948,0.0944,0.0926,0.0932,0.0967,0.3801,0.2869,0.2129,0.1792,0.1573,0.7626,0.5027,0.3806,0.2733,0.2313,0.0958,0.1338,0.3881,0.2768,0.2025,0.1899,0.1692,0.749,0.5282,0.3699,0.2723,0.2226,0.0926,0.1054,0.3981,0.2986,0.2202,0.1892,0.1718,0.7602,0.5252,0.3739,0.2547,0.2154,0.0931,0.1236,0.3926,0.2923,0.1988,0.1552,0.1487,0.7452,0.5014,0.3089,0.2005,0.1738,0.0921,0.0947,0.3777,0.2873,0.2021,0.1616,0.1465,0.7311,0.4774,0.3227,0.211,0.1744,0.0947,0.1179,0.3798,0.2784,0.2153,0.1637,0.139,0.7372,0.4954,0.3397,0.2112,0.182,0.095,0.099,0.0941,0.0925,0.0942,0.1007,0.0922,0.0941,0.0917,0.094,0.1002,0.0961,0.0981,
103949s,0.0952,0.096,0.0944,0.0958,0.0965,0.0922,0.0915,0.0986,0.0946,0.0942,0.0927,0.093,0.096,0.3798,0.2847,0.2195,0.1766,0.1589,0.7639,0.5072,0.3849,0.2751,0.2313,0.0965,0.1377,0.3881,0.2754,0.2134,0.1866,0.1663,0.7498,0.5281,0.3693,0.2744,0.2213,0.0926,0.1044,0.3984,0.3026,0.2284,0.1938,0.1685,0.7615,0.533,0.3788,0.2603,0.2148,0.0932,0.1277,0.3931,0.2815,0.2088,0.1565,0.1493,0.7449,0.5002,0.3115,0.2017,0.1743,0.092,0.095,0.3781,0.2817,0.2032,0.1626,0.1465,0.7326,0.4815,0.3234,0.2129,0.1779,0.0948,0.1205,0.3798,0.2774,0.2239,0.1641,0.1386,0.7381,0.496,0.3403,0.2113,0.1821,0.095,0.0993,0.0945,0.0929,0.0942,0.1011,0.0923,0.0941,0.0917,0.0941,0.1002,0.0962,0.0979,
104211s,0.0956,0.0956,0.0942,0.096,0.0967,0.0923,0.0917,0.0987,0.0946,0.0943,0.0925,0.093,0.0961,0.3797,0.2836,0.2183,0.1803,0.1589,0.7643,0.5074,0.3842,0.2747,0.2312,0.0961,0.1414,0.3879,0.2799,0.2088,0.1865,0.1657,0.7491,0.5279,0.3695,0.2716,0.2216,0.0927,0.1049,0.3982,0.3005,0.2264,0.1959,0.1687,0.7611,0.5326,0.3775,0.2592,0.2142,0.093,0.1268,0.393,0.2845,0.2032,0.1563,0.1474,0.7462,0.4991,0.3099,0.2017,0.1743,0.0921,0.095,0.3778,0.2819,0.2093,0.1639,0.1483,0.7332,0.4812,0.3256,0.2125,0.1781,0.0947,0.1208,0.3794,0.2803,0.2221,0.1641,0.1381,0.7388,0.4964,0.3393,0.211,0.1825,0.0951,0.0994,0.0949,0.093,0.0944,0.1009,0.0924,0.0943,0.0916,0.094,0.1004,0.096,0.0985,
104474s,0.095,0.0958,0.0943,0.0959,0.0965,0.0921,0.0916,0.0986,0.0947,0.0943,0.0926,0.0931,0.0965,0.3796,0.2846,0.2177,0.1788,0.1601,0.765,0.507,0.3836,0.275,0.2314,0.0959,0.1338,0.3876,0.2823,0.2086,0.1871,0.1672,0.7496,0.5295,0.3688,0.2695,0.2217,0.0927,0.1042,0.3977,0.3003,0.2267,0.1988,0.169,0.7622,0.5318,0.3766,0.2593,0.214,0.0933,0.1312,0.3927,0.2859,0.2005,0.1565,0.1476,0.7457,0.5008,0.3088,0.2016,0.1746,0.0919,0.0939,0.3779,0.2799,0.2047,0.1627,0.1472,0.733,0.4816,0.326,0.2122,0.1775,0.0948,0.1158,0.3791,0.2739,0.2133,0.1653,0.1384,0.7379,0.4977,0.3396,0.2113,0.1825,0.0949,0.0997,0.0944,0.0928,0.0944,0.1009,0.0924,0.0941,0.0915,0.0941,0.1003,0.0961,0.0982,
104736s,0.0956,0.0964,0.0947,0.096,0.097,0.0926,0.0918,0.0989,0.0948,0.0944,0.0928,0.0933,0.0966,0.38,0.2858,0.2151,0.1792,0.1594,0.7651,0.5059,0.3836,0.2752,0.2323,0.0964,0.1339,0.3884,0.2784,0.2185,0.187,0.1667,0.7504,0.5294,0.3693,0.2703,0.2236,0.093,0.105,0.3979,0.3019,0.2286,0.1952,0.1709,0.7627,0.5326,0.3799,0.2581,0.2143,0.0931,0.1264,0.3928,0.2877,0.1966,0.155,0.148,0.7471,0.5015,0.3084,0.2005,0.1757,0.0921,0.0951,0.3779,0.2896,0.2055,0.1621,0.1466,0.7333,0.4807,0.3254,0.212,0.1753,0.0949,0.1198,0.3799,0.2775,0.2227,0.1637,0.1388,0.7392,0.498,0.3407,0.2119,0.1831,0.0951,0.0985,0.0936,0.092,0.0938,0.1006,0.0923,0.0941,0.0916,0.094,0.1003,0.096,0.0981,
104999s,0.095,0.0963,0.0945,0.0961,0.0967,0.0924,0.0916,0.0987,0.0949,0.0945,0.093,0.0932,0.0962,0.3803,0.2851,0.2154,0.1776,0.1608,0.7655,0.5069,0.383,0.2748,0.2317,0.0959,0.1361,0.3872,0.2806,0.2076,0.1859,0.1663,0.7497,0.5296,0.369,0.2704,0.2224,0.0928,0.1041,0.3978,0.3,0.2264,0.1917,0.1703,0.7627,0.5331,0.3791,0.2584,0.2146,0.0927,0.1332,0.3927,0.2856,0.2019,0.1562,0.1482,0.7466,0.5023,0.3095,0.2013,0.1754,0.0921,0.0944,0.3788,0.2885,0.2021,0.1621,0.1466,0.7333,0.482,0.3243,0.2122,0.1758,0.0946,0.1168,0.3795,0.2742,0.2086,0.1652,0.1384,0.7408,0.4985,0.3402,0.2121,0.183,0.0951,0.0987,0.0942,0.0921,0.094,0.1006,0.0922,0.0943,0.0915,0.094,0.1004,0.0961,0.0981,
105261s,0.0953,0.096,0.0946,0.0961,0.0966,0.0922,0.0916,0.0988,0.0948,0.0943,0.0926,0.0933,0.0963,0.3801,0.2861,0.2146,0.1781,0.1623,0.7659,0.5072,0.3826,0.2747,0.232,0.0961,0.1409,0.3878,0.2796,0.2053,0.1873,0.1688,0.7504,0.5292,0.3694,0.2704,0.2226,0.0929,0.1049,0.398,0.3028,0.2273,0.1943,0.1713,0.7638,0.5324,0.3773,0.258,0.215,0.0931,0.1325,0.3926,0.2872,0.2045,0.1555,0.1478,0.7483,0.5013,0.3098,0.2009,0.1755,0.092,0.0946,0.3775,0.2859,0.2035,0.1623,0.1461,0.7346,0.4825,0.3251,0.212,0.177,0.0951,0.1141,0.3798,0.282,0.2264,0.1631,0.1386,0.7415,0.4979,0.341,0.2122,0.1821,0.0951,0.0992,0.0944,0.0926,0.0943,0.1009,0.0925,0.0946,0.0917,0.0942,0.1004,0.096,0.0984,
105524s,0.0953,0.096,0.0944,0.0962,0.0969,0.0925,0.0918,0.0988,0.0948,0.0944,0.0926,0.0931,0.0968,0.3799,0.2852,0.2179,0.182,0.1588,0.767,0.506,0.3814,0.2755,0.2326,0.096,0.1395,0.3879,0.2745,0.2127,0.1879,0.1681,0.7517,0.5299,0.3701,0.2716,0.2236,0.0927,0.105,0.3976,0.3012,0.2307,0.1934,0.1703,0.7633,0.5317,0.3766,0.2593,0.214,0.0932,0.1254,0.3921,0.2933,0.1998,0.1557,0.149,0.7483,0.5028,0.3098,0.2007,0.1758,0.0921,0.0946,0.3775,0.2865,0.2044,0.1629,0.1471,0.7352,0.4806,0.3259,0.2113,0.1757,0.0946,0.1205,0.3789,0.2758,0.2127,0.1646,0.1383,0.742,0.4997,0.3417,0.2125,0.1837,0.0949,0.0991,0.0944,0.0923,0.0939,0.1006,0.0922,0.0941,0.0916,0.0941,0.1003,0.0959,0.0981,
105786s,0.0952,0.0959,0.0944,0.0963,0.0966,0.0922,0.0917,0.0988,0.0948,0.0943,0.0926,0.0931,0.0963,0.3788,0.2841,0.2236,0.1854,0.1585,0.7664,0.5073,0.3835,0.2759,0.2331,0.0963,0.1383,0.3875,0.2746,0.2159,0.1871,0.1665,0.7519,0.5299,0.37,0.2713,0.2241,0.0928,0.1046,0.3982,0.299,0.2257,0.1902,0.1703,0.7651,0.5306,0.3756,0.2591,0.2145,0.0931,0.1267,0.3919,0.2888,0.2001,0.1554,0.1489,0.7494,0.503,0.3099,0.2006,0.1749,0.092,0.0946,0.3772,0.2905,0.2082,0.1628,0.1473,0.7352,0.4813,0.3268,0.2116,0.1757,0.0948,0.1224,0.3791,0.2831,0.2325,0.1647,0.1399,0.7415,0.5003,0.3418,0.2122,0.1844,0.0949,0.0995,0.0949,0.0928,0.0943,0.101,0.0924,0.0943,0.0917,0.0942,0.1005,0.0961,0.098,
106049s,0.0959,0.0961,0.0946,0.0959,0.097,0.0925,0.0916,0.0986,0.0949,0.0944,0.0928,0.0932,0.0963,0.3793,0.2843,0.2203,0.1824,0.1596,0.7671,0.5092,0.3851,0.2762,0.2327,0.0961,0.1317,0.387,0.2802,0.206,0.1876,0.1688,0.7514,0.5297,0.3694,0.2707,0.2231,0.0927,0.1049,0.3978,0.3003,0.2265,0.1964,0.169,0.7656,0.5347,0.3797,0.2586,0.215,0.0931,0.126,0.3924,0.2896,0.2102,0.1573,0.1491,0.7489,0.5023,0.3101,0.2014,0.175,0.0921,0.095,0.3777,0.2859,0.2071,0.1635,0.1476,0.7354,0.4835,0.3259,0.2129,0.1794,0.0949,0.1156,0.3788,0.279,0.2142,0.1635,0.1383,0.7418,0.4993,0.3412,0.2124,0.1832,0.0951,0.0995,0.0945,0.0926,0.0939,0.1008,0.0924,0.0942,0.0915,0.094,0.1004,0.0961,0.0982,
106313s,0.0951,0.0961,0.0943,0.096,0.0967,0.0923,0.0917,0.0987,0.0949,0.0944,0.0928,0.0931,0.0959,0.3797,0.2843,0.2171,0.1778,0.1593,0.7688,0.5093,0.386,0.2766,0.2337,0.0964,0.1396,0.3873,0.2789,0.2048,0.1877,0.1682,0.7519,0.5305,0.3699,0.2703,0.2235,0.0927,0.1044,0.3977,0.3011,0.2281,0.1923,0.1706,0.7657,0.5351,0.3791,0.2584,0.2152,0.093,0.1329,0.3919,0.2866,0.2122,0.1562,0.1485,0.751,0.5023,0.3101,0.201,0.1754,0.0921,0.0948,0.3772,0.286,0.2032,0.1626,0.1462,0.7363,0.4833,0.3254,0.2131,0.1765,0.0947,0.1179,0.3792,0.2794,0.2346,0.1639,0.1384,0.7416,0.4994,0.341,0.2105,0.1827,0.0949,0.0997,0.0945,0.0927,0.0941,0.1009,0.0923,0.0943,0.0915,0.094,0.1003,0.0961,0.0982,
106576s,0.0959,0.0962,0.0948,0.0961,0.097,0.0926,0.0918,0.099,0.0949,0.0945,0.0927,0.0935,0.0967,0.379,0.2846,0.2188,0.1826,0.1597,0.7682,0.5084,0.383,0.2772,0.2338,0.0961,0.1381,0.3875,0.2745,0.2098,0.1875,0.1684,0.7523,0.5314,0.3703,0.271,0.2241,0.0929,0.1054,0.3976,0.3006,0.2297,0.1943,0.171,0.7656,0.5336,0.3771,0.2609,0.215,0.0933,0.1271,0.3925,0.2919,0.2003,0.1551,0.1483,0.7508,0.5037,0.3094,0.201,0.1761,0.0921,0.0943,0.3773,0.2863,0.2019,0.1616,0.1461,0.7372,0.4819,0.3256,0.2125,0.1753,0.0949,0.1178,0.3793,0.2751,0.2159,0.1639,0.1386,0.7433,0.5005,0.3415,0.2127,0.1847,0.0952,0.0987,0.0936,0.0923,0.094,0.1005,0.0922,0.094,0.0916,0.0939,0.1003,0.096,0.0984,
106839s,0.0953,0.0962,0.0946,0.0961,0.0969,0.0927,0.0917,0.0988,0.0947,0.0942,0.0928,0.0932,0.0963,0.3802,0.2848,0.2149,0.1767,0.1587,0.7679,0.5099,0.3864,0.2759,0.2331,0.0961,0.1312,0.3872,0.2781,0.2104,0.1867,0.1664,0.7516,0.5312,0.3701,0.2701,0.2234,0.0928,0.1045,0.3976,0.3011,0.2271,0.1987,0.1676,0.7665,0.5351,0.3814,0.2598,0.2161,0.0929,0.1345,0.3922,0.2864,0.213,0.1563,0.1488,0.7504,0.5028,0.3115,0.2036,0.1759,0.0921,0.0945,0.3776,0.2821,0.2008,0.1621,0.1463,0.7381,0.4838,0.3253,0.2134,0.1782,0.0949,0.119,0.3791,0.2785,0.2126,0.1649,0.1393,0.7415,0.5003,0.3412,0.212,0.1836,0.0949,0.0987,0.0942,0.0929,0.0943,0.1008,0.0923,0.0944,0.0916,0.094,0.1004,0.0962,0.0982,
107101s,0.0954,0.0963,0.0946,0.0963,0.0968,0.0924,0.0917,0.099,0.095,0.0946,0.0928,0.0934,0.0963,0.379,0.2843,0.2223,0.1852,0.1606,0.7684,0.5099,0.3853,0.2775,0.234,0.096,0.1465,0.3875,0.2792,0.2095,0.1859,0.1667,0.7531,0.531,0.3708,0.2717,0.2241,0.093,0.1048,0.3982,0.3005,0.2256,0.1936,0.1713,0.766,0.5347,0.3786,0.2597,0.2159,0.0932,0.1281,0.3922,0.2868,0.1958,0.1556,0.1489,0.7519,0.5032,0.3108,0.2008,0.1758,0.092,0.0945,0.3773,0.287,0.2031,0.1619,0.1459,0.738,0.4833,0.3258,0.2134,0.1755,0.0948,0.1149,0.3799,0.2814,0.2277,0.1647,0.1388,0.744,0.5006,0.3417,0.2118,0.1843,0.0951,0.1002,0.0953,0.0932,0.0943,0.1013,0.0924,0.0945,0.0918,0.094,0.1004,0.0961,0.0985,
107364s,0.0951,0.0963,0.0945,0.0959,0.0969,0.0926,0.0916,0.0986,0.0946,0.0942,0.0926,0.0931,0.0965,0.3792,0.2856,0.2173,0.1828,0.1588,0.7698,0.5092,0.3839,0.2772,0.2327,0.096,0.1338,0.3871,0.2755,0.2068,0.1891,0.1689,0.7539,0.5323,0.3705,0.2713,0.2247,0.0929,0.1052,0.3978,0.299,0.2263,0.1901,0.17,0.7662,0.5345,0.3787,0.2596,0.2148,0.0931,0.1254,0.3922,0.2904,0.2057,0.1557,0.1499,0.752,0.5034,0.3118,0.2016,0.1758,0.0919,0.0946,0.3772,0.287,0.2101,0.1633,0.1483,0.7373,0.4834,0.3278,0.2124,0.1764,0.0947,0.1196,0.3789,0.2798,0.2209,0.1633,0.1377,0.744,0.5011,0.3421,0.2123,0.1849,0.0951,0.0981,0.0937,0.0921,0.0938,0.1006,0.092,0.094,0.0917,0.0939,0.1002,0.096,0.0979,
107626s,0.0952,0.0962,0.0948,0.0963,0.0967,0.0922,0.0916,0.0987,0.0948,0.0942,0.0928,0.0933,0.0963,0.3793,0.2846,0.2144,0.1793,0.1588,0.7704,0.5104,0.3836,0.2775,0.2335,0.0961,0.145,0.3871,0.2744,0.2105,0.1876,0.1671,0.7535,0.5318,0.371,0.2704,0.2248,0.0928,0.1043,0.3979,0.3004,0.2255,0.1932,0.1704,0.767,0.5359,0.379,0.262,0.2155,0.0932,0.1318,0.3914,0.2938,0.2028,0.156,0.1512,0.7531,0.5036,0.3115,0.2007,0.1753,0.092,0.0946,0.3775,0.2839,0.2014,0.162,0.1463,0.7384,0.4843,0.327,0.2134,0.1758,0.095,0.1141,0.379,0.2762,0.2227,0.163,0.1381,0.745,0.5015,0.3424,0.2132,0.1856,0.0951,0.0993,0.0942,0.0924,0.0941,0.1007,0.0923,0.0941,0.092,0.0941,0.1004,0.0962,0.0986,
107889s,0.0959,0.0958,0.0942,0.0958,0.0966,0.0923,0.0917,0.0987,0.0948,0.0944,0.0929,0.0932,0.0969,0.3792,0.2847,0.2163,0.178,0.1605,0.7718,0.5109,0.3879,0.2778,0.2343,0.0962,0.1368,0.3871,0.2755,0.2046,0.1884,0.1696,0.7545,0.5322,0.371,0.271,0.2251,0.0928,0.1046,0.3979,0.3014,0.229,0.1902,0.1712,0.7678,0.5365,0.3802,0.2602,0.2166,0.0933,0.1358,0.3922,0.2841,0.2035,0.1559,0.1482,0.7534,0.5046,0.3111,0.2022,0.1762,0.0921,0.0946,0.3772,0.283,0.2067,0.1632,0.1476,0.7385,0.4848,0.3292,0.2127,0.1782,0.095,0.1169,0.3788,0.2789,0.22,0.1636,0.1384,0.7454,0.5018,0.3424,0.2135,0.1843,0.0951,0.0994,0.0948,0.0929,0.0943,0.1011,0.0926,0.0945,0.0917,0.0941,0.1005,0.0962,0.0985,
108151s,0.0953,0.0961,0.0947,0.0961,0.0966,0.0922,0.0917,0.0986,0.0947,0.0942,0.0928,0.0932,0.0961,0.3793,0.284,0.2185,0.1802,0.1596,0.7723,0.5108,0.3862,0.2774,0.2352,0.0964,0.1381,0.3869,0.274,0.2054,0.1874,0.1688,0.7555,0.5321,0.3715,0.2713,0.2249,0.0928,0.1048,0.3974,0.2985,0.2279,0.1982,0.1696,0.7672,0.537,0.3819,0.262,0.2165,0.0931,0.1327,0.3925,0.284,0.1951,0.155,0.1481,0.7545,0.5034,0.3109,0.2015,0.1766,0.092,0.0946,0.3775,0.2826,0.2095,0.1635,0.1485,0.7391,0.4849,0.3294,0.2127,0.1781,0.0948,0.1195,0.3788,0.2788,0.2199,0.1638,0.1382,0.7452,0.5025,0.3424,0.2141,0.1849,0.095,0.0989,0.094,0.0923,0.0938,0.1009,0.0923,0.0942,0.0916,0.094,0.1003,0.0961,0.0985,
108414s,0.0953,0.0962,0.0944,0.0959,0.0969,0.0924,0.0916,0.0984,0.0947,0.0942,0.0927,0.093,0.0955,0.379,0.2841,0.2177,0.1782,0.1583,0.7725,0.5116,0.3879,0.277,0.2352,0.0961,0.1475,0.387,0.279,0.2085,0.1872,0.1673,0.7548,0.5331,0.3712,0.2706,0.225,0.0927,0.1049,0.3976,0.2995,0.2278,0.1925,0.1689,0.7684,0.5375,0.3824,0.26,0.2166,0.0931,0.1287,0.3919,0.2842,0.1986,0.1559,0.1483,0.7545,0.5043,0.3114,0.2031,0.1761,0.0919,0.0944,0.3773,0.2807,0.2018,0.1622,0.1478,0.7401,0.4851,0.3277,0.2135,0.1784,0.0948,0.1159,0.379,0.2777,0.2231,0.1635,0.1393,0.7458,0.5017,0.3425,0.2131,0.1843,0.0949,0.0984,0.0937,0.0922,0.0936,0.1007,0.092,0.0941,0.0916,0.094,0.1002,0.0961,0.0981,
108676s,0.0954,0.096,0.0944,0.0962,0.0967,0.0921,0.0915,0.0988,0.0946,0.0943,0.0926,0.0932,0.0965,0.3789,0.2853,0.2181,0.1838,0.1609,0.7725,0.5111,0.3849,0.278,0.2341,0.0961,0.1402,0.3874,0.2771,0.2215,0.1879,0.1677,0.7563,0.5334,0.3714,0.2709,0.2279,0.0926,0.1049,0.3982,0.3,0.2305,0.1937,0.1707,0.7678,0.5366,0.3795,0.2598,0.2153,0.0932,0.1338,0.3918,0.293,0.2047,0.1552,0.1497,0.7551,0.5055,0.3118,0.2016,0.1764,0.0921,0.0952,0.3771,0.2876,0.2033,0.162,0.1469,0.7394,0.4831,0.3284,0.2121,0.1769,0.0949,0.1168,0.3786,0.2744,0.2154,0.164,0.139,0.7479,0.5033,0.3429,0.212,0.1858,0.0951,0.0995,0.0944,0.0929,0.0941,0.1008,0.0922,0.0943,0.0917,0.0941,0.1005,0.0962,0.0982,
108939s,0.0957,0.096,0.0945,0.096,0.097,0.0924,0.0916,0.0988,0.0947,0.0943,0.0927,0.093,0.0961,0.3787,0.2841,0.2177,0.1786,0.1591,0.773,0.512,0.3874,0.2781,0.2344,0.0959,0.1375,0.3871,0.2727,0.2056,0.1855,0.1673,0.7564,0.5339,0.372,0.2712,0.2248,0.0929,0.1052,0.3974,0.3008,0.2275,0.1961,0.1698,0.7696,0.5357,0.3787,0.2607,0.2158,0.0932,0.1335,0.3913,0.2856,0.2013,0.1564,0.1492,0.7557,0.5053,0.3123,0.201,0.1764,0.092,0.0942,0.3765,0.2841,0.2018,0.162,0.1464,0.7399,0.485,0.3278,0.2133,0.1762,0.0951,0.1132,0.3787,0.2757,0.2209,0.1634,0.1383,0.7474,0.5034,0.3429,0.2135,0.1861,0.0951,0.0992,0.0947,0.0925,0.0939,0.1008,0.0923,0.0941,0.0918,0.094,0.1004,0.0959,0.0981,
109201s,0.0952,0.0961,0.0945,0.0961,0.097,0.0925,0.0918,0.0989,0.0947,0.0942,0.0928,0.0931,0.0966,0.3786,0.2847,0.2159,0.1804,0.1596,0.7734,0.5103,0.3842,0.2777,0.2335,0.0962,0.138,0.3871,0.2723,0.2159,0.1863,0.1658,0.7571,0.534,0.3722,0.2708,0.2297,0.0929,0.1043,0.3973,0.2964,0.2206,0.1888,0.1695,0.769,0.536,0.3792,0.2595,0.2155,0.0933,0.1279,0.3918,0.2934,0.1991,0.1554,0.1495,0.755,0.5055,0.3122,0.2025,0.1757,0.0921,0.0947,0.3764,0.2876,0.2065,0.1619,0.1473,0.7408,0.4849,0.3288,0.2125,0.1778,0.0946,0.1177,0.3784,0.2724,0.2173,0.1633,0.139,0.7483,0.5032,0.3433,0.2128,0.186,0.095,0.0995,0.0947,0.0926,0.0942,0.1008,0.0923,0.0943,0.0917,0.0942,0.1004,0.0961,0.0982,
109464s,0.0953,0.0961,0.0945,0.096,0.0967,0.0923,0.0916,0.0987,0.0947,0.0943,0.0928,0.0932,0.0967,0.3788,0.2832,0.2168,0.1781,0.1588,0.7737,0.5128,0.3874,0.2785,0.235,0.0963,0.131,0.3864,0.2759,0.2059,0.1858,0.1666,0.7574,0.5339,0.3717,0.2719,0.2252,0.0928,0.1042,0.3975,0.3005,0.2292,0.1898,0.1712,0.7708,0.5383,0.3822,0.2614,0.2171,0.0932,0.1328,0.3919,0.2856,0.1956,0.1558,0.1488,0.7556,0.5057,0.3113,0.2042,0.1773,0.092,0.0953,0.3774,0.2878,0.204,0.1627,0.1469,0.7407,0.4861,0.3292,0.2142,0.1778,0.0947,0.1145,0.3785,0.2716,0.2174,0.1641,0.1387,0.7478,0.5031,0.3437,0.2137,0.1872,0.095,0.0984,0.0941,0.0923,0.0939,0.1005,0.0922,0.0941,0.0917,0.0939,0.1003,0.096,0.098,
109726s,0.0953,0.0963,0.0947,0.0962,0.0968,0.0925,0.0918,0.0988,0.0949,0.0945,0.0929,0.0935,0.0961,0.3793,0.2844,0.2184,0.1828,0.1624,0.7758,0.5114,0.3853,0.2792,0.2354,0.0964,0.1318,0.3867,0.2772,0.2184,0.1863,0.1667,0.7579,0.5348,0.3715,0.2711,0.229,0.0928,0.1044,0.3972,0.2974,0.2268,0.1942,0.1705,0.7705,0.5382,0.3828,0.2606,0.2159,0.0934,0.1309,0.3921,0.2887,0.2221,0.1556,0.1504,0.7564,0.507,0.312,0.202,0.177,0.0922,0.0945,0.3771,0.2872,0.2075,0.1626,0.1476,0.7411,0.4853,0.3303,0.2129,0.1774,0.0948,0.1193,0.3787,0.2746,0.2182,0.1642,0.1396,0.7486,0.5046,0.3431,0.2123,0.1866,0.0951,0.0993,0.0945,0.0929,0.094,0.1008,0.0923,0.0943,0.0915,0.0941,0.1005,0.0962,0.0983,
109988s,0.0952,0.0963,0.0946,0.0961,0.0968,0.0922,0.0916,0.099,0.095,0.0945,0.0928,0.0932,0.0963,0.3785,0.2836,0.2175,0.1801,0.1603,0.7743,0.5129,0.3866,0.2787,0.2361,0.0964,0.1384,0.3865,0.2748,0.2057,0.1867,0.1689,0.7579,0.5349,0.3725,0.2708,0.2261,0.0928,0.1044,0.3977,0.2976,0.2275,0.1908,0.1723,0.7702,0.5387,0.3811,0.2607,0.2169,0.0931,0.1297,0.3917,0.2855,0.2057,0.1553,0.1483,0.7563,0.5063,0.3127,0.202,0.178,0.0921,0.0954,0.3773,0.2882,0.2053,0.163,0.1463,0.7413,0.4865,0.3292,0.2139,0.1768,0.0948,0.1207,0.3787,0.2753,0.2215,0.164,0.1385,0.7487,0.5035,0.3437,0.2136,0.1862,0.0949,0.099,0.094,0.0921,0.0938,0.1007,0.0922,0.0941,0.0915,0.0941,0.1003,0.0961,0.0984,
110251s,0.0953,0.0961,0.0944,0.096,0.0966,0.0922,0.0917,0.0987,0.0946,0.0943,0.0927,0.0931,0.0957,0.3787,0.2843,0.2175,0.1781,0.1584,0.7752,0.5135,0.3903,0.2796,0.2355,0.0962,0.1351,0.3868,0.2777,0.2093,0.1864,0.1673,0.7587,0.5351,0.3724,0.2715,0.2258,0.0929,0.1043,0.3974,0.3005,0.2278,0.1918,0.1695,0.7718,0.5394,0.3827,0.263,0.2181,0.0932,0.1287,0.3921,0.283,0.219,0.1569,0.1504,0.7565,0.5064,0.3137,0.2022,0.1767,0.092,0.0947,0.3766,0.2857,0.1983,0.1613,0.1459,0.7418,0.4874,0.3283,0.2148,0.1776,0.0949,0.118,0.3784,0.2785,0.2212,0.1639,0.1392,0.7489,0.5037,0.3438,0.2143,0.1857,0.0949,0.099,0.0942,0.0928,0.0942,0.101,0.0923,0.0944,0.0917,0.0941,0.1003,0.0962,0.0981,
110514s,0.0955,0.096,0.0942,0.0959,0.0966,0.0922,0.0916,0.0987,0.0947,0.0942,0.0927,0.0931,0.0968,0.3779,0.284,0.2167,0.1807,0.1602,0.7751,0.5124,0.3856,0.2797,0.2348,0.096,0.1408,0.3866,0.2727,0.2186,0.1866,0.1665,0.7602,0.5349,0.3728,0.2721,0.2293,0.0929,0.1053,0.3974,0.2981,0.2284,0.1927,0.1697,0.7716,0.5368,0.3781,0.2598,0.2164,0.0933,0.1284,0.392,0.291,0.2027,0.1558,0.1508,0.7581,0.5066,0.3132,0.2024,0.1765,0.0921,0.0947,0.3764,0.2861,0.2033,0.1629,0.1477,0.7421,0.4854,0.3302,0.2133,0.179,0.0949,0.1138,0.3782,0.2712,0.2202,0.164,0.1422,0.7504,0.505,0.3439,0.2127,0.1871,0.095,0.1,0.0947,0.0926,0.0942,0.1007,0.0923,0.0941,0.0915,0.094,0.1003,0.096,0.0979,
110776s,0.0958,0.0963,0.0945,0.0961,0.097,0.0925,0.0918,0.0988,0.0948,0.0943,0.0928,0.0931,0.0955,0.3776,0.2823,0.2181,0.187,0.1571,0.7755,0.5142,0.3895,0.28,0.238,0.0963,0.1424,0.3861,0.2779,0.2105,0.1873,0.1673,0.7603,0.5343,0.3731,0.272,0.2296,0.093,0.1048,0.3972,0.2994,0.23,0.1911,0.171,0.7723,0.5401,0.3842,0.2627,0.2181,0.0932,0.1336,0.392,0.2819,0.2023,0.1571,0.1495,0.758,0.5062,0.3135,0.2023,0.1775,0.092,0.0945,0.3771,0.2864,0.2009,0.1627,0.1466,0.7432,0.4877,0.3297,0.2147,0.179,0.0949,0.1172,0.378,0.2748,0.2328,0.1634,0.1388,0.7493,0.5055,0.3441,0.2135,0.1857,0.0951,0.099,0.0938,0.0924,0.0942,0.101,0.0924,0.0944,0.0918,0.0941,0.1004,0.0961,0.0987,
111039s,0.0951,0.0961,0.0944,0.0962,0.097,0.0924,0.0917,0.0989,0.0948,0.0943,0.0929,0.0932,0.0965,0.3786,0.2859,0.2173,0.1806,0.1599,0.7764,0.5117,0.3861,0.2793,0.2344,0.0961,0.1382,0.3872,0.2753,0.2141,0.1873,0.1671,0.7609,0.5359,0.3735,0.2715,0.2294,0.0929,0.1049,0.3979,0.2995,0.2286,0.195,0.1709,0.7724,0.5394,0.3795,0.2598,0.2168,0.0932,0.1279,0.3914,0.2871,0.2039,0.1556,0.1501,0.7594,0.5066,0.313,0.202,0.1775,0.0922,0.0953,0.3765,0.2876,0.2059,0.1635,0.1476,0.7438,0.4872,0.3295,0.2136,0.1779,0.0949,0.1168,0.3778,0.2708,0.2205,0.1634,0.1385,0.7515,0.5058,0.3447,0.213,0.1876,0.095,0.0993,0.0945,0.0928,0.0946,0.1011,0.0924,0.0942,0.0917,0.0941,0.1003,0.0961,0.0982,
111301s,0.0959,0.096,0.0944,0.0959,0.0966,0.0923,0.0916,0.0985,0.0946,0.0942,0.0926,0.0932,0.096,0.3781,0.2839,0.2184,0.1805,0.1591,0.7763,0.514,0.3884,0.2792,0.2372,0.0962,0.1388,0.3861,0.2738,0.2056,0.1861,0.167,0.7606,0.5356,0.3732,0.271,0.2274,0.093,0.1042,0.3976,0.2988,0.2292,0.1918,0.1713,0.7729,0.5406,0.3846,0.2612,0.2175,0.0932,0.1287,0.3918,0.2865,0.2109,0.156,0.1485,0.7585,0.5063,0.314,0.2022,0.1776,0.0921,0.0947,0.3767,0.2865,0.2016,0.1624,0.147,0.7447,0.4882,0.3301,0.2143,0.1791,0.0948,0.1165,0.3781,0.2739,0.219,0.1633,0.1385,0.7501,0.5061,0.3447,0.215,0.187,0.0949,0.0988,0.0946,0.0926,0.094,0.1008,0.0924,0.0942,0.0918,0.0941,0.1003,0.096,0.098,
111563s,0.0953,0.0958,0.0943,0.0959,0.0966,0.0921,0.0917,0.0988,0.0949,0.0943,0.0927,0.0932,0.096,0.3781,0.2829,0.2167,0.1798,0.1601,0.7771,0.5142,0.3883,0.2796,0.2363,0.0963,0.1371,0.3861,0.2776,0.2082,0.1867,0.1681,0.7618,0.5354,0.3728,0.2716,0.2291,0.093,0.1047,0.3976,0.3,0.2271,0.1912,0.1724,0.774,0.539,0.3812,0.2607,0.2171,0.0932,0.1406,0.3916,0.2877,0.1962,0.1553,0.1488,0.7585,0.5069,0.3121,0.2025,0.1787,0.0921,0.095,0.3765,0.2878,0.2057,0.1629,0.1477,0.7447,0.4873,0.3301,0.2139,0.1788,0.0949,0.114,0.3778,0.2711,0.2175,0.1628,0.1383,0.7511,0.5052,0.3446,0.2139,0.1869,0.0949,0.0993,0.0947,0.0927,0.094,0.1011,0.0924,0.0945,0.0915,0.0939,0.1002,0.096,0.098,
111826s,0.0959,0.0958,0.0943,0.096,0.0964,0.0921,0.0915,0.0985,0.0946,0.0942,0.0926,0.0932,0.0959,0.3781,0.2824,0.2165,0.1804,0.1603,0.7781,0.5142,0.3883,0.28,0.2368,0.0962,0.1321,0.3861,0.2708,0.2036,0.1871,0.1681,0.7611,0.5359,0.3733,0.2711,0.2284,0.0928,0.1046,0.3976,0.2981,0.2254,0.1941,0.1715,0.7748,0.5397,0.3845,0.2611,0.2175,0.093,0.135,0.392,0.2844,0.2025,0.1555,0.1483,0.7597,0.5071,0.3125,0.2021,0.1784,0.0919,0.0953,0.3762,0.2867,0.2027,0.1621,0.1461,0.7454,0.4878,0.3304,0.2141,0.1773,0.0947,0.1189,0.3777,0.2714,0.2204,0.1632,0.1383,0.7523,0.5067,0.3443,0.2146,0.1875,0.0949,0.0981,0.0945,0.0927,0.0942,0.101,0.0927,0.0943,0.0917,0.0939,0.1003,0.0959,0.098,
112088s,0.0948,0.0963,0.0946,0.0962,0.0969,0.0925,0.0917,0.0989,0.0946,0.0943,0.0926,0.0931,0.0956,0.3787,0.2835,0.2179,0.1768,0.1592,0.7789,0.5147,0.3896,0.2799,0.2362,0.0961,0.1382,0.3852,0.2754,0.2093,0.1864,0.167,0.7609,0.5366,0.3734,0.2722,0.2292,0.0927,0.1039,0.3969,0.2971,0.2273,0.1969,0.1684,0.7749,0.5409,0.3851,0.2615,0.2181,0.0932,0.1333,0.3915,0.285,0.2107,0.1562,0.1487,0.7596,0.5079,0.313,0.203,0.1782,0.0918,0.0951,0.3772,0.2857,0.2049,0.1621,0.1468,0.7454,0.4886,0.331,0.214,0.1809,0.0948,0.12,0.3779,0.2732,0.2315,0.1647,0.1395,0.7498,0.5058,0.3451,0.2136,0.1865,0.0951,0.0988,0.094,0.0925,0.094,0.1007,0.0922,0.0943,0.0914,0.0939,0.1003,0.096,0.0982,
112351s,0.0961,0.0961,0.0945,0.0962,0.0969,0.0923,0.0917,0.0988,0.0948,0.0943,0.0928,0.0933,0.0963,0.3785,0.2827,0.2185,0.1807,0.1588,0.7782,0.5156,0.3902,0.2802,0.2367,0.0962,0.1426,0.3858,0.2735,0.2062,0.1872,0.1688,0.7616,0.5367,0.3736,0.2716,0.2275,0.0929,0.1044,0.3972,0.2989,0.2279,0.1929,0.1702,0.7748,0.5413,0.3842,0.2612,0.2182,0.093,0.1308,0.3914,0.284,0.2093,0.1567,0.1491,0.7602,0.5079,0.3137,0.2028,0.178,0.0922,0.0945,0.3766,0.2803,0.207,0.1626,0.1466,0.7464,0.4883,0.331,0.2138,0.1799,0.0949,0.1166,0.3776,0.2732,0.2323,0.1639,0.1388,0.7524,0.5067,0.3454,0.2139,0.1873,0.0952,0.0988,0.0944,0.0927,0.0943,0.1012,0.0927,0.0946,0.0918,0.0942,0.1004,0.0961,0.0984,
112614s,0.0948,0.0962,0.0947,0.0962,0.0967,0.0923,0.0917,0.0989,0.0949,0.0944,0.0928,0.0932,0.0962,0.3778,0.2834,0.2134,0.1783,0.1618,0.7779,0.5148,0.3881,0.2807,0.2363,0.0959,0.1365,0.3858,0.2735,0.2119,0.1866,0.1678,0.763,0.5366,0.3738,0.2733,0.2293,0.0932,0.104,0.3973,0.2952,0.2276,0.1965,0.1697,0.7746,0.5405,0.3836,0.2645,0.2181,0.0932,0.1413,0.3917,0.2857,0.2003,0.1554,0.1494,0.7608,0.5088,0.3141,0.2028,0.1785,0.0921,0.0944,0.3762,0.2849,0.2048,0.1629,0.1481,0.7463,0.4889,0.3303,0.2137,0.1786,0.0947,0.1149,0.3776,0.272,0.2216,0.1628,0.138,0.7535,0.5076,0.3453,0.2138,0.1888,0.0951,0.0991,0.0943,0.0922,0.0938,0.1007,0.0923,0.0942,0.0915,0.0939,0.1004,0.096,0.0983,
112876s,0.0952,0.0961,0.0945,0.0961,0.0968,0.0922,0.0916,0.0988,0.0949,0.0943,0.0928,0.0931,0.0966,0.3788,0.2824,0.2157,0.1793,0.1604,0.7801,0.5158,0.3889,0.2807,0.2364,0.0961,0.1425,0.3859,0.2709,0.2034,0.1879,0.1688,0.7635,0.5368,0.3734,0.272,0.2294,0.0927,0.1054,0.3968,0.2982,0.2288,0.1915,0.1716,0.776,0.5416,0.3824,0.2628,0.2181,0.0933,0.1296,0.391,0.2862,0.2094,0.1557,0.1498,0.7612,0.5088,0.3138,0.204,0.1784,0.0921,0.0954,0.3765,0.2848,0.2095,0.1639,0.1483,0.7464,0.4893,0.3321,0.2137,0.1803,0.0946,0.1204,0.3772,0.2763,0.226,0.163,0.1392,0.7543,0.5071,0.3457,0.2137,0.1886,0.0951,0.0987,0.0937,0.0919,0.0939,0.1006,0.0925,0.0942,0.0914,0.094,0.1004,0.0961,0.0981,
113139s,0.0953,0.0957,0.0947,0.0958,0.0964,0.092,0.0916,0.0985,0.0947,0.0942,0.0926,0.0931,0.0963,0.3781,0.2827,0.2146,0.1778,0.1606,0.7801,0.5156,0.3898,0.2805,0.2373,0.0961,0.1413,0.3856,0.2708,0.2033,0.1884,0.1702,0.7631,0.5372,0.3735,0.2716,0.2287,0.0927,0.1051,0.397,0.2974,0.2299,0.1886,0.1715,0.7762,0.5425,0.3842,0.2621,0.2181,0.093,0.1267,0.3915,0.285,0.2053,0.1559,0.1496,0.7606,0.5096,0.3148,0.2025,0.1779,0.0919,0.0943,0.3761,0.2842,0.2103,0.1626,0.147,0.7475,0.4897,0.3311,0.2135,0.18,0.0949,0.1168,0.377,0.2699,0.2226,0.1635,0.1391,0.7533,0.5076,0.3454,0.2138,0.1886,0.095,0.0983,0.0934,0.0921,0.0936,0.1006,0.0923,0.094,0.0914,0.0939,0.1002,0.0959,0.0981,
113401s,0.096,0.096,0.0944,0.0962,0.0967,0.0922,0.0916,0.0989,0.0949,0.0944,0.0928,0.0932,0.0965,0.3775,0.2824,0.2199,0.1831,0.1604,0.7797,0.5169,0.3896,0.2804,0.2385,0.0963,0.1335,0.3853,0.2711,0.2053,0.1858,0.1667,0.7636,0.5371,0.3744,0.2723,0.2302,0.0928,0.1046,0.3969,0.2963,0.2259,0.194,0.171,0.7764,0.5424,0.3832,0.2626,0.2181,0.0931,0.1383,0.3917,0.2836,0.2073,0.1559,0.1487,0.761,0.5092,0.3141,0.2028,0.1792,0.0919,0.0947,0.3757,0.2862,0.2007,0.1611,0.146,0.7489,0.4897,0.3317,0.2149,0.1781,0.0948,0.1177,0.3775,0.2705,0.2148,0.1634,0.1381,0.7542,0.5077,0.3451,0.2146,0.1893,0.0948,0.0996,0.0951,0.0928,0.0944,0.1011,0.0925,0.0945,0.0916,0.0939,0.1003,0.096,0.098,
113664s,0.0952,0.0962,0.095,0.0964,0.0969,0.0922,0.0918,0.0989,0.0948,0.0945,0.0928,0.0932,0.0965,0.3772,0.2823,0.2185,0.1856,0.1609,0.7805,0.5146,0.3874,0.281,0.2386,0.0964,0.1426,0.3858,0.273,0.2151,0.1866,0.167,0.7648,0.5385,0.3749,0.273,0.2294,0.0931,0.1051,0.397,0.2964,0.2214,0.1889,0.171,0.7755,0.5425,0.3816,0.262,0.2184,0.0931,0.1315,0.392,0.2875,0.2056,0.156,0.1505,0.7625,0.5107,0.3137,0.2037,0.1769,0.092,0.0946,0.3762,0.285,0.2028,0.1626,0.1476,0.7496,0.4881,0.3314,0.2145,0.1788,0.0949,0.1171,0.3776,0.2693,0.2206,0.1641,0.1404,0.755,0.5084,0.346,0.2152,0.1896,0.0951,0.0993,0.0944,0.0926,0.0943,0.1007,0.0923,0.0944,0.0915,0.0941,0.1004,0.096,0.0982,
113926s,0.0954,0.0961,0.0946,0.096,0.0965,0.0924,0.0917,0.0987,0.0948,0.0944,0.0927,0.0931,0.0959,0.3785,0.2831,0.2171,0.1775,0.1599,0.7805,0.5175,0.3907,0.2805,0.2371,0.096,0.1322,0.3854,0.273,0.2063,0.1872,0.168,0.7649,0.5376,0.3747,0.2723,0.2296,0.0929,0.1044,0.397,0.2978,0.2285,0.193,0.1703,0.7779,0.5429,0.3862,0.2628,0.2184,0.0931,0.1338,0.3915,0.2839,0.2124,0.1569,0.1489,0.7633,0.5088,0.3156,0.203,0.179,0.0921,0.0946,0.3763,0.2844,0.2066,0.1629,0.1478,0.7496,0.4908,0.3315,0.2143,0.181,0.0949,0.1176,0.3769,0.2753,0.2314,0.1642,0.1395,0.7555,0.5077,0.3459,0.2149,0.1882,0.0949,0.0983,0.0944,0.0927,0.0942,0.1009,0.0923,0.0944,0.0916,0.0941,0.1004,0.096,0.0981,
114189s,0.0952,0.0966,0.0947,0.0963,0.0971,0.0925,0.092,0.0991,0.0949,0.0946,0.0929,0.0932,0.096,0.3774,0.2816,0.2181,0.1819,0.1592,0.7812,0.5176,0.3914,0.2813,0.2399,0.0963,0.1378,0.3853,0.2754,0.209,0.186,0.1666,0.7661,0.5381,0.3744,0.2727,0.2297,0.0928,0.1039,0.3971,0.2967,0.2277,0.193,0.1713,0.778,0.5426,0.3855,0.2634,0.2182,0.0929,0.1357,0.3917,0.2854,0.2129,0.1567,0.1494,0.7637,0.5103,0.3154,0.203,0.1793,0.0921,0.095,0.3768,0.2883,0.2043,0.1626,0.1473,0.7494,0.4913,0.3321,0.2153,0.18,0.0948,0.1189,0.3775,0.274,0.2216,0.1638,0.1391,0.7559,0.5084,0.3463,0.2149,0.1898,0.095,0.0994,0.0949,0.0932,0.0948,0.1014,0.0927,0.0947,0.0918,0.0942,0.1003,0.0961,0.0983,
114451s,0.0957,0.0961,0.0947,0.0961,0.0966,0.0921,0.0915,0.0986,0.0947,0.0943,0.0927,0.0932,0.0963,0.3776,0.2825,0.2196,0.1849,0.1596,0.7824,0.5177,0.3903,0.2818,0.2393,0.096,0.1424,0.3854,0.2725,0.2048,0.1874,0.1689,0.7648,0.538,0.3753,0.2733,0.2286,0.0931,0.1043,0.397,0.2963,0.2287,0.1993,0.1695,0.7762,0.5435,0.3837,0.2652,0.2181,0.0933,0.1338,0.3918,0.2844,0.2042,0.1547,0.1487,0.7635,0.5107,0.3142,0.2043,0.1778,0.092,0.0951,0.376,0.2858,0.2053,0.1631,0.1479,0.7503,0.49,0.3324,0.2146,0.18,0.0953,0.1132,0.3774,0.2691,0.2196,0.1638,0.1389,0.7554,0.5098,0.3454,0.215,0.1909,0.095,0.0989,0.0942,0.0923,0.094,0.1007,0.0923,0.0943,0.0914,0.0939,0.1005,0.0961,0.0981,
114714s,0.0955,0.096,0.0941,0.0958,0.0967,0.0922,0.0916,0.0987,0.0946,0.0942,0.0927,0.0931,0.0964,0.3771,0.2828,0.2167,0.1842,0.1578,0.782,0.5164,0.3891,0.2805,0.2397,0.096,0.1358,0.3858,0.2706,0.2154,0.1871,0.1666,0.7673,0.5382,0.3757,0.2726,0.2287,0.0928,0.1047,0.3972,0.2956,0.2323,0.1938,0.1682,0.7779,0.5426,0.3819,0.2645,0.2179,0.0932,0.1364,0.3914,0.2874,0.2051,0.1551,0.1481,0.7632,0.5097,0.3144,0.2031,0.1788,0.092,0.0951,0.3762,0.2866,0.2025,0.1629,0.1462,0.7493,0.4895,0.3324,0.2144,0.1816,0.0946,0.1175,0.3769,0.2721,0.2193,0.1631,0.1389,0.7561,0.5087,0.3456,0.2151,0.1911,0.0951,0.0978,0.0935,0.0919,0.0937,0.1005,0.0921,0.0943,0.0913,0.094,0.1003,0.096,0.0983,
114976s,0.095,0.0962,0.0946,0.0961,0.0967,0.0924,0.0917,0.0987,0.0949,0.0944,0.0927,0.0932,0.0959,0.3773,0.2823,0.2153,0.1788,0.1605,0.7833,0.5178,0.39,0.2816,0.2385,0.096,0.1333,0.3854,0.2709,0.205,0.1852,0.1665,0.7677,0.5382,0.3751,0.273,0.229,0.0928,0.1049,0.3968,0.2966,0.2282,0.1898,0.1714,0.7776,0.544,0.3844,0.2635,0.218,0.0928,0.1364,0.3911,0.289,0.2006,0.1558,0.15,0.7652,0.51,0.3156,0.2031,0.1789,0.092,0.0949,0.3756,0.2837,0.2043,0.1624,0.1468,0.7508,0.4922,0.3331,0.2144,0.1795,0.0952,0.114,0.3767,0.2715,0.2268,0.163,0.1385,0.7568,0.5094,0.3458,0.2162,0.1901,0.095,0.0992,0.0941,0.0923,0.0939,0.1007,0.0923,0.0942,0.0916,0.0939,0.1003,0.096,0.0983,
115239s,0.0954,0.0961,0.0947,0.0963,0.0968,0.0922,0.0918,0.0987,0.0948,0.0943,0.0927,0.0931,0.0963,0.3772,0.2811,0.2224,0.185,0.1605,0.784,0.5179,0.3917,0.2815,0.2409,0.0963,0.1415,0.3852,0.2714,0.2082,0.1856,0.1668,0.7672,0.5389,0.3749,0.2737,0.2293,0.093,0.1048,0.3967,0.2972,0.2328,0.198,0.1696,0.7786,0.5439,0.3843,0.2649,0.2182,0.093,0.1408,0.3916,0.287,0.2022,0.1557,0.1501,0.7652,0.5107,0.3159,0.2037,0.1783,0.0921,0.0944,0.3757,0.2851,0.1997,0.1618,0.1462,0.7516,0.4923,0.333,0.215,0.1807,0.0949,0.1158,0.3769,0.2706,0.2188,0.1641,0.139,0.7567,0.5103,0.3457,0.2154,0.1904,0.095,0.0989,0.0946,0.0926,0.0942,0.1009,0.0925,0.0945,0.0916,0.0941,0.1005,0.0961,0.0983,
115501s,0.095,0.0959,0.0947,0.0961,0.0965,0.0922,0.0916,0.0987,0.0948,0.0944,0.0928,0.0933,0.0962,0.3772,0.2809,0.2216,0.1842,0.1604,0.783,0.5184,0.3892,0.2813,0.2406,0.096,0.137,0.385,0.2715,0.2076,0.1848,0.1665,0.7664,0.5394,0.3751,0.2746,0.2298,0.0928,0.1041,0.3966,0.2951,0.2283,0.1967,0.1705,0.7792,0.5439,0.3841,0.2642,0.2179,0.0932,0.1357,0.3909,0.2882,0.1938,0.1553,0.1495,0.7662,0.5114,0.3152,0.2039,0.1784,0.092,0.0948,0.3754,0.283,0.2049,0.1628,0.1472,0.7501,0.4931,0.3332,0.2144,0.1801,0.0948,0.1199,0.3764,0.2719,0.2174,0.1632,0.1386,0.7574,0.5104,0.3465,0.2153,0.1906,0.0949,0.099,0.094,0.0925,0.0942,0.1008,0.0923,0.0942,0.0916,0.0938,0.1002,0.0959,0.0983,
115764s,0.0955,0.096,0.0943,0.096,0.0969,0.0925,0.0917,0.0987,0.0948,0.0945,0.0927,0.0931,0.0966,0.378,0.283,0.2146,0.1771,0.1596,0.7835,0.5174,0.3933,0.2822,0.2385,0.0961,0.1297,0.3856,0.2719,0.2064,0.186,0.1664,0.7672,0.5401,0.3757,0.2735,0.2285,0.093,0.1046,0.397,0.2977,0.2293,0.1931,0.171,0.7802,0.5425,0.3852,0.2649,0.2183,0.0932,0.1325,0.3908,0.2844,0.2146,0.1561,0.1494,0.7659,0.5109,0.3159,0.2033,0.1792,0.0919,0.0952,0.3752,0.2833,0.2079,0.1632,0.1481,0.7508,0.4934,0.3332,0.2147,0.1801,0.0948,0.1182,0.3765,0.2758,0.224,0.1639,0.1395,0.7585,0.5112,0.347,0.2165,0.1901,0.095,0.0983,0.094,0.0922,0.0941,0.1009,0.0926,0.0942,0.0916,0.0941,0.1004,0.096,0.0982,
116026s,0.0954,0.0958,0.0945,0.096,0.0965,0.0923,0.0916,0.0986,0.0947,0.0942,0.0927,0.093,0.0958,0.377,0.2812,0.2173,0.1795,0.1598,0.785,0.519,0.3932,0.282,0.2405,0.0962,0.1387,0.3851,0.2701,0.2046,0.187,0.1675,0.7687,0.5392,0.3757,0.2737,0.2291,0.0928,0.1038,0.3969,0.2961,0.2286,0.1994,0.1691,0.7796,0.5451,0.3858,0.2657,0.2191,0.0933,0.135,0.3914,0.282,0.206,0.1561,0.1491,0.7661,0.5112,0.3164,0.2037,0.1798,0.0921,0.0954,0.3751,0.2885,0.2108,0.1632,0.148,0.7525,0.4931,0.3332,0.2143,0.1804,0.0945,0.1221,0.3765,0.2749,0.2273,0.1634,0.1391,0.7587,0.511,0.3467,0.2165,0.1913,0.095,0.0987,0.0941,0.0925,0.094,0.101,0.0922,0.0943,0.0915,0.094,0.1005,0.0961,0.0982,
116289s,0.0958,0.096,0.0943,0.0959,0.0967,0.0923,0.0917,0.0986,0.0948,0.0945,0.0927,0.0934,0.0962,0.3767,0.2812,0.2171,0.1799,0.1603,0.785,0.5193,0.3928,0.2815,0.2401,0.0962,0.1358,0.3849,0.2698,0.2068,0.1855,0.1664,0.7681,0.5388,0.3752,0.2745,0.2293,0.0927,0.1044,0.3965,0.2945,0.2263,0.1937,0.1699,0.78,0.545,0.3863,0.2653,0.2183,0.0931,0.1338,0.3911,0.285,0.1984,0.1563,0.149,0.7672,0.5124,0.3151,0.2034,0.1793,0.092,0.0949,0.3757,0.2843,0.2069,0.1627,0.1482,0.7526,0.4935,0.3343,0.2146,0.1806,0.095,0.1151,0.3766,0.2689,0.2192,0.1631,0.1389,0.7604,0.5104,0.3472,0.216,0.1917,0.0951,0.0987,0.094,0.0923,0.094,0.1008,0.0924,0.0942,0.0916,0.0941,0.1003,0.096,0.0981,
116551s,0.0949,0.0961,0.0947,0.0961,0.0969,0.0923,0.0917,0.0986,0.0947,0.0946,0.0927,0.0932,0.0965,0.3767,0.282,0.2166,0.1816,0.1586,0.7854,0.5163,0.389,0.28,0.2383,0.0964,0.1375,0.3854,0.2729,0.2156,0.1864,0.1657,0.7685,0.5411,0.3754,0.277,0.2297,0.0928,0.1055,0.3967,0.2922,0.2273,0.1936,0.168,0.7803,0.5413,0.3826,0.2683,0.2177,0.0933,0.1339,0.391,0.279,0.1949,0.1555,0.1493,0.7674,0.5141,0.3152,0.2049,0.1788,0.0919,0.095,0.3752,0.2841,0.2045,0.1625,0.148,0.7523,0.4904,0.3324,0.2141,0.1835,0.0946,0.1186,0.376,0.2704,0.2086,0.1644,0.139,0.7597,0.5131,0.3461,0.216,0.193,0.095,0.099,0.0944,0.0923,0.0938,0.1006,0.092,0.0941,0.0916,0.0939,0.1004,0.0959,0.098,
116814s,0.0957,0.0959,0.0945,0.0959,0.0965,0.0922,0.0916,0.0988,0.0947,0.0942,0.0926,0.0932,0.0956,0.377,0.2821,0.2195,0.1828,0.1613,0.7864,0.5206,0.3938,0.2819,0.2415,0.0961,0.1376,0.3849,0.2739,0.211,0.1854,0.1666,0.7682,0.5401,0.3759,0.2743,0.2295,0.0928,0.1044,0.397,0.2963,0.2275,0.1967,0.1689,0.7812,0.5463,0.388,0.2679,0.2188,0.093,0.1355,0.3906,0.2812,0.2011,0.1558,0.149,0.7668,0.5129,0.3162,0.2034,0.1799,0.092,0.095,0.3754,0.2847,0.2046,0.1624,0.148,0.7533,0.4941,0.3342,0.215,0.1811,0.0946,0.118,0.3763,0.2704,0.2249,0.1634,0.1393,0.7586,0.5115,0.3466,0.2165,0.1906,0.095,0.0988,0.0945,0.0928,0.0943,0.1009,0.0922,0.0942,0.0916,0.0939,0.1004,0.096,0.0981,
117076s,0.0953,0.096,0.0945,0.0958,0.0966,0.0922,0.0917,0.0989,0.0949,0.0944,0.0929,0.0932,0.0959,0.3767,0.2809,0.2154,0.1796,0.1609,0.7871,0.5186,0.3907,0.2811,0.2378,0.0958,0.1319,0.3851,0.2689,0.2045,0.1847,0.1667,0.7693,0.5416,0.3759,0.2754,0.2296,0.0927,0.1041,0.3968,0.2939,0.2293,0.1972,0.1697,0.7814,0.545,0.3855,0.2686,0.2183,0.0931,0.1358,0.3908,0.2814,0.2062,0.156,0.1497,0.7676,0.5126,0.3164,0.204,0.1786,0.092,0.0945,0.3754,0.2853,0.2128,0.1628,0.1477,0.7534,0.4929,0.335,0.2145,0.1811,0.0947,0.1172,0.3766,0.2697,0.2216,0.1642,0.1399,0.7596,0.5126,0.3463,0.2171,0.1914,0.0951,0.098,0.0941,0.0922,0.0937,0.1007,0.0923,0.0943,0.0915,0.094,0.1004,0.096,0.098,
117339s,0.0964,0.0958,0.0943,0.0957,0.0963,0.092,0.0917,0.0987,0.0948,0.0942,0.0928,0.0931,0.0962,0.377,0.2824,0.2133,0.1782,0.1611,0.7874,0.5196,0.3905,0.2805,0.2378,0.0959,0.1356,0.3849,0.2702,0.2035,0.1859,0.1673,0.7693,0.5418,0.3763,0.2759,0.2296,0.0925,0.1039,0.3966,0.2956,0.2258,0.1939,0.1714,0.7819,0.5452,0.3861,0.2698,0.2181,0.0931,0.1332,0.3909,0.2869,0.1961,0.1548,0.1499,0.7681,0.5131,0.3169,0.2045,0.1794,0.092,0.0949,0.3748,0.2826,0.2088,0.1632,0.1478,0.7532,0.4937,0.3341,0.2151,0.1818,0.0952,0.1151,0.3761,0.2696,0.2196,0.1627,0.1389,0.7611,0.5127,0.3474,0.2168,0.1924,0.0951,0.0974,0.0931,0.0917,0.0934,0.1005,0.0922,0.0941,0.0916,0.0939,0.1003,0.0961,0.0979,
117601s,0.0951,0.0958,0.0944,0.096,0.0967,0.092,0.0915,0.0987,0.0947,0.0942,0.0926,0.0933,0.0962,0.3767,0.2809,0.2184,0.1835,0.1606,0.7876,0.5199,0.3908,0.2808,0.2392,0.096,0.1462,0.3848,0.2708,0.2167,0.1868,0.1675,0.7704,0.5422,0.3766,0.2765,0.2298,0.0929,0.105,0.3967,0.2922,0.2309,0.193,0.1712,0.7819,0.5431,0.3828,0.2673,0.2183,0.0931,0.1373,0.3908,0.2846,0.2185,0.1554,0.1509,0.7684,0.5134,0.3169,0.204,0.1789,0.0921,0.0945,0.3749,0.2856,0.2038,0.1629,0.1474,0.7542,0.4934,0.3331,0.2147,0.1839,0.095,0.1198,0.3759,0.2702,0.2248,0.1643,0.1402,0.7606,0.5129,0.3475,0.2174,0.191,0.0949,0.0996,0.0947,0.0927,0.0941,0.1008,0.0921,0.0942,0.0917,0.094,0.1004,0.0961,0.0983,
117864s,0.0954,0.0961,0.0945,0.0959,0.0968,0.0922,0.0917,0.0987,0.0948,0.0943,0.0929,0.0932,0.096,0.3764,0.2808,0.2232,0.1862,0.1595,0.7881,0.5209,0.3929,0.2819,0.2409,0.0962,0.1337,0.3849,0.2728,0.2089,0.1855,0.1668,0.7699,0.5412,0.3763,0.2757,0.2296,0.0929,0.1042,0.3967,0.2947,0.2277,0.1977,0.1702,0.7824,0.5459,0.3871,0.269,0.2196,0.0932,0.1324,0.3902,0.2821,0.1989,0.1561,0.1494,0.7673,0.5137,0.317,0.2043,0.1799,0.0921,0.095,0.3755,0.2846,0.2049,0.1627,0.1476,0.7549,0.4944,0.3348,0.2153,0.1814,0.0948,0.1184,0.3763,0.2724,0.218,0.1634,0.1396,0.7616,0.5124,0.3477,0.2165,0.1926,0.095,0.0984,0.0939,0.0925,0.094,0.1008,0.0924,0.0945,0.0915,0.094,0.1003,0.096,0.0983,
118126s,0.095,0.096,0.0947,0.0963,0.0968,0.0923,0.0917,0.0986,0.0947,0.0943,0.0927,0.0931,0.0958,0.376,0.2799,0.2163,0.1803,0.1601,0.7884,0.5211,0.3946,0.2824,0.2387,0.0958,0.1407,0.384,0.2688,0.2057,0.185,0.1667,0.7705,0.5417,0.3767,0.2762,0.2299,0.0925,0.1043,0.3963,0.2946,0.2299,0.1982,0.1696,0.7827,0.5466,0.3865,0.2704,0.2187,0.0932,0.1352,0.3906,0.2794,0.2102,0.1565,0.1493,0.7684,0.5132,0.317,0.2037,0.1782,0.092,0.095,0.3743,0.2851,0.2026,0.1622,0.1471,0.7553,0.495,0.3336,0.2155,0.1817,0.0946,0.122,0.3765,0.2685,0.2235,0.1636,0.1388,0.7612,0.513,0.347,0.2179,0.1926,0.0948,0.099,0.0941,0.0923,0.0939,0.1006,0.0922,0.0942,0.0915,0.0941,0.1003,0.096,0.0983,
118389s,0.0952,0.0966,0.0948,0.0965,0.0969,0.0925,0.0919,0.0991,0.095,0.0944,0.0928,0.0932,0.0963,0.3756,0.2803,0.2241,0.1863,0.16,0.7888,0.5208,0.3921,0.2817,0.2419,0.0961,0.1388,0.3845,0.2716,0.2175,0.1869,0.1683,0.7725,0.5418,0.3768,0.2775,0.2309,0.0929,0.1051,0.3962,0.2961,0.2252,0.1931,0.1723,0.7838,0.5468,0.3875,0.2683,0.2185,0.0933,0.1293,0.3902,0.2858,0.2137,0.1573,0.1505,0.7685,0.5137,0.3175,0.2037,0.1785,0.0922,0.095,0.3747,0.2835,0.2103,0.1632,0.1482,0.7554,0.4956,0.3344,0.2152,0.1822,0.095,0.1195,0.376,0.2714,0.2229,0.1637,0.1392,0.7623,0.513,0.3478,0.2178,0.1933,0.0949,0.0997,0.0947,0.0925,0.0939,0.1008,0.0924,0.0942,0.0915,0.0941,0.1005,0.0962,0.0983,
118651s,0.0954,0.096,0.0945,0.0961,0.0966,0.0921,0.0916,0.0988,0.0949,0.0943,0.0927,0.0933,0.097,0.3761,0.2822,0.2182,0.1842,0.1603,0.7891,0.5212,0.3922,0.2801,0.2396,0.0959,0.1336,0.3851,0.2711,0.2151,0.1857,0.1664,0.7728,0.5424,0.3773,0.2782,0.2303,0.0928,0.1046,0.3966,0.2937,0.2296,0.1936,0.1697,0.783,0.5449,0.3829,0.2675,0.2183,0.0931,0.1305,0.3904,0.2821,0.198,0.1555,0.1502,0.769,0.5136,0.3176,0.2044,0.1795,0.092,0.0948,0.3749,0.2844,0.2037,0.163,0.1478,0.755,0.4946,0.3329,0.2148,0.1834,0.0948,0.1176,0.3763,0.2731,0.2167,0.1639,0.1413,0.7631,0.5133,0.349,0.2177,0.1924,0.0949,0.0991,0.0947,0.0922,0.094,0.1007,0.0922,0.0939,0.0918,0.0941,0.1004,0.0961,0.0983,
118914s,0.0954,0.0962,0.0946,0.0962,0.0968,0.0923,0.0916,0.099,0.095,0.0944,0.0928,0.0932,0.0963,0.3758,0.281,0.2222,0.1875,0.1613,0.7895,0.5221,0.3922,0.2815,0.2417,0.0964,0.1395,0.3844,0.271,0.2102,0.186,0.1675,0.7741,0.5423,0.3774,0.2781,0.2306,0.0929,0.1047,0.3968,0.2965,0.232,0.1963,0.1708,0.7837,0.5476,0.386,0.2679,0.2188,0.0928,0.1344,0.3904,0.2853,0.2037,0.1558,0.1508,0.769,0.5144,0.3179,0.2044,0.1794,0.0921,0.0956,0.3748,0.2831,0.2069,0.1625,0.1473,0.7566,0.4957,0.3323,0.2153,0.1835,0.095,0.1198,0.3762,0.2689,0.2179,0.1628,0.1391,0.7639,0.5136,0.3486,0.2175,0.194,0.0951,0.099,0.0939,0.0921,0.0939,0.1006,0.0922,0.0942,0.0918,0.094,0.1003,0.096,0.0982,
119176s,0.0961,0.0958,0.0944,0.096,0.0968,0.0921,0.0916,0.0987,0.0948,0.0944,0.0928,0.0932,0.0966,0.3766,0.282,0.2119,0.1783,0.1607,0.7899,0.5214,0.393,0.2807,0.239,0.0958,0.1332,0.3846,0.2698,0.2079,0.1847,0.1665,0.7728,0.5431,0.3778,0.2774,0.2304,0.0928,0.1048,0.3962,0.2955,0.2309,0.1956,0.1699,0.7845,0.5475,0.3853,0.2686,0.2182,0.0932,0.1366,0.3902,0.2863,0.2085,0.1557,0.1507,0.7697,0.5148,0.3175,0.2049,0.1793,0.092,0.0953,0.3741,0.2854,0.2056,0.1633,0.148,0.756,0.4957,0.333,0.2158,0.1836,0.0951,0.1221,0.3762,0.2712,0.2189,0.1636,0.1405,0.7634,0.5151,0.3481,0.2177,0.1951,0.0949,0.0991,0.0938,0.092,0.0938,0.1006,0.0924,0.0942,0.0917,0.0942,0.1004,0.0961,0.0981,
119439s,0.0952,0.096,0.0946,0.096,0.0966,0.0922,0.0919,0.0987,0.095,0.0944,0.093,0.0932,0.0962,0.3759,0.2818,0.2204,0.1854,0.1611,0.7907,0.5219,0.3946,0.2811,0.2425,0.0959,0.1391,0.3846,0.2688,0.2087,0.1853,0.1671,0.7727,0.5432,0.3774,0.278,0.2307,0.093,0.1047,0.3964,0.2947,0.2305,0.1954,0.1695,0.7856,0.5476,0.3866,0.2688,0.2186,0.0932,0.1376,0.3908,0.2878,0.2005,0.1554,0.1507,0.7715,0.5145,0.3182,0.2045,0.1797,0.0922,0.0949,0.3745,0.2857,0.2049,0.1624,0.1469,0.7557,0.4957,0.3318,0.2159,0.1846,0.095,0.1145,0.3765,0.2729,0.2163,0.1638,0.1397,0.7647,0.514,0.3488,0.2176,0.1948,0.0952,0.0995,0.0945,0.0923,0.0943,0.1009,0.0925,0.0942,0.0918,0.094,0.1005,0.0959,0.0985,
119701s,0.0954,0.0962,0.0945,0.0958,0.0968,0.0922,0.0916,0.0988,0.0948,0.0944,0.0932,0.0934,0.0966,0.3758,0.2817,0.2157,0.1839,0.1616,0.7913,0.5225,0.392,0.2811,0.244,0.0963,0.136,0.3851,0.2691,0.2076,0.1861,0.1667,0.7747,0.5441,0.3778,0.2776,0.2315,0.0931,0.1053,0.3972,0.2917,0.228,0.1912,0.1688,0.7855,0.5478,0.3848,0.2678,0.2188,0.0931,0.1311,0.3906,0.286,0.198,0.1558,0.1507,0.7701,0.5137,0.3176,0.2058,0.1804,0.0921,0.0949,0.3745,0.2826,0.209,0.164,0.1492,0.7568,0.4958,0.3351,0.2145,0.1834,0.0947,0.1198,0.3757,0.2695,0.2149,0.1635,0.1404,0.7638,0.5159,0.3477,0.2192,0.1921,0.0949,0.0986,0.0941,0.0924,0.0938,0.1008,0.0924,0.0942,0.0916,0.094,0.1003,0.096,0.098,
119963s,0.0952,0.0962,0.0947,0.0961,0.0967,0.0923,0.0917,0.0989,0.0949,0.0944,0.0929,0.0933,0.0964,0.376,0.2822,0.2191,0.1831,0.161,0.7913,0.5234,0.3946,0.2812,0.2403,0.0964,0.1318,0.3843,0.269,0.2047,0.1852,0.1667,0.7745,0.5435,0.3781,0.2773,0.2304,0.0929,0.1043,0.3968,0.2946,0.2284,0.1969,0.17,0.7858,0.5487,0.3872,0.2694,0.2193,0.0932,0.138,0.3906,0.2825,0.21,0.1562,0.1499,0.7711,0.5146,0.3176,0.2052,0.1796,0.092,0.0951,0.375,0.285,0.2026,0.1633,0.1477,0.7571,0.4971,0.3331,0.2163,0.1839,0.0952,0.1182,0.376,0.2717,0.2235,0.1636,0.1394,0.7638,0.5146,0.3488,0.2178,0.1947,0.095,0.0992,0.0948,0.0927,0.0944,0.101,0.0924,0.0944,0.0919,0.0941,0.1005,0.0959,0.0982,
120226s,0.0956,0.0958,0.0944,0.096,0.0968,0.0924,0.0917,0.0988,0.0948,0.0944,0.0928,0.0933,0.0963,0.3756,0.2811,0.2176,0.1816,0.1605,0.7918,0.5229,0.3959,0.2816,0.2417,0.0961,0.1375,0.3841,0.2687,0.2049,0.1852,0.1669,0.7737,0.5437,0.3777,0.2776,0.23,0.0929,0.1048,0.3967,0.2963,0.2248,0.1934,0.1721,0.7856,0.5485,0.3856,0.2677,0.2187,0.0932,0.1327,0.3901,0.284,0.1967,0.1551,0.1494,0.7716,0.5149,0.3181,0.2062,0.1814,0.0921,0.0952,0.374,0.2833,0.2058,0.1626,0.1478,0.7568,0.4968,0.3337,0.2169,0.1852,0.0949,0.1181,0.3757,0.2702,0.2148,0.1626,0.1389,0.7648,0.5153,0.3486,0.218,0.195,0.095,0.0993,0.0947,0.0924,0.094,0.1006,0.0923,0.0941,0.0916,0.094,0.1004,0.0961,0.0981,
120488s,0.0951,0.0961,0.0945,0.096,0.0966,0.0923,0.0917,0.0988,0.0949,0.0944,0.0927,0.0933,0.0963,0.3752,0.2815,0.2166,0.1835,0.1601,0.7918,0.5226,0.3922,0.2804,0.2423,0.096,0.1426,0.3841,0.272,0.2135,0.1855,0.1666,0.7745,0.5441,0.3783,0.2786,0.2309,0.0928,0.1042,0.3968,0.2933,0.2322,0.1947,0.168,0.7859,0.5466,0.3844,0.2689,0.219,0.0929,0.1305,0.3904,0.2786,0.1997,0.1557,0.1511,0.7717,0.5165,0.3191,0.2032,0.1795,0.0921,0.0949,0.3743,0.2848,0.2062,0.1633,0.1486,0.7566,0.4951,0.3319,0.2159,0.1853,0.0948,0.1151,0.3752,0.2698,0.2108,0.163,0.1392,0.7656,0.5157,0.3485,0.2186,0.1943,0.095,0.0986,0.0936,0.0921,0.0939,0.1005,0.0922,0.0941,0.0916,0.0941,0.1003,0.0961,0.0983,
120751s,0.0956,0.0963,0.0945,0.096,0.0972,0.0926,0.0918,0.0989,0.0949,0.0945,0.0927,0.0932,0.0958,0.3758,0.2808,0.2178,0.1825,0.1593,0.7924,0.5239,0.397,0.2822,0.2431,0.096,0.1419,0.3842,0.269,0.2087,0.1848,0.167,0.775,0.5438,0.378,0.2776,0.231,0.093,0.1047,0.3969,0.295,0.2289,0.1987,0.1711,0.7868,0.549,0.3892,0.2694,0.2193,0.0932,0.1385,0.3899,0.2788,0.2109,0.1572,0.1495,0.7717,0.5154,0.3194,0.2049,0.1797,0.0921,0.0948,0.3745,0.2832,0.2004,0.1622,0.1479,0.7579,0.4974,0.3323,0.2163,0.1832,0.0949,0.1184,0.3755,0.2675,0.2235,0.1637,0.1396,0.7651,0.5149,0.3495,0.2185,0.1947,0.0951,0.0984,0.0943,0.0925,0.0943,0.1009,0.0924,0.0943,0.0916,0.0942,0.1006,0.0962,0.0984,
121013s,0.0952,0.0959,0.0946,0.0961,0.0968,0.0922,0.0917,0.0989,0.0949,0.0943,0.0929,0.0933,0.0965,0.3756,0.2802,0.2187,0.1827,0.1611,0.7925,0.5241,0.3949,0.2813,0.2432,0.0963,0.1382,0.3843,0.2696,0.2144,0.1858,0.1672,0.777,0.5439,0.3782,0.2784,0.2309,0.0929,0.1047,0.3962,0.2945,0.2282,0.1946,0.1704,0.787,0.5478,0.3855,0.2684,0.2191,0.0928,0.1353,0.39,0.2865,0.1981,0.1553,0.1508,0.7726,0.5162,0.3182,0.205,0.1808,0.092,0.0949,0.3747,0.2858,0.2036,0.1628,0.148,0.759,0.4973,0.3326,0.2158,0.1848,0.0949,0.1151,0.3759,0.2715,0.214,0.1629,0.1384,0.7658,0.5173,0.3493,0.2186,0.1962,0.095,0.0982,0.0939,0.0923,0.0938,0.1005,0.0921,0.0941,0.0917,0.094,0.1003,0.0958,0.0983,
121276s,0.096,0.0961,0.0945,0.0962,0.0968,0.0923,0.0916,0.0989,0.0951,0.0945,0.0928,0.0934,0.0965,0.3757,0.2809,0.2208,0.1849,0.16,0.7933,0.5235,0.3937,0.2808,0.2453,0.0961,0.1412,0.3846,0.2711,0.2146,0.1856,0.1669,0.7763,0.5446,0.3781,0.2786,0.2304,0.0928,0.1043,0.3964,0.2936,0.2292,0.1955,0.168,0.7871,0.5493,0.388,0.2696,0.2195,0.0927,0.1362,0.39,0.2858,0.2014,0.1556,0.1518,0.7735,0.5163,0.3192,0.2037,0.1801,0.0921,0.0946,0.3741,0.2864,0.2035,0.1622,0.1478,0.7592,0.4962,0.3319,0.2165,0.1868,0.0948,0.1187,0.3758,0.2724,0.2149,0.1626,0.1393,0.7669,0.5165,0.3497,0.2191,0.1952,0.095,0.0991,0.0943,0.0922,0.0939,0.1006,0.0922,0.0941,0.0915,0.094,0.1004,0.096,0.0985,
121538s,0.0951,0.0961,0.0945,0.0959,0.0966,0.0921,0.0917,0.0987,0.0947,0.0945,0.0926,0.0931,0.0965,0.3762,0.2815,0.2149,0.1794,0.1611,0.7937,0.5229,0.3942,0.281,0.241,0.096,0.1442,0.3841,0.2684,0.2045,0.1851,0.1666,0.7763,0.5437,0.3784,0.2785,0.231,0.0925,0.1044,0.3961,0.2942,0.2293,0.1976,0.1703,0.7888,0.5503,0.3898,0.27,0.2198,0.0928,0.1344,0.39,0.2866,0.1972,0.1553,0.1504,0.7731,0.5168,0.3182,0.2046,0.1814,0.0921,0.0951,0.3741,0.2824,0.2081,0.1625,0.148,0.7593,0.4971,0.3332,0.2154,0.1854,0.0949,0.1208,0.3756,0.2671,0.2288,0.1647,0.1389,0.7671,0.516,0.3491,0.2207,0.195,0.0949,0.0988,0.0938,0.0922,0.0938,0.1008,0.0921,0.0942,0.0917,0.094,0.1004,0.0961,0.0982,
121801s,0.0954,0.0961,0.0947,0.0963,0.0967,0.0922,0.0917,0.0989,0.0947,0.0943,0.0927,0.0932,0.0963,0.3753,0.2806,0.2246,0.1869,0.1606,0.7934,0.5244,0.395,0.281,0.2462,0.0963,0.1362,0.3838,0.2686,0.2057,0.1848,0.1666,0.7764,0.5447,0.3785,0.2791,0.2315,0.0929,0.104,0.3962,0.2924,0.2293,0.1972,0.17,0.7874,0.5503,0.3887,0.2694,0.2199,0.0929,0.1354,0.3902,0.2837,0.2033,0.155,0.1498,0.7736,0.5165,0.3187,0.2057,0.1817,0.0921,0.0949,0.3743,0.2813,0.2099,0.1625,0.1486,0.7596,0.4983,0.334,0.2162,0.1852,0.0948,0.1216,0.3761,0.271,0.2186,0.1628,0.1385,0.7669,0.5164,0.35,0.2189,0.1962,0.095,0.0998,0.0949,0.0926,0.0941,0.1011,0.0924,0.0945,0.0917,0.094,0.1004,0.0961,0.0984,
122063s,0.0952,0.0964,0.0945,0.096,0.0966,0.0923,0.0917,0.0987,0.0947,0.0945,0.0927,0.0932,0.0964,0.3753,0.2799,0.2229,0.187,0.1604,0.7942,0.5244,0.3965,0.2815,0.2454,0.0964,0.1393,0.3839,0.268,0.2036,0.1844,0.1668,0.7773,0.5456,0.3789,0.2784,0.2309,0.0929,0.104,0.3965,0.2946,0.2288,0.1961,0.1703,0.7878,0.5504,0.3885,0.2687,0.2204,0.0931,0.1299,0.3899,0.2809,0.213,0.1554,0.1504,0.773,0.5173,0.3191,0.2036,0.1804,0.0921,0.0945,0.3744,0.2854,0.203,0.162,0.1473,0.7595,0.4979,0.3322,0.2172,0.1873,0.0948,0.1201,0.3754,0.267,0.223,0.1642,0.1391,0.7681,0.5162,0.3501,0.2212,0.1956,0.095,0.0989,0.0939,0.0922,0.0939,0.1007,0.0922,0.0941,0.0917,0.0939,0.1004,0.096,0.0982,
122326s,0.0953,0.0958,0.0941,0.0961,0.0966,0.0924,0.0917,0.0987,0.0948,0.0945,0.0926,0.0931,0.0961,0.3759,0.2802,0.2184,0.1822,0.1587,0.7945,0.525,0.3982,0.2815,0.2409,0.0957,0.1351,0.3837,0.2696,0.2099,0.1848,0.1667,0.7767,0.5455,0.3789,0.2787,0.2309,0.0929,0.1044,0.3962,0.2925,0.2269,0.1982,0.1692,0.7883,0.5515,0.3909,0.2689,0.2207,0.0932,0.1316,0.3901,0.2801,0.1928,0.1551,0.1493,0.7739,0.5169,0.319,0.2061,0.1822,0.092,0.0943,0.3744,0.2822,0.2113,0.1642,0.1491,0.76,0.4984,0.3342,0.2158,0.1835,0.095,0.1212,0.3753,0.2689,0.2251,0.1627,0.1392,0.7661,0.5163,0.3506,0.2189,0.1961,0.0949,0.0986,0.0944,0.0928,0.0941,0.1009,0.0923,0.0943,0.0915,0.094,0.1002,0.0961,0.098,
122588s,0.0953,0.096,0.0942,0.0957,0.0966,0.0922,0.0916,0.0987,0.0948,0.0942,0.0925,0.0931,0.0964,0.3753,0.2811,0.2165,0.1818,0.16,0.7944,0.5229,0.3934,0.2798,0.2415,0.0959,0.1388,0.3838,0.2707,0.2152,0.1853,0.1666,0.7768,0.5466,0.3794,0.279,0.2333,0.0928,0.1045,0.3967,0.2907,0.2268,0.1918,0.1682,0.7879,0.5489,0.3873,0.2674,0.2205,0.0932,0.1334,0.3898,0.2758,0.1967,0.1549,0.1502,0.7746,0.5176,0.3198,0.2042,0.1809,0.092,0.0942,0.3736,0.2831,0.2056,0.1625,0.1486,0.7597,0.4971,0.3316,0.2158,0.1846,0.0949,0.1181,0.3757,0.271,0.2169,0.163,0.1393,0.7672,0.5176,0.3505,0.2213,0.194,0.0948,0.0985,0.0936,0.0923,0.094,0.1006,0.0919,0.0939,0.0915,0.094,0.1004,0.0957,0.0985,
122851s,0.0958,0.0963,0.0949,0.0964,0.0969,0.0925,0.0919,0.0992,0.095,0.0945,0.0928,0.0934,0.0961,0.3754,0.2798,0.2192,0.1841,0.1614,0.7956,0.5252,0.3976,0.2815,0.2418,0.0961,0.1386,0.3836,0.2696,0.2048,0.1851,0.1675,0.7777,0.5464,0.3796,0.2791,0.232,0.0929,0.1046,0.3965,0.2922,0.2275,0.1939,0.1705,0.7888,0.5506,0.3888,0.2676,0.221,0.093,0.1368,0.3898,0.2845,0.1999,0.1549,0.1501,0.774,0.5177,0.3191,0.2053,0.1813,0.0922,0.0946,0.3741,0.2799,0.2103,0.1632,0.1487,0.7604,0.4979,0.333,0.2162,0.1848,0.095,0.1162,0.3754,0.269,0.2138,0.1626,0.1387,0.7677,0.5186,0.3503,0.2205,0.197,0.095,0.0992,0.0943,0.0927,0.0941,0.1008,0.0923,0.0942,0.0916,0.094,0.1004,0.0961,0.0983,
123113s,0.0948,0.0964,0.0945,0.0961,0.0967,0.0925,0.0918,0.0989,0.0948,0.0944,0.0928,0.0931,0.0966,0.3752,0.2806,0.2193,0.1811,0.1614,0.7946,0.5249,0.398,0.2829,0.2465,0.0961,0.137,0.3841,0.2701,0.2136,0.185,0.1667,0.7781,0.5464,0.3799,0.2789,0.2332,0.0928,0.1044,0.3961,0.2909,0.2252,0.1922,0.1696,0.7894,0.5507,0.3878,0.2668,0.2213,0.0928,0.1326,0.3898,0.2821,0.2001,0.1548,0.1515,0.7751,0.5184,0.3196,0.2043,0.1809,0.0922,0.0949,0.3737,0.2846,0.2052,0.1636,0.1485,0.7609,0.4988,0.3318,0.2164,0.1864,0.0948,0.1148,0.3752,0.2702,0.2129,0.1626,0.139,0.7676,0.5184,0.3509,0.2215,0.1967,0.095,0.0992,0.0944,0.0922,0.0941,0.1008,0.0922,0.0943,0.0917,0.0941,0.1006,0.0963,0.0981,
123376s,0.0959,0.0962,0.0948,0.0963,0.0967,0.0921,0.0917,0.0988,0.0948,0.0944,0.0929,0.0933,0.0964,0.3751,0.2803,0.2198,0.1833,0.1614,0.796,0.5257,0.3975,0.282,0.2445,0.096,0.1377,0.384,0.2692,0.2078,0.1853,0.1674,0.7779,0.5463,0.3789,0.2791,0.2327,0.0929,0.1043,0.3966,0.2941,0.2258,0.1942,0.1703,0.7897,0.5522,0.39,0.2678,0.2214,0.0932,0.1387,0.3897,0.2803,0.2104,0.1555,0.1506,0.7749,0.5185,0.3195,0.2038,0.1808,0.0923,0.0947,0.3741,0.2833,0.2027,0.1621,0.1475,0.7615,0.4994,0.333,0.2167,0.188,0.0949,0.1168,0.3754,0.2706,0.2162,0.163,0.1392,0.7681,0.518,0.351,0.2199,0.1987,0.0949,0.0993,0.0946,0.0926,0.0942,0.1008,0.0925,0.0943,0.0917,0.0939,0.1003,0.0959,0.0984,
123638s,0.0953,0.0963,0.0947,0.096,0.0967,0.0924,0.0916,0.0988,0.0949,0.0945,0.0928,0.0933,0.0966,0.3751,0.2818,0.2176,0.1828,0.161,0.7962,0.5243,0.3953,0.2804,0.242,0.0959,0.1365,0.3841,0.2713,0.2156,0.1856,0.1667,0.7796,0.5469,0.3797,0.2789,0.2329,0.0929,0.1045,0.397,0.2912,0.2263,0.1928,0.1708,0.7901,0.551,0.3892,0.2679,0.2227,0.0932,0.1325,0.3896,0.2785,0.198,0.1553,0.1508,0.7763,0.5188,0.3205,0.2046,0.1812,0.0922,0.095,0.3737,0.2851,0.205,0.1634,0.1488,0.7606,0.4992,0.3321,0.2166,0.1871,0.0949,0.1163,0.3754,0.2719,0.2154,0.1633,0.14,0.7688,0.5188,0.3516,0.2214,0.1965,0.095,0.0997,0.0946,0.0926,0.094,0.1007,0.0922,0.0941,0.0916,0.0941,0.1003,0.0961,0.098,
123901s,0.0952,0.0963,0.0949,0.0963,0.0969,0.0923,0.0918,0.099,0.0951,0.0944,0.0929,0.0933,0.0963,0.3751,0.2812,0.2204,0.1851,0.1611,0.7976,0.5261,0.3964,0.2817,0.2456,0.0962,0.1367,0.3839,0.2692,0.2131,0.1858,0.1678,0.7798,0.5469,0.3793,0.2788,0.2324,0.0929,0.1042,0.3969,0.2942,0.2294,0.1962,0.1698,0.7905,0.5514,0.3904,0.2678,0.2216,0.0929,0.1333,0.3898,0.2856,0.2023,0.1551,0.1505,0.7771,0.5184,0.32,0.2051,0.1816,0.0921,0.0952,0.3743,0.2858,0.204,0.1625,0.1477,0.7621,0.4999,0.3331,0.2167,0.1876,0.0948,0.1179,0.3755,0.269,0.2218,0.1643,0.1398,0.7694,0.5183,0.3517,0.2221,0.1983,0.095,0.1006,0.0952,0.0929,0.0941,0.1009,0.0924,0.0942,0.0918,0.0942,0.1003,0.0962,0.0983,
124163s,0.0958,0.096,0.0945,0.096,0.0968,0.0924,0.0918,0.0986,0.0948,0.0943,0.0928,0.0931,0.0964,0.3754,0.2814,0.216,0.181,0.1614,0.7965,0.5265,0.3993,0.2826,0.2462,0.0962,0.1426,0.3836,0.2692,0.2074,0.1855,0.1676,0.7798,0.5463,0.38,0.2796,0.234,0.0927,0.1044,0.3971,0.2952,0.2288,0.1981,0.1704,0.7919,0.5519,0.3919,0.2685,0.2218,0.0931,0.1322,0.3897,0.282,0.202,0.156,0.1499,0.776,0.519,0.3199,0.2067,0.1829,0.092,0.095,0.3743,0.2833,0.2044,0.1629,0.1485,0.7624,0.5001,0.3346,0.2166,0.1865,0.095,0.1191,0.3752,0.269,0.2183,0.163,0.1392,0.7698,0.5189,0.3514,0.2216,0.1982,0.0951,0.099,0.0943,0.0929,0.0942,0.101,0.0925,0.0943,0.0916,0.094,0.1004,0.096,0.0983,
124426s,0.0952,0.096,0.0945,0.0961,0.097,0.0926,0.092,0.099,0.0948,0.0943,0.0928,0.0932,0.097,0.3746,0.28,0.2172,0.1857,0.1592,0.7972,0.5259,0.3966,0.2803,0.2475,0.0961,0.1482,0.3839,0.273,0.2139,0.1868,0.1667,0.7805,0.5475,0.3801,0.2787,0.2339,0.0929,0.1044,0.3964,0.2903,0.2281,0.1947,0.168,0.791,0.5493,0.3872,0.2685,0.2228,0.0929,0.1292,0.3899,0.2775,0.1982,0.155,0.1503,0.7776,0.5198,0.3211,0.2052,0.182,0.0921,0.0946,0.373,0.2832,0.2079,0.1635,0.1492,0.7618,0.499,0.3327,0.2168,0.1858,0.0946,0.1176,0.3748,0.2706,0.2172,0.1639,0.1409,0.7702,0.5197,0.3517,0.2209,0.1954,0.0949,0.0997,0.0945,0.0924,0.0941,0.1008,0.0921,0.0939,0.0917,0.094,0.1004,0.096,0.098,
124688s,0.0955,0.096,0.0945,0.096,0.0968,0.0922,0.0918,0.0986,0.0947,0.0943,0.0926,0.0932,0.0963,0.3748,0.2786,0.2219,0.1861,0.1589,0.797,0.5268,0.3995,0.2822,0.2473,0.096,0.1462,0.3837,0.2686,0.2062,0.1855,0.1672,0.7806,0.5472,0.3803,0.2792,0.2329,0.0927,0.1045,0.3965,0.2927,0.2325,0.1979,0.1693,0.7921,0.5521,0.3928,0.2705,0.2237,0.0931,0.1315,0.3901,0.2767,0.2113,0.1559,0.1509,0.7771,0.5193,0.3207,0.2042,0.1813,0.092,0.0944,0.3737,0.2792,0.2065,0.1626,0.1485,0.7632,0.4994,0.3335,0.2157,0.1863,0.0949,0.1218,0.3748,0.2697,0.2163,0.1625,0.1387,0.7694,0.5192,0.3512,0.2215,0.1994,0.0948,0.0989,0.0945,0.093,0.0943,0.101,0.0923,0.0944,0.0916,0.0939,0.1004,0.0961,0.0981,
124951s,0.0957,0.0961,0.0944,0.096,0.0966,0.0922,0.0917,0.0986,0.0948,0.0944,0.0926,0.0932,0.0963,0.3749,0.2797,0.2189,0.183,0.1607,0.7974,0.5273,0.3988,0.2822,0.2427,0.0962,0.1375,0.3832,0.2687,0.2109,0.1858,0.1673,0.7802,0.5471,0.38,0.2792,0.235,0.0928,0.1041,0.3969,0.2935,0.2256,0.1966,0.1694,0.7913,0.5524,0.3918,0.268,0.2222,0.0929,0.1346,0.39,0.2817,0.2037,0.1556,0.1506,0.7776,0.5194,0.3201,0.2048,0.1819,0.092,0.0944,0.3741,0.2837,0.2042,0.1622,0.1475,0.7633,0.5013,0.3334,0.2167,0.1876,0.0949,0.12,0.3746,0.2701,0.2192,0.1629,0.1395,0.7685,0.5196,0.3511,0.2218,0.1991,0.0949,0.0984,0.0938,0.0923,0.0937,0.1007,0.0923,0.0941,0.0914,0.094,0.1003,0.0961,0.0981,
125213s,0.0956,0.0959,0.0944,0.0962,0.0966,0.0924,0.0917,0.0988,0.0947,0.0944,0.0927,0.0932,0.0965,0.3745,0.2792,0.2184,0.1825,0.1614,0.798,0.5278,0.3986,0.2815,0.2428,0.0961,0.1418,0.3835,0.2679,0.2055,0.1847,0.1671,0.7812,0.5474,0.3806,0.2793,0.2341,0.093,0.1044,0.3969,0.2921,0.2253,0.1937,0.171,0.7923,0.5535,0.3906,0.2678,0.2218,0.0934,0.1352,0.3898,0.2812,0.1987,0.1552,0.1508,0.7781,0.5187,0.3207,0.2051,0.1819,0.0921,0.0939,0.3737,0.2832,0.2,0.1613,0.1471,0.7635,0.5009,0.333,0.2166,0.1873,0.0947,0.1137,0.3753,0.2692,0.213,0.1625,0.1391,0.7701,0.5184,0.3526,0.2221,0.2002,0.095,0.0995,0.0946,0.0927,0.0942,0.101,0.0923,0.0943,0.0919,0.0941,0.1003,0.096,0.0981,
125476s,0.096,0.096,0.0946,0.0962,0.0967,0.0923,0.0916,0.0987,0.0948,0.0943,0.0926,0.0933,0.0964,0.3745,0.2798,0.2146,0.1802,0.1608,0.7984,0.5271,0.3981,0.2822,0.2423,0.0959,0.1376,0.3838,0.2695,0.2096,0.1875,0.1698,0.7816,0.5481,0.3799,0.2796,0.2348,0.0931,0.1045,0.3967,0.2925,0.2274,0.1957,0.17,0.7929,0.5529,0.3929,0.2688,0.2224,0.0928,0.1347,0.3896,0.2836,0.2028,0.1554,0.1506,0.7791,0.5185,0.3207,0.2048,0.1819,0.0921,0.0949,0.3733,0.2842,0.2051,0.1628,0.1482,0.7643,0.5009,0.333,0.217,0.1878,0.095,0.1206,0.3749,0.2699,0.2153,0.1623,0.1388,0.7705,0.5202,0.3519,0.2225,0.1998,0.0949,0.0997,0.095,0.0926,0.0942,0.1007,0.0923,0.0943,0.0915,0.094,0.1003,0.0958,0.0981,
125738s,0.0952,0.0963,0.0948,0.0963,0.0969,0.0924,0.0918,0.0989,0.095,0.0944,0.0928,0.0934,0.0964,0.3745,0.2809,0.2183,0.1852,0.1614,0.7987,0.5282,0.3971,0.2812,0.2464,0.0964,0.1376,0.3833,0.2695,0.2041,0.1852,0.1672,0.7821,0.5489,0.3811,0.2797,0.2338,0.0928,0.1046,0.3978,0.2926,0.2301,0.1954,0.1699,0.7922,0.554,0.3904,0.2683,0.2221,0.0933,0.1339,0.3899,0.2829,0.2026,0.1555,0.152,0.7805,0.5198,0.3212,0.205,0.1818,0.0922,0.0951,0.3741,0.2824,0.2106,0.1627,0.1485,0.7638,0.5015,0.3334,0.2175,0.187,0.0949,0.1177,0.3746,0.2699,0.217,0.1627,0.1393,0.7717,0.5197,0.3529,0.222,0.1998,0.0949,0.0992,0.0943,0.0925,0.0943,0.1008,0.0923,0.0943,0.0917,0.094,0.1004,0.0961,0.0982,
126001s,0.0955,0.0959,0.0944,0.0957,0.0967,0.0924,0.0919,0.0988,0.0949,0.0946,0.0929,0.0931,0.0961,0.3747,0.2795,0.2253,0.1875,0.1597,0.7994,0.5277,0.4015,0.2832,0.2487,0.0963,0.135,0.3832,0.2684,0.2045,0.1857,0.167,0.782,0.5482,0.3809,0.279,0.2336,0.0929,0.104,0.3978,0.2925,0.227,0.1967,0.1692,0.7942,0.554,0.3928,0.2688,0.2225,0.0932,0.1338,0.39,0.2751,0.2111,0.1559,0.1496,0.7786,0.5202,0.3216,0.2052,0.1825,0.0921,0.0947,0.3736,0.2822,0.2053,0.1632,0.1489,0.7647,0.5017,0.3342,0.2176,0.189,0.0948,0.1195,0.3744,0.2693,0.2164,0.1625,0.1393,0.7719,0.5201,0.3524,0.2235,0.1999,0.0951,0.099,0.0947,0.0928,0.0944,0.101,0.0924,0.0945,0.0917,0.094,0.1004,0.0961,0.0985,
126263s,0.0953,0.096,0.0944,0.0959,0.0967,0.0923,0.0918,0.0986,0.0948,0.0942,0.0927,0.0931,0.0959,0.3743,0.2788,0.2203,0.1839,0.1607,0.8003,0.5282,0.4008,0.2827,0.2435,0.0962,0.139,0.3823,0.2673,0.2053,0.1851,0.1672,0.7824,0.5483,0.3814,0.2799,0.2344,0.0927,0.1039,0.3974,0.2928,0.2259,0.1965,0.1699,0.7944,0.5535,0.393,0.2693,0.2224,0.0928,0.135,0.3897,0.2727,0.2139,0.1551,0.1506,0.7807,0.5196,0.3217,0.2049,0.1818,0.0921,0.0949,0.3734,0.2829,0.2025,0.1624,0.1481,0.7653,0.5018,0.3338,0.2169,0.1881,0.0947,0.1212,0.3743,0.2703,0.2294,0.1668,0.1392,0.772,0.5197,0.3526,0.2229,0.1995,0.0951,0.0995,0.0945,0.0926,0.0943,0.1011,0.0923,0.0943,0.0914,0.094,0.1003,0.096,0.0983,
126526s,0.0964,0.096,0.0945,0.0962,0.097,0.0923,0.0918,0.099,0.0951,0.0944,0.093,0.0933,0.0969,0.3738,0.2797,0.2167,0.1858,0.1603,0.7998,0.5285,0.3989,0.2811,0.2456,0.0961,0.1433,0.3833,0.2694,0.2068,0.1876,0.1681,0.7835,0.5492,0.3815,0.2794,0.2348,0.0929,0.1051,0.3974,0.2897,0.229,0.1931,0.169,0.7939,0.5534,0.3894,0.2697,0.2228,0.0932,0.129,0.3898,0.2758,0.1971,0.1538,0.1505,0.7803,0.5205,0.3212,0.2055,0.1826,0.0923,0.0947,0.3732,0.2823,0.2045,0.1629,0.1489,0.7644,0.5012,0.3332,0.2165,0.1867,0.095,0.1196,0.3743,0.2704,0.2141,0.1627,0.1392,0.7719,0.5211,0.3519,0.2219,0.1993,0.0951,0.0985,0.0937,0.0921,0.0937,0.1006,0.0922,0.0941,0.0916,0.094,0.1005,0.096,0.0982,
126788s,0.0951,0.0959,0.0943,0.0958,0.0966,0.0923,0.0918,0.0985,0.0947,0.0944,0.0926,0.0932,0.096,0.3739,0.2784,0.2191,0.1832,0.1606,0.8006,0.5287,0.4018,0.2837,0.2442,0.0962,0.1381,0.383,0.27,0.203,0.1874,0.1709,0.7829,0.5489,0.381,0.2795,0.2338,0.0928,0.1042,0.3978,0.2928,0.2279,0.1958,0.1703,0.7953,0.5538,0.3934,0.2688,0.2223,0.0933,0.141,0.3898,0.2783,0.2026,0.1558,0.1495,0.7801,0.5206,0.3209,0.2056,0.1832,0.092,0.0951,0.3733,0.2852,0.2039,0.1624,0.1483,0.7662,0.5021,0.3343,0.2172,0.1885,0.0952,0.1204,0.374,0.2672,0.2212,0.1629,0.1391,0.772,0.5205,0.3524,0.2232,0.201,0.095,0.0998,0.0951,0.0929,0.0943,0.1008,0.0922,0.0941,0.0918,0.094,0.1004,0.0963,0.0982,
127051s,0.0956,0.0961,0.0946,0.0962,0.0968,0.0923,0.0917,0.0988,0.0948,0.0945,0.0928,0.0933,0.0967,0.375,0.2798,0.2192,0.1846,0.1614,0.8001,0.5285,0.3997,0.2816,0.2449,0.096,0.1404,0.383,0.2692,0.2121,0.1855,0.1669,0.783,0.5498,0.3808,0.2802,0.2345,0.093,0.105,0.3974,0.2908,0.2301,0.196,0.17,0.795,0.5545,0.3928,0.2703,0.2226,0.0928,0.1317,0.3894,0.2805,0.2045,0.1555,0.1511,0.7808,0.5212,0.3212,0.205,0.1823,0.0921,0.0944,0.3733,0.2824,0.2016,0.162,0.1483,0.7667,0.5024,0.3342,0.2174,0.1885,0.0948,0.1172,0.3744,0.2696,0.2219,0.1641,0.1393,0.773,0.521,0.3528,0.2214,0.1998,0.0948,0.1,0.0949,0.0925,0.0941,0.101,0.0924,0.0942,0.0915,0.0939,0.1004,0.096,0.0983,
127313s,0.0952,0.0959,0.0945,0.0959,0.0966,0.0922,0.0915,0.0987,0.0947,0.0944,0.0927,0.0933,0.0962,0.3741,0.2795,0.2178,0.1861,0.1613,0.8016,0.5284,0.3991,0.2819,0.2449,0.0959,0.1415,0.3827,0.2689,0.2131,0.185,0.1667,0.7838,0.5501,0.3813,0.2797,0.234,0.0928,0.104,0.3978,0.2892,0.2256,0.1899,0.1699,0.7956,0.554,0.3916,0.2696,0.2215,0.0929,0.1337,0.3898,0.2785,0.2035,0.1557,0.1518,0.7805,0.5216,0.3223,0.2059,0.1826,0.0922,0.0948,0.373,0.284,0.2071,0.1625,0.1483,0.7667,0.5024,0.334,0.2173,0.1883,0.0949,0.1149,0.374,0.268,0.2252,0.1648,0.1399,0.7727,0.5223,0.3528,0.2224,0.2002,0.095,0.0987,0.0941,0.0924,0.0942,0.1008,0.0922,0.0943,0.0916,0.0941,0.1004,0.096,0.0985,
127576s,0.0957,0.0958,0.094,0.0957,0.0966,0.0925,0.0918,0.0988,0.0947,0.0943,0.0927,0.0932,0.0969,0.3739,0.2795,0.2145,0.1844,0.1583,0.801,0.528,0.3979,0.2804,0.2465,0.0958,0.1373,0.3835,0.2695,0.2158,0.1861,0.1673,0.7854,0.5503,0.3813,0.2798,0.2379,0.0933,0.1049,0.3983,0.2898,0.2294,0.1941,0.1705,0.7949,0.5543,0.3915,0.271,0.2227,0.0932,0.131,0.3901,0.2766,0.1982,0.1547,0.1503,0.7815,0.5221,0.322,0.2058,0.185,0.092,0.0949,0.3734,0.2818,0.2049,0.1643,0.1498,0.7665,0.5006,0.3325,0.2172,0.1871,0.0946,0.1158,0.3743,0.2695,0.2164,0.1638,0.1406,0.7736,0.5213,0.3537,0.2234,0.1987,0.0949,0.0998,0.0951,0.0931,0.0945,0.1013,0.0925,0.0943,0.0917,0.094,0.1005,0.0958,0.0981,
127838s,0.0951,0.096,0.0944,0.0958,0.0967,0.0926,0.0919,0.0987,0.0948,0.0945,0.0926,0.0931,0.096,0.3746,0.2798,0.2135,0.1801,0.1594,0.8021,0.5297,0.4016,0.2831,0.2454,0.0963,0.1416,0.3831,0.269,0.208,0.186,0.1691,0.7852,0.5503,0.3813,0.2799,0.236,0.0929,0.1046,0.3974,0.2928,0.2295,0.1981,0.17,0.7956,0.5555,0.3935,0.2706,0.2225,0.093,0.1302,0.3896,0.2785,0.208,0.1565,0.1508,0.7821,0.5221,0.3225,0.2055,0.1825,0.092,0.0952,0.3735,0.2826,0.2055,0.1626,0.1479,0.7678,0.5033,0.3348,0.2173,0.1885,0.0947,0.1144,0.374,0.2679,0.222,0.1632,0.1393,0.7731,0.5219,0.3538,0.2227,0.2012,0.095,0.0994,0.0946,0.0928,0.094,0.1008,0.0921,0.0943,0.0917,0.0942,0.1005,0.096,0.0982,
128101s,0.0954,0.0962,0.0946,0.0963,0.0967,0.0923,0.0919,0.0987,0.0948,0.0945,0.0928,0.0933,0.0963,0.3742,0.2792,0.221,0.1857,0.1603,0.8029,0.5299,0.4028,0.283,0.2472,0.0962,0.136,0.3828,0.2681,0.2037,0.1851,0.1677,0.7844,0.5509,0.3819,0.2803,0.2354,0.093,0.1046,0.3976,0.2927,0.2255,0.194,0.1715,0.7972,0.5558,0.3941,0.2697,0.2219,0.093,0.132,0.3895,0.2756,0.2094,0.1557,0.1505,0.7822,0.5219,0.3222,0.2055,0.1826,0.092,0.0945,0.3736,0.2827,0.2052,0.1629,0.1487,0.7672,0.5035,0.3346,0.2179,0.1894,0.0948,0.1222,0.3743,0.2688,0.2206,0.1638,0.14,0.7736,0.5227,0.3536,0.2224,0.2022,0.095,0.0997,0.095,0.093,0.0943,0.1011,0.0923,0.0944,0.0917,0.0941,0.1003,0.096,0.0985,
128364s,0.0954,0.0958,0.0944,0.0959,0.0966,0.0922,0.0916,0.0987,0.0948,0.0942,0.0927,0.0933,0.0964,0.3744,0.2802,0.2167,0.1846,0.1601,0.803,0.5297,0.3986,0.2815,0.2488,0.0961,0.1426,0.3831,0.271,0.2189,0.1867,0.1675,0.785,0.5506,0.3821,0.2798,0.2356,0.0931,0.1051,0.3979,0.2896,0.2315,0.1939,0.1692,0.797,0.5538,0.3888,0.2696,0.2219,0.0929,0.1297,0.3893,0.2792,0.2032,0.1548,0.1517,0.7832,0.5228,0.3225,0.2061,0.1839,0.0922,0.0945,0.3729,0.2817,0.2059,0.1643,0.1497,0.7675,0.5029,0.3335,0.2172,0.1873,0.0949,0.1179,0.3746,0.2695,0.2151,0.1635,0.1399,0.7748,0.5239,0.3547,0.2236,0.2004,0.095,0.0996,0.095,0.0926,0.094,0.1008,0.0922,0.0943,0.0918,0.0939,0.1005,0.0961,0.0981,
128626s,0.0952,0.0963,0.0944,0.0961,0.0967,0.0927,0.0919,0.0991,0.0949,0.0944,0.0927,0.0932,0.0971,0.3736,0.2792,0.2238,0.1862,0.1577,0.8033,0.5301,0.3985,0.2815,0.2481,0.0963,0.1363,0.3833,0.2717,0.2145,0.1863,0.1671,0.7857,0.551,0.3823,0.2789,0.236,0.0931,0.1048,0.3985,0.2927,0.229,0.1924,0.1707,0.7977,0.5563,0.3903,0.27,0.2218,0.0928,0.1329,0.39,0.2771,0.2107,0.156,0.1496,0.7836,0.5216,0.3232,0.2061,0.1848,0.0921,0.0951,0.3736,0.2835,0.2063,0.1637,0.1489,0.769,0.5051,0.3338,0.2173,0.1874,0.0949,0.1192,0.3747,0.2671,0.2252,0.1636,0.1399,0.7747,0.522,0.3545,0.2238,0.2019,0.095,0.0993,0.0944,0.0925,0.0942,0.101,0.0922,0.0943,0.0916,0.094,0.1005,0.0961,0.0986,
128888s,0.0962,0.0959,0.0946,0.0962,0.0967,0.0923,0.0916,0.0986,0.0947,0.0943,0.0928,0.0931,0.0963,0.374,0.2795,0.22,0.1849,0.1599,0.8034,0.5307,0.4001,0.2825,0.2479,0.0965,0.1406,0.3829,0.2689,0.2153,0.1868,0.1688,0.7866,0.551,0.3824,0.2801,0.2372,0.0929,0.1048,0.3978,0.2912,0.2254,0.193,0.1708,0.7982,0.5562,0.3906,0.2704,0.2222,0.0927,0.1367,0.3895,0.2819,0.205,0.1552,0.1511,0.7839,0.523,0.3231,0.2062,0.1833,0.0921,0.0944,0.3731,0.2842,0.2088,0.1637,0.1494,0.7687,0.503,0.3347,0.2178,0.1875,0.0952,0.1188,0.3741,0.2697,0.217,0.163,0.1395,0.7746,0.5236,0.3544,0.2221,0.2014,0.0949,0.0996,0.0948,0.0925,0.0939,0.1009,0.0922,0.0942,0.0917,0.0939,0.1005,0.096,0.0983,
129151s,0.0954,0.0961,0.0946,0.096,0.0967,0.0921,0.0917,0.0988,0.0949,0.0943,0.0929,0.0934,0.0962,0.3737,0.2803,0.2176,0.187,0.1591,0.8037,0.5299,0.3996,0.2819,0.2466,0.0959,0.1318,0.3827,0.2685,0.2099,0.1869,0.1699,0.7868,0.5514,0.3826,0.2798,0.2389,0.0932,0.104,0.3979,0.2907,0.2311,0.1959,0.1692,0.798,0.5566,0.3927,0.2717,0.2235,0.0929,0.1364,0.3897,0.2746,0.1942,0.1551,0.1505,0.7847,0.5231,0.3228,0.2062,0.1837,0.0921,0.0945,0.3734,0.2835,0.2021,0.1632,0.1484,0.768,0.5041,0.3346,0.2175,0.1883,0.0951,0.1127,0.3743,0.2697,0.222,0.1654,0.1419,0.7745,0.5237,0.3547,0.2255,0.2015,0.0949,0.0993,0.0943,0.0922,0.094,0.1007,0.0923,0.0942,0.0916,0.0941,0.1004,0.096,0.0981,
129413s,0.0952,0.0963,0.0946,0.0961,0.0971,0.0925,0.092,0.099,0.095,0.0944,0.0928,0.0934,0.0965,0.3736,0.2784,0.2152,0.1822,0.1589,0.8038,0.5302,0.4018,0.2824,0.2447,0.0959,0.1384,0.3824,0.2691,0.2171,0.1863,0.1676,0.7867,0.5514,0.3825,0.2801,0.2383,0.0928,0.1044,0.3977,0.2903,0.2339,0.1958,0.1695,0.7985,0.5559,0.3926,0.2711,0.223,0.0934,0.1313,0.3897,0.2756,0.2029,0.1552,0.1521,0.7844,0.5235,0.3232,0.2065,0.1846,0.0921,0.0947,0.3729,0.2846,0.2104,0.1637,0.1495,0.7698,0.5038,0.3345,0.2179,0.1881,0.0949,0.1201,0.3741,0.2693,0.2121,0.1623,0.1391,0.7752,0.5249,0.3548,0.2228,0.2024,0.095,0.0983,0.0941,0.0922,0.0938,0.1006,0.0923,0.0942,0.0917,0.0939,0.1004,0.096,0.0983,
129676s,0.095,0.096,0.0946,0.0961,0.0966,0.0922,0.0917,0.0988,0.0947,0.0942,0.0927,0.0931,0.0961,0.3742,0.2804,0.2169,0.181,0.1595,0.8047,0.5308,0.402,0.283,0.2477,0.0962,0.1351,0.3821,0.2688,0.2101,0.1861,0.1684,0.7858,0.551,0.3824,0.2801,0.2388,0.0929,0.104,0.3976,0.2922,0.2315,0.1974,0.1696,0.7985,0.5568,0.3948,0.2713,0.2241,0.093,0.1309,0.3891,0.2792,0.2059,0.1567,0.151,0.785,0.523,0.3229,0.2062,0.1836,0.0921,0.0947,0.3727,0.283,0.2052,0.1626,0.1485,0.7697,0.5048,0.3353,0.218,0.1895,0.0947,0.1204,0.3738,0.2675,0.2189,0.1629,0.1401,0.7759,0.5233,0.3552,0.2229,0.2026,0.0949,0.0989,0.0938,0.0924,0.0939,0.1007,0.0922,0.0943,0.0916,0.094,0.1004,0.0963,0.0984,
129938s,0.0954,0.0959,0.0945,0.0962,0.0966,0.0922,0.0916,0.0987,0.0947,0.0943,0.0925,0.0932,0.0962,0.3739,0.2804,0.2124,0.1775,0.1593,0.8051,0.5311,0.4006,0.2825,0.2447,0.0963,0.1333,0.3821,0.268,0.2071,0.1852,0.1671,0.7875,0.5513,0.3825,0.2798,0.2379,0.0929,0.1046,0.3977,0.2902,0.2255,0.1899,0.1712,0.7991,0.557,0.3941,0.2709,0.2233,0.0927,0.1276,0.3891,0.2784,0.1984,0.1557,0.1503,0.7855,0.5233,0.3225,0.2063,0.1836,0.0921,0.0949,0.3726,0.2833,0.207,0.1621,0.1487,0.7695,0.5044,0.3349,0.2179,0.1892,0.0948,0.1183,0.3738,0.269,0.2236,0.1641,0.1407,0.7754,0.5235,0.3547,0.2249,0.2032,0.095,0.0989,0.0948,0.0926,0.0939,0.1008,0.0925,0.0942,0.0918,0.0939,0.1003,0.0961,0.0981,
130201s,0.0948,0.0961,0.0947,0.0962,0.0968,0.0925,0.0918,0.099,0.0949,0.0945,0.0927,0.0933,0.0964,0.3734,0.2787,0.2188,0.1862,0.1594,0.8062,0.5318,0.4015,0.2827,0.2484,0.0961,0.139,0.3822,0.2688,0.2084,0.185,0.1675,0.7878,0.552,0.3829,0.28,0.2362,0.0929,0.1046,0.3975,0.2911,0.23,0.1966,0.1707,0.7985,0.5565,0.3922,0.2712,0.2239,0.0928,0.1393,0.3891,0.2766,0.1992,0.1556,0.1505,0.7854,0.524,0.3231,0.2066,0.1842,0.0922,0.095,0.3727,0.2828,0.2099,0.163,0.1486,0.7711,0.5046,0.3355,0.2185,0.1899,0.0949,0.1196,0.3738,0.269,0.217,0.1632,0.1399,0.7762,0.5246,0.3547,0.2242,0.2028,0.0952,0.0993,0.0943,0.0927,0.0942,0.1008,0.0924,0.0943,0.0916,0.0942,0.1004,0.0961,0.0987,
130463s,0.0958,0.0963,0.0946,0.0963,0.097,0.0925,0.0917,0.0989,0.0949,0.0944,0.0928,0.0932,0.0972,0.3733,0.2787,0.2163,0.1841,0.1589,0.8056,0.5309,0.3997,0.2817,0.2458,0.0959,0.1378,0.3824,0.2705,0.2144,0.1869,0.1675,0.7873,0.553,0.3837,0.2798,0.2402,0.0931,0.1051,0.3973,0.2889,0.2311,0.1923,0.1688,0.7991,0.5561,0.3914,0.2709,0.2243,0.0926,0.1251,0.3894,0.2739,0.1916,0.1552,0.1518,0.7858,0.5248,0.3235,0.207,0.1864,0.0921,0.0943,0.3721,0.2813,0.2019,0.1637,0.1492,0.7698,0.5048,0.3334,0.2181,0.1892,0.0947,0.1134,0.374,0.2688,0.2083,0.1635,0.1401,0.7767,0.5255,0.3566,0.2237,0.2021,0.0951,0.0995,0.0946,0.0924,0.0941,0.1007,0.0923,0.094,0.0915,0.0939,0.1005,0.096,0.098,
130726s,0.0956,0.096,0.0945,0.0958,0.0964,0.0922,0.0917,0.0986,0.0948,0.0943,0.0927,0.0931,0.0965,0.375,0.2796,0.2101,0.1784,0.1602,0.8062,0.5309,0.4006,0.282,0.2451,0.096,0.14,0.3822,0.2692,0.2096,0.1849,0.1667,0.788,0.5536,0.3836,0.2804,0.2363,0.0928,0.1045,0.3977,0.2899,0.2334,0.1957,0.1693,0.799,0.5568,0.3935,0.2718,0.2259,0.0934,0.1403,0.3893,0.2811,0.2052,0.1548,0.1516,0.7867,0.5245,0.3239,0.2069,0.185,0.0922,0.095,0.373,0.2835,0.2078,0.1626,0.1486,0.771,0.505,0.3351,0.2181,0.1891,0.0951,0.114,0.3738,0.269,0.221,0.1645,0.14,0.7758,0.5249,0.3554,0.2265,0.203,0.095,0.0993,0.0943,0.0923,0.0939,0.1007,0.0922,0.0942,0.0915,0.0939,0.1005,0.096,0.0982,
130988s,0.0956,0.0961,0.0947,0.096,0.0966,0.0922,0.0917,0.0989,0.0949,0.0945,0.0927,0.0932,0.0962,0.3734,0.2797,0.2175,0.1847,0.1597,0.8058,0.5317,0.4014,0.2822,0.2462,0.0958,0.1429,0.3825,0.27,0.2079,0.1866,0.1681,0.7884,0.5529,0.3839,0.2799,0.2358,0.0928,0.1044,0.3979,0.2888,0.2277,0.1948,0.1699,0.7998,0.5586,0.3941,0.2716,0.2249,0.0932,0.131,0.3893,0.2801,0.2035,0.155,0.1511,0.7877,0.5244,0.3236,0.2071,0.1854,0.0922,0.0947,0.3728,0.2823,0.2065,0.1635,0.149,0.7716,0.506,0.3347,0.2177,0.1889,0.0949,0.1169,0.3736,0.2701,0.2173,0.1632,0.1406,0.7771,0.5248,0.356,0.2252,0.2037,0.0949,0.0992,0.0947,0.0928,0.0941,0.101,0.0922,0.0943,0.0916,0.094,0.1005,0.0961,0.0982,
131251s,0.095,0.0963,0.0948,0.0962,0.097,0.0925,0.0918,0.0988,0.0949,0.0945,0.0929,0.0932,0.0967,0.3731,0.2792,0.2167,0.1845,0.1588,0.8064,0.5308,0.4024,0.2826,0.2487,0.0961,0.142,0.3825,0.2698,0.2181,0.1864,0.1676,0.7893,0.5535,0.3838,0.2804,0.2388,0.0927,0.1047,0.3978,0.2895,0.2346,0.1984,0.1697,0.7999,0.5566,0.3923,0.2719,0.2262,0.0933,0.1344,0.3897,0.2725,0.1967,0.1545,0.1506,0.7883,0.5247,0.3239,0.208,0.1858,0.0921,0.0942,0.3723,0.2802,0.2101,0.1627,0.1499,0.7706,0.5051,0.3348,0.219,0.1885,0.0949,0.1196,0.3737,0.2702,0.2188,0.1629,0.1399,0.7775,0.5251,0.356,0.2255,0.2031,0.0952,0.1,0.0951,0.0927,0.0944,0.1008,0.0926,0.0943,0.0916,0.094,0.1003,0.096,0.0984,
131513s,0.0951,0.0962,0.0946,0.0961,0.0967,0.0924,0.0917,0.099,0.0949,0.0943,0.0927,0.0932,0.0969,0.3728,0.2776,0.2171,0.1864,0.1573,0.8061,0.5309,0.4001,0.2817,0.2484,0.096,0.1354,0.3821,0.2699,0.2088,0.1872,0.1676,0.7899,0.5536,0.3849,0.2805,0.2381,0.0927,0.1046,0.398,0.2888,0.2274,0.1909,0.1691,0.7995,0.5593,0.3921,0.2712,0.2248,0.0929,0.1286,0.3897,0.2738,0.2033,0.1558,0.1509,0.7895,0.5263,0.323,0.2071,0.1857,0.0921,0.0949,0.3722,0.28,0.2055,0.1633,0.1494,0.7715,0.5038,0.3327,0.2179,0.1899,0.0948,0.1228,0.3732,0.2683,0.2198,0.163,0.1394,0.7779,0.5233,0.3566,0.2246,0.2049,0.095,0.0991,0.0942,0.0922,0.0939,0.1007,0.0923,0.0942,0.0915,0.0941,0.1005,0.0962,0.0983,
131776s,0.0953,0.0961,0.0943,0.0961,0.0966,0.0923,0.0917,0.0988,0.0948,0.0945,0.0927,0.0932,0.0964,0.3727,0.2779,0.2223,0.188,0.158,0.8065,0.5331,0.4028,0.2838,0.2494,0.0964,0.1419,0.382,0.2676,0.2071,0.1856,0.1678,0.7908,0.553,0.3836,0.2806,0.2387,0.0927,0.1041,0.3977,0.2889,0.228,0.1969,0.1692,0.8011,0.5583,0.3955,0.2723,0.2254,0.0932,0.1308,0.3892,0.274,0.1961,0.1555,0.1501,0.7893,0.524,0.3241,0.2073,0.1857,0.0921,0.0945,0.3722,0.2814,0.2005,0.1631,0.1483,0.7721,0.5062,0.3351,0.2181,0.1901,0.0948,0.1174,0.3736,0.2689,0.2133,0.1617,0.1388,0.7774,0.5259,0.3561,0.2249,0.2049,0.0951,0.0993,0.095,0.0929,0.0945,0.1008,0.0925,0.0945,0.0915,0.0941,0.1004,0.096,0.0984,
132038s,0.0951,0.0957,0.0943,0.096,0.0965,0.0922,0.0916,0.0987,0.0947,0.0943,0.0925,0.093,0.0959,0.3737,0.2789,0.2124,0.18,0.16,0.8066,0.533,0.4017,0.2827,0.2463,0.0959,0.1326,0.3825,0.2688,0.2166,0.1872,0.1686,0.7899,0.5538,0.3839,0.2799,0.2383,0.0926,0.105,0.3973,0.2898,0.227,0.1944,0.1703,0.8015,0.5585,0.3952,0.2717,0.2241,0.0927,0.134,0.3886,0.274,0.1993,0.1549,0.15,0.7888,0.5258,0.3233,0.2074,0.1861,0.0919,0.0948,0.3721,0.2818,0.2047,0.1632,0.1486,0.7725,0.506,0.3345,0.2181,0.19,0.0948,0.1155,0.3732,0.2687,0.2218,0.1641,0.1404,0.7792,0.5259,0.3562,0.2262,0.2042,0.0949,0.099,0.0943,0.0922,0.0938,0.1007,0.0921,0.0941,0.0913,0.094,0.1002,0.096,0.0982,
132301s,0.0956,0.0963,0.0946,0.0961,0.0969,0.0924,0.0919,0.0989,0.095,0.0944,0.0928,0.0934,0.0967,0.3736,0.2777,0.2167,0.1832,0.1592,0.8069,0.5318,0.4009,0.2821,0.2473,0.096,0.1352,0.3824,0.2694,0.2156,0.1863,0.1672,0.7913,0.5542,0.3844,0.2805,0.2428,0.0931,0.1046,0.3979,0.2883,0.2317,0.1925,0.1686,0.8005,0.5578,0.3925,0.2715,0.2252,0.0934,0.1302,0.389,0.2745,0.2136,0.1567,0.1511,0.7891,0.527,0.3252,0.2101,0.1857,0.0922,0.0943,0.3719,0.2806,0.2054,0.1639,0.1504,0.7721,0.5022,0.3322,0.2184,0.1901,0.0947,0.1143,0.3733,0.2714,0.2154,0.1631,0.1409,0.779,0.5272,0.3574,0.2258,0.2047,0.095,0.0994,0.0944,0.0927,0.0941,0.1009,0.0923,0.0943,0.0916,0.0941,0.1005,0.0961,0.0982,
132563s,0.0949,0.0964,0.0947,0.096,0.097,0.0926,0.0919,0.0987,0.0945,0.0943,0.0926,0.0931,0.0961,0.3731,0.2781,0.2221,0.1864,0.1581,0.808,0.533,0.403,0.2833,0.2486,0.0961,0.1454,0.382,0.2677,0.2079,0.1859,0.1672,0.7897,0.554,0.384,0.2803,0.2376,0.0929,0.1043,0.3973,0.2916,0.232,0.1986,0.1695,0.8005,0.5595,0.3961,0.2722,0.2256,0.0931,0.1294,0.3884,0.276,0.1949,0.1554,0.1491,0.7883,0.5254,0.324,0.207,0.1861,0.0921,0.0942,0.3727,0.2794,0.2113,0.1622,0.1486,0.773,0.5068,0.3364,0.2181,0.1908,0.0948,0.1166,0.3734,0.268,0.2238,0.1643,0.1415,0.778,0.5262,0.3561,0.227,0.2047,0.095,0.0979,0.0939,0.0924,0.0938,0.1007,0.0921,0.0942,0.0915,0.0939,0.1003,0.096,0.0983,
132826s,0.0961,0.0958,0.0944,0.0961,0.0968,0.0923,0.0916,0.0987,0.0948,0.0944,0.0928,0.0932,0.0967,0.3729,0.2791,0.2177,0.184,0.1595,0.8086,0.5329,0.4023,0.2832,0.2484,0.0959,0.1389,0.3821,0.2689,0.2118,0.1848,0.1665,0.7918,0.5544,0.3847,0.28,0.2408,0.0931,0.1049,0.3972,0.2887,0.2284,0.1943,0.1704,0.8006,0.5586,0.3939,0.2716,0.2259,0.0932,0.1359,0.3891,0.2768,0.2027,0.1549,0.1508,0.7898,0.5266,0.3245,0.2076,0.186,0.092,0.0948,0.3721,0.2796,0.2059,0.1629,0.1493,0.7734,0.5062,0.3346,0.2187,0.1911,0.0948,0.1156,0.3737,0.2698,0.2151,0.1618,0.1397,0.7792,0.5263,0.357,0.2257,0.2048,0.0949,0.0999,0.0949,0.0926,0.094,0.1008,0.0921,0.0941,0.0916,0.0939,0.1004,0.0962,0.098,
133088s,0.095,0.096,0.0946,0.0963,0.0967,0.0923,0.0918,0.0988,0.0949,0.0945,0.0928,0.0934,0.0967,0.3729,0.2785,0.2167,0.1849,0.1588,0.8088,0.5336,0.4024,0.283,0.25,0.096,0.1417,0.3822,0.27,0.2161,0.1858,0.1671,0.7914,0.5559,0.3851,0.28,0.2415,0.0929,0.1046,0.3973,0.2887,0.2253,0.1922,0.17,0.8011,0.5591,0.3934,0.2726,0.2248,0.0932,0.1354,0.389,0.2763,0.2076,0.155,0.1511,0.789,0.5259,0.3251,0.2082,0.1864,0.0921,0.0951,0.3719,0.281,0.2042,0.1624,0.1486,0.7729,0.5072,0.335,0.2187,0.1905,0.0947,0.1138,0.3733,0.2688,0.2176,0.1636,0.1404,0.7795,0.5279,0.3572,0.2258,0.205,0.0951,0.0993,0.0944,0.0926,0.0939,0.1008,0.0922,0.0942,0.0919,0.0941,0.1005,0.0961,0.0982,
133351s,0.0955,0.096,0.0944,0.096,0.0966,0.0921,0.0917,0.0988,0.0948,0.0944,0.0928,0.0933,0.0966,0.3732,0.2784,0.2167,0.1846,0.1588,0.8082,0.5334,0.4036,0.2831,0.2493,0.096,0.1363,0.3823,0.2699,0.2166,0.1861,0.168,0.7935,0.5554,0.3852,0.2803,0.2417,0.0931,0.1049,0.3974,0.2871,0.2292,0.1973,0.1691,0.8016,0.558,0.3953,0.2735,0.2265,0.0932,0.1374,0.389,0.2718,0.1969,0.1543,0.1512,0.79,0.526,0.3248,0.2078,0.1865,0.0921,0.095,0.3722,0.2816,0.2064,0.1628,0.1494,0.773,0.5065,0.3338,0.2191,0.1914,0.0949,0.1206,0.3733,0.2698,0.2107,0.1625,0.1409,0.7799,0.5274,0.3577,0.2253,0.2053,0.0949,0.0999,0.0948,0.0925,0.094,0.1006,0.0921,0.0941,0.0916,0.094,0.1004,0.096,0.0982,
133613s,0.0955,0.0955,0.0941,0.0957,0.0964,0.0922,0.0915,0.0986,0.0947,0.0945,0.0926,0.093,0.0963,0.3728,0.2774,0.2195,0.1845,0.159,0.8087,0.534,0.4042,0.284,0.2496,0.0959,0.1349,0.3819,0.2683,0.2087,0.1846,0.1671,0.7923,0.5552,0.3848,0.2805,0.2409,0.0929,0.1042,0.397,0.2893,0.2303,0.1962,0.1691,0.8024,0.5599,0.3953,0.2724,0.2274,0.0931,0.1345,0.389,0.2734,0.2107,0.1546,0.1508,0.7899,0.5264,0.3255,0.2099,0.1865,0.092,0.0949,0.3722,0.2831,0.2036,0.1628,0.1486,0.7746,0.5072,0.3354,0.2183,0.1913,0.0948,0.1191,0.3733,0.2686,0.2175,0.1613,0.1392,0.7799,0.5269,0.3571,0.2258,0.2063,0.0948,0.0994,0.0952,0.0931,0.0944,0.1009,0.0923,0.0943,0.0916,0.094,0.1004,0.0961,0.0984,
133876s,0.0955,0.096,0.0944,0.0959,0.0965,0.0921,0.0916,0.0986,0.0948,0.0944,0.0927,0.0931,0.0963,0.3726,0.2769,0.2212,0.1876,0.1579,0.8084,0.5345,0.4045,0.2838,0.2524,0.0962,0.1407,0.3819,0.2688,0.2117,0.1859,0.1678,0.794,0.554,0.3851,0.28,0.2415,0.0926,0.1045,0.3976,0.2881,0.2285,0.1959,0.1697,0.8023,0.5603,0.3951,0.2736,0.2262,0.0933,0.1275,0.3887,0.2758,0.2037,0.1546,0.1508,0.79,0.5264,0.3254,0.2078,0.1872,0.0921,0.0944,0.3724,0.2804,0.2066,0.1628,0.149,0.7745,0.5084,0.3357,0.2192,0.1909,0.0947,0.1179,0.3735,0.2686,0.2141,0.1621,0.1397,0.7816,0.5269,0.3577,0.2263,0.2065,0.0949,0.0997,0.095,0.0928,0.094,0.1008,0.0921,0.0942,0.0915,0.0939,0.1005,0.096,0.0984,
134138s,0.0958,0.096,0.0944,0.096,0.0969,0.0923,0.0917,0.0986,0.0947,0.0945,0.0926,0.0931,0.0962,0.3727,0.2774,0.2229,0.1879,0.1584,0.8094,0.5346,0.4066,0.2845,0.2504,0.096,0.146,0.3819,0.2686,0.2109,0.1868,0.1701,0.7936,0.555,0.3851,0.2801,0.2425,0.0928,0.1043,0.3976,0.2894,0.229,0.1986,0.1694,0.8029,0.5606,0.397,0.2731,0.2264,0.093,0.1331,0.3889,0.2725,0.2028,0.1561,0.1502,0.7905,0.526,0.3253,0.2106,0.1867,0.0921,0.0934,0.372,0.2819,0.2046,0.1621,0.1494,0.7742,0.5073,0.3354,0.2194,0.1914,0.0947,0.1147,0.3735,0.2681,0.2157,0.1626,0.1407,0.7803,0.5268,0.3576,0.2266,0.2059,0.095,0.0992,0.0949,0.0928,0.0941,0.1008,0.0925,0.0943,0.0918,0.0941,0.1003,0.096,0.098,
134401s,0.095,0.0962,0.0949,0.0961,0.0968,0.0921,0.0919,0.0989,0.0948,0.0942,0.0928,0.0931,0.0964,0.3733,0.277,0.214,0.1794,0.1597,0.8098,0.5334,0.4011,0.2831,0.248,0.0961,0.1299,0.3823,0.2701,0.2092,0.1872,0.1672,0.7955,0.5545,0.3862,0.2807,0.2421,0.0928,0.1052,0.3975,0.2903,0.2268,0.1913,0.1691,0.8028,0.5578,0.3929,0.2727,0.2261,0.0932,0.1277,0.3886,0.2712,0.2,0.1552,0.1508,0.7917,0.5284,0.3264,0.2097,0.187,0.092,0.0951,0.3717,0.2792,0.2096,0.1643,0.1515,0.7742,0.5058,0.3336,0.2197,0.1909,0.0948,0.1194,0.3735,0.2694,0.219,0.1637,0.1412,0.7819,0.5285,0.3583,0.227,0.2061,0.095,0.0985,0.0939,0.0922,0.094,0.1007,0.0922,0.094,0.0917,0.0942,0.1005,0.096,0.0983,
134663s,0.0958,0.0961,0.0944,0.0959,0.0966,0.0921,0.0918,0.0987,0.0948,0.0944,0.0928,0.0932,0.0962,0.3724,0.2782,0.2176,0.1867,0.1592,0.8099,0.535,0.4048,0.2839,0.2528,0.0963,0.1441,0.3823,0.269,0.2141,0.185,0.167,0.7953,0.5568,0.3858,0.2809,0.2417,0.0927,0.1052,0.3974,0.2904,0.2265,0.1921,0.1709,0.8036,0.5595,0.3933,0.2726,0.225,0.0929,0.1305,0.3888,0.2737,0.2004,0.1551,0.151,0.7918,0.5274,0.3253,0.2085,0.1872,0.0921,0.0945,0.3714,0.2787,0.2093,0.1636,0.1498,0.7748,0.508,0.3345,0.22,0.1909,0.0948,0.1192,0.3737,0.2698,0.2164,0.1636,0.1406,0.7806,0.5286,0.358,0.227,0.2064,0.0951,0.0995,0.0951,0.0926,0.0939,0.1007,0.0923,0.0941,0.0916,0.0939,0.1003,0.096,0.0983,
134926s,0.0952,0.0962,0.0946,0.0961,0.0967,0.092,0.0918,0.0988,0.0949,0.0945,0.0928,0.0933,0.0963,0.3726,0.2779,0.2167,0.1842,0.1592,0.8103,0.5347,0.404,0.2833,0.251,0.096,0.1406,0.3821,0.27,0.2141,0.1854,0.1673,0.7954,0.5569,0.3856,0.2807,0.2422,0.0928,0.105,0.3977,0.2885,0.228,0.192,0.1703,0.805,0.56,0.3942,0.273,0.2258,0.0933,0.1324,0.3886,0.2727,0.203,0.1546,0.1514,0.7912,0.5277,0.3253,0.2094,0.1873,0.0922,0.0943,0.3715,0.279,0.2052,0.1631,0.1495,0.776,0.5067,0.3359,0.22,0.1924,0.0952,0.1168,0.3735,0.2683,0.2128,0.1625,0.1412,0.7817,0.5286,0.3584,0.2265,0.2069,0.095,0.0992,0.0947,0.0927,0.0944,0.1011,0.0921,0.0944,0.0918,0.0941,0.1005,0.0959,0.0986,
135188s,0.0956,0.096,0.0946,0.0961,0.0968,0.0921,0.0917,0.0988,0.095,0.0944,0.0928,0.0933,0.0965,0.3723,0.2773,0.2163,0.1854,0.1589,0.8109,0.534,0.4026,0.2829,0.2524,0.096,0.1504,0.3818,0.2685,0.2145,0.1875,0.1684,0.7958,0.5562,0.3856,0.2806,0.243,0.0928,0.1045,0.3977,0.287,0.2314,0.1931,0.1691,0.8046,0.5594,0.394,0.2725,0.2264,0.0929,0.1338,0.3886,0.2728,0.1931,0.1552,0.1517,0.7918,0.5285,0.3264,0.2087,0.1875,0.0921,0.0948,0.3713,0.2786,0.209,0.1634,0.1504,0.7753,0.5081,0.3346,0.2198,0.1915,0.0947,0.1174,0.373,0.2694,0.2162,0.1636,0.1409,0.7815,0.5291,0.3585,0.2266,0.2069,0.0951,0.099,0.0945,0.0924,0.0938,0.1006,0.0922,0.094,0.0916,0.0939,0.1002,0.0959,0.0983,
135451s,0.0951,0.0961,0.0947,0.096,0.0968,0.0923,0.0919,0.0988,0.095,0.0943,0.0928,0.0933,0.0964,0.3723,0.2775,0.2165,0.1861,0.1581,0.8113,0.5351,0.4057,0.2835,0.2525,0.096,0.1338,0.3819,0.2682,0.2161,0.1864,0.1671,0.7957,0.5567,0.3858,0.28,0.243,0.0929,0.1048,0.3975,0.2882,0.2271,0.1939,0.1695,0.8053,0.5613,0.395,0.2725,0.2268,0.0929,0.1281,0.3888,0.2702,0.1951,0.1552,0.1502,0.7922,0.529,0.3251,0.209,0.1877,0.0921,0.0941,0.3712,0.2795,0.206,0.1622,0.1499,0.7759,0.5076,0.3362,0.2197,0.1914,0.0948,0.1198,0.373,0.2692,0.2175,0.1629,0.1407,0.7821,0.5287,0.358,0.2272,0.2077,0.0949,0.0997,0.0951,0.0931,0.0945,0.1009,0.0922,0.0942,0.0916,0.094,0.1003,0.096,0.0987,
135713s,0.0959,0.0958,0.0944,0.0958,0.0964,0.092,0.0916,0.0986,0.0947,0.0945,0.0927,0.0932,0.0967,0.372,0.2779,0.2175,0.1841,0.1595,0.8108,0.5354,0.4067,0.2845,0.2514,0.0959,0.1355,0.3817,0.2691,0.2079,0.1851,0.1669,0.7955,0.5563,0.3854,0.2803,0.2425,0.0929,0.105,0.3973,0.2894,0.2269,0.1937,0.1707,0.8054,0.5612,0.3952,0.2736,0.2268,0.0929,0.1328,0.3884,0.2729,0.204,0.1552,0.1512,0.7912,0.5279,0.3256,0.2093,0.1882,0.0921,0.0945,0.3715,0.28,0.2053,0.163,0.1488,0.7766,0.509,0.3366,0.2194,0.1929,0.0947,0.1213,0.3731,0.2687,0.2163,0.163,0.1409,0.7821,0.5296,0.3579,0.227,0.2077,0.0949,0.0992,0.0948,0.0929,0.0943,0.1011,0.0925,0.0944,0.0917,0.094,0.1003,0.096,0.0983,
135976s,0.0951,0.096,0.0943,0.0959,0.0965,0.0924,0.0918,0.0987,0.0947,0.0942,0.0926,0.0931,0.0958,0.3723,0.2771,0.2202,0.1848,0.1587,0.8111,0.5363,0.407,0.2851,0.2504,0.0962,0.1438,0.3815,0.2679,0.2028,0.1849,0.1671,0.7962,0.5561,0.3857,0.2806,0.2413,0.0928,0.1048,0.3975,0.2894,0.2285,0.1968,0.1709,0.8064,0.5616,0.3974,0.2735,0.2267,0.0931,0.1341,0.3882,0.2741,0.2024,0.1552,0.1499,0.7918,0.5284,0.3259,0.2087,0.1879,0.0919,0.0946,0.3713,0.281,0.2035,0.1627,0.1495,0.7764,0.5097,0.3362,0.2193,0.1919,0.0946,0.1181,0.373,0.2683,0.2166,0.1626,0.1405,0.7827,0.5299,0.3585,0.2269,0.2084,0.0948,0.099,0.0944,0.0924,0.094,0.1007,0.0924,0.0943,0.0916,0.0938,0.1001,0.096,0.0982,
136238s,0.0959,0.0961,0.0945,0.0961,0.0968,0.0925,0.0918,0.0989,0.0948,0.0942,0.0927,0.0931,0.0966,0.3715,0.2763,0.2189,0.1836,0.1579,0.8111,0.5352,0.4042,0.283,0.2529,0.0958,0.1448,0.3817,0.269,0.2098,0.1868,0.1671,0.7965,0.5569,0.3863,0.2802,0.2443,0.0926,0.1051,0.3972,0.291,0.2265,0.1902,0.169,0.8063,0.5591,0.3934,0.2716,0.2272,0.0928,0.1314,0.389,0.2705,0.1977,0.1555,0.151,0.7933,0.5288,0.3269,0.2106,0.1882,0.0921,0.0946,0.3711,0.279,0.204,0.1633,0.15,0.7766,0.5093,0.3348,0.2199,0.1927,0.0947,0.1148,0.3732,0.27,0.21,0.1631,0.1408,0.7832,0.5303,0.3593,0.2287,0.2079,0.0948,0.0996,0.0946,0.0925,0.0941,0.1007,0.0921,0.094,0.0915,0.0939,0.1003,0.096,0.0979,
136501s,0.095,0.0963,0.0949,0.0963,0.0967,0.0924,0.0919,0.0988,0.0948,0.0943,0.0927,0.0932,0.0962,0.372,0.2768,0.2198,0.1865,0.1596,0.8125,0.5356,0.4087,0.2862,0.2521,0.0962,0.1459,0.3814,0.2675,0.2078,0.1856,0.1683,0.7971,0.5568,0.3856,0.2805,0.2418,0.0931,0.1057,0.3971,0.2901,0.226,0.1948,0.1703,0.8068,0.5617,0.3973,0.273,0.2269,0.0931,0.137,0.3884,0.2757,0.2078,0.1552,0.1512,0.7935,0.5283,0.326,0.2099,0.1885,0.0921,0.0948,0.3712,0.2814,0.2033,0.1624,0.1491,0.7781,0.5098,0.3371,0.2199,0.1928,0.0947,0.1151,0.3726,0.2685,0.2174,0.1623,0.1401,0.782,0.5293,0.3588,0.2276,0.2082,0.095,0.0992,0.0942,0.0931,0.0945,0.101,0.0923,0.0944,0.0917,0.0942,0.1003,0.0959,0.0984,
136763s,0.0959,0.0962,0.0948,0.0962,0.097,0.0924,0.0918,0.0988,0.0948,0.0944,0.0926,0.0933,0.0972,0.372,0.2773,0.2164,0.1845,0.1594,0.8114,0.5364,0.4052,0.2835,0.2528,0.0959,0.1369,0.3816,0.2695,0.2155,0.1862,0.1675,0.7972,0.5573,0.3865,0.2811,0.2421,0.0931,0.1048,0.3975,0.2884,0.2282,0.1924,0.1696,0.8063,0.562,0.3965,0.2727,0.2277,0.093,0.1338,0.3884,0.2719,0.2075,0.1551,0.1521,0.7945,0.5293,0.3264,0.2117,0.1891,0.0921,0.0954,0.3712,0.2811,0.2081,0.1643,0.1501,0.7786,0.5095,0.3363,0.2206,0.1942,0.095,0.1179,0.3727,0.2684,0.2144,0.1637,0.1416,0.7836,0.5302,0.3594,0.2294,0.2088,0.0951,0.0993,0.0945,0.0924,0.0941,0.1007,0.0924,0.0941,0.0917,0.0939,0.1005,0.096,0.0982,
137026s,0.0949,0.0962,0.0945,0.0963,0.0966,0.0923,0.0917,0.0989,0.0948,0.0946,0.0926,0.0932,0.0961,0.3721,0.2771,0.2194,0.1869,0.1596,0.8127,0.5363,0.4066,0.2845,0.2519,0.0962,0.1391,0.3813,0.2676,0.2115,0.1865,0.1691,0.7968,0.5574,0.3859,0.2804,0.2425,0.0928,0.105,0.3974,0.288,0.2275,0.1915,0.1693,0.8073,0.5617,0.3976,0.2719,0.2273,0.0932,0.1347,0.3885,0.2705,0.2028,0.1549,0.1511,0.7943,0.53,0.3271,0.2113,0.1888,0.0923,0.0942,0.3713,0.2801,0.2068,0.164,0.151,0.7782,0.5084,0.3355,0.2205,0.1934,0.0948,0.118,0.3731,0.2689,0.217,0.1632,0.1415,0.7838,0.5302,0.3593,0.23,0.2088,0.0951,0.0979,0.0935,0.0922,0.0938,0.1006,0.092,0.0942,0.0916,0.0941,0.1005,0.096,0.0981,
137288s,0.0955,0.096,0.0944,0.096,0.0966,0.0923,0.0918,0.0987,0.0949,0.0945,0.0927,0.0932,0.0961,0.3721,0.2776,0.2178,0.1843,0.1607,0.8126,0.5368,0.4047,0.2835,0.2518,0.0959,0.138,0.3813,0.2683,0.2169,0.1871,0.169,0.7973,0.5575,0.3867,0.2805,0.2418,0.0931,0.1052,0.3979,0.2892,0.2229,0.1879,0.1714,0.8085,0.5617,0.3958,0.2712,0.2264,0.0931,0.1255,0.3887,0.271,0.2,0.1555,0.1516,0.7947,0.5296,0.3261,0.2107,0.1889,0.0921,0.0949,0.3713,0.2798,0.2079,0.163,0.1497,0.7793,0.5103,0.3371,0.2208,0.1936,0.0948,0.1174,0.373,0.2686,0.2197,0.1639,0.1406,0.7829,0.5308,0.3596,0.2295,0.2092,0.0949,0.0983,0.0938,0.0921,0.0937,0.1006,0.0923,0.094,0.0915,0.0941,0.1003,0.096,0.0983,
137551s,0.0955,0.096,0.0946,0.0962,0.0967,0.0924,0.0919,0.0987,0.0949,0.0946,0.0927,0.0932,0.0963,0.3719,0.2772,0.2175,0.1856,0.1606,0.8126,0.5373,0.4053,0.2842,0.2527,0.0962,0.1352,0.3813,0.2686,0.2109,0.1851,0.1676,0.7982,0.558,0.3872,0.2808,0.2418,0.0928,0.1051,0.3975,0.287,0.2313,0.1947,0.1704,0.8083,0.5619,0.3979,0.273,0.228,0.0928,0.1313,0.3885,0.2732,0.2024,0.1549,0.1514,0.7949,0.53,0.3267,0.2113,0.1891,0.092,0.0946,0.371,0.2806,0.206,0.1634,0.1502,0.7803,0.51,0.3366,0.221,0.1947,0.0948,0.118,0.3724,0.2685,0.2129,0.162,0.1401,0.7836,0.5309,0.3596,0.2288,0.2098,0.0949,0.0998,0.0945,0.0924,0.094,0.1009,0.0922,0.0942,0.0916,0.0939,0.1004,0.0959,0.098,
137813s,0.0957,0.096,0.0944,0.096,0.0966,0.0923,0.0918,0.0988,0.0948,0.0944,0.0927,0.0933,0.0961,0.3722,0.2765,0.2219,0.1882,0.1593,0.8132,0.5375,0.4094,0.2863,0.2542,0.0963,0.1409,0.3814,0.2682,0.2103,0.187,0.1699,0.799,0.5571,0.3872,0.2805,0.2417,0.0928,0.105,0.3973,0.289,0.2296,0.1972,0.1711,0.8083,0.5628,0.3968,0.2728,0.2292,0.093,0.138,0.3886,0.2727,0.2041,0.1565,0.1515,0.795,0.5293,0.3269,0.2111,0.1892,0.092,0.0944,0.3715,0.2806,0.2047,0.1628,0.1491,0.7797,0.5108,0.3371,0.2215,0.1938,0.0947,0.1175,0.3729,0.2681,0.212,0.1624,0.1399,0.7821,0.5314,0.3601,0.2297,0.2097,0.0949,0.0992,0.0945,0.0923,0.0938,0.1009,0.0923,0.0942,0.0917,0.094,0.1004,0.096,0.0985,
138076s,0.0952,0.0958,0.0947,0.0959,0.0968,0.0924,0.0917,0.0987,0.0947,0.0942,0.0927,0.0931,0.0959,0.3717,0.2762,0.2218,0.1876,0.1592,0.8133,0.5378,0.4072,0.286,0.2534,0.0965,0.1478,0.3812,0.2684,0.2112,0.1873,0.1707,0.7985,0.5584,0.3878,0.2811,0.2421,0.0929,0.1044,0.3975,0.2873,0.2244,0.194,0.1709,0.8088,0.5627,0.3986,0.2727,0.2273,0.0927,0.1321,0.3882,0.2725,0.2045,0.1557,0.1509,0.7962,0.5293,0.3268,0.2115,0.1895,0.092,0.0949,0.3711,0.281,0.205,0.1627,0.1489,0.7796,0.5107,0.3365,0.2206,0.1941,0.0948,0.1172,0.3723,0.2676,0.2189,0.1631,0.1406,0.7837,0.5311,0.3602,0.2293,0.2096,0.0948,0.0993,0.0945,0.0925,0.0942,0.1008,0.0922,0.0941,0.0912,0.094,0.1003,0.096,0.0984,
138338s,0.0956,0.0963,0.0947,0.096,0.0967,0.0921,0.0917,0.0988,0.0948,0.0943,0.0927,0.0932,0.0965,0.3712,0.2767,0.2167,0.1861,0.1598,0.8135,0.5378,0.407,0.2845,0.255,0.096,0.1436,0.3814,0.2685,0.2152,0.1862,0.168,0.7995,0.5583,0.3867,0.2812,0.2436,0.0928,0.1048,0.3976,0.2868,0.2267,0.1934,0.1689,0.8093,0.5621,0.3966,0.2715,0.2293,0.0928,0.1382,0.3888,0.268,0.2039,0.1535,0.1506,0.7967,0.5301,0.3272,0.2114,0.1897,0.092,0.0945,0.3705,0.2804,0.2063,0.1625,0.1498,0.7793,0.5111,0.3363,0.2211,0.1937,0.0949,0.1181,0.3725,0.2692,0.213,0.1629,0.1415,0.785,0.5312,0.3601,0.2312,0.2103,0.095,0.0984,0.094,0.0921,0.0937,0.1007,0.0921,0.094,0.0916,0.0938,0.1004,0.0959,0.098,
138601s,0.095,0.0957,0.0941,0.0959,0.0966,0.0922,0.0917,0.0988,0.0949,0.0944,0.0927,0.0933,0.0967,0.3713,0.2762,0.2172,0.1841,0.1596,0.8146,0.5376,0.4056,0.2839,0.2537,0.096,0.1392,0.3813,0.2689,0.2132,0.1853,0.1668,0.7997,0.5584,0.3869,0.2811,0.2434,0.0929,0.1049,0.3974,0.2878,0.2277,0.193,0.1689,0.8087,0.5622,0.3968,0.2715,0.2291,0.093,0.136,0.3886,0.2693,0.2057,0.1544,0.1501,0.7979,0.5301,0.3277,0.2103,0.1899,0.0921,0.094,0.3709,0.2803,0.2064,0.1633,0.1504,0.7799,0.5108,0.3367,0.2217,0.1933,0.0947,0.1152,0.372,0.2695,0.2206,0.1639,0.1412,0.7851,0.5318,0.36,0.233,0.2106,0.095,0.1007,0.095,0.0928,0.0942,0.1008,0.0922,0.0943,0.0919,0.094,0.1005,0.0961,0.0983,
138863s,0.0957,0.0964,0.0946,0.0964,0.0972,0.0927,0.0919,0.099,0.0949,0.0945,0.0928,0.0931,0.0962,0.3713,0.2769,0.2184,0.1869,0.1602,0.8142,0.5387,0.4082,0.2854,0.2541,0.0961,0.1371,0.3812,0.2687,0.2092,0.1852,0.1675,0.8007,0.5588,0.3874,0.2812,0.2402,0.0926,0.1048,0.3974,0.2867,0.2263,0.1932,0.1714,0.8101,0.5634,0.3994,0.272,0.2281,0.093,0.1281,0.3883,0.2699,0.2042,0.1554,0.151,0.7966,0.5303,0.3273,0.2118,0.1911,0.092,0.0946,0.3714,0.2795,0.2078,0.1635,0.1504,0.7806,0.5127,0.3373,0.2212,0.1948,0.0949,0.1178,0.3724,0.2686,0.2145,0.1616,0.1406,0.785,0.5324,0.3606,0.2291,0.2112,0.095,0.099,0.0942,0.0927,0.0943,0.1007,0.0924,0.0944,0.0918,0.0941,0.1004,0.0959,0.0981,
139126s,0.0955,0.0958,0.0945,0.096,0.0966,0.0923,0.0917,0.0988,0.0949,0.0943,0.0927,0.0933,0.0961,0.3716,0.2766,0.2174,0.1865,0.1598,0.8156,0.5382,0.4083,0.2855,0.2549,0.0959,0.1394,0.3809,0.2681,0.2116,0.1868,0.1692,0.8014,0.559,0.3873,0.2809,0.2437,0.0928,0.1047,0.3975,0.2877,0.2312,0.1956,0.1696,0.8102,0.5637,0.3988,0.2721,0.2299,0.0932,0.1313,0.3884,0.2706,0.2011,0.1547,0.1505,0.7973,0.5298,0.3273,0.211,0.1907,0.0922,0.0949,0.371,0.2805,0.2056,0.1636,0.1504,0.7809,0.5119,0.3375,0.2216,0.1946,0.095,0.1152,0.3719,0.268,0.2189,0.1635,0.1406,0.7852,0.5322,0.3601,0.2312,0.2112,0.0949,0.0992,0.0946,0.0927,0.0942,0.1007,0.0922,0.0943,0.0916,0.094,0.1004,0.0959,0.098,
139388s,0.0953,0.0962,0.0947,0.0961,0.0969,0.0924,0.0918,0.099,0.095,0.0943,0.0928,0.0932,0.0969,0.3715,0.2766,0.2175,0.1839,0.159,0.8161,0.5382,0.4071,0.2848,0.2548,0.096,0.1361,0.3814,0.2683,0.2138,0.1863,0.1679,0.8006,0.5593,0.3882,0.2817,0.2493,0.093,0.1051,0.3973,0.2897,0.2228,0.1895,0.1702,0.81,0.5642,0.3969,0.2706,0.2288,0.0929,0.1342,0.3891,0.2708,0.2068,0.1554,0.1507,0.7974,0.5306,0.328,0.2116,0.1913,0.0922,0.0948,0.371,0.2803,0.2096,0.1638,0.1513,0.7808,0.5116,0.336,0.2226,0.1938,0.0949,0.1167,0.3725,0.2695,0.2192,0.1639,0.143,0.785,0.5326,0.3604,0.2328,0.2109,0.0951,0.0984,0.0942,0.0921,0.094,0.1004,0.0922,0.0941,0.0916,0.094,0.1004,0.096,0.0984,
139651s,0.0951,0.0962,0.0947,0.096,0.0966,0.0922,0.0918,0.0987,0.0945,0.0942,0.0926,0.0932,0.0957,0.3717,0.276,0.2229,0.1862,0.1595,0.8166,0.5382,0.411,0.2868,0.255,0.0962,0.1361,0.3813,0.2668,0.2052,0.1854,0.1678,0.8006,0.5596,0.3872,0.2811,0.2422,0.0927,0.1043,0.3971,0.2872,0.2247,0.1923,0.1715,0.8103,0.5637,0.4003,0.2721,0.2295,0.0932,0.1353,0.3883,0.2758,0.2074,0.1555,0.1512,0.7972,0.5307,0.3272,0.2122,0.1905,0.092,0.0946,0.3705,0.28,0.2026,0.1637,0.1492,0.7819,0.5111,0.3386,0.2223,0.196,0.0948,0.1203,0.3718,0.2677,0.2226,0.1631,0.1413,0.7855,0.5331,0.3603,0.233,0.2116,0.0948,0.0995,0.0947,0.0929,0.0944,0.101,0.0924,0.0944,0.0917,0.0938,0.1003,0.0959,0.0982,
139913s,0.096,0.0962,0.0945,0.0957,0.0963,0.092,0.0916,0.0985,0.0947,0.0944,0.0927,0.093,0.0961,0.3718,0.277,0.2181,0.1868,0.1607,0.8164,0.538,0.4108,0.2861,0.2552,0.0961,0.1394,0.3807,0.2675,0.2078,0.1858,0.1681,0.8012,0.56,0.3874,0.2811,0.2426,0.0931,0.1046,0.3975,0.2871,0.2299,0.1965,0.1702,0.8112,0.5639,0.4,0.2715,0.2307,0.0929,0.1348,0.3879,0.2724,0.2009,0.1552,0.1508,0.7976,0.532,0.3277,0.2122,0.1905,0.092,0.0943,0.371,0.2792,0.2085,0.1628,0.1494,0.7811,0.5121,0.3384,0.222,0.1951,0.0946,0.1217,0.372,0.2671,0.2237,0.1647,0.142,0.7855,0.5324,0.3607,0.2323,0.2112,0.095,0.0995,0.0949,0.093,0.0942,0.1009,0.0923,0.0942,0.0917,0.094,0.1003,0.096,0.0982,
140176s,0.0957,0.0959,0.0945,0.096,0.0965,0.0923,0.0917,0.0989,0.0949,0.0944,0.0928,0.0932,0.0962,0.3713,0.2763,0.2163,0.1839,0.1589,0.816,0.5385,0.4083,0.2848,0.2542,0.096,0.1364,0.3812,0.2681,0.2163,0.187,0.1678,0.8012,0.5599,0.3879,0.2812,0.2473,0.0929,0.1045,0.3974,0.2877,0.2296,0.1921,0.1686,0.8108,0.5641,0.3989,0.2717,0.2305,0.0931,0.1376,0.3884,0.2693,0.211,0.155,0.151,0.7982,0.5323,0.3282,0.2126,0.1921,0.0922,0.0945,0.3712,0.28,0.2053,0.1635,0.1501,0.7825,0.5122,0.3379,0.2225,0.1956,0.0949,0.114,0.3718,0.2684,0.2119,0.1625,0.1413,0.7863,0.5338,0.3613,0.2328,0.2123,0.095,0.0994,0.0951,0.0928,0.0943,0.1008,0.0922,0.0943,0.0916,0.094,0.1005,0.0959,0.0981,
140438s,0.0956,0.096,0.0945,0.0962,0.0966,0.0922,0.0917,0.0986,0.0946,0.0943,0.0928,0.0932,0.0963,0.3713,0.2762,0.2164,0.1863,0.1604,0.818,0.5392,0.4091,0.2855,0.2553,0.0962,0.1384,0.3811,0.2679,0.2136,0.1867,0.1683,0.8018,0.5602,0.388,0.2811,0.2444,0.0928,0.1052,0.3975,0.287,0.2307,0.1952,0.1706,0.8111,0.5646,0.3995,0.2716,0.2308,0.0931,0.1393,0.3885,0.269,0.1985,0.155,0.1513,0.7982,0.5316,0.3283,0.2117,0.1905,0.0921,0.0947,0.371,0.2794,0.2056,0.1629,0.1507,0.7821,0.5132,0.3381,0.2223,0.1957,0.0948,0.1208,0.3722,0.2681,0.223,0.1646,0.1414,0.7868,0.5327,0.3616,0.2327,0.2125,0.0949,0.0997,0.0949,0.0929,0.0942,0.1011,0.0924,0.0943,0.0919,0.0941,0.1005,0.0961,0.0983,
140701s,0.0953,0.096,0.0945,0.096,0.0966,0.0921,0.0918,0.0987,0.0948,0.0944,0.0928,0.0932,0.0963,0.3716,0.277,0.2152,0.181,0.1621,0.8176,0.539,0.4088,0.2854,0.2534,0.0962,0.1367,0.3811,0.2671,0.2136,0.1872,0.1692,0.8028,0.5603,0.3881,0.2809,0.2452,0.0926,0.1049,0.3982,0.2872,0.232,0.1947,0.1699,0.8127,0.5646,0.4,0.2718,0.2307,0.093,0.1404,0.3889,0.2699,0.1963,0.1546,0.1513,0.7987,0.5326,0.3282,0.2118,0.1905,0.0922,0.0946,0.3705,0.28,0.2081,0.1642,0.1514,0.7817,0.5128,0.3381,0.2227,0.1953,0.0949,0.1217,0.3724,0.2686,0.2194,0.1642,0.1414,0.7865,0.5337,0.3616,0.2334,0.2129,0.0949,0.0995,0.0946,0.0927,0.0941,0.1009,0.0921,0.0944,0.0916,0.0942,0.1005,0.0959,0.0984,
140963s,0.0956,0.0963,0.0948,0.0964,0.097,0.0925,0.0919,0.0989,0.0949,0.0945,0.0929,0.0933,0.0961,0.3712,0.2766,0.2164,0.1837,0.1615,0.8179,0.5395,0.413,0.2857,0.2564,0.0961,0.1352,0.3808,0.2673,0.215,0.1865,0.1678,0.8029,0.5604,0.3888,0.281,0.2466,0.0927,0.105,0.3975,0.2885,0.2292,0.1941,0.1695,0.8118,0.5649,0.3984,0.2715,0.2307,0.0933,0.139,0.3885,0.2693,0.1998,0.1552,0.1517,0.7993,0.5311,0.3285,0.2104,0.1914,0.0921,0.0955,0.3709,0.2802,0.211,0.1641,0.1516,0.7821,0.5118,0.3376,0.223,0.1954,0.0952,0.119,0.3723,0.2691,0.2172,0.1632,0.1413,0.7876,0.533,0.3617,0.2327,0.2134,0.0951,0.0997,0.094,0.0926,0.094,0.1007,0.0922,0.0943,0.0916,0.0941,0.1005,0.0959,0.0981,
141226s,0.0961,0.0962,0.0946,0.0962,0.0968,0.0924,0.0917,0.099,0.0949,0.0944,0.0927,0.0933,0.0966,0.371,0.2758,0.2165,0.1828,0.1614,0.8179,0.5392,0.4069,0.2848,0.2539,0.0961,0.1378,0.381,0.2682,0.2128,0.1849,0.1669,0.8027,0.5603,0.3884,0.2817,0.2464,0.0929,0.1044,0.3973,0.2858,0.2313,0.1933,0.1695,0.8125,0.5642,0.4011,0.2716,0.2322,0.0928,0.1395,0.3886,0.2683,0.1994,0.155,0.1513,0.7991,0.5319,0.3288,0.21,0.1919,0.0922,0.0947,0.3708,0.2775,0.2116,0.1636,0.1517,0.7824,0.5129,0.3384,0.2233,0.1957,0.0948,0.1133,0.3717,0.2686,0.2148,0.1619,0.1407,0.7872,0.5336,0.362,0.2319,0.2142,0.0949,0.099,0.0943,0.0923,0.0939,0.1007,0.0923,0.0943,0.0917,0.0941,0.1006,0.0959,0.098,
141488s,0.0952,0.096,0.0943,0.0961,0.0965,0.0925,0.0919,0.0988,0.0948,0.0944,0.0927,0.0931,0.0957,0.3708,0.2763,0.2166,0.1824,0.1611,0.8191,0.5406,0.4116,0.2872,0.2556,0.0962,0.1404,0.3808,0.2664,0.2146,0.1882,0.1702,0.8038,0.5602,0.3883,0.2815,0.2448,0.093,0.1052,0.3974,0.2882,0.2265,0.1925,0.17,0.812,0.5655,0.3989,0.2708,0.232,0.0933,0.1358,0.3885,0.2689,0.1966,0.1544,0.1511,0.8004,0.5322,0.3286,0.2123,0.1911,0.0921,0.0949,0.3705,0.2793,0.2101,0.1629,0.1509,0.7822,0.5123,0.3388,0.2247,0.1947,0.0948,0.1233,0.3718,0.27,0.2126,0.1618,0.1411,0.7874,0.5343,0.3621,0.2323,0.2149,0.095,0.0993,0.0939,0.0925,0.0942,0.1009,0.0924,0.0942,0.0918,0.094,0.1005,0.096,0.0983,
141751s,0.0955,0.0965,0.0946,0.0961,0.0968,0.0924,0.0919,0.0989,0.0949,0.0943,0.0927,0.0932,0.096,0.3714,0.2765,0.2181,0.1876,0.161,0.8201,0.5403,0.4119,0.2874,0.2589,0.0963,0.1374,0.3805,0.2682,0.205,0.1848,0.1675,0.8034,0.5608,0.3889,0.2817,0.2447,0.093,0.1043,0.3977,0.2882,0.2336,0.1973,0.1698,0.8128,0.5653,0.4007,0.272,0.2325,0.0931,0.1334,0.3885,0.2735,0.2069,0.1553,0.151,0.7992,0.531,0.3287,0.2106,0.1922,0.092,0.0944,0.3707,0.2789,0.2104,0.1623,0.1509,0.7842,0.5139,0.3392,0.2256,0.1946,0.095,0.1203,0.3719,0.2684,0.218,0.1625,0.1404,0.7873,0.5341,0.3618,0.2324,0.2141,0.0949,0.0983,0.0941,0.0924,0.0938,0.1008,0.0925,0.0942,0.0917,0.0939,0.1005,0.096,0.098,
142013s,0.0951,0.0958,0.0945,0.0959,0.0966,0.0923,0.0917,0.0986,0.0948,0.0944,0.0926,0.0932,0.096,0.3711,0.2763,0.2168,0.1853,0.1617,0.8198,0.5412,0.4112,0.2866,0.2557,0.096,0.135,0.381,0.2684,0.2098,0.1856,0.1684,0.8042,0.5618,0.3887,0.2814,0.2472,0.0928,0.105,0.3977,0.2871,0.2328,0.1963,0.1699,0.8141,0.566,0.401,0.2713,0.2325,0.0932,0.1399,0.3883,0.2721,0.1993,0.1556,0.1516,0.8,0.5333,0.3286,0.2113,0.1919,0.092,0.095,0.3705,0.2802,0.207,0.1633,0.1501,0.7835,0.5136,0.3395,0.2235,0.1975,0.0948,0.1135,0.3719,0.2687,0.2164,0.1628,0.1404,0.788,0.5355,0.3621,0.2328,0.2147,0.0949,0.0991,0.0944,0.0927,0.0941,0.101,0.0922,0.0944,0.0917,0.094,0.1004,0.096,0.0985,
142276s,0.0957,0.0962,0.0949,0.0963,0.0968,0.0922,0.0918,0.0989,0.0949,0.0944,0.0928,0.0935,0.097,0.3709,0.2752,0.2188,0.1849,0.1624,0.8197,0.5404,0.4078,0.2848,0.2566,0.0961,0.1313,0.3808,0.2684,0.2112,0.186,0.1676,0.8045,0.5619,0.3897,0.282,0.2464,0.093,0.1053,0.3976,0.2888,0.2284,0.1917,0.1691,0.8137,0.5662,0.3994,0.2708,0.2307,0.0927,0.1342,0.3882,0.2714,0.2065,0.1554,0.1505,0.8014,0.533,0.3291,0.2123,0.1936,0.0921,0.0944,0.3707,0.2784,0.2059,0.1637,0.1523,0.7846,0.512,0.3374,0.2236,0.1963,0.0949,0.1168,0.3727,0.2697,0.2189,0.1642,0.1427,0.7878,0.5355,0.3626,0.2332,0.2149,0.095,0.0988,0.0944,0.0926,0.0942,0.1008,0.0923,0.0942,0.0914,0.094,0.1005,0.096,0.0981,
142538s,0.0951,0.0959,0.0943,0.096,0.0966,0.0924,0.0918,0.0988,0.0949,0.0944,0.0927,0.0931,0.0964,0.3715,0.2761,0.2177,0.1847,0.1626,0.82,0.5415,0.4113,0.2865,0.2577,0.0962,0.1396,0.3808,0.2676,0.207,0.1861,0.168,0.8047,0.5616,0.3889,0.2813,0.2479,0.0928,0.1054,0.3975,0.2893,0.2262,0.1907,0.1715,0.8145,0.5657,0.3998,0.2709,0.2302,0.0929,0.1326,0.3882,0.2691,0.2024,0.1544,0.1512,0.8006,0.5338,0.3295,0.2105,0.1927,0.092,0.0946,0.3701,0.2801,0.2047,0.1639,0.1512,0.7841,0.5142,0.3394,0.2234,0.1967,0.0948,0.1169,0.3721,0.2696,0.2177,0.1639,0.1416,0.7879,0.5349,0.3627,0.2334,0.2155,0.0949,0.0984,0.0946,0.0925,0.0941,0.1009,0.0921,0.0943,0.0916,0.094,0.1004,0.0959,0.0983,
142801s,0.0957,0.0963,0.0947,0.0962,0.0968,0.0923,0.0918,0.0987,0.0948,0.0944,0.0929,0.0933,0.0961,0.371,0.2752,0.2164,0.1858,0.1625,0.8209,0.5413,0.4097,0.2858,0.2567,0.096,0.1426,0.3813,0.2672,0.211,0.1868,0.1687,0.8051,0.562,0.3896,0.2817,0.2486,0.0933,0.1051,0.3974,0.2858,0.2332,0.1947,0.1692,0.8139,0.5665,0.402,0.2715,0.2328,0.0932,0.1395,0.3886,0.2699,0.1994,0.1548,0.1515,0.8007,0.5327,0.3298,0.2105,0.1934,0.0922,0.0951,0.3706,0.2803,0.2092,0.1643,0.1516,0.784,0.515,0.3394,0.2242,0.1972,0.0949,0.114,0.3721,0.2693,0.2162,0.1635,0.1411,0.7892,0.5352,0.3627,0.233,0.2161,0.095,0.0991,0.0942,0.0923,0.094,0.1008,0.0922,0.0941,0.0915,0.0939,0.1005,0.096,0.0983,
143063s,0.0954,0.096,0.0947,0.0959,0.0967,0.0921,0.0917,0.099,0.0949,0.0943,0.0928,0.0932,0.0964,0.3706,0.2754,0.2184,0.1847,0.1636,0.8206,0.5409,0.4109,0.2865,0.2565,0.0959,0.1456,0.3807,0.2674,0.2158,0.1871,0.1688,0.8049,0.5623,0.3892,0.2815,0.2498,0.0928,0.1051,0.3971,0.2876,0.2268,0.193,0.17,0.814,0.5664,0.399,0.2705,0.2306,0.0931,0.1392,0.3884,0.2707,0.1962,0.1544,0.1516,0.8003,0.5344,0.3296,0.2112,0.193,0.0921,0.0952,0.3697,0.2792,0.2094,0.1638,0.1501,0.785,0.5141,0.3403,0.2249,0.1969,0.0949,0.114,0.3718,0.2698,0.2168,0.1639,0.141,0.7887,0.5348,0.3633,0.2326,0.2161,0.0951,0.0991,0.0941,0.0923,0.0938,0.1007,0.0922,0.094,0.0914,0.0938,0.1004,0.0959,0.0982,
143326s,0.0957,0.0963,0.0947,0.0962,0.0969,0.0924,0.0918,0.0987,0.0948,0.0942,0.0927,0.0932,0.0967,0.3701,0.2735,0.2185,0.1856,0.1619,0.8207,0.5389,0.4074,0.2851,0.2567,0.096,0.134,0.3807,0.2703,0.2077,0.1862,0.1681,0.8067,0.5631,0.3906,0.2826,0.2464,0.0931,0.1057,0.3969,0.2889,0.2241,0.1924,0.1711,0.8131,0.5657,0.3974,0.2688,0.2332,0.0933,0.1302,0.3882,0.2728,0.2051,0.1566,0.1524,0.8014,0.5352,0.3307,0.2113,0.1945,0.0923,0.0953,0.37,0.2764,0.2095,0.1633,0.1526,0.785,0.5137,0.3385,0.2222,0.1965,0.0946,0.1168,0.3716,0.2679,0.2132,0.1613,0.1418,0.7881,0.5362,0.363,0.235,0.2155,0.095,0.0997,0.0943,0.0924,0.0944,0.101,0.0923,0.0942,0.0917,0.094,0.1005,0.0961,0.0981,
143588s,0.095,0.0961,0.0947,0.0959,0.0965,0.0922,0.0918,0.0987,0.0946,0.0943,0.0926,0.0931,0.0955,0.3703,0.2754,0.2167,0.1862,0.1635,0.8218,0.5409,0.4121,0.287,0.2568,0.0962,0.1427,0.3801,0.2669,0.2063,0.1859,0.1687,0.8068,0.562,0.3899,0.2817,0.2476,0.0924,0.1046,0.3976,0.2871,0.2303,0.1956,0.1701,0.8145,0.5672,0.4022,0.2716,0.2324,0.0931,0.1374,0.3883,0.2689,0.201,0.1546,0.1514,0.8022,0.5345,0.3298,0.2111,0.1938,0.092,0.0949,0.3697,0.2783,0.2084,0.1634,0.1527,0.786,0.5146,0.3402,0.2249,0.197,0.0949,0.1185,0.3711,0.2674,0.223,0.1649,0.1415,0.79,0.5359,0.3628,0.2333,0.2163,0.095,0.0988,0.0945,0.093,0.0945,0.1012,0.0923,0.0944,0.0919,0.0939,0.1005,0.0961,0.0983,
143851s,0.0955,0.0958,0.0944,0.0956,0.0964,0.0922,0.0915,0.0986,0.0946,0.0943,0.0925,0.093,0.0962,0.3705,0.2753,0.217,0.1861,0.1646,0.8219,0.5416,0.4083,0.2853,0.2575,0.0959,0.138,0.3808,0.2675,0.2042,0.1855,0.1676,0.8052,0.5627,0.3899,0.2819,0.2462,0.0929,0.1053,0.3972,0.2869,0.2303,0.195,0.1699,0.8151,0.567,0.4013,0.2711,0.2329,0.0928,0.1364,0.3883,0.2683,0.2031,0.1549,0.1513,0.8017,0.5327,0.3301,0.2117,0.1935,0.092,0.0949,0.3704,0.2808,0.2069,0.1632,0.1516,0.7858,0.5155,0.3392,0.2249,0.1976,0.0947,0.1159,0.371,0.2687,0.2138,0.1613,0.1399,0.7897,0.5364,0.363,0.232,0.2172,0.0948,0.0984,0.0942,0.0925,0.0941,0.1009,0.0921,0.0942,0.0916,0.094,0.1004,0.0958,0.0978,
144113s,0.0949,0.0965,0.0948,0.0963,0.0968,0.0923,0.0918,0.099,0.0948,0.0943,0.0928,0.0931,0.0962,0.3702,0.2744,0.2196,0.1887,0.1662,0.8223,0.542,0.4097,0.2856,0.2585,0.0962,0.1395,0.3809,0.2684,0.2154,0.1853,0.168,0.806,0.5632,0.3906,0.282,0.2457,0.0928,0.1047,0.3976,0.2865,0.2331,0.1958,0.1694,0.8156,0.5677,0.4008,0.2715,0.2349,0.0931,0.1309,0.3884,0.2711,0.213,0.1554,0.1505,0.8026,0.534,0.3304,0.2129,0.1944,0.0921,0.0951,0.37,0.2753,0.2104,0.1649,0.1518,0.7858,0.5141,0.3385,0.2246,0.1976,0.0952,0.1151,0.3716,0.2697,0.219,0.1639,0.143,0.7898,0.5369,0.3633,0.2341,0.2167,0.095,0.0991,0.0943,0.0921,0.0942,0.1008,0.0921,0.0942,0.0915,0.0939,0.1005,0.0958,0.0983,
144376s,0.0956,0.096,0.0944,0.0958,0.0965,0.0919,0.0916,0.0986,0.0948,0.0943,0.0927,0.0932,0.0967,0.3712,0.2744,0.2168,0.1826,0.1676,0.8221,0.5419,0.4096,0.2858,0.2563,0.0961,0.1354,0.3809,0.2678,0.2116,0.187,0.1677,0.8071,0.562,0.3912,0.2821,0.2452,0.093,0.1049,0.3975,0.2879,0.2258,0.194,0.1729,0.8152,0.5674,0.401,0.271,0.2321,0.093,0.1295,0.3879,0.2707,0.2037,0.1553,0.1513,0.8022,0.5347,0.3308,0.2137,0.1947,0.0922,0.0945,0.3706,0.2801,0.2065,0.1622,0.1512,0.7867,0.516,0.3405,0.225,0.1979,0.0947,0.1179,0.3711,0.268,0.2125,0.1626,0.1419,0.7909,0.5366,0.3637,0.2333,0.2173,0.095,0.0982,0.0945,0.0925,0.0944,0.1008,0.0923,0.0941,0.0916,0.094,0.1004,0.096,0.0981,
144638s,0.0957,0.0956,0.0944,0.0958,0.0965,0.0921,0.0917,0.0987,0.0947,0.0943,0.0928,0.0931,0.0963,0.3709,0.2747,0.2163,0.1836,0.1657,0.8229,0.5418,0.4112,0.2868,0.2568,0.0959,0.1381,0.3803,0.2676,0.2165,0.1869,0.1681,0.8065,0.5629,0.3905,0.2822,0.2456,0.0927,0.1046,0.3973,0.2875,0.2283,0.1939,0.1689,0.8159,0.5675,0.4017,0.2709,0.2343,0.0927,0.1368,0.3883,0.2694,0.2127,0.1551,0.1513,0.8021,0.5344,0.3307,0.2144,0.1941,0.092,0.0947,0.3704,0.2768,0.2049,0.1633,0.1513,0.7875,0.5148,0.3398,0.2251,0.1984,0.0949,0.1163,0.3715,0.2685,0.2137,0.1623,0.1407,0.7897,0.538,0.3639,0.2321,0.2185,0.0949,0.0985,0.0942,0.0923,0.0938,0.1004,0.0922,0.0941,0.0915,0.0939,0.1003,0.0959,0.0983,
144901s,0.0957,0.0961,0.0946,0.0959,0.0966,0.0922,0.0919,0.0989,0.0949,0.0944,0.0928,0.0934,0.0962,0.3704,0.2742,0.217,0.1854,0.1645,0.8226,0.5424,0.4107,0.2867,0.258,0.0959,0.1455,0.3806,0.2668,0.2156,0.1876,0.1689,0.808,0.5636,0.3913,0.2823,0.2458,0.0929,0.1047,0.398,0.2869,0.229,0.1929,0.169,0.816,0.5681,0.4001,0.2709,0.2329,0.0929,0.1423,0.3881,0.269,0.1979,0.1543,0.1514,0.8028,0.5338,0.3316,0.2141,0.1948,0.0922,0.0949,0.3701,0.2771,0.2079,0.163,0.151,0.7867,0.5163,0.3397,0.2255,0.1986,0.095,0.1158,0.3714,0.27,0.2171,0.1634,0.1413,0.7913,0.5374,0.3647,0.2329,0.2188,0.095,0.0994,0.0945,0.0924,0.0939,0.1007,0.0923,0.0941,0.0915,0.0939,0.1004,0.096,0.0979,
145163s,0.0953,0.0963,0.0944,0.096,0.0972,0.0925,0.092,0.0991,0.0948,0.0945,0.0927,0.0932,0.0964,0.3698,0.2734,0.218,0.1869,0.1671,0.8228,0.5407,0.4084,0.286,0.2574,0.096,0.1462,0.3806,0.2703,0.2076,0.1865,0.1678,0.8079,0.5645,0.3912,0.283,0.2466,0.0934,0.1056,0.3974,0.2888,0.2289,0.1927,0.1697,0.8164,0.5673,0.3994,0.2692,0.2337,0.0928,0.1293,0.3881,0.272,0.2086,0.1557,0.1518,0.804,0.5355,0.3314,0.2136,0.1962,0.0921,0.0945,0.3697,0.2752,0.2018,0.1639,0.1518,0.7866,0.5151,0.3381,0.2244,0.1998,0.0948,0.1173,0.371,0.2692,0.2162,0.1635,0.1418,0.7911,0.5386,0.3649,0.2363,0.2175,0.0951,0.0984,0.0944,0.0922,0.0938,0.1008,0.0922,0.0942,0.0917,0.0942,0.1005,0.0959,0.0984,
145426s,0.0954,0.096,0.0945,0.096,0.0966,0.0924,0.0917,0.0987,0.0946,0.0943,0.0927,0.0931,0.0961,0.3698,0.2753,0.2167,0.1855,0.1662,0.8236,0.5431,0.4124,0.2876,0.2595,0.0962,0.139,0.3801,0.267,0.2079,0.1867,0.1689,0.8088,0.5641,0.3913,0.2825,0.246,0.0928,0.1049,0.3975,0.2881,0.224,0.1915,0.1712,0.816,0.5681,0.4015,0.2708,0.2326,0.0929,0.136,0.388,0.2719,0.2075,0.1551,0.1509,0.8044,0.5351,0.3309,0.2149,0.1951,0.092,0.095,0.3699,0.2779,0.2095,0.1633,0.1512,0.7872,0.517,0.3406,0.2252,0.1992,0.0949,0.122,0.3708,0.2676,0.2194,0.1635,0.1403,0.7926,0.5383,0.3647,0.2321,0.2188,0.095,0.099,0.0942,0.093,0.0945,0.1009,0.0922,0.0943,0.0918,0.094,0.1004,0.096,0.0982,
145688s,0.0955,0.0959,0.0944,0.096,0.0966,0.0922,0.0917,0.0988,0.0948,0.0944,0.0927,0.0931,0.0969,0.3703,0.2745,0.2175,0.1828,0.1664,0.8249,0.5438,0.4115,0.2865,0.2574,0.0963,0.1339,0.3805,0.2672,0.2113,0.1864,0.169,0.8075,0.5637,0.3906,0.2825,0.2449,0.093,0.1055,0.3977,0.2868,0.2292,0.1935,0.1702,0.8173,0.5681,0.4024,0.2711,0.2338,0.0931,0.1326,0.3877,0.268,0.2064,0.1553,0.1512,0.8036,0.5352,0.3308,0.2158,0.196,0.092,0.0953,0.3698,0.2786,0.2084,0.1637,0.1518,0.7872,0.5165,0.3403,0.2254,0.1984,0.0948,0.1187,0.371,0.269,0.2146,0.162,0.1405,0.7926,0.5382,0.3644,0.2322,0.2195,0.0949,0.0985,0.0942,0.0925,0.0939,0.1006,0.0921,0.0942,0.0917,0.094,0.1004,0.096,0.0986,
145951s,0.0953,0.096,0.0944,0.0959,0.0965,0.0921,0.0918,0.0986,0.0947,0.0942,0.0928,0.0933,0.0962,0.3701,0.2744,0.2159,0.1835,0.1655,0.8244,0.5432,0.4115,0.287,0.258,0.096,0.1383,0.3799,0.267,0.2116,0.1864,0.169,0.8086,0.564,0.3908,0.2824,0.2441,0.0929,0.1045,0.3974,0.2864,0.2297,0.1945,0.1697,0.8172,0.5677,0.4025,0.2709,0.2339,0.0927,0.1365,0.3876,0.2686,0.1996,0.1547,0.1522,0.8045,0.535,0.331,0.2156,0.1955,0.0921,0.0954,0.3693,0.2781,0.2059,0.1632,0.1509,0.7876,0.5164,0.3405,0.2255,0.199,0.0947,0.1198,0.3709,0.2696,0.2171,0.1646,0.1419,0.7919,0.5378,0.3646,0.2339,0.2194,0.095,0.0995,0.0947,0.0928,0.0942,0.1008,0.0924,0.0943,0.0917,0.094,0.1005,0.0959,0.0982,
146213s,0.0961,0.0963,0.0947,0.0962,0.0968,0.0922,0.0917,0.0989,0.0948,0.0943,0.0926,0.0932,0.0969,0.3699,0.2736,0.2141,0.1817,0.1663,0.8246,0.5409,0.4085,0.2855,0.2577,0.0963,0.135,0.3801,0.2691,0.209,0.1862,0.1674,0.8092,0.5654,0.3918,0.283,0.246,0.0931,0.1053,0.3975,0.2882,0.2311,0.1949,0.1692,0.818,0.5669,0.3983,0.2681,0.2345,0.0931,0.14,0.3882,0.2706,0.2168,0.1564,0.1509,0.8041,0.5361,0.332,0.2144,0.1969,0.0921,0.0955,0.3695,0.2745,0.2105,0.1623,0.1523,0.7865,0.5149,0.3372,0.2237,0.1995,0.0948,0.1138,0.3707,0.2689,0.2144,0.1638,0.1412,0.7918,0.5387,0.3651,0.2371,0.2185,0.0952,0.0996,0.0947,0.093,0.0944,0.1011,0.0923,0.0941,0.0914,0.0939,0.1004,0.0959,0.0978,
146476s,0.0956,0.0958,0.0944,0.096,0.0964,0.0921,0.0917,0.0986,0.0948,0.0943,0.0927,0.0931,0.096,0.3703,0.2741,0.216,0.1857,0.1644,0.8251,0.5437,0.4119,0.2865,0.2577,0.096,0.1382,0.38,0.2671,0.205,0.1848,0.1677,0.8091,0.5645,0.3915,0.2822,0.2446,0.0928,0.1047,0.3975,0.2865,0.2316,0.1964,0.17,0.819,0.5688,0.4027,0.2704,0.2341,0.0932,0.139,0.3885,0.2705,0.2128,0.155,0.1506,0.8053,0.5348,0.3319,0.2174,0.1973,0.0921,0.0952,0.3692,0.2786,0.2124,0.1643,0.1514,0.7884,0.516,0.3405,0.225,0.1985,0.0951,0.1168,0.3708,0.2683,0.2159,0.164,0.1416,0.7924,0.538,0.364,0.2325,0.2202,0.095,0.0992,0.0945,0.0926,0.0942,0.1009,0.0923,0.0945,0.0917,0.0939,0.1003,0.096,0.0981,
146738s,0.096,0.0963,0.0946,0.0961,0.0969,0.0925,0.0918,0.0989,0.0948,0.0942,0.0928,0.0931,0.0965,0.3696,0.2739,0.2177,0.1843,0.1663,0.8246,0.543,0.4112,0.2864,0.2587,0.096,0.1461,0.3801,0.2677,0.2134,0.1856,0.1671,0.8089,0.565,0.3913,0.2824,0.2447,0.0928,0.1054,0.3971,0.2863,0.2271,0.1923,0.1688,0.8185,0.5688,0.4018,0.2706,0.2349,0.0928,0.1392,0.388,0.2688,0.2016,0.1538,0.1507,0.8045,0.5355,0.3323,0.214,0.1966,0.0921,0.0954,0.3693,0.2755,0.208,0.1632,0.1524,0.7884,0.5169,0.3402,0.225,0.1999,0.0949,0.117,0.3703,0.2677,0.218,0.1643,0.1411,0.7929,0.539,0.3653,0.2357,0.2205,0.0949,0.0978,0.0934,0.0921,0.0934,0.1007,0.092,0.094,0.0917,0.0938,0.1004,0.0959,0.0978,
147001s,0.0949,0.0961,0.0944,0.0959,0.0966,0.0921,0.0918,0.0989,0.0948,0.0944,0.0927,0.0931,0.0963,0.3693,0.2749,0.2208,0.1895,0.1662,0.8273,0.5427,0.4096,0.2862,0.2585,0.0961,0.1328,0.3803,0.2684,0.2121,0.186,0.1674,0.8089,0.566,0.3919,0.2827,0.2448,0.0928,0.1053,0.3972,0.2874,0.228,0.1922,0.1695,0.8187,0.5659,0.3991,0.2693,0.234,0.0928,0.1368,0.3882,0.2696,0.2026,0.1572,0.1515,0.805,0.5374,0.3325,0.2128,0.1975,0.092,0.0955,0.369,0.2751,0.2115,0.1633,0.1531,0.7882,0.5157,0.3387,0.2238,0.1999,0.0947,0.1162,0.37,0.2695,0.2201,0.1624,0.1419,0.7931,0.5402,0.3658,0.2376,0.2183,0.0948,0.0994,0.0945,0.0928,0.0944,0.1009,0.092,0.094,0.0915,0.094,0.1004,0.0961,0.0983,
147263s,0.0959,0.0961,0.0944,0.0961,0.0967,0.0921,0.0918,0.0987,0.0947,0.0943,0.0928,0.0931,0.0972,0.3696,0.2728,0.2187,0.1871,0.1658,0.8287,0.5432,0.4098,0.2866,0.2593,0.0963,0.1423,0.3803,0.2694,0.2073,0.1861,0.1681,0.8092,0.5653,0.3914,0.2831,0.2446,0.0928,0.1051,0.3975,0.287,0.2285,0.1915,0.1695,0.8193,0.5685,0.4002,0.2693,0.2348,0.0929,0.1358,0.3877,0.2694,0.194,0.156,0.1518,0.8048,0.5366,0.3331,0.2128,0.1981,0.092,0.0955,0.3696,0.2744,0.2085,0.1634,0.1533,0.7885,0.5155,0.3381,0.2233,0.1993,0.0947,0.1143,0.3706,0.2694,0.2241,0.1648,0.1423,0.7931,0.5396,0.3654,0.2391,0.2188,0.095,0.0983,0.0937,0.0921,0.0936,0.1006,0.0918,0.094,0.0915,0.094,0.1004,0.0959,0.098,
147525s,0.0952,0.0961,0.0945,0.096,0.0965,0.0923,0.0917,0.0987,0.0947,0.0943,0.0928,0.0932,0.097,0.3705,0.2744,0.216,0.182,0.1664,0.8263,0.5438,0.4115,0.2879,0.2589,0.096,0.1377,0.3799,0.2667,0.2148,0.1869,0.169,0.8092,0.565,0.3915,0.2827,0.2439,0.093,0.1047,0.3973,0.2871,0.2271,0.1924,0.1699,0.8201,0.5689,0.4012,0.27,0.2345,0.0932,0.1388,0.3881,0.2695,0.1986,0.155,0.152,0.8055,0.5359,0.332,0.2149,0.1969,0.0922,0.0948,0.3697,0.279,0.2084,0.1643,0.1516,0.7888,0.5174,0.3412,0.2263,0.1999,0.0948,0.1171,0.3707,0.2679,0.2159,0.1629,0.1408,0.7941,0.5394,0.3656,0.2356,0.2215,0.095,0.0987,0.0942,0.0924,0.094,0.1008,0.0922,0.0942,0.0916,0.094,0.1005,0.0959,0.0983,
147788s,0.0956,0.096,0.0945,0.0958,0.0965,0.0922,0.0917,0.0987,0.0947,0.0945,0.0927,0.0932,0.0963,0.3699,0.2741,0.2182,0.1849,0.1657,0.8267,0.545,0.4123,0.2869,0.2611,0.0962,0.1385,0.3801,0.2669,0.2051,0.1843,0.1669,0.8094,0.5657,0.3925,0.2832,0.2445,0.0927,0.1054,0.3974,0.2876,0.2244,0.192,0.1708,0.8192,0.5696,0.402,0.2698,0.2333,0.0931,0.1333,0.3883,0.2677,0.2102,0.1545,0.1505,0.8058,0.537,0.3323,0.2147,0.1972,0.0922,0.095,0.3695,0.2762,0.2067,0.1633,0.1519,0.7888,0.5176,0.3405,0.2255,0.2003,0.095,0.1204,0.3708,0.2688,0.216,0.164,0.141,0.7932,0.5394,0.3655,0.2368,0.2225,0.095,0.0988,0.0941,0.0924,0.0936,0.1009,0.0922,0.094,0.0916,0.094,0.1006,0.096,0.0985,
148050s,0.0951,0.0965,0.0949,0.0963,0.0967,0.0923,0.0918,0.0986,0.0948,0.0943,0.0927,0.0931,0.0966,0.3694,0.2731,0.2158,0.1825,0.1665,0.8265,0.5437,0.4099,0.2862,0.2565,0.0961,0.1372,0.3799,0.2691,0.2056,0.1858,0.1676,0.8084,0.566,0.3921,0.283,0.2447,0.0927,0.1055,0.3974,0.2877,0.2283,0.1968,0.1695,0.8203,0.5696,0.4043,0.2709,0.2353,0.0931,0.1401,0.3882,0.2691,0.2003,0.1553,0.151,0.8054,0.5363,0.3328,0.214,0.1977,0.0921,0.0949,0.3686,0.2733,0.2083,0.1621,0.1504,0.7892,0.5165,0.3397,0.2245,0.2006,0.0949,0.1195,0.3709,0.2692,0.223,0.1651,0.1416,0.7933,0.5406,0.3666,0.2385,0.2207,0.0949,0.0985,0.0939,0.0924,0.0941,0.1005,0.0918,0.0941,0.0913,0.0939,0.1003,0.096,0.098,
148313s,0.0953,0.096,0.0945,0.0962,0.0967,0.0921,0.0918,0.099,0.0946,0.0943,0.0928,0.0933,0.0961,0.3695,0.2726,0.2151,0.1847,0.1644,0.8319,0.5445,0.4101,0.2863,0.2587,0.0961,0.1354,0.3794,0.2663,0.2111,0.1863,0.1676,0.8105,0.5661,0.3926,0.2828,0.2441,0.0928,0.1047,0.397,0.2876,0.2315,0.1937,0.1692,0.8208,0.5707,0.4048,0.2708,0.2356,0.0932,0.1359,0.3884,0.2701,0.2076,0.1551,0.1517,0.8055,0.5359,0.3328,0.2141,0.198,0.0921,0.0955,0.369,0.2785,0.2143,0.1629,0.1522,0.7896,0.5165,0.3412,0.2247,0.2006,0.0949,0.121,0.3708,0.2698,0.2155,0.1629,0.1402,0.7946,0.5401,0.3665,0.2375,0.2227,0.095,0.0982,0.0938,0.0921,0.0939,0.1006,0.0921,0.094,0.0915,0.0939,0.1005,0.0959,0.098,
148575s,0.0955,0.096,0.0946,0.0961,0.0966,0.0922,0.0919,0.0989,0.0949,0.0945,0.0929,0.0933,0.0967,0.3694,0.2737,0.2204,0.1889,0.1648,0.8283,0.5442,0.4135,0.2875,0.2594,0.0959,0.1444,0.38,0.2675,0.213,0.1855,0.1673,0.8104,0.5664,0.3921,0.2828,0.2443,0.0927,0.1047,0.3975,0.287,0.2275,0.1916,0.1696,0.8204,0.5693,0.4013,0.2695,0.2347,0.0927,0.1407,0.3882,0.2687,0.2118,0.1552,0.1513,0.8056,0.5374,0.3323,0.2148,0.1977,0.0923,0.0958,0.3691,0.2755,0.2125,0.1638,0.1518,0.7905,0.5173,0.3413,0.225,0.2009,0.0951,0.1162,0.37,0.2686,0.2159,0.1632,0.1407,0.7939,0.5406,0.366,0.2374,0.2231,0.0949,0.0982,0.094,0.0922,0.0938,0.1009,0.0922,0.0944,0.0915,0.0939,0.1004,0.0961,0.0981,
148838s,0.0959,0.0964,0.0947,0.0963,0.0968,0.0924,0.0918,0.099,0.0947,0.0943,0.0927,0.0932,0.0968,0.3696,0.2728,0.2124,0.1815,0.1673,0.8267,0.543,0.4094,0.2866,0.2564,0.0957,0.139,0.3802,0.2692,0.2094,0.1858,0.1673,0.8114,0.5676,0.393,0.2838,0.2447,0.0929,0.1054,0.3973,0.2867,0.2281,0.1943,0.1692,0.8205,0.5689,0.4012,0.269,0.2339,0.0932,0.1315,0.3886,0.2687,0.2068,0.1565,0.1517,0.8075,0.5384,0.3329,0.2161,0.1983,0.0922,0.0947,0.3697,0.2747,0.2074,0.1625,0.1519,0.7898,0.5166,0.3385,0.2242,0.201,0.0948,0.1178,0.3707,0.2691,0.2201,0.1622,0.141,0.7959,0.5409,0.367,0.2379,0.2211,0.0949,0.0985,0.0939,0.0922,0.0942,0.1007,0.0921,0.0943,0.0914,0.094,0.1004,0.0959,0.098,
149100s,0.0953,0.0958,0.0941,0.0959,0.0964,0.0923,0.0917,0.0988,0.0947,0.0943,0.0927,0.0931,0.0962,0.3697,0.2736,0.2187,0.1861,0.1657,0.8277,0.5456,0.4135,0.2877,0.2598,0.096,0.1425,0.3792,0.2667,0.2075,0.1851,0.1684,0.8105,0.5655,0.3918,0.283,0.2445,0.0929,0.1053,0.3975,0.2856,0.2299,0.1943,0.1694,0.8212,0.57,0.4025,0.2705,0.2358,0.0928,0.1393,0.3873,0.2679,0.1966,0.1543,0.151,0.806,0.5383,0.3329,0.2144,0.1975,0.0921,0.0946,0.369,0.2757,0.2021,0.1635,0.151,0.7901,0.5185,0.3404,0.226,0.2017,0.0947,0.1146,0.3702,0.2677,0.2118,0.162,0.1407,0.7952,0.5405,0.366,0.237,0.2239,0.0949,0.0994,0.0947,0.0931,0.0942,0.1011,0.0924,0.0943,0.0915,0.0939,0.1004,0.0959,0.098,
149363s,0.0952,0.0962,0.0945,0.0961,0.0967,0.0924,0.0919,0.099,0.0949,0.0945,0.0928,0.0932,0.0964,0.3697,0.2743,0.2166,0.1839,0.1671,0.8275,0.5456,0.4132,0.2881,0.2589,0.096,0.1372,0.3799,0.2661,0.2113,0.1874,0.1687,0.8115,0.5667,0.393,0.2832,0.2446,0.0932,0.1051,0.3977,0.2864,0.2283,0.1929,0.1696,0.8209,0.5709,0.4042,0.271,0.2364,0.093,0.1377,0.3882,0.2677,0.2073,0.1547,0.1517,0.8066,0.5384,0.334,0.2159,0.1978,0.0921,0.0951,0.3695,0.2753,0.2057,0.1641,0.152,0.7903,0.5191,0.3416,0.2267,0.2016,0.0949,0.1178,0.3706,0.2684,0.2152,0.163,0.1401,0.7948,0.5402,0.3671,0.2373,0.224,0.095,0.0991,0.0947,0.0929,0.0941,0.1009,0.0925,0.0943,0.0917,0.094,0.1004,0.0959,0.0982,
149625s,0.0951,0.0961,0.0942,0.0958,0.0964,0.0923,0.0917,0.0987,0.0947,0.0943,0.0927,0.0931,0.0963,0.3689,0.2731,0.2207,0.1894,0.1651,0.8279,0.546,0.4147,0.2889,0.262,0.096,0.1396,0.3793,0.2672,0.2132,0.186,0.1678,0.8114,0.5667,0.3928,0.2829,0.2447,0.0927,0.1054,0.3977,0.2874,0.2271,0.1929,0.1698,0.8204,0.5708,0.4044,0.2704,0.2352,0.0928,0.1379,0.3882,0.2696,0.1989,0.1548,0.1513,0.8068,0.538,0.3338,0.215,0.1984,0.092,0.0954,0.3688,0.2772,0.2112,0.1639,0.1518,0.7906,0.519,0.3424,0.2255,0.2016,0.0953,0.1187,0.3702,0.269,0.2167,0.1632,0.1397,0.7962,0.541,0.3671,0.2377,0.2242,0.0949,0.0995,0.0951,0.0926,0.0942,0.1009,0.0924,0.0944,0.0915,0.0938,0.1005,0.0961,0.0981,
149888s,0.0952,0.0962,0.0945,0.0961,0.0966,0.0922,0.0917,0.0986,0.0947,0.0944,0.0927,0.093,0.096,0.3692,0.274,0.2167,0.1855,0.1666,0.8274,0.5455,0.4151,0.2895,0.2598,0.0959,0.137,0.3796,0.2666,0.2073,0.1865,0.1696,0.8118,0.5663,0.3928,0.2826,0.2449,0.093,0.104,0.3976,0.2851,0.2331,0.1962,0.1698,0.8208,0.5714,0.4055,0.2717,0.2376,0.093,0.1367,0.3876,0.2677,0.2021,0.1552,0.1517,0.8072,0.5373,0.3329,0.2158,0.1978,0.0921,0.0952,0.3694,0.2783,0.2063,0.1628,0.1506,0.7915,0.5197,0.3424,0.2264,0.2014,0.0946,0.1211,0.3707,0.2677,0.2194,0.1641,0.1409,0.7962,0.5401,0.3668,0.2363,0.2248,0.0949,0.0991,0.0944,0.0926,0.0942,0.1008,0.0921,0.0942,0.0918,0.0939,0.1006,0.096,0.098,
150150s,0.0954,0.0962,0.0945,0.0961,0.0968,0.0923,0.0918,0.099,0.0949,0.0944,0.0928,0.0934,0.0971,0.3685,0.2724,0.2186,0.1877,0.1668,0.8278,0.5454,0.411,0.2872,0.2592,0.0958,0.1397,0.3797,0.2702,0.2073,0.1869,0.1671,0.8122,0.5674,0.3934,0.2839,0.244,0.0928,0.1052,0.3971,0.2864,0.2286,0.1934,0.1694,0.8211,0.5701,0.4009,0.2686,0.2352,0.0934,0.1363,0.3878,0.2682,0.2041,0.1555,0.1514,0.8076,0.5391,0.3336,0.2153,0.1989,0.0921,0.0947,0.3689,0.2732,0.2079,0.1617,0.1521,0.791,0.5179,0.3391,0.2249,0.2022,0.0948,0.1148,0.3702,0.2687,0.2168,0.1617,0.1408,0.7961,0.5416,0.3672,0.2391,0.2225,0.095,0.0983,0.0937,0.0921,0.094,0.1006,0.0923,0.094,0.0916,0.0941,0.1003,0.0959,0.0983,
150413s,0.0953,0.0961,0.0944,0.096,0.0965,0.0924,0.0917,0.099,0.0947,0.0943,0.0927,0.0931,0.0959,0.3687,0.2732,0.2163,0.1858,0.1653,0.8283,0.5469,0.4144,0.2886,0.2618,0.0962,0.1515,0.3792,0.2664,0.2128,0.1856,0.168,0.8129,0.5666,0.3931,0.2837,0.244,0.0928,0.1046,0.3971,0.285,0.2302,0.1947,0.1695,0.8219,0.572,0.4049,0.2717,0.2366,0.093,0.1323,0.3879,0.2669,0.2087,0.1544,0.1501,0.8069,0.5373,0.3337,0.2165,0.199,0.092,0.0952,0.3694,0.2775,0.2066,0.1632,0.1511,0.7914,0.5194,0.3428,0.2257,0.2035,0.0949,0.1149,0.3699,0.2689,0.2174,0.1632,0.1396,0.7956,0.5401,0.3673,0.2391,0.2258,0.0949,0.0994,0.0953,0.0937,0.0949,0.1014,0.0925,0.0945,0.0918,0.0938,0.1004,0.0959,0.0981,
150675s,0.0953,0.096,0.0943,0.0959,0.0967,0.0924,0.0916,0.0987,0.0947,0.0941,0.0927,0.0931,0.0966,0.3685,0.2716,0.2165,0.1855,0.166,0.828,0.5455,0.412,0.2875,0.2603,0.0959,0.1444,0.3792,0.2701,0.2048,0.1854,0.1673,0.8128,0.5676,0.3936,0.2837,0.2451,0.0927,0.1063,0.3971,0.2866,0.2294,0.1942,0.1698,0.8214,0.5709,0.4014,0.2688,0.2366,0.0932,0.1323,0.3879,0.2676,0.2079,0.1549,0.1513,0.8083,0.5393,0.3341,0.2177,0.199,0.0922,0.0954,0.369,0.2728,0.2109,0.1625,0.1532,0.7914,0.5164,0.3377,0.2254,0.202,0.0949,0.1199,0.3702,0.2696,0.2146,0.1624,0.1403,0.7965,0.5426,0.3684,0.2377,0.2244,0.0948,0.0985,0.0942,0.0924,0.0941,0.1008,0.0921,0.0939,0.0916,0.094,0.1004,0.096,0.0981,
150938s,0.0955,0.0964,0.0946,0.0959,0.0967,0.0922,0.0918,0.099,0.0948,0.0943,0.0928,0.0932,0.0961,0.3691,0.2732,0.2178,0.1846,0.1659,0.8296,0.5474,0.415,0.2894,0.2602,0.0961,0.1367,0.3797,0.2652,0.2079,0.1855,0.1683,0.8126,0.5671,0.3933,0.2835,0.2438,0.0929,0.104,0.3973,0.2844,0.2329,0.1956,0.1688,0.8224,0.5721,0.4051,0.2709,0.2374,0.0929,0.143,0.3877,0.2688,0.1968,0.1545,0.1511,0.8077,0.5383,0.3337,0.2144,0.1987,0.092,0.0954,0.369,0.276,0.2098,0.1638,0.1514,0.7919,0.5201,0.3413,0.2269,0.2024,0.095,0.1211,0.3698,0.2697,0.2181,0.1636,0.1404,0.7963,0.5415,0.3681,0.24,0.2252,0.0949,0.0992,0.0942,0.0929,0.0943,0.101,0.0924,0.0944,0.0915,0.0939,0.1005,0.096,0.0982,
151200s,0.0954,0.0962,0.0944,0.0962,0.0967,0.0924,0.0917,0.0989,0.0948,0.0944,0.0928,0.0933,0.096,0.3688,0.2731,0.217,0.1844,0.1653,0.8291,0.5471,0.4137,0.2881,0.2594,0.096,0.1364,0.3795,0.2651,0.2096,0.1861,0.1682,0.8131,0.5668,0.3934,0.2835,0.244,0.0929,0.1039,0.3972,0.2835,0.2348,0.201,0.1741,0.8218,0.572,0.4055,0.2708,0.2387,0.0928,0.1368,0.3879,0.2674,0.2119,0.1543,0.1505,0.8091,0.539,0.3341,0.2147,0.1988,0.0921,0.095,0.3688,0.2743,0.2027,0.1632,0.1513,0.7923,0.5198,0.3418,0.2252,0.2041,0.0949,0.1147,0.3698,0.2674,0.2087,0.1613,0.1393,0.7971,0.5406,0.3681,0.2389,0.2263,0.0949,0.0993,0.0944,0.0924,0.094,0.1008,0.0922,0.0943,0.0915,0.094,0.1004,0.096,0.0984,
151462s,0.0953,0.0963,0.0947,0.0961,0.0966,0.0921,0.0917,0.0989,0.0948,0.0943,0.0928,0.0933,0.096,0.3688,0.273,0.2159,0.1831,0.1661,0.8351,0.5466,0.4141,0.2881,0.2585,0.0961,0.1393,0.3792,0.2665,0.2113,0.1853,0.1676,0.8132,0.5677,0.3933,0.2838,0.2441,0.0927,0.1045,0.3976,0.2849,0.2275,0.1957,0.1691,0.8212,0.5724,0.4049,0.2702,0.2375,0.0931,0.14,0.3878,0.2679,0.2079,0.1548,0.1517,0.8091,0.5387,0.3339,0.216,0.1991,0.0921,0.0952,0.3688,0.2739,0.2122,0.1631,0.1505,0.7931,0.5193,0.3426,0.2261,0.203,0.0947,0.1197,0.3702,0.2688,0.2163,0.1634,0.1401,0.797,0.5413,0.3678,0.2392,0.2257,0.0949,0.0981,0.0938,0.0921,0.0939,0.1008,0.0921,0.0943,0.0917,0.0939,0.1004,0.0959,0.0982,
151725s,0.0957,0.0961,0.0944,0.0958,0.0966,0.0922,0.0917,0.0988,0.0945,0.0941,0.0926,0.093,0.0958,0.3687,0.2728,0.2157,0.1868,0.1653,0.8306,0.547,0.418,0.2902,0.262,0.096,0.1369,0.379,0.2656,0.2069,0.1855,0.1689,0.8122,0.5676,0.3935,0.2832,0.2444,0.0928,0.1049,0.3973,0.2856,0.2291,0.1953,0.1692,0.822,0.5723,0.4057,0.2713,0.2379,0.0928,0.1364,0.3878,0.2666,0.201,0.1546,0.1514,0.8092,0.5379,0.3337,0.2157,0.1986,0.0919,0.0949,0.369,0.2764,0.2098,0.162,0.1501,0.7928,0.52,0.3434,0.2266,0.2034,0.0947,0.115,0.3696,0.2674,0.2221,0.1638,0.1401,0.798,0.5407,0.3684,0.2394,0.2265,0.0948,0.0986,0.0943,0.0927,0.0942,0.1008,0.0922,0.0943,0.0917,0.094,0.1004,0.096,0.098,
151988s,0.0954,0.0956,0.0939,0.0956,0.0963,0.092,0.0917,0.0986,0.0945,0.0942,0.0926,0.0933,0.0959,0.3688,0.2736,0.2169,0.1863,0.1662,0.8305,0.5475,0.4169,0.2897,0.2615,0.0961,0.1436,0.3791,0.2659,0.207,0.1846,0.1688,0.8142,0.5673,0.3938,0.2833,0.2444,0.093,0.1052,0.3977,0.2865,0.2235,0.193,0.1708,0.8217,0.5732,0.4049,0.2711,0.2352,0.0931,0.1313,0.3881,0.2661,0.1953,0.1544,0.1525,0.809,0.5393,0.3339,0.2154,0.1985,0.092,0.0953,0.3691,0.2779,0.2111,0.1634,0.1513,0.7936,0.5204,0.3432,0.2265,0.2028,0.0946,0.1155,0.3697,0.2694,0.2199,0.1641,0.1401,0.7972,0.542,0.3681,0.2392,0.2277,0.0949,0.0985,0.0938,0.0925,0.0939,0.1009,0.0921,0.0946,0.0919,0.0939,0.1004,0.096,0.0983,
152250s,0.0959,0.0961,0.0945,0.0961,0.0966,0.0924,0.0918,0.0988,0.0946,0.0945,0.0928,0.0932,0.0972,0.3686,0.2726,0.2167,0.1838,0.1664,0.8306,0.5469,0.4129,0.2878,0.2601,0.096,0.1394,0.3792,0.2685,0.2117,0.1855,0.1669,0.8135,0.5683,0.3934,0.2836,0.2441,0.0929,0.1047,0.3971,0.2858,0.2239,0.1911,0.169,0.8224,0.5721,0.4041,0.27,0.2354,0.093,0.1372,0.3881,0.2674,0.2048,0.1552,0.1509,0.8095,0.5393,0.3344,0.2166,0.1991,0.0921,0.0955,0.3685,0.2734,0.2094,0.1616,0.1508,0.7937,0.5212,0.342,0.2257,0.2053,0.0949,0.115,0.3699,0.2685,0.2157,0.1627,0.1403,0.7972,0.5417,0.3683,0.2382,0.2262,0.095,0.0991,0.0943,0.0925,0.0938,0.1007,0.0922,0.0943,0.0916,0.0939,0.1006,0.0959,0.0985,
152513s,0.0951,0.0963,0.0945,0.0962,0.0968,0.0926,0.0918,0.0989,0.0948,0.0943,0.0928,0.0934,0.0967,0.3693,0.2741,0.2157,0.1825,0.1677,0.8321,0.5479,0.4165,0.2901,0.2609,0.0962,0.1402,0.3794,0.2658,0.2097,0.1857,0.1705,0.8146,0.5678,0.3937,0.2837,0.245,0.0931,0.1054,0.397,0.2862,0.2262,0.1932,0.1702,0.8229,0.5733,0.4051,0.2707,0.2362,0.093,0.139,0.3881,0.2679,0.1978,0.1547,0.1517,0.8102,0.5397,0.3344,0.2154,0.1995,0.092,0.0958,0.369,0.2752,0.2101,0.1637,0.1518,0.7943,0.5209,0.3404,0.2262,0.2041,0.0949,0.1178,0.3702,0.269,0.2183,0.1633,0.1403,0.798,0.5424,0.3685,0.2395,0.2273,0.095,0.0988,0.0943,0.0924,0.0942,0.1006,0.0923,0.0944,0.0918,0.094,0.1002,0.0959,0.0982,
152775s,0.0957,0.0959,0.0945,0.096,0.0968,0.0924,0.0917,0.0988,0.0946,0.0945,0.0927,0.0932,0.0966,0.3686,0.2731,0.2206,0.1849,0.1665,0.8322,0.548,0.4175,0.2906,0.261,0.0961,0.1343,0.3792,0.2666,0.2106,0.1855,0.1675,0.8153,0.5681,0.3939,0.2839,0.2446,0.093,0.1049,0.3973,0.2856,0.2286,0.1936,0.1694,0.8235,0.5726,0.405,0.2713,0.236,0.093,0.1414,0.3883,0.2676,0.2018,0.1543,0.1504,0.8096,0.5396,0.3345,0.2161,0.199,0.0921,0.095,0.3695,0.2746,0.208,0.1629,0.1517,0.7953,0.5214,0.3434,0.2255,0.2056,0.095,0.117,0.3701,0.2681,0.2092,0.1613,0.1392,0.7976,0.5424,0.3687,0.2385,0.2282,0.0951,0.0978,0.095,0.093,0.0943,0.101,0.0922,0.0946,0.0917,0.0939,0.1007,0.096,0.0981,
153038s,0.0953,0.0962,0.0947,0.0962,0.0967,0.0922,0.0919,0.0988,0.0948,0.0944,0.0929,0.0932,0.0962,0.3689,0.2726,0.2189,0.1854,0.1657,0.832,0.5477,0.4156,0.2882,0.2615,0.0963,0.142,0.379,0.2672,0.2121,0.1851,0.167,0.8145,0.5692,0.3937,0.2838,0.2443,0.0931,0.1043,0.397,0.2836,0.2302,0.1944,0.1685,0.8231,0.5729,0.4069,0.2717,0.238,0.0932,0.1374,0.3881,0.2652,0.2096,0.1534,0.15,0.8098,0.5403,0.335,0.2179,0.1995,0.0922,0.0947,0.3684,0.2749,0.2066,0.162,0.1508,0.7944,0.521,0.3437,0.2259,0.205,0.0949,0.1183,0.3701,0.2682,0.2107,0.1621,0.1398,0.7988,0.543,0.3688,0.2387,0.2279,0.095,0.0994,0.0943,0.0927,0.0942,0.1008,0.0923,0.0943,0.0916,0.0941,0.1004,0.0961,0.0981,
153300s,0.0952,0.0965,0.0947,0.0962,0.0968,0.0924,0.0918,0.0991,0.0949,0.0944,0.0927,0.0932,0.0966,0.3686,0.2728,0.2194,0.1877,0.1655,0.8315,0.5481,0.415,0.2886,0.2614,0.0959,0.1359,0.3793,0.2662,0.2119,0.1854,0.1676,0.8147,0.5693,0.3944,0.2839,0.2442,0.093,0.1052,0.3971,0.2857,0.226,0.1916,0.1688,0.8233,0.5728,0.4058,0.2706,0.2369,0.0931,0.1356,0.3879,0.2655,0.207,0.1535,0.1502,0.8103,0.5398,0.335,0.2184,0.2,0.0922,0.095,0.3684,0.2742,0.2095,0.1625,0.1514,0.7953,0.5212,0.3416,0.2261,0.2051,0.0948,0.117,0.3699,0.2677,0.2093,0.1618,0.1399,0.7979,0.5437,0.3689,0.2383,0.229,0.095,0.0993,0.0942,0.0922,0.0938,0.1008,0.0921,0.0943,0.0915,0.0939,0.1003,0.0959,0.0979,
153563s,0.0953,0.0965,0.0946,0.096,0.0967,0.0924,0.092,0.0987,0.0945,0.0943,0.0927,0.0932,0.0959,0.3683,0.273,0.2168,0.1852,0.1661,0.8379,0.5486,0.4179,0.2912,0.2611,0.0961,0.1385,0.379,0.2654,0.2042,0.1843,0.1681,0.8151,0.5685,0.3947,0.2842,0.2442,0.0933,0.1051,0.3972,0.2844,0.2312,0.1955,0.1694,0.8234,0.5734,0.4075,0.2718,0.2382,0.0934,0.1358,0.3879,0.2659,0.2032,0.1541,0.1505,0.8105,0.5394,0.3348,0.2168,0.1999,0.092,0.0956,0.3691,0.2756,0.21,0.1641,0.152,0.7954,0.522,0.3437,0.2258,0.2048,0.0948,0.1218,0.3696,0.2683,0.2222,0.1657,0.1401,0.7978,0.5425,0.3691,0.2401,0.2279,0.095,0.0988,0.0947,0.0932,0.0943,0.1011,0.0923,0.0943,0.0919,0.0941,0.1007,0.096,0.0983,
153825s,0.0954,0.0961,0.0946,0.0961,0.0967,0.0923,0.0918,0.099,0.0949,0.0944,0.0927,0.0931,0.0961,0.3684,0.2732,0.2198,0.1846,0.1665,0.8333,0.5489,0.4171,0.2909,0.2619,0.0961,0.1385,0.3791,0.2662,0.2042,0.1846,0.1683,0.8159,0.5687,0.395,0.2841,0.2446,0.093,0.1046,0.3972,0.2851,0.2289,0.1942,0.1693,0.8244,0.5736,0.4061,0.2713,0.2383,0.0931,0.132,0.3879,0.2656,0.2005,0.1547,0.1516,0.8106,0.5407,0.3352,0.2163,0.1997,0.0921,0.0949,0.3689,0.2739,0.2081,0.1635,0.1509,0.7964,0.5219,0.3442,0.2262,0.205,0.0949,0.1206,0.37,0.2686,0.215,0.163,0.1398,0.7988,0.5437,0.3697,0.2396,0.23,0.0949,0.0994,0.0942,0.0926,0.094,0.1009,0.0921,0.0943,0.0916,0.094,0.1005,0.0961,0.0981,
154088s,0.0963,0.0957,0.0944,0.0961,0.0966,0.0922,0.0918,0.0988,0.0948,0.0945,0.0928,0.0932,0.0964,0.3683,0.2726,0.2204,0.1867,0.1652,0.8333,0.5498,0.4169,0.2903,0.2614,0.0959,0.1362,0.3788,0.2659,0.2083,0.1851,0.1678,0.8153,0.5698,0.3949,0.2844,0.2443,0.0929,0.1052,0.3975,0.2869,0.2264,0.1931,0.1699,0.8241,0.574,0.405,0.2703,0.2356,0.0931,0.1363,0.3883,0.2666,0.2013,0.1552,0.1508,0.8106,0.5407,0.335,0.2174,0.2005,0.0922,0.095,0.3689,0.2739,0.2033,0.1639,0.1529,0.7965,0.5223,0.3436,0.2261,0.2067,0.0947,0.116,0.3703,0.2688,0.2177,0.1636,0.1394,0.7987,0.5431,0.3692,0.2397,0.2295,0.095,0.099,0.0948,0.0935,0.0941,0.1009,0.0925,0.0944,0.0916,0.094,0.1002,0.096,0.0981,
154350s,0.0951,0.0966,0.0949,0.0964,0.097,0.0924,0.092,0.0992,0.095,0.0945,0.0929,0.0934,0.0968,0.3684,0.2718,0.2151,0.1854,0.1656,0.8337,0.5487,0.4162,0.2891,0.2634,0.0962,0.1385,0.3794,0.2692,0.2101,0.1861,0.1677,0.8164,0.5697,0.3951,0.2845,0.2459,0.093,0.1053,0.397,0.2861,0.2249,0.1903,0.1695,0.8241,0.5723,0.4026,0.2694,0.2368,0.093,0.1336,0.3888,0.2682,0.2074,0.1555,0.1509,0.8136,0.542,0.3365,0.2194,0.2019,0.0922,0.0949,0.369,0.274,0.2089,0.1634,0.1525,0.7951,0.5222,0.3418,0.2288,0.2062,0.0952,0.1226,0.3701,0.2707,0.2175,0.162,0.1409,0.7998,0.5447,0.3702,0.2407,0.228,0.095,0.0997,0.0942,0.0926,0.0944,0.1008,0.0922,0.0942,0.0917,0.0941,0.1006,0.096,0.0984,
154613s,0.0955,0.0959,0.0945,0.096,0.0967,0.0923,0.0917,0.0987,0.0948,0.0944,0.0927,0.0933,0.096,0.3681,0.2722,0.2167,0.1824,0.1657,0.8382,0.5492,0.419,0.2916,0.2618,0.096,0.138,0.3785,0.2662,0.2039,0.1848,0.1687,0.8165,0.5692,0.3955,0.2841,0.2445,0.093,0.1051,0.3973,0.2861,0.2278,0.197,0.1692,0.8251,0.5732,0.4081,0.271,0.2383,0.093,0.1401,0.3882,0.2673,0.2046,0.1543,0.1501,0.8123,0.5417,0.3362,0.2193,0.2008,0.0921,0.0951,0.3691,0.2775,0.2074,0.1644,0.1524,0.7957,0.5233,0.3442,0.2257,0.2061,0.0949,0.1187,0.3698,0.2676,0.2134,0.1625,0.1393,0.799,0.5439,0.3694,0.239,0.2302,0.0949,0.0986,0.0942,0.0927,0.0945,0.1008,0.0923,0.0943,0.0917,0.094,0.1007,0.0958,0.0982,
154875s,0.0952,0.0961,0.0946,0.0962,0.0969,0.0924,0.0919,0.099,0.0948,0.0944,0.0928,0.0932,0.0961,0.3679,0.272,0.221,0.1882,0.1652,0.8337,0.5493,0.4167,0.2898,0.2631,0.0964,0.1406,0.3791,0.2665,0.2134,0.1857,0.1674,0.8163,0.5689,0.3953,0.2844,0.2458,0.0929,0.1043,0.3975,0.2847,0.227,0.1918,0.1691,0.8248,0.5748,0.4063,0.2713,0.2375,0.093,0.1404,0.3883,0.267,0.2057,0.1538,0.1497,0.8131,0.5413,0.3363,0.2197,0.2017,0.0922,0.0946,0.3687,0.2736,0.207,0.1628,0.1515,0.7966,0.5226,0.3428,0.2265,0.206,0.0947,0.1203,0.3698,0.2676,0.2128,0.1626,0.1398,0.8007,0.5447,0.3701,0.2396,0.23,0.095,0.0994,0.0943,0.0925,0.0941,0.1006,0.0922,0.0944,0.0919,0.0941,0.1007,0.096,0.0982,
155138s,0.0953,0.0961,0.0945,0.0961,0.0965,0.0922,0.0918,0.0989,0.0948,0.0943,0.0929,0.0932,0.0965,0.3678,0.2721,0.2176,0.1847,0.1654,0.8374,0.5492,0.4156,0.2894,0.2605,0.0959,0.1363,0.3779,0.2671,0.2139,0.1861,0.1676,0.8166,0.5697,0.3949,0.2845,0.2452,0.0929,0.1049,0.3973,0.2857,0.2267,0.1911,0.1692,0.8247,0.5741,0.406,0.2699,0.2378,0.093,0.1335,0.3878,0.268,0.2019,0.1547,0.1506,0.8129,0.5414,0.3357,0.2171,0.2007,0.0921,0.0942,0.3688,0.2735,0.2069,0.1626,0.1518,0.7963,0.5225,0.3421,0.2262,0.2066,0.0947,0.1136,0.369,0.2682,0.2131,0.1633,0.1397,0.7999,0.5453,0.37,0.2402,0.2297,0.0949,0.0988,0.0943,0.0924,0.094,0.1005,0.0922,0.0943,0.0915,0.0938,0.1005,0.0959,0.0981,
155400s,0.0949,0.0961,0.0947,0.0962,0.0968,0.0925,0.0921,0.0991,0.0948,0.0944,0.0929,0.0933,0.0962,0.3683,0.2718,0.2175,0.184,0.1668,0.8375,0.5493,0.4162,0.2898,0.2613,0.0959,0.1334,0.3788,0.2681,0.205,0.1865,0.1688,0.8174,0.5695,0.3955,0.2851,0.246,0.093,0.105,0.3969,0.2862,0.226,0.1903,0.17,0.8256,0.5744,0.4057,0.2701,0.2364,0.093,0.1337,0.3882,0.2681,0.2015,0.1563,0.1515,0.8135,0.5419,0.3363,0.2183,0.2008,0.0921,0.0951,0.3687,0.2728,0.21,0.1629,0.1517,0.7975,0.5227,0.344,0.2273,0.2073,0.0948,0.1204,0.3692,0.2687,0.2198,0.1626,0.1399,0.8014,0.5459,0.3712,0.241,0.23,0.0951,0.0983,0.0935,0.0921,0.0936,0.1006,0.092,0.0942,0.0916,0.0939,0.1004,0.0959,0.098,
155663s,0.0959,0.0959,0.0946,0.0959,0.0966,0.0922,0.0918,0.0987,0.0947,0.0944,0.0927,0.0932,0.096,0.3682,0.2718,0.2175,0.1857,0.1644,0.8347,0.5501,0.4168,0.2899,0.2632,0.0962,0.1363,0.3783,0.2651,0.2085,0.1861,0.1691,0.817,0.57,0.3951,0.2845,0.2456,0.0929,0.1048,0.3964,0.2845,0.2283,0.1936,0.1696,0.8257,0.575,0.4072,0.2717,0.2381,0.093,0.1349,0.3884,0.2688,0.1982,0.1552,0.1516,0.8132,0.5413,0.3355,0.2169,0.2009,0.0921,0.0946,0.3688,0.273,0.2073,0.1637,0.1523,0.7983,0.5231,0.3444,0.2261,0.2073,0.0947,0.1198,0.3692,0.2682,0.2161,0.164,0.1401,0.8,0.5434,0.3703,0.2396,0.2303,0.095,0.1002,0.0952,0.0931,0.0943,0.101,0.0923,0.0945,0.0917,0.094,0.1004,0.0959,0.0981,
155925s,0.0949,0.0959,0.0945,0.0962,0.0972,0.0924,0.0919,0.0991,0.0947,0.0943,0.0927,0.0932,0.0958,0.3682,0.2723,0.2191,0.1836,0.1661,0.8386,0.5508,0.4176,0.2905,0.2615,0.096,0.1383,0.3787,0.2664,0.2133,0.1863,0.1676,0.8169,0.5703,0.3957,0.2844,0.2456,0.0927,0.1046,0.3972,0.2863,0.2254,0.1916,0.1701,0.8261,0.5751,0.4055,0.2711,0.2376,0.0927,0.1338,0.3878,0.2681,0.2003,0.155,0.1511,0.8128,0.5425,0.3355,0.2168,0.2014,0.092,0.0947,0.3686,0.2739,0.2131,0.1638,0.1497,0.7983,0.5236,0.3443,0.227,0.2067,0.0948,0.1187,0.3688,0.2678,0.2214,0.1672,0.1396,0.8002,0.5447,0.3702,0.2398,0.2296,0.0949,0.0995,0.0944,0.0926,0.094,0.1007,0.0921,0.0943,0.0917,0.094,0.1006,0.096,0.0979,
156188s,0.0956,0.0957,0.0941,0.0956,0.0964,0.092,0.0918,0.0987,0.0946,0.0942,0.0926,0.0931,0.0963,0.3681,0.2723,0.216,0.1867,0.1659,0.8363,0.5505,0.4205,0.2931,0.2625,0.0961,0.1463,0.3784,0.265,0.2053,0.1852,0.1694,0.8179,0.5705,0.3956,0.2845,0.2454,0.0929,0.1047,0.3971,0.2849,0.2302,0.1956,0.1696,0.8255,0.5758,0.4078,0.2716,0.2379,0.0932,0.1344,0.3878,0.2664,0.2043,0.1546,0.1505,0.8134,0.5421,0.3359,0.2192,0.2012,0.092,0.0951,0.3687,0.274,0.2078,0.163,0.1513,0.7989,0.5235,0.3457,0.2263,0.2072,0.0946,0.1201,0.3696,0.2683,0.2211,0.1642,0.1402,0.8001,0.5449,0.3702,0.2395,0.2309,0.0949,0.0988,0.0937,0.0926,0.0941,0.1008,0.0922,0.0942,0.0917,0.0938,0.1005,0.0959,0.0983,
156450s,0.0958,0.0961,0.0943,0.0958,0.0966,0.0921,0.0917,0.0988,0.0948,0.0943,0.0927,0.093,0.0972,0.3677,0.2712,0.2134,0.1827,0.1675,0.8343,0.5489,0.4138,0.2893,0.2606,0.0959,0.1419,0.3785,0.2687,0.2082,0.1861,0.1677,0.8186,0.5708,0.3963,0.2849,0.2464,0.0928,0.1053,0.3965,0.2853,0.2282,0.1902,0.1701,0.826,0.5744,0.4047,0.2699,0.2372,0.0928,0.1381,0.388,0.2675,0.2077,0.1568,0.1508,0.8152,0.5424,0.3371,0.2209,0.2027,0.0922,0.0945,0.3681,0.2751,0.2081,0.1619,0.1518,0.7997,0.5226,0.3428,0.2297,0.2077,0.095,0.1182,0.3688,0.2694,0.2231,0.1635,0.1396,0.8013,0.5458,0.3712,0.2413,0.2302,0.095,0.0997,0.0946,0.0925,0.094,0.1005,0.0921,0.0941,0.0914,0.0938,0.1003,0.0959,0.0979,
156713s,0.0952,0.0962,0.0945,0.0963,0.0968,0.0924,0.092,0.0991,0.0947,0.0945,0.0928,0.0933,0.097,0.3677,0.2712,0.2213,0.1915,0.165,0.8399,0.5504,0.4173,0.2901,0.2647,0.0963,0.1376,0.378,0.2654,0.2047,0.185,0.1683,0.8173,0.5705,0.3955,0.2852,0.246,0.0933,0.1047,0.3972,0.2853,0.2273,0.1937,0.1694,0.826,0.5752,0.4086,0.272,0.2389,0.0932,0.1405,0.3883,0.2664,0.2069,0.1541,0.1511,0.8144,0.5415,0.3361,0.2189,0.2026,0.0921,0.0951,0.3685,0.2723,0.2102,0.1618,0.1508,0.7994,0.5238,0.3452,0.2274,0.2072,0.0949,0.1214,0.3689,0.2691,0.2186,0.1641,0.1394,0.8015,0.5441,0.3709,0.2403,0.231,0.095,0.0995,0.0945,0.0933,0.0949,0.1013,0.0923,0.0945,0.0918,0.0938,0.1005,0.096,0.0985,
156975s,0.0954,0.0966,0.0949,0.0964,0.0969,0.0925,0.092,0.0992,0.0949,0.0943,0.0927,0.0933,0.0972,0.3676,0.2717,0.2133,0.1817,0.1681,0.8398,0.5499,0.4157,0.29,0.2621,0.0961,0.1412,0.378,0.268,0.2086,0.186,0.1682,0.8185,0.5706,0.3961,0.2853,0.2464,0.0928,0.1049,0.3972,0.2842,0.2256,0.1953,0.1693,0.8257,0.5755,0.4076,0.2704,0.2395,0.093,0.1354,0.388,0.2663,0.1926,0.1545,0.1511,0.8141,0.5433,0.3361,0.2177,0.2021,0.0923,0.0951,0.3677,0.2715,0.2072,0.1619,0.1532,0.7995,0.5236,0.3433,0.2283,0.2089,0.0948,0.1226,0.3691,0.2682,0.2199,0.1652,0.1398,0.8015,0.5452,0.3718,0.2411,0.2304,0.095,0.0986,0.0945,0.0925,0.0939,0.1008,0.0925,0.0941,0.0914,0.094,0.1004,0.096,0.0982,
157238s,0.0951,0.0962,0.0947,0.0959,0.0966,0.0923,0.092,0.0988,0.0948,0.0943,0.0928,0.0932,0.096,0.3676,0.2713,0.2194,0.1863,0.1649,0.8394,0.5509,0.418,0.2912,0.2643,0.0961,0.1387,0.3778,0.2653,0.21,0.1858,0.1677,0.818,0.5711,0.3952,0.285,0.245,0.0929,0.1044,0.3975,0.2832,0.2304,0.1943,0.169,0.8278,0.5755,0.4081,0.2716,0.2399,0.0928,0.1394,0.3884,0.2655,0.2047,0.1536,0.1498,0.8137,0.5411,0.337,0.2213,0.2034,0.0921,0.0947,0.3682,0.2704,0.2107,0.1621,0.1511,0.7996,0.5231,0.3436,0.2299,0.2088,0.0947,0.1167,0.3689,0.2689,0.2198,0.1643,0.1408,0.8022,0.5459,0.3714,0.2408,0.2305,0.0952,0.0987,0.094,0.0919,0.094,0.1007,0.0921,0.0942,0.0915,0.0939,0.1006,0.0958,0.0985,
157500s,0.096,0.096,0.0946,0.096,0.0967,0.0921,0.0919,0.0988,0.0946,0.0943,0.0928,0.0931,0.0966,0.3681,0.2718,0.2163,0.1818,0.1669,0.8372,0.5501,0.4177,0.2898,0.2601,0.0961,0.1383,0.3784,0.269,0.2133,0.1851,0.1671,0.8184,0.5708,0.3954,0.285,0.2453,0.0927,0.1049,0.3972,0.2832,0.228,0.1936,0.1688,0.8289,0.5753,0.4096,0.2716,0.2404,0.0928,0.1337,0.3881,0.2663,0.196,0.1546,0.1512,0.814,0.5428,0.336,0.2177,0.203,0.092,0.0952,0.3678,0.2709,0.2062,0.1621,0.1512,0.8,0.5242,0.3447,0.2286,0.2084,0.0949,0.1187,0.369,0.2675,0.2102,0.1621,0.1392,0.8022,0.546,0.3713,0.2401,0.2329,0.0949,0.0984,0.094,0.0922,0.0937,0.1006,0.0921,0.0943,0.0915,0.0939,0.1005,0.0961,0.0979,
157763s,0.0954,0.0966,0.0946,0.0963,0.097,0.0925,0.092,0.0991,0.0949,0.0944,0.0928,0.0933,0.0965,0.3675,0.2713,0.2236,0.1929,0.1656,0.8393,0.5514,0.4199,0.2917,0.266,0.0963,0.1428,0.3783,0.2675,0.2141,0.1865,0.1678,0.8195,0.5716,0.3962,0.2852,0.246,0.093,0.1053,0.3973,0.2848,0.2275,0.1954,0.1695,0.8286,0.5755,0.4079,0.2717,0.2408,0.093,0.137,0.3882,0.2661,0.197,0.155,0.1508,0.815,0.5437,0.3374,0.22,0.2026,0.0923,0.0952,0.3685,0.2726,0.2096,0.163,0.1513,0.8002,0.5238,0.3432,0.2292,0.208,0.0948,0.1176,0.3682,0.2676,0.2132,0.1627,0.139,0.802,0.5473,0.3718,0.2404,0.2339,0.0951,0.0996,0.0947,0.0928,0.0941,0.1007,0.0924,0.0944,0.0917,0.094,0.1004,0.096,0.0981,
158025s,0.0959,0.096,0.0946,0.0959,0.0966,0.0924,0.0918,0.0987,0.0949,0.0943,0.0927,0.0932,0.0962,0.3675,0.2719,0.221,0.188,0.1664,0.8386,0.551,0.4204,0.292,0.2648,0.0963,0.1461,0.3784,0.2649,0.2077,0.1869,0.1691,0.8196,0.571,0.396,0.2847,0.2455,0.0929,0.104,0.3974,0.2824,0.2365,0.1976,0.1699,0.8282,0.5759,0.4099,0.2726,0.2414,0.0931,0.1398,0.3881,0.266,0.2038,0.1542,0.1514,0.8149,0.5427,0.3363,0.2176,0.2021,0.0922,0.0947,0.3681,0.2716,0.2058,0.1633,0.1518,0.8007,0.5244,0.346,0.2263,0.2094,0.0948,0.1196,0.3688,0.2675,0.2215,0.1633,0.1387,0.8021,0.5462,0.3714,0.241,0.2345,0.095,0.0996,0.0947,0.0931,0.0944,0.1011,0.0922,0.0944,0.0919,0.0941,0.1006,0.0962,0.0983,
158288s,0.0952,0.0962,0.0945,0.096,0.0969,0.0924,0.0919,0.0988,0.0947,0.0942,0.0926,0.093,0.0958,0.3673,0.2716,0.2203,0.1869,0.1669,0.8402,0.5513,0.4209,0.2925,0.265,0.0961,0.1394,0.378,0.2653,0.205,0.1856,0.1683,0.8184,0.5715,0.3958,0.285,0.2455,0.0926,0.105,0.3976,0.2852,0.2291,0.1949,0.1694,0.8282,0.5763,0.4103,0.2721,0.2396,0.0929,0.1377,0.388,0.2675,0.1979,0.1541,0.1509,0.8143,0.5426,0.3372,0.2183,0.2023,0.092,0.0948,0.3687,0.274,0.2086,0.1638,0.1508,0.8004,0.5238,0.3447,0.2279,0.209,0.0948,0.1191,0.3681,0.267,0.2178,0.1637,0.1392,0.8018,0.546,0.3715,0.2409,0.2343,0.0948,0.0986,0.094,0.0927,0.094,0.1008,0.0919,0.0944,0.0918,0.0939,0.1005,0.096,0.0985,
158550s,0.0956,0.0962,0.0946,0.0962,0.0966,0.0921,0.0918,0.0989,0.0947,0.0944,0.0928,0.0933,0.0967,0.3684,0.2715,0.2127,0.1805,0.1661,0.8405,0.5518,0.4181,0.2907,0.2627,0.0961,0.1351,0.3782,0.2696,0.2083,0.1857,0.1681,0.8198,0.5729,0.397,0.2862,0.2474,0.093,0.1055,0.3972,0.2844,0.2278,0.191,0.1694,0.828,0.5764,0.4078,0.2703,0.2384,0.0932,0.1412,0.3885,0.2676,0.2163,0.1557,0.151,0.8151,0.5447,0.3371,0.2209,0.2034,0.0922,0.0947,0.3684,0.2702,0.2062,0.1621,0.1511,0.8006,0.5247,0.3436,0.2291,0.21,0.0951,0.1216,0.3693,0.2694,0.216,0.1625,0.1392,0.8026,0.5471,0.3722,0.2419,0.234,0.0949,0.0986,0.0945,0.0925,0.0942,0.1009,0.0924,0.0947,0.0919,0.0941,0.1006,0.096,0.0983,
158813s,0.0953,0.0964,0.0945,0.0962,0.097,0.0925,0.0919,0.099,0.0947,0.0944,0.0928,0.0931,0.0966,0.3675,0.2708,0.2125,0.1834,0.1676,0.8387,0.55,0.416,0.2903,0.2621,0.0963,0.1321,0.3784,0.2692,0.2065,0.1854,0.1672,0.8206,0.5729,0.3975,0.2855,0.2473,0.0931,0.1046,0.3972,0.2832,0.2248,0.1909,0.1703,0.8281,0.5747,0.4048,0.2699,0.2383,0.0931,0.1324,0.3886,0.2696,0.1947,0.1562,0.1512,0.8161,0.5443,0.3367,0.2201,0.2033,0.0922,0.0948,0.3682,0.2703,0.2079,0.1617,0.1519,0.8007,0.5243,0.3447,0.2304,0.2106,0.0948,0.1192,0.3688,0.2706,0.217,0.1621,0.1391,0.8036,0.5479,0.3723,0.2414,0.2341,0.0953,0.0995,0.0944,0.093,0.0942,0.1008,0.0923,0.0944,0.0917,0.094,0.1005,0.0961,0.0983,
159075s,0.0958,0.0956,0.0942,0.0956,0.0963,0.092,0.0917,0.0986,0.0947,0.0943,0.0925,0.093,0.0966,0.3677,0.2709,0.2184,0.1835,0.166,0.8377,0.5506,0.4194,0.2909,0.2634,0.0959,0.1443,0.378,0.2673,0.2141,0.1867,0.1671,0.8188,0.5717,0.3959,0.285,0.2465,0.093,0.1051,0.397,0.283,0.2268,0.1983,0.1708,0.8281,0.5761,0.4093,0.2717,0.2411,0.0928,0.1409,0.3884,0.2662,0.2007,0.155,0.1511,0.8159,0.5443,0.3371,0.2213,0.2029,0.092,0.0951,0.3678,0.2705,0.2075,0.1617,0.1505,0.8002,0.5249,0.3443,0.2286,0.2099,0.0946,0.1154,0.3681,0.2684,0.2169,0.1628,0.1399,0.8035,0.5468,0.3716,0.2418,0.234,0.0946,0.0992,0.0947,0.0926,0.094,0.1008,0.0922,0.0943,0.0916,0.0936,0.1005,0.096,0.0979,
159338s,0.0953,0.0959,0.0944,0.096,0.0967,0.0924,0.0918,0.0989,0.0947,0.0943,0.0928,0.0933,0.0962,0.3675,0.2712,0.2168,0.1818,0.1669,0.8464,0.5515,0.4189,0.2915,0.2614,0.0959,0.1424,0.3781,0.2681,0.2133,0.1865,0.1667,0.8203,0.5721,0.3971,0.2849,0.2474,0.093,0.1047,0.3974,0.284,0.2242,0.1922,0.1691,0.8286,0.5763,0.408,0.2708,0.2382,0.093,0.1368,0.3883,0.2642,0.1963,0.1537,0.1505,0.8161,0.544,0.3374,0.2214,0.2037,0.0923,0.0947,0.3676,0.2707,0.2099,0.1616,0.1507,0.8008,0.5257,0.3462,0.2309,0.2109,0.095,0.1169,0.3686,0.268,0.2158,0.164,0.1391,0.8041,0.5479,0.3722,0.2423,0.2336,0.0949,0.0995,0.0945,0.0928,0.0939,0.1011,0.0923,0.0944,0.0917,0.094,0.1006,0.0962,0.0983,
159600s,0.0956,0.096,0.0945,0.0963,0.0967,0.0924,0.092,0.099,0.0948,0.0943,0.0927,0.0933,0.0964,0.3672,0.2702,0.2191,0.1867,0.1655,0.8411,0.552,0.4174,0.2904,0.2638,0.0964,0.1404,0.3778,0.2682,0.2073,0.1866,0.1682,0.8198,0.573,0.3974,0.286,0.2477,0.0932,0.1051,0.3971,0.2824,0.2265,0.1887,0.1696,0.829,0.5772,0.4071,0.2702,0.2385,0.0931,0.1344,0.3885,0.2653,0.2065,0.1556,0.1521,0.8164,0.5456,0.3378,0.221,0.2044,0.0922,0.0957,0.368,0.2711,0.2102,0.1624,0.1513,0.8011,0.5248,0.344,0.229,0.2103,0.0948,0.118,0.3685,0.2699,0.214,0.1633,0.1393,0.8049,0.5479,0.3727,0.2409,0.2342,0.095,0.0995,0.0943,0.0927,0.0939,0.1007,0.0923,0.0942,0.0914,0.094,0.1005,0.0962,0.0981,
159863s,0.0955,0.0962,0.0944,0.096,0.0966,0.0924,0.0919,0.0987,0.0946,0.0943,0.0928,0.0931,0.0962,0.3675,0.2711,0.219,0.1878,0.1659,0.8427,0.5523,0.4215,0.2936,0.2654,0.0961,0.1395,0.3774,0.2658,0.2083,0.185,0.1677,0.8193,0.5725,0.3966,0.2856,0.2469,0.0928,0.1041,0.397,0.2835,0.2294,0.1951,0.169,0.8294,0.5766,0.4102,0.2724,0.24,0.0929,0.1372,0.3882,0.2627,0.2012,0.1531,0.15,0.817,0.5449,0.3379,0.2211,0.2033,0.0921,0.0944,0.3674,0.2727,0.2072,0.1625,0.1508,0.8016,0.5265,0.3448,0.2294,0.2106,0.0947,0.117,0.368,0.2674,0.2133,0.1641,0.1384,0.8036,0.5479,0.3724,0.2411,0.2357,0.0949,0.098,0.0939,0.0921,0.0941,0.1007,0.0921,0.0941,0.0916,0.094,0.1004,0.0961,0.0984,
160125s,0.0954,0.0962,0.0945,0.096,0.0965,0.0923,0.0919,0.0989,0.0947,0.0944,0.0926,0.0932,0.0959,0.367,0.2716,0.2195,0.1847,0.1669,0.8385,0.5527,0.4206,0.2922,0.2659,0.0962,0.1395,0.3782,0.2647,0.2116,0.1854,0.1685,0.8214,0.572,0.3977,0.2853,0.247,0.0929,0.1046,0.3974,0.283,0.2278,0.1941,0.1689,0.8294,0.577,0.4103,0.2726,0.2404,0.0929,0.1347,0.3882,0.264,0.2034,0.1534,0.1505,0.8166,0.5454,0.3376,0.2221,0.2043,0.0921,0.095,0.368,0.2717,0.2085,0.1617,0.1497,0.8017,0.5269,0.3462,0.2288,0.2109,0.0948,0.1171,0.3683,0.2676,0.2146,0.1634,0.1388,0.8042,0.5478,0.3725,0.2414,0.2364,0.095,0.099,0.0943,0.0927,0.094,0.1009,0.0925,0.0942,0.0916,0.094,0.1006,0.0961,0.0983,
160388s,0.0956,0.0965,0.0946,0.0962,0.0966,0.0923,0.0919,0.0989,0.095,0.0944,0.0929,0.0933,0.0967,0.3673,0.2708,0.2155,0.1857,0.1665,0.8392,0.5525,0.4183,0.2914,0.2634,0.0961,0.1391,0.3781,0.2689,0.2131,0.1869,0.1721,0.8205,0.5733,0.3975,0.2856,0.2485,0.093,0.1048,0.3973,0.2834,0.2287,0.1937,0.1695,0.8316,0.5763,0.4074,0.2709,0.2401,0.093,0.1345,0.3886,0.2664,0.2092,0.1552,0.151,0.818,0.5458,0.3381,0.2201,0.2048,0.092,0.0948,0.3679,0.2691,0.2104,0.1617,0.1514,0.8021,0.5258,0.3449,0.2303,0.2112,0.0949,0.1192,0.3682,0.2677,0.2181,0.1622,0.1393,0.8056,0.5488,0.3721,0.2413,0.2351,0.0948,0.0996,0.0949,0.0928,0.094,0.1007,0.0922,0.0943,0.0917,0.0939,0.1003,0.0959,0.0981,
160650s,0.0954,0.0958,0.0944,0.0961,0.0965,0.0921,0.0917,0.0987,0.0946,0.0942,0.0927,0.0932,0.0964,0.367,0.271,0.2221,0.1888,0.1662,0.8398,0.5534,0.4192,0.292,0.2629,0.0959,0.1352,0.378,0.2673,0.2129,0.1864,0.1679,0.8204,0.5728,0.3974,0.2853,0.2478,0.093,0.1053,0.3975,0.2843,0.2258,0.1927,0.1702,0.8311,0.5778,0.4087,0.2712,0.2393,0.093,0.1325,0.3887,0.266,0.2015,0.154,0.151,0.8173,0.5452,0.3384,0.2219,0.2042,0.0921,0.0957,0.3682,0.2709,0.2143,0.1643,0.1497,0.8022,0.5266,0.3459,0.2316,0.2113,0.0949,0.117,0.3692,0.2689,0.2106,0.1617,0.1388,0.805,0.5479,0.3738,0.2402,0.2369,0.0947,0.0995,0.0948,0.0926,0.0942,0.101,0.0922,0.0944,0.0916,0.0941,0.1005,0.0961,0.0982,
160913s,0.0956,0.0961,0.0945,0.0961,0.0967,0.0927,0.092,0.099,0.0948,0.0944,0.0929,0.0931,0.0966,0.3671,0.271,0.221,0.1899,0.1656,0.8426,0.5531,0.4192,0.2916,0.2642,0.0961,0.1445,0.3781,0.2679,0.2128,0.1857,0.1668,0.8202,0.5734,0.3975,0.2864,0.2486,0.093,0.1042,0.3972,0.2829,0.2279,0.1961,0.1706,0.8309,0.5778,0.4081,0.2706,0.2416,0.0927,0.1376,0.3883,0.2668,0.1966,0.1541,0.15,0.818,0.5447,0.3385,0.2212,0.2045,0.0921,0.0946,0.3679,0.2713,0.2098,0.1611,0.1497,0.8017,0.5269,0.3446,0.2314,0.2116,0.095,0.116,0.3687,0.2675,0.215,0.1632,0.1392,0.8052,0.548,0.3734,0.2413,0.2358,0.0948,0.0993,0.0947,0.0928,0.0941,0.1007,0.0923,0.0943,0.0918,0.0939,0.1003,0.0959,0.098,
161175s,0.0954,0.0957,0.0941,0.0956,0.096,0.0922,0.0917,0.0988,0.0947,0.0943,0.0927,0.0931,0.096,0.3671,0.271,0.2184,0.1841,0.1657,0.8406,0.5536,0.4188,0.2911,0.2633,0.0961,0.1359,0.3781,0.2689,0.2096,0.1856,0.1674,0.8214,0.5726,0.3976,0.2857,0.246,0.0929,0.1051,0.3976,0.2839,0.2256,0.1914,0.1696,0.8311,0.5769,0.4083,0.2711,0.2397,0.0929,0.1325,0.3885,0.2666,0.1981,0.1548,0.1509,0.8178,0.5463,0.3381,0.2204,0.2046,0.0922,0.0946,0.368,0.2702,0.2062,0.1608,0.1502,0.8024,0.5271,0.3458,0.2289,0.2132,0.0947,0.1132,0.3685,0.2677,0.212,0.1629,0.1392,0.8055,0.5482,0.3739,0.2411,0.2363,0.0949,0.0993,0.0941,0.0924,0.0941,0.1005,0.092,0.094,0.0916,0.0938,0.1004,0.0958,0.0982,
161438s,0.0956,0.096,0.0943,0.0959,0.0966,0.092,0.0918,0.0987,0.0946,0.0943,0.0926,0.0931,0.0962,0.367,0.2706,0.2186,0.19,0.1651,0.8413,0.5538,0.4214,0.2921,0.263,0.0959,0.144,0.3782,0.2688,0.2144,0.1875,0.1717,0.8224,0.574,0.398,0.286,0.2494,0.0929,0.1054,0.3973,0.2836,0.2268,0.1906,0.1696,0.8314,0.5775,0.4089,0.2704,0.2392,0.0928,0.1378,0.3886,0.2676,0.2033,0.154,0.15,0.818,0.5462,0.3385,0.2204,0.2056,0.092,0.0951,0.3679,0.2693,0.211,0.1623,0.1518,0.8037,0.527,0.3461,0.229,0.2124,0.0949,0.1157,0.3683,0.2698,0.2139,0.1632,0.1392,0.8064,0.5491,0.3739,0.2415,0.2368,0.0949,0.0999,0.0947,0.0928,0.0941,0.1009,0.0924,0.0944,0.0916,0.0942,0.1005,0.0959,0.0984,
161700s,0.0951,0.0963,0.0945,0.0958,0.0966,0.0922,0.0918,0.0987,0.0947,0.0944,0.0927,0.0931,0.096,0.3664,0.271,0.2234,0.1924,0.1667,0.8413,0.5536,0.4211,0.2931,0.2662,0.0963,0.136,0.3773,0.2667,0.2109,0.1855,0.1684,0.8223,0.5737,0.3981,0.2863,0.2483,0.0931,0.1054,0.3975,0.2837,0.2287,0.1938,0.1694,0.8328,0.578,0.4114,0.2731,0.2421,0.0933,0.1375,0.3884,0.2678,0.1985,0.1546,0.1512,0.8194,0.5461,0.3391,0.2217,0.2048,0.0921,0.0949,0.368,0.2714,0.2083,0.1637,0.1512,0.8044,0.5272,0.3468,0.2311,0.2122,0.0948,0.123,0.3686,0.2671,0.2187,0.1647,0.1395,0.8063,0.549,0.3737,0.2418,0.2376,0.095,0.0983,0.0938,0.0923,0.0939,0.1011,0.0922,0.0946,0.092,0.0941,0.1007,0.0962,0.0982,
161963s,0.0959,0.096,0.0941,0.0957,0.0963,0.0922,0.0918,0.0988,0.0946,0.0943,0.0927,0.093,0.0965,0.3675,0.2711,0.2167,0.183,0.1669,0.8414,0.5536,0.4225,0.2929,0.2644,0.0961,0.1395,0.3772,0.267,0.2131,0.1851,0.1673,0.8221,0.5734,0.3982,0.2861,0.2487,0.0926,0.1057,0.3968,0.2839,0.2233,0.1918,0.1705,0.8316,0.5781,0.4101,0.272,0.2391,0.0931,0.1334,0.3884,0.2655,0.2029,0.1534,0.1499,0.8188,0.546,0.3389,0.2216,0.2051,0.092,0.0947,0.3675,0.2685,0.2046,0.162,0.1517,0.8042,0.5276,0.3472,0.2295,0.2134,0.0946,0.1203,0.3682,0.268,0.215,0.1625,0.1381,0.8053,0.5483,0.3741,0.241,0.2391,0.0947,0.0995,0.0948,0.0931,0.0944,0.1007,0.0922,0.0944,0.0917,0.0939,0.1007,0.096,0.0981,
162226s,0.0952,0.0959,0.0944,0.0958,0.0966,0.0924,0.0917,0.0988,0.0947,0.0944,0.0928,0.0932,0.0959,0.3671,0.2709,0.22,0.1873,0.166,0.8454,0.5537,0.4213,0.2925,0.264,0.0961,0.149,0.3778,0.2676,0.2134,0.1868,0.1678,0.8223,0.5741,0.3983,0.2859,0.2497,0.0926,0.1045,0.3973,0.2831,0.2235,0.192,0.17,0.8326,0.5781,0.411,0.272,0.2397,0.0929,0.1372,0.3883,0.2679,0.1969,0.1545,0.1503,0.8188,0.5463,0.3382,0.2205,0.2048,0.0921,0.0952,0.3674,0.2707,0.2107,0.1609,0.1495,0.8037,0.5283,0.3462,0.2319,0.213,0.0948,0.1175,0.3679,0.2679,0.2151,0.1631,0.139,0.8065,0.5495,0.3741,0.2408,0.2381,0.0947,0.0993,0.0945,0.0926,0.0939,0.1011,0.0922,0.0944,0.0917,0.0941,0.1006,0.096,0.0981,
162488s,0.0957,0.0963,0.0943,0.0959,0.0968,0.0924,0.0919,0.0991,0.0947,0.0945,0.093,0.0935,0.0967,0.3666,0.2703,0.2109,0.1809,0.1656,0.8409,0.5519,0.4177,0.2918,0.261,0.0958,0.1373,0.3781,0.2701,0.2117,0.1861,0.1712,0.8242,0.5743,0.3985,0.287,0.2504,0.0928,0.1053,0.3973,0.2824,0.2255,0.1893,0.17,0.8324,0.5756,0.4066,0.2701,0.238,0.0929,0.1291,0.3887,0.2682,0.194,0.1553,0.1512,0.82,0.5462,0.3394,0.2191,0.2059,0.0921,0.0944,0.3677,0.2691,0.2103,0.1612,0.1518,0.8045,0.5258,0.3452,0.2302,0.2131,0.0949,0.12,0.368,0.2699,0.2165,0.1614,0.1387,0.8066,0.55,0.3747,0.2418,0.2384,0.095,0.0989,0.0944,0.0925,0.0939,0.1007,0.0921,0.0944,0.0916,0.0941,0.1005,0.0959,0.0982,
162750s,0.0949,0.0961,0.0944,0.0959,0.0965,0.0923,0.0919,0.0988,0.0947,0.0943,0.0928,0.0932,0.0963,0.3671,0.2706,0.219,0.1908,0.1653,0.841,0.5548,0.4213,0.2928,0.2637,0.0962,0.1437,0.3775,0.2677,0.211,0.1874,0.1684,0.8238,0.5753,0.3977,0.2863,0.2489,0.0928,0.1045,0.3969,0.2817,0.2261,0.1978,0.1703,0.833,0.5785,0.4113,0.2729,0.2426,0.0931,0.1429,0.3882,0.2662,0.2039,0.1544,0.1499,0.8196,0.5467,0.339,0.2198,0.2057,0.0923,0.0939,0.3681,0.2696,0.2066,0.162,0.1501,0.8046,0.5274,0.3478,0.2328,0.2136,0.0948,0.1184,0.3684,0.2691,0.2111,0.1628,0.1387,0.8069,0.5505,0.3741,0.2416,0.2395,0.095,0.0992,0.0937,0.0926,0.0938,0.1006,0.092,0.0943,0.0917,0.0939,0.1004,0.0963,0.0982,
163013s,0.0961,0.0965,0.0947,0.096,0.0965,0.0923,0.0918,0.0988,0.0949,0.0945,0.0929,0.0933,0.0967,0.3669,0.2706,0.2186,0.1881,0.1668,0.8422,0.5548,0.4212,0.2922,0.2637,0.0964,0.1362,0.3778,0.2694,0.2143,0.187,0.1688,0.8231,0.5747,0.3984,0.2864,0.2502,0.093,0.1057,0.3971,0.2827,0.2304,0.1932,0.1696,0.8337,0.5792,0.4097,0.2716,0.2401,0.0931,0.1413,0.3888,0.2704,0.1995,0.1559,0.1515,0.8202,0.5468,0.3391,0.2192,0.2057,0.0921,0.094,0.3682,0.269,0.2001,0.1625,0.1514,0.8042,0.5288,0.3462,0.2299,0.2151,0.0947,0.1188,0.3681,0.2686,0.2138,0.1625,0.1388,0.8072,0.551,0.3744,0.2418,0.239,0.0949,0.0994,0.0945,0.0928,0.0943,0.1009,0.0923,0.0944,0.0916,0.0939,0.1004,0.0962,0.098,
163275s,0.0952,0.0961,0.0946,0.0959,0.0967,0.0922,0.0918,0.0988,0.0948,0.0943,0.0927,0.0931,0.0965,0.3667,0.2703,0.2178,0.1896,0.166,0.8436,0.5541,0.42,0.2924,0.2642,0.096,0.1492,0.3777,0.2671,0.2124,0.186,0.1676,0.8241,0.5754,0.3983,0.2866,0.2501,0.0928,0.1051,0.3968,0.2827,0.2265,0.1945,0.1705,0.8332,0.5781,0.4111,0.2718,0.2423,0.0931,0.1339,0.3885,0.2695,0.1993,0.1553,0.1508,0.8205,0.5473,0.3395,0.2195,0.2068,0.0922,0.0945,0.3677,0.2691,0.2068,0.1626,0.1523,0.8061,0.5283,0.3466,0.2294,0.2142,0.0949,0.1185,0.3685,0.2704,0.2124,0.1622,0.1381,0.8075,0.5508,0.3749,0.2414,0.2388,0.0948,0.0996,0.0945,0.0925,0.0942,0.1008,0.0921,0.0943,0.0913,0.0939,0.1004,0.096,0.0983,
163538s,0.0958,0.0961,0.0945,0.0959,0.0967,0.0924,0.0919,0.099,0.0948,0.0943,0.0928,0.0935,0.0971,0.367,0.2699,0.2171,0.1862,0.166,0.8422,0.5548,0.4204,0.2928,0.2631,0.0961,0.1418,0.378,0.2669,0.2047,0.186,0.1672,0.8246,0.5754,0.3995,0.2875,0.2507,0.0934,0.1059,0.3976,0.281,0.2269,0.1902,0.1703,0.8333,0.5783,0.4099,0.271,0.2409,0.093,0.1347,0.3896,0.2718,0.206,0.1559,0.151,0.8214,0.5485,0.3398,0.2221,0.207,0.0922,0.0956,0.3678,0.2722,0.2054,0.1643,0.1526,0.8049,0.5262,0.345,0.2294,0.2146,0.0948,0.1176,0.3684,0.2686,0.2109,0.1636,0.1402,0.8068,0.5521,0.3758,0.2423,0.2418,0.0949,0.0996,0.0945,0.0929,0.0941,0.1011,0.0921,0.0944,0.0916,0.0939,0.1006,0.096,0.0984,
163800s,0.0954,0.0957,0.0943,0.0956,0.0965,0.0921,0.0917,0.0988,0.0946,0.0944,0.0927,0.0932,0.0961,0.3667,0.2709,0.2196,0.1873,0.1661,0.8499,0.5555,0.4236,0.294,0.2638,0.0962,0.1425,0.3774,0.2668,0.2119,0.1863,0.1673,0.824,0.575,0.3987,0.2866,0.2497,0.0928,0.1047,0.3969,0.2825,0.2292,0.1939,0.1692,0.8339,0.5789,0.4121,0.2726,0.2425,0.0928,0.1388,0.389,0.2688,0.197,0.155,0.1508,0.8206,0.5477,0.3395,0.2198,0.206,0.092,0.095,0.3674,0.2694,0.2038,0.1626,0.1511,0.8061,0.5272,0.3467,0.2307,0.2146,0.0947,0.1182,0.368,0.2674,0.2134,0.1625,0.1381,0.8066,0.552,0.375,0.242,0.2404,0.0948,0.0985,0.094,0.0928,0.094,0.1008,0.0921,0.0944,0.0916,0.0941,0.1004,0.0961,0.0979,
164063s,0.0955,0.096,0.0945,0.0961,0.0963,0.0924,0.0918,0.0987,0.0946,0.0943,0.0928,0.0932,0.0965,0.3665,0.2701,0.2199,0.1874,0.1648,0.8469,0.5553,0.4225,0.2927,0.2635,0.0959,0.1356,0.3775,0.2673,0.2127,0.186,0.1678,0.8246,0.5749,0.3988,0.2865,0.2508,0.0924,0.1045,0.3975,0.282,0.2263,0.1965,0.1715,0.8338,0.5791,0.4108,0.2715,0.2421,0.0928,0.1392,0.3893,0.2684,0.1972,0.1543,0.1506,0.8202,0.5467,0.3394,0.2192,0.2069,0.0919,0.0947,0.3677,0.2692,0.2038,0.1622,0.1521,0.8052,0.5292,0.3459,0.231,0.2146,0.0947,0.1166,0.3679,0.2679,0.2125,0.1625,0.1385,0.807,0.5507,0.3752,0.2412,0.2405,0.095,0.0993,0.0949,0.0928,0.0945,0.1009,0.0923,0.0942,0.0915,0.094,0.1005,0.096,0.0981,
164325s,0.0947,0.0963,0.0949,0.0963,0.0968,0.0925,0.0919,0.0989,0.0949,0.0944,0.0928,0.0933,0.0962,0.3668,0.2702,0.2182,0.1843,0.1657,0.8437,0.5557,0.4222,0.2927,0.2597,0.0959,0.1388,0.3776,0.2668,0.207,0.1871,0.1687,0.8249,0.5753,0.3994,0.2868,0.2511,0.0927,0.105,0.3968,0.2814,0.2284,0.1895,0.1703,0.835,0.5792,0.4116,0.2726,0.2409,0.0931,0.1354,0.3895,0.2699,0.2147,0.1543,0.1499,0.8213,0.5481,0.3404,0.2207,0.2071,0.0922,0.0954,0.3674,0.2695,0.2101,0.1633,0.1533,0.8069,0.5284,0.3453,0.2315,0.2144,0.0947,0.1218,0.3681,0.2712,0.2202,0.1644,0.1394,0.8076,0.5512,0.3748,0.2421,0.2407,0.095,0.1,0.0947,0.0925,0.0941,0.1008,0.0922,0.0941,0.0916,0.0941,0.1006,0.0961,0.0983,
164588s,0.0954,0.0962,0.0946,0.0961,0.0967,0.0922,0.0918,0.0988,0.0947,0.0944,0.0927,0.0932,0.0971,0.3664,0.2699,0.2168,0.1854,0.1649,0.8457,0.5544,0.4189,0.292,0.2635,0.0964,0.1401,0.3775,0.2663,0.2098,0.1862,0.1695,0.8244,0.5767,0.4,0.2868,0.2508,0.0929,0.105,0.3972,0.281,0.2284,0.1919,0.1701,0.8349,0.5795,0.4137,0.2729,0.2419,0.0932,0.137,0.3894,0.2705,0.2088,0.155,0.1521,0.821,0.5484,0.3405,0.2212,0.2074,0.092,0.095,0.3678,0.2717,0.2089,0.1629,0.1527,0.8071,0.5281,0.3461,0.2306,0.215,0.0946,0.1202,0.3683,0.2712,0.2135,0.1626,0.1385,0.8077,0.552,0.3749,0.2427,0.2407,0.095,0.0994,0.0942,0.0925,0.094,0.1006,0.0922,0.0943,0.0915,0.094,0.1007,0.0963,0.0979,
164850s,0.0955,0.096,0.0944,0.0959,0.0965,0.0922,0.0917,0.0988,0.0946,0.0943,0.0926,0.0932,0.0963,0.3665,0.27,0.2158,0.1846,0.1659,0.846,0.5544,0.4202,0.2923,0.2632,0.096,0.1385,0.3772,0.2663,0.2134,0.1857,0.1682,0.8246,0.5756,0.3995,0.2867,0.251,0.0929,0.1043,0.3969,0.2814,0.2261,0.1918,0.169,0.8343,0.5793,0.4119,0.2721,0.2417,0.0929,0.1349,0.3891,0.2675,0.2105,0.154,0.1499,0.8214,0.5474,0.3404,0.221,0.2072,0.0921,0.0941,0.3673,0.2688,0.208,0.1617,0.1518,0.807,0.5292,0.347,0.2304,0.2157,0.0948,0.1151,0.3679,0.2682,0.2145,0.1618,0.1385,0.8079,0.5523,0.3752,0.242,0.241,0.0948,0.0989,0.094,0.0923,0.0937,0.1006,0.0921,0.094,0.0914,0.0938,0.1005,0.0959,0.098,
165113s,0.0955,0.0962,0.0945,0.0962,0.0966,0.0922,0.0918,0.0989,0.0947,0.0944,0.0927,0.0932,0.097,0.3666,0.27,0.2156,0.1852,0.1658,0.847,0.5565,0.4214,0.2928,0.2624,0.0959,0.1365,0.3777,0.2684,0.209,0.1857,0.1677,0.8261,0.5766,0.3991,0.2874,0.2505,0.0931,0.1051,0.3971,0.2816,0.2277,0.1916,0.1697,0.8349,0.5791,0.4099,0.2719,0.2409,0.0931,0.1361,0.3895,0.2699,0.1973,0.1557,0.1514,0.8227,0.5495,0.3404,0.2194,0.2075,0.0922,0.0945,0.3677,0.269,0.2074,0.1622,0.1518,0.8074,0.5293,0.3472,0.2303,0.2163,0.0949,0.1212,0.3681,0.2695,0.219,0.1694,0.1388,0.808,0.5529,0.3759,0.2426,0.2417,0.0952,0.0994,0.0944,0.0924,0.0939,0.1009,0.0923,0.0946,0.0915,0.0938,0.1007,0.096,0.0981,
165375s,0.0951,0.0961,0.0945,0.0961,0.0965,0.0922,0.0917,0.0989,0.0946,0.0942,0.0927,0.0932,0.0968,0.3666,0.2701,0.215,0.1889,0.1652,0.8448,0.5564,0.4221,0.2934,0.2632,0.096,0.1362,0.3778,0.2676,0.2126,0.1868,0.1719,0.8254,0.5769,0.3999,0.287,0.251,0.0926,0.1048,0.3973,0.281,0.2274,0.194,0.1701,0.8355,0.5793,0.4094,0.2714,0.2417,0.0928,0.1379,0.3893,0.2692,0.2043,0.1558,0.1502,0.8223,0.5484,0.3405,0.2253,0.2071,0.0922,0.0954,0.3674,0.2705,0.2091,0.1625,0.1522,0.8061,0.5289,0.3452,0.2305,0.2149,0.0948,0.1212,0.368,0.2677,0.2139,0.1617,0.1387,0.8082,0.5532,0.3765,0.2434,0.243,0.095,0.0971,0.0931,0.0916,0.0937,0.1005,0.0919,0.0941,0.0917,0.0939,0.1003,0.0958,0.0977,
165638s,0.0956,0.0967,0.0948,0.0961,0.0968,0.0924,0.0919,0.0991,0.0948,0.0944,0.0928,0.0932,0.0966,0.3664,0.2704,0.2214,0.1897,0.1675,0.852,0.5567,0.4226,0.2935,0.2637,0.0962,0.1408,0.3771,0.2677,0.2131,0.1851,0.1681,0.826,0.5764,0.3999,0.2871,0.2511,0.093,0.1045,0.3977,0.2816,0.2269,0.197,0.1715,0.8352,0.5807,0.4113,0.2731,0.2441,0.0929,0.1419,0.39,0.269,0.2037,0.154,0.1504,0.8224,0.5487,0.3403,0.2188,0.2077,0.0922,0.095,0.3678,0.2706,0.2043,0.1631,0.1521,0.8073,0.5305,0.3483,0.2311,0.217,0.0949,0.1187,0.3676,0.2659,0.2194,0.1689,0.1391,0.8081,0.5524,0.3762,0.2429,0.2434,0.0948,0.0992,0.0941,0.0928,0.0942,0.1007,0.0923,0.0944,0.0919,0.094,0.1008,0.0962,0.0983,
165900s,0.0952,0.0963,0.0945,0.0962,0.0968,0.0925,0.0918,0.0988,0.0947,0.0944,0.0927,0.0931,0.0963,0.3664,0.2702,0.22,0.1894,0.164,0.8505,0.5572,0.4225,0.2934,0.2631,0.0962,0.1381,0.3773,0.2671,0.2133,0.1857,0.1679,0.8268,0.578,0.3998,0.2874,0.2516,0.0929,0.1054,0.3976,0.2824,0.2274,0.1927,0.1695,0.8365,0.5802,0.4124,0.2722,0.2422,0.0933,0.1377,0.3896,0.2695,0.1995,0.1538,0.1499,0.8227,0.5483,0.3404,0.219,0.2074,0.0923,0.0949,0.3678,0.2699,0.2121,0.163,0.1511,0.8076,0.5292,0.3472,0.2311,0.2161,0.0948,0.1173,0.3677,0.2685,0.2184,0.1625,0.1373,0.8097,0.5524,0.3762,0.2428,0.2426,0.0951,0.0997,0.095,0.0931,0.0942,0.101,0.0922,0.0944,0.0917,0.0941,0.1007,0.0962,0.0982,
166163s,0.0954,0.0964,0.0944,0.0962,0.0967,0.0923,0.0919,0.0987,0.0947,0.0944,0.0928,0.0932,0.0964,0.3663,0.2698,0.2191,0.1871,0.1655,0.8484,0.5578,0.4223,0.2934,0.2641,0.0961,0.1418,0.377,0.267,0.213,0.1853,0.1671,0.8269,0.5769,0.3999,0.287,0.2514,0.0928,0.106,0.3975,0.2814,0.2298,0.1924,0.1693,0.8365,0.5804,0.4115,0.2718,0.241,0.0933,0.1338,0.3896,0.2688,0.1977,0.155,0.1507,0.8229,0.5488,0.3401,0.2195,0.2075,0.0922,0.0948,0.3675,0.2688,0.2095,0.1609,0.1507,0.8067,0.5299,0.347,0.2314,0.2166,0.0947,0.1189,0.3678,0.2692,0.2141,0.1623,0.1372,0.8099,0.5524,0.3762,0.2417,0.2426,0.0949,0.0999,0.0948,0.0928,0.0942,0.101,0.0923,0.0942,0.0915,0.094,0.1005,0.096,0.098,
166425s,0.0953,0.0963,0.0947,0.0963,0.0968,0.0923,0.0918,0.0989,0.0948,0.0943,0.0927,0.0933,0.0966,0.3657,0.2701,0.2105,0.1807,0.1654,0.8489,0.5558,0.4209,0.2931,0.2609,0.096,0.1408,0.3772,0.2655,0.208,0.1861,0.17,0.8276,0.5786,0.4009,0.288,0.2524,0.0929,0.1058,0.3978,0.2802,0.2321,0.1984,0.1729,0.8366,0.5793,0.4087,0.2708,0.2409,0.0933,0.1392,0.39,0.2693,0.2106,0.1551,0.1503,0.8235,0.5494,0.3405,0.2229,0.2089,0.0922,0.0947,0.367,0.2678,0.2104,0.1615,0.1508,0.8076,0.5286,0.3468,0.232,0.2162,0.0946,0.1158,0.3674,0.269,0.2184,0.1618,0.1371,0.8099,0.5535,0.3766,0.2422,0.2435,0.0949,0.0989,0.0941,0.0924,0.094,0.1006,0.0922,0.0942,0.0915,0.0939,0.1006,0.0959,0.0982,
166688s,0.0961,0.0958,0.0945,0.0959,0.0965,0.0924,0.0918,0.0988,0.0947,0.0943,0.0927,0.0931,0.0963,0.3662,0.2706,0.2199,0.1842,0.1675,0.8512,0.5576,0.4228,0.2933,0.2631,0.0961,0.1466,0.3772,0.267,0.2124,0.1867,0.1679,0.8267,0.577,0.4006,0.2869,0.2512,0.0928,0.1056,0.398,0.2805,0.23,0.2004,0.175,0.837,0.5811,0.4138,0.2737,0.2435,0.0929,0.1366,0.3898,0.2678,0.2038,0.1539,0.1507,0.8228,0.5489,0.3408,0.2211,0.208,0.092,0.0947,0.3676,0.2691,0.2072,0.1616,0.1519,0.807,0.5324,0.3486,0.2318,0.2172,0.0948,0.1214,0.3675,0.2684,0.2151,0.1631,0.1374,0.8095,0.5528,0.3765,0.2423,0.2438,0.0949,0.0994,0.0952,0.093,0.0944,0.101,0.0922,0.0944,0.0917,0.0941,0.1006,0.0961,0.0979,
166950s,0.0953,0.0959,0.0945,0.0959,0.0965,0.0922,0.0918,0.0988,0.0947,0.0944,0.0928,0.0932,0.0964,0.3661,0.2693,0.2171,0.1856,0.1636,0.848,0.5574,0.4236,0.294,0.2615,0.0958,0.1488,0.3777,0.2662,0.2136,0.1889,0.1756,0.8272,0.5779,0.4004,0.2872,0.2516,0.0927,0.1051,0.3979,0.2811,0.2303,0.1931,0.1703,0.8365,0.5805,0.4122,0.2723,0.2424,0.0929,0.1355,0.3904,0.2688,0.1928,0.1549,0.1518,0.8235,0.5489,0.3403,0.2196,0.2084,0.0922,0.0949,0.3675,0.269,0.2115,0.1615,0.1506,0.8073,0.5302,0.3486,0.2332,0.2172,0.0947,0.1175,0.3678,0.2677,0.2119,0.162,0.1361,0.811,0.5533,0.3767,0.2423,0.2438,0.095,0.1,0.095,0.0928,0.0942,0.101,0.0924,0.0944,0.0917,0.0939,0.1006,0.0961,0.0982,
167213s,0.096,0.0965,0.0949,0.0964,0.0967,0.0921,0.0919,0.099,0.0948,0.0944,0.093,0.0932,0.0968,0.3665,0.2697,0.2169,0.1871,0.1648,0.8466,0.5572,0.4221,0.2931,0.2621,0.096,0.1373,0.3774,0.2663,0.2045,0.1854,0.1685,0.8285,0.5783,0.4016,0.2879,0.252,0.093,0.106,0.3977,0.2808,0.2251,0.1946,0.1696,0.8374,0.5803,0.4108,0.2723,0.2409,0.0931,0.1302,0.3905,0.2675,0.2119,0.1548,0.1502,0.8254,0.5494,0.3423,0.2264,0.2098,0.0922,0.0952,0.3671,0.2671,0.2121,0.1618,0.1496,0.807,0.5299,0.3473,0.234,0.2166,0.0948,0.1168,0.3679,0.268,0.2237,0.1654,0.137,0.812,0.5548,0.3782,0.2429,0.2461,0.095,0.0997,0.0948,0.0929,0.0948,0.1014,0.0922,0.0944,0.0915,0.0943,0.1007,0.0961,0.098,
167475s,0.0956,0.0962,0.0943,0.0961,0.097,0.0924,0.0921,0.0991,0.0949,0.0944,0.0929,0.0933,0.0971,0.3653,0.2695,0.2149,0.1853,0.1641,0.8468,0.5562,0.4205,0.2932,0.262,0.0962,0.1341,0.3772,0.2668,0.2089,0.1864,0.1707,0.8291,0.5785,0.4012,0.2879,0.2529,0.0926,0.1057,0.3977,0.2805,0.2316,0.1976,0.1746,0.8382,0.5799,0.4106,0.2713,0.2433,0.093,0.1363,0.3898,0.269,0.2007,0.1555,0.1519,0.8243,0.5504,0.3417,0.2248,0.2091,0.0922,0.0948,0.3674,0.2685,0.2075,0.163,0.1514,0.8077,0.5284,0.3461,0.232,0.2174,0.0947,0.1168,0.3674,0.2695,0.2165,0.1627,0.1366,0.8123,0.5531,0.378,0.2428,0.2468,0.095,0.0996,0.0948,0.0927,0.0945,0.101,0.092,0.0943,0.0917,0.0941,0.1007,0.0961,0.0981,
167738s,0.0954,0.0961,0.0944,0.0959,0.0964,0.092,0.0919,0.0989,0.0946,0.0942,0.0928,0.0932,0.0966,0.3663,0.2704,0.2189,0.1838,0.1651,0.8473,0.5579,0.4232,0.2939,0.2629,0.096,0.1395,0.3771,0.2663,0.2137,0.1869,0.1684,0.8285,0.5783,0.4014,0.2877,0.2522,0.0929,0.1051,0.3978,0.2814,0.2275,0.1932,0.1695,0.8375,0.5814,0.4132,0.2727,0.2426,0.0929,0.1387,0.3907,0.2675,0.2074,0.154,0.1502,0.8253,0.5486,0.3414,0.2205,0.2084,0.0921,0.0948,0.3678,0.27,0.2106,0.1615,0.1514,0.8086,0.5304,0.3487,0.2318,0.2185,0.0948,0.1199,0.3675,0.2676,0.217,0.1628,0.137,0.8127,0.5529,0.3774,0.2424,0.2453,0.0951,0.0996,0.0946,0.093,0.0941,0.1009,0.0924,0.0944,0.0916,0.0941,0.1006,0.096,0.098,
168000s,0.0955,0.0962,0.0944,0.0962,0.0967,0.0924,0.092,0.0988,0.0947,0.0944,0.0928,0.0933,0.0971,0.3661,0.2699,0.2181,0.1863,0.165,0.8474,0.5575,0.4247,0.2943,0.2619,0.0962,0.141,0.3773,0.2667,0.2122,0.1864,0.1676,0.8293,0.5781,0.4008,0.2872,0.2518,0.0927,0.1065,0.3976,0.2809,0.2278,0.1937,0.17,0.8387,0.5813,0.4141,0.2736,0.2425,0.093,0.1399,0.3903,0.2676,0.1962,0.1554,0.1508,0.825,0.5492,0.3411,0.2212,0.2089,0.0923,0.0949,0.367,0.2684,0.21,0.161,0.1497,0.8079,0.531,0.3486,0.2323,0.2176,0.0946,0.1215,0.3676,0.2689,0.2174,0.1641,0.1374,0.8127,0.5536,0.3776,0.2424,0.2451,0.0948,0.0992,0.0944,0.0923,0.0937,0.1007,0.0923,0.0943,0.0914,0.0942,0.1004,0.0961,0.0979,
168263s,0.0953,0.0961,0.0946,0.0961,0.0967,0.0922,0.0918,0.0989,0.095,0.0946,0.0927,0.0935,0.0969,0.3658,0.2696,0.2119,0.1872,0.1634,0.8471,0.5566,0.4225,0.2944,0.2604,0.0959,0.1489,0.3769,0.2666,0.2055,0.1864,0.1684,0.8295,0.5788,0.4014,0.2879,0.252,0.0928,0.1054,0.3976,0.2795,0.2281,0.1957,0.1737,0.8384,0.5809,0.4104,0.2718,0.2422,0.0931,0.141,0.3901,0.268,0.2037,0.1561,0.1525,0.8254,0.5505,0.3419,0.2247,0.209,0.0922,0.0946,0.3668,0.2697,0.2062,0.1623,0.1519,0.8079,0.5314,0.3475,0.2314,0.2171,0.0949,0.1205,0.3674,0.2686,0.2192,0.1622,0.136,0.8122,0.5548,0.3778,0.2422,0.2469,0.095,0.0988,0.0937,0.092,0.0941,0.1006,0.092,0.0942,0.0916,0.0939,0.1006,0.096,0.0982,
168525s,0.0956,0.0959,0.0943,0.0959,0.0964,0.0922,0.0918,0.0986,0.0946,0.0943,0.0928,0.0929,0.0963,0.3658,0.2697,0.2198,0.1838,0.1655,0.8482,0.558,0.4259,0.2959,0.2632,0.0962,0.1374,0.3764,0.2665,0.2109,0.1849,0.1679,0.8288,0.5783,0.4011,0.2879,0.2517,0.0931,0.1045,0.3978,0.2813,0.2228,0.1928,0.1699,0.8395,0.5818,0.4146,0.2742,0.2425,0.093,0.1424,0.3903,0.2656,0.2073,0.1537,0.1499,0.8254,0.5495,0.3419,0.2208,0.209,0.092,0.0945,0.3671,0.2693,0.207,0.1626,0.1513,0.8073,0.5312,0.3483,0.2313,0.2186,0.0947,0.1216,0.3674,0.268,0.2124,0.1629,0.1368,0.8116,0.5544,0.3782,0.2425,0.2461,0.0948,0.0985,0.0944,0.0933,0.0944,0.1009,0.0924,0.0945,0.0917,0.0939,0.1005,0.0959,0.0983,
168788s,0.0955,0.0961,0.0946,0.0961,0.0966,0.0923,0.092,0.099,0.0947,0.0944,0.0929,0.0932,0.0966,0.3653,0.2689,0.2183,0.1901,0.1636,0.8535,0.5578,0.4224,0.2933,0.2624,0.0961,0.1458,0.3769,0.2659,0.2057,0.1857,0.1673,0.8296,0.5788,0.4009,0.288,0.2517,0.0929,0.1054,0.3986,0.2801,0.2292,0.1909,0.1689,0.8398,0.5809,0.4116,0.2724,0.2409,0.093,0.1314,0.3902,0.2647,0.2032,0.1552,0.1499,0.827,0.5502,0.342,0.2249,0.2099,0.0923,0.0948,0.3666,0.2674,0.2094,0.1605,0.1511,0.8081,0.5313,0.3478,0.2336,0.2186,0.0951,0.1181,0.3673,0.2703,0.2223,0.1678,0.1369,0.8131,0.5542,0.3783,0.2429,0.2467,0.0949,0.0988,0.094,0.0922,0.0939,0.1005,0.0922,0.0942,0.0916,0.094,0.1004,0.096,0.0982,
169050s,0.0961,0.0961,0.0946,0.0961,0.0971,0.0922,0.0918,0.0989,0.0947,0.0945,0.0928,0.0934,0.0969,0.3657,0.2689,0.213,0.1843,0.1649,0.847,0.5578,0.4254,0.2947,0.2621,0.0961,0.1487,0.3767,0.2654,0.2114,0.1897,0.1724,0.8315,0.579,0.4012,0.2882,0.2524,0.0928,0.1066,0.3983,0.2796,0.2294,0.19,0.1706,0.8395,0.5803,0.4113,0.2721,0.2418,0.093,0.1286,0.391,0.2636,0.2112,0.1528,0.1492,0.826,0.5514,0.3425,0.2252,0.2108,0.0921,0.0946,0.367,0.2711,0.2054,0.1618,0.1513,0.8094,0.5305,0.348,0.2328,0.217,0.0948,0.1209,0.3673,0.2686,0.2158,0.1619,0.1363,0.8129,0.5557,0.3787,0.243,0.2492,0.0951,0.1,0.0947,0.0929,0.0941,0.1008,0.0921,0.0943,0.0916,0.094,0.1006,0.0961,0.0977,
169312s,0.0955,0.0958,0.0944,0.096,0.0965,0.0923,0.0919,0.0987,0.0947,0.0943,0.0927,0.0931,0.0963,0.3659,0.2688,0.218,0.1833,0.1632,0.8526,0.5587,0.4254,0.295,0.2625,0.096,0.1428,0.3772,0.2654,0.2133,0.1871,0.1713,0.8301,0.5784,0.4013,0.2878,0.2524,0.0929,0.1048,0.3985,0.2803,0.223,0.1919,0.1696,0.84,0.5825,0.4137,0.273,0.2413,0.0929,0.1346,0.3911,0.2631,0.2036,0.1522,0.1508,0.8254,0.5507,0.3425,0.2231,0.2105,0.0922,0.0946,0.3672,0.2683,0.2095,0.1596,0.1507,0.8094,0.531,0.3489,0.2332,0.2175,0.0948,0.1213,0.3672,0.2685,0.2113,0.1615,0.1358,0.8128,0.5547,0.3779,0.2424,0.2477,0.0951,0.0993,0.0938,0.0921,0.0939,0.1007,0.092,0.0943,0.0914,0.0939,0.1006,0.0961,0.0979,
169575s,0.0953,0.0963,0.0946,0.0962,0.0968,0.0924,0.0918,0.0988,0.0947,0.0944,0.0928,0.093,0.0965,0.3658,0.2693,0.2165,0.1875,0.1655,0.8483,0.5592,0.4243,0.2952,0.2624,0.096,0.141,0.3763,0.265,0.2124,0.1872,0.171,0.8293,0.5787,0.4021,0.2878,0.2522,0.093,0.106,0.3986,0.2805,0.2295,0.1961,0.1701,0.8397,0.5821,0.4145,0.2737,0.2438,0.093,0.1359,0.3913,0.2637,0.1979,0.1544,0.1508,0.8268,0.5495,0.3421,0.2229,0.2102,0.0921,0.0943,0.3675,0.2682,0.2071,0.1589,0.1499,0.8099,0.5323,0.3494,0.2329,0.2194,0.0948,0.1185,0.3675,0.2688,0.2144,0.1642,0.1373,0.8125,0.5542,0.3781,0.2426,0.2474,0.0949,0.0999,0.0955,0.0931,0.0945,0.101,0.0924,0.0944,0.0915,0.0939,0.1005,0.0958,0.0981,
169837s,0.0957,0.0962,0.0947,0.0961,0.0966,0.0924,0.0918,0.0989,0.0947,0.0943,0.0928,0.0932,0.0967,0.3652,0.269,0.2169,0.1906,0.1642,0.8512,0.5591,0.4255,0.2945,0.2625,0.096,0.1434,0.3768,0.2653,0.2116,0.1861,0.1693,0.8295,0.5787,0.4011,0.288,0.2524,0.0927,0.1061,0.3982,0.2802,0.2305,0.1927,0.1696,0.8407,0.5826,0.4157,0.2749,0.2426,0.0931,0.1376,0.3914,0.2645,0.2033,0.1553,0.1506,0.8264,0.551,0.3419,0.2235,0.2107,0.0922,0.0947,0.3666,0.2688,0.2094,0.161,0.1519,0.8103,0.5318,0.3481,0.232,0.2198,0.0947,0.1171,0.3675,0.2695,0.2121,0.1619,0.1366,0.813,0.5548,0.3782,0.2429,0.2479,0.0949,0.0997,0.0953,0.0928,0.0944,0.101,0.0925,0.0944,0.0917,0.0939,0.1005,0.0962,0.0983,
170100s,0.0954,0.0958,0.0942,0.0959,0.0963,0.0924,0.0917,0.0988,0.0946,0.0942,0.0927,0.0932,0.0961,0.3655,0.2696,0.221,0.1863,0.166,0.8554,0.5597,0.4274,0.2961,0.2632,0.0959,0.1458,0.3763,0.2655,0.2136,0.1885,0.1716,0.8304,0.5787,0.402,0.2876,0.2525,0.0931,0.1051,0.3985,0.2813,0.228,0.195,0.1695,0.8409,0.583,0.4149,0.2752,0.2433,0.093,0.1366,0.3909,0.2652,0.2074,0.1537,0.1506,0.8263,0.5511,0.3422,0.2208,0.2101,0.092,0.0947,0.3664,0.2688,0.2106,0.1618,0.1485,0.8105,0.532,0.3499,0.2339,0.2201,0.0948,0.122,0.3673,0.2671,0.2133,0.1635,0.1372,0.8131,0.5552,0.3782,0.2425,0.2489,0.0949,0.0993,0.0948,0.093,0.0944,0.101,0.0922,0.0943,0.0915,0.0939,0.1003,0.0961,0.098,
170363s,0.096,0.096,0.0945,0.0962,0.0967,0.0923,0.0918,0.0991,0.0949,0.0944,0.0927,0.0935,0.0966,0.3651,0.2691,0.2104,0.1869,0.1629,0.8496,0.5588,0.4235,0.2949,0.2609,0.0959,0.1451,0.3764,0.2672,0.204,0.1852,0.168,0.8314,0.5808,0.4021,0.2886,0.2527,0.0928,0.1066,0.3986,0.2789,0.2275,0.196,0.1726,0.8407,0.5823,0.4131,0.2731,0.2431,0.0933,0.132,0.3914,0.2672,0.2061,0.1558,0.1525,0.8272,0.552,0.3427,0.2248,0.212,0.0922,0.0949,0.3664,0.2703,0.2071,0.1624,0.1523,0.8102,0.5314,0.3487,0.2323,0.2186,0.0947,0.1187,0.3678,0.2683,0.2212,0.1638,0.1358,0.8138,0.5574,0.3792,0.2425,0.251,0.0949,0.0988,0.0941,0.0924,0.094,0.1006,0.0919,0.0942,0.0916,0.094,0.1005,0.0961,0.0979,
170625s,0.0956,0.0959,0.0945,0.0959,0.0964,0.0922,0.0918,0.0987,0.0947,0.0941,0.0927,0.0933,0.096,0.365,0.2688,0.2173,0.1903,0.1624,0.8497,0.5596,0.4256,0.2957,0.2626,0.096,0.1458,0.3763,0.2648,0.2128,0.1868,0.1737,0.8313,0.5807,0.4027,0.2879,0.2527,0.0928,0.1057,0.3987,0.2793,0.2313,0.1976,0.1707,0.8406,0.5829,0.4143,0.2742,0.242,0.0932,0.1394,0.3913,0.2663,0.2027,0.1553,0.1509,0.8268,0.5523,0.342,0.224,0.2105,0.0921,0.0944,0.3669,0.2697,0.2073,0.1619,0.1521,0.811,0.5311,0.3493,0.2329,0.2195,0.0949,0.1169,0.3677,0.2716,0.225,0.1675,0.1365,0.8132,0.5561,0.3789,0.2427,0.2496,0.0948,0.0995,0.095,0.0932,0.0943,0.1008,0.0922,0.0943,0.0915,0.094,0.1005,0.0959,0.098,
170887s,0.0956,0.0962,0.0942,0.0959,0.0968,0.0925,0.0919,0.0989,0.0947,0.0944,0.0927,0.0933,0.0967,0.3649,0.2688,0.2115,0.1861,0.1634,0.8492,0.5574,0.4216,0.2945,0.2611,0.0961,0.1447,0.376,0.2661,0.2046,0.1848,0.1677,0.8319,0.5808,0.4034,0.289,0.2531,0.0926,0.1058,0.3983,0.2788,0.2246,0.1933,0.171,0.8406,0.5822,0.4123,0.2731,0.2431,0.0933,0.1344,0.3915,0.2665,0.2079,0.1546,0.1504,0.8272,0.5534,0.3426,0.2245,0.2131,0.0922,0.0949,0.3664,0.2696,0.212,0.162,0.1497,0.8105,0.5305,0.3478,0.2316,0.2199,0.0946,0.1164,0.3676,0.2669,0.2231,0.1682,0.1373,0.8146,0.5572,0.3795,0.2432,0.2518,0.095,0.0994,0.0946,0.0925,0.0941,0.1008,0.092,0.0944,0.0915,0.094,0.1005,0.0959,0.0983,
171150s,0.0953,0.0957,0.0941,0.0958,0.0963,0.092,0.0917,0.0987,0.0945,0.0942,0.0927,0.0931,0.0966,0.3649,0.2686,0.2204,0.1916,0.1652,0.8503,0.5597,0.4258,0.2956,0.2627,0.096,0.1406,0.3768,0.2648,0.2141,0.1893,0.177,0.8325,0.5799,0.4025,0.2877,0.2532,0.0929,0.1049,0.3991,0.2794,0.2254,0.1953,0.1703,0.8416,0.5831,0.4141,0.2739,0.2423,0.093,0.1431,0.3918,0.2648,0.2027,0.1538,0.1501,0.8282,0.5509,0.3433,0.2237,0.2114,0.0923,0.0949,0.3665,0.2669,0.2099,0.161,0.1503,0.8112,0.5331,0.3491,0.2333,0.2204,0.0948,0.1196,0.3677,0.2686,0.2186,0.1676,0.1376,0.8148,0.5563,0.3793,0.2429,0.2497,0.0948,0.0997,0.0944,0.0928,0.0943,0.1009,0.0921,0.0942,0.0914,0.0938,0.1004,0.0959,0.0978,
171412s,0.095,0.0965,0.0946,0.0961,0.0969,0.0925,0.0917,0.0988,0.0948,0.0943,0.0927,0.0932,0.0972,0.366,0.2693,0.2077,0.1806,0.1642,0.8499,0.5592,0.4223,0.2951,0.2616,0.096,0.1331,0.3765,0.266,0.209,0.1858,0.1704,0.8321,0.5798,0.4024,0.2886,0.2523,0.0927,0.1061,0.3989,0.2795,0.2287,0.1962,0.1713,0.8421,0.5826,0.4113,0.2724,0.2428,0.0927,0.1403,0.392,0.2672,0.2062,0.1562,0.1519,0.8277,0.5527,0.3426,0.2248,0.2132,0.092,0.0951,0.3663,0.2689,0.2099,0.1615,0.1511,0.8114,0.5322,0.3494,0.2339,0.2196,0.0946,0.1189,0.3673,0.2691,0.2248,0.1663,0.1372,0.8144,0.5564,0.3792,0.2436,0.252,0.0949,0.0988,0.0938,0.0923,0.0938,0.1007,0.0919,0.094,0.0914,0.094,0.1005,0.0959,0.0979,
171675s,0.0951,0.0961,0.0945,0.0959,0.0965,0.0922,0.0919,0.0988,0.0947,0.0945,0.0927,0.0932,0.0963,0.3652,0.2695,0.2141,0.182,0.165,0.8514,0.5597,0.4225,0.2949,0.2619,0.0962,0.1396,0.3764,0.2656,0.2103,0.1863,0.1682,0.8321,0.5798,0.4028,0.2885,0.2526,0.0929,0.1053,0.399,0.2795,0.2302,0.1984,0.1729,0.8414,0.5835,0.415,0.2737,0.2444,0.0932,0.1365,0.3918,0.2672,0.201,0.1552,0.1519,0.8291,0.552,0.3437,0.2244,0.2121,0.0922,0.0954,0.367,0.2698,0.2147,0.1616,0.1507,0.8115,0.5333,0.3488,0.2347,0.2205,0.0949,0.1196,0.3676,0.2688,0.2115,0.1625,0.1359,0.815,0.5567,0.3803,0.2432,0.2509,0.095,0.0994,0.0946,0.0926,0.0944,0.1008,0.0921,0.0944,0.0918,0.0941,0.1005,0.0961,0.0982,
171937s,0.0954,0.0964,0.0945,0.0962,0.0966,0.0924,0.0918,0.0989,0.0946,0.0944,0.0929,0.0931,0.096,0.365,0.2695,0.2217,0.1913,0.166,0.8548,0.5607,0.4271,0.2969,0.2643,0.0961,0.141,0.3759,0.2655,0.2116,0.1871,0.1707,0.8319,0.5802,0.4027,0.2882,0.2523,0.0931,0.1047,0.3995,0.2803,0.2317,0.1959,0.1713,0.8425,0.5846,0.4165,0.2748,0.2451,0.093,0.1401,0.3923,0.2673,0.2011,0.155,0.1507,0.8289,0.5521,0.3434,0.2231,0.2126,0.0922,0.095,0.3664,0.2697,0.2097,0.1621,0.1504,0.8122,0.5341,0.3522,0.2342,0.221,0.0948,0.1236,0.3678,0.2679,0.2165,0.1639,0.1366,0.8142,0.5563,0.3798,0.2436,0.2508,0.0949,0.0992,0.0944,0.0928,0.0945,0.101,0.0921,0.0943,0.0919,0.0941,0.1007,0.0961,0.0982,
172200s,0.0951,0.0963,0.0945,0.0961,0.0968,0.0924,0.092,0.099,0.0948,0.0944,0.0927,0.0935,0.097,0.3647,0.2693,0.2121,0.187,0.1634,0.852,0.56,0.423,0.2949,0.2616,0.096,0.1492,0.3763,0.2666,0.2114,0.1893,0.173,0.8333,0.5807,0.4034,0.289,0.2536,0.0931,0.1056,0.3988,0.2782,0.226,0.1964,0.1734,0.8425,0.5832,0.4121,0.2722,0.2422,0.0929,0.1375,0.392,0.269,0.2066,0.1559,0.1523,0.8292,0.5533,0.3428,0.2238,0.2137,0.0922,0.0945,0.3668,0.2703,0.2098,0.1616,0.1494,0.8125,0.5312,0.3496,0.2333,0.2205,0.0948,0.1223,0.3678,0.268,0.2176,0.1627,0.1357,0.8145,0.5583,0.3803,0.2444,0.2539,0.095,0.0989,0.0941,0.0925,0.0942,0.1008,0.0921,0.0942,0.0916,0.094,0.1006,0.096,0.0982,
172462s,0.0953,0.0961,0.0947,0.0958,0.0967,0.0922,0.0918,0.0988,0.0946,0.0941,0.0929,0.0933,0.0964,0.3651,0.2689,0.2191,0.1851,0.1655,0.8513,0.5606,0.4281,0.297,0.2641,0.0961,0.1463,0.3763,0.2664,0.2118,0.1858,0.1679,0.8327,0.5803,0.4021,0.2886,0.2525,0.093,0.105,0.3993,0.2793,0.2268,0.1945,0.1702,0.843,0.5838,0.4165,0.2734,0.2435,0.0929,0.1425,0.392,0.2656,0.2048,0.1538,0.1502,0.8279,0.5531,0.3427,0.2236,0.213,0.0921,0.0951,0.3665,0.2667,0.2067,0.1613,0.1505,0.8128,0.5329,0.3517,0.2351,0.2214,0.0948,0.1175,0.3667,0.2682,0.2125,0.1625,0.1364,0.8149,0.557,0.3792,0.2438,0.2514,0.095,0.0992,0.0946,0.093,0.0943,0.101,0.0923,0.0945,0.0916,0.0939,0.1005,0.096,0.0983,
172725s,0.0955,0.0963,0.0947,0.0961,0.0967,0.0926,0.0919,0.099,0.0948,0.0942,0.0929,0.0933,0.097,0.365,0.2688,0.2157,0.1849,0.1634,0.8508,0.5584,0.4225,0.295,0.2618,0.0959,0.1423,0.3761,0.2674,0.2029,0.1844,0.1681,0.8336,0.5809,0.4034,0.2893,0.2533,0.0928,0.1061,0.3992,0.278,0.2267,0.1968,0.1747,0.8419,0.5827,0.4123,0.2722,0.2425,0.0931,0.1412,0.3924,0.2664,0.2025,0.1559,0.1526,0.8276,0.5545,0.3438,0.2237,0.2145,0.0922,0.0947,0.3667,0.2706,0.2067,0.1623,0.1505,0.8117,0.5315,0.3479,0.2325,0.2203,0.0949,0.1171,0.3666,0.268,0.2167,0.164,0.1363,0.815,0.5591,0.3805,0.2445,0.2544,0.095,0.0987,0.094,0.0929,0.0941,0.1008,0.0921,0.0945,0.0915,0.0943,0.1006,0.0961,0.0984,
172987s,0.0957,0.0961,0.0944,0.0961,0.0964,0.0922,0.0919,0.0988,0.0948,0.0943,0.0928,0.0934,0.0965,0.3651,0.2689,0.2174,0.1912,0.1646,0.8513,0.5612,0.4264,0.2956,0.2641,0.0963,0.1464,0.3761,0.2654,0.2134,0.1869,0.1707,0.8339,0.5804,0.403,0.2886,0.2525,0.0931,0.1056,0.3995,0.279,0.2285,0.1906,0.1694,0.8426,0.5844,0.415,0.273,0.2421,0.0929,0.1381,0.3924,0.2659,0.2077,0.1553,0.1504,0.8292,0.5531,0.3435,0.225,0.2143,0.0921,0.0945,0.3665,0.2676,0.2108,0.1608,0.1514,0.8129,0.5337,0.352,0.234,0.2222,0.0947,0.1205,0.3667,0.2689,0.2185,0.1679,0.1381,0.8152,0.5574,0.3792,0.2449,0.2543,0.0948,0.0992,0.0946,0.0927,0.0942,0.1008,0.0921,0.0943,0.0914,0.094,0.1003,0.0959,0.0984,
173250s,0.0953,0.0962,0.0948,0.0963,0.0966,0.0923,0.0919,0.0989,0.0948,0.0944,0.0931,0.0932,0.0961,0.3652,0.2688,0.2122,0.184,0.1656,0.8511,0.5601,0.4244,0.295,0.2624,0.096,0.1371,0.3762,0.2652,0.2131,0.1868,0.1725,0.8339,0.581,0.4023,0.2888,0.2529,0.0929,0.1054,0.3993,0.2784,0.2289,0.1918,0.1695,0.8432,0.5839,0.4157,0.2737,0.2422,0.0929,0.1407,0.392,0.2649,0.2052,0.1557,0.1504,0.8279,0.5541,0.343,0.2251,0.2149,0.0921,0.0945,0.366,0.2671,0.2098,0.1599,0.1492,0.8128,0.533,0.3518,0.2354,0.2218,0.095,0.115,0.3668,0.269,0.214,0.1621,0.1364,0.815,0.5577,0.3799,0.2438,0.253,0.095,0.0991,0.0941,0.0927,0.094,0.1009,0.0923,0.0942,0.0914,0.0937,0.1004,0.0959,0.0981,
173512s,0.0956,0.096,0.0945,0.0963,0.0967,0.0922,0.092,0.0989,0.0949,0.0946,0.0929,0.0932,0.0972,0.3651,0.2688,0.2106,0.187,0.1651,0.8535,0.5615,0.4279,0.2961,0.263,0.096,0.1427,0.3762,0.2651,0.212,0.1865,0.1705,0.8342,0.5809,0.4034,0.2889,0.2524,0.0928,0.106,0.3997,0.279,0.2315,0.1945,0.1706,0.8427,0.585,0.4141,0.273,0.2428,0.0931,0.1384,0.3924,0.2662,0.204,0.1556,0.1507,0.8285,0.5535,0.3436,0.2249,0.215,0.0922,0.0948,0.3661,0.2666,0.2107,0.16,0.1492,0.8123,0.5335,0.3516,0.2338,0.2223,0.0947,0.1185,0.3666,0.2677,0.2208,0.1662,0.1373,0.817,0.5585,0.3804,0.2449,0.2553,0.0949,0.0993,0.0949,0.0926,0.0941,0.1007,0.0925,0.0942,0.0916,0.0938,0.1004,0.096,0.098,
173775s,0.0952,0.096,0.0944,0.0959,0.0964,0.0923,0.0917,0.0988,0.0946,0.0944,0.0928,0.093,0.096,0.3649,0.269,0.2212,0.189,0.1658,0.8526,0.5615,0.4282,0.2974,0.2641,0.0964,0.1374,0.3763,0.2652,0.2145,0.1899,0.1761,0.8345,0.5804,0.4028,0.2885,0.253,0.0931,0.1053,0.3992,0.2796,0.2264,0.1931,0.1696,0.8433,0.585,0.4171,0.2751,0.243,0.0931,0.1371,0.3921,0.2635,0.2019,0.1532,0.1493,0.8285,0.5532,0.3438,0.2243,0.2146,0.0922,0.0942,0.366,0.2663,0.2072,0.1604,0.1495,0.8131,0.5337,0.3522,0.2359,0.2228,0.0947,0.1218,0.3665,0.2684,0.2145,0.1634,0.1365,0.8154,0.5586,0.3802,0.2441,0.2539,0.0949,0.0993,0.0947,0.0928,0.0945,0.1011,0.0923,0.0945,0.0917,0.094,0.1006,0.0962,0.0981,
174037s,0.0955,0.0963,0.0946,0.096,0.0965,0.0922,0.0919,0.0988,0.0947,0.0943,0.0927,0.0932,0.0958,0.3648,0.269,0.2196,0.1889,0.1655,0.8543,0.5616,0.4276,0.2963,0.2643,0.0962,0.1449,0.376,0.2661,0.2128,0.1874,0.1719,0.8346,0.5817,0.4025,0.2885,0.2526,0.0928,0.1051,0.3996,0.2795,0.2252,0.1919,0.1695,0.8447,0.5841,0.4167,0.2754,0.2431,0.093,0.1328,0.3921,0.2642,0.2023,0.1532,0.1495,0.8292,0.5542,0.3437,0.2247,0.2157,0.0921,0.0947,0.3663,0.2674,0.2103,0.162,0.1495,0.8123,0.5342,0.3523,0.2353,0.2233,0.0951,0.1154,0.3666,0.2674,0.2183,0.168,0.1372,0.8164,0.5571,0.3802,0.2439,0.2557,0.0948,0.0988,0.0948,0.0928,0.0937,0.1007,0.0922,0.0942,0.0915,0.0939,0.1004,0.0961,0.0977,
174300s,0.0955,0.0965,0.0949,0.0962,0.0969,0.0925,0.0919,0.099,0.0948,0.0944,0.0929,0.0933,0.0963,0.3644,0.2683,0.2107,0.1873,0.1633,0.856,0.5612,0.4261,0.2956,0.2626,0.0959,0.1456,0.3758,0.2654,0.2096,0.1857,0.1724,0.8349,0.5813,0.4031,0.2892,0.2534,0.093,0.1053,0.3995,0.2784,0.2287,0.1942,0.1709,0.8434,0.5846,0.4157,0.2732,0.242,0.0927,0.1373,0.3922,0.2647,0.2027,0.1553,0.1503,0.8306,0.5551,0.344,0.2236,0.2146,0.0922,0.0943,0.3663,0.2662,0.2166,0.161,0.1497,0.8135,0.5338,0.3514,0.2333,0.2234,0.0947,0.1141,0.3664,0.2677,0.2168,0.1627,0.1355,0.815,0.5587,0.3806,0.2448,0.256,0.095,0.0987,0.0944,0.0922,0.0939,0.1006,0.0922,0.0941,0.0915,0.094,0.1005,0.0962,0.0981,
174562s,0.0958,0.0965,0.0947,0.0965,0.0971,0.0926,0.092,0.099,0.095,0.0946,0.0929,0.0935,0.0968,0.3646,0.2686,0.2095,0.1865,0.1639,0.8515,0.5612,0.4247,0.2957,0.2629,0.0964,0.1377,0.3763,0.2654,0.2089,0.1862,0.1711,0.8353,0.5823,0.4036,0.2895,0.253,0.0929,0.1061,0.3993,0.2772,0.2248,0.1946,0.1726,0.8441,0.5842,0.4146,0.2736,0.2441,0.093,0.135,0.3925,0.266,0.2044,0.1547,0.152,0.8297,0.556,0.344,0.2242,0.2155,0.0921,0.0947,0.3664,0.2684,0.2055,0.1628,0.1508,0.8138,0.5319,0.3485,0.2344,0.222,0.0949,0.1232,0.3662,0.2678,0.2141,0.1622,0.1357,0.8163,0.5593,0.3813,0.2463,0.2566,0.095,0.0977,0.0933,0.0921,0.0938,0.1006,0.0919,0.0942,0.0918,0.094,0.1007,0.0961,0.0979,
174825s,0.0954,0.0963,0.0948,0.096,0.0965,0.0921,0.0918,0.0988,0.0948,0.0944,0.0929,0.0932,0.0962,0.3645,0.2689,0.2163,0.1906,0.1648,0.8577,0.5625,0.4281,0.2975,0.2634,0.0962,0.1452,0.3755,0.2648,0.2129,0.1865,0.1731,0.8345,0.5817,0.4038,0.2896,0.2536,0.0929,0.1063,0.3997,0.2786,0.2308,0.1924,0.17,0.845,0.5851,0.4161,0.2735,0.2427,0.093,0.1367,0.3928,0.266,0.1944,0.1551,0.1516,0.8303,0.5551,0.3438,0.2246,0.215,0.0921,0.0945,0.3672,0.2675,0.213,0.1618,0.1505,0.8145,0.5337,0.3499,0.2327,0.2229,0.0952,0.1178,0.3665,0.268,0.2168,0.1667,0.1369,0.8158,0.5594,0.3809,0.2451,0.2565,0.095,0.0993,0.0953,0.0932,0.0943,0.1011,0.0924,0.0946,0.0916,0.0941,0.1007,0.0959,0.0981,
175087s,0.0956,0.096,0.0946,0.096,0.0965,0.0921,0.0918,0.0988,0.0947,0.0943,0.0928,0.0933,0.0962,0.3646,0.2684,0.2149,0.1907,0.1645,0.8536,0.563,0.4268,0.2969,0.2643,0.0959,0.144,0.3758,0.2655,0.2102,0.1868,0.169,0.8344,0.5823,0.4034,0.289,0.2529,0.0931,0.1053,0.3998,0.2783,0.2281,0.1974,0.1736,0.8451,0.5851,0.4159,0.2738,0.2431,0.0933,0.1394,0.3921,0.2657,0.2167,0.1544,0.1506,0.8297,0.5548,0.3442,0.2264,0.2156,0.0922,0.0945,0.3658,0.2649,0.2115,0.1608,0.1488,0.8142,0.5348,0.3521,0.2329,0.2246,0.0951,0.1161,0.3665,0.2666,0.211,0.1613,0.1363,0.8165,0.5583,0.3817,0.2455,0.2561,0.095,0.0997,0.0945,0.0929,0.0942,0.101,0.0922,0.0944,0.0916,0.0938,0.1004,0.0959,0.0983,
175350s,0.0956,0.096,0.0944,0.0962,0.0964,0.0922,0.0919,0.0989,0.0948,0.0943,0.0928,0.0931,0.0969,0.3647,0.2683,0.2136,0.1895,0.164,0.8531,0.5621,0.4266,0.2959,0.2629,0.0959,0.1369,0.3758,0.2657,0.2099,0.187,0.1718,0.8346,0.5823,0.4038,0.2897,0.2537,0.0929,0.1063,0.4,0.2772,0.2308,0.1957,0.172,0.8442,0.5849,0.4172,0.2747,0.2436,0.093,0.1411,0.3918,0.2649,0.211,0.1551,0.1501,0.8304,0.5548,0.3441,0.2242,0.2152,0.0922,0.0948,0.3666,0.2677,0.2122,0.1614,0.1511,0.8141,0.535,0.351,0.2334,0.2235,0.0949,0.1198,0.3665,0.2683,0.2218,0.167,0.1363,0.8166,0.5596,0.3816,0.2461,0.2573,0.0951,0.099,0.0945,0.093,0.0942,0.1008,0.092,0.0942,0.0917,0.0941,0.1005,0.096,0.0978,
175612s,0.0953,0.0963,0.0945,0.0961,0.0966,0.0923,0.0917,0.0987,0.0946,0.0944,0.0927,0.0933,0.0961,0.3641,0.2687,0.2201,0.1924,0.1656,0.8537,0.5631,0.429,0.2982,0.2652,0.0963,0.1398,0.3753,0.2642,0.2117,0.1864,0.1704,0.8358,0.582,0.4039,0.289,0.2532,0.0928,0.1053,0.3998,0.2787,0.2261,0.1928,0.1695,0.8447,0.5861,0.4149,0.2738,0.2423,0.0932,0.1345,0.3917,0.2617,0.2028,0.1523,0.1495,0.8305,0.5546,0.3444,0.2259,0.2157,0.092,0.0947,0.3661,0.2647,0.2046,0.1602,0.1514,0.8142,0.5354,0.3521,0.2327,0.2239,0.095,0.1245,0.3662,0.2671,0.2135,0.1635,0.1364,0.8166,0.5589,0.3809,0.2455,0.258,0.0948,0.0981,0.0939,0.0926,0.0941,0.1008,0.0921,0.0945,0.0915,0.0939,0.1006,0.096,0.0982,
175875s,0.0954,0.0961,0.0942,0.0959,0.0969,0.0924,0.0919,0.0986,0.0946,0.0944,0.0928,0.0933,0.0963,0.3648,0.2688,0.2169,0.1843,0.1672,0.8585,0.563,0.4288,0.2972,0.2641,0.0957,0.1433,0.3754,0.2637,0.2055,0.1872,0.1755,0.8353,0.5823,0.4038,0.2892,0.2529,0.0929,0.105,0.4,0.2786,0.2278,0.1944,0.1711,0.8452,0.5863,0.4171,0.2751,0.2431,0.0929,0.1403,0.3922,0.2641,0.1991,0.1552,0.1499,0.8311,0.555,0.3441,0.2248,0.2155,0.0921,0.0937,0.3661,0.2658,0.2102,0.1605,0.1485,0.8138,0.5354,0.3515,0.2339,0.2252,0.0947,0.118,0.3658,0.2666,0.2211,0.1735,0.1378,0.8172,0.5594,0.3813,0.2458,0.2581,0.0948,0.0987,0.0941,0.0923,0.0942,0.1009,0.0921,0.0946,0.0916,0.0939,0.1007,0.096,0.0983,
176137s,0.0952,0.0961,0.0943,0.0962,0.0964,0.0921,0.0918,0.0988,0.0948,0.0944,0.093,0.0933,0.0966,0.3641,0.2686,0.2116,0.1873,0.165,0.8545,0.5633,0.4263,0.2966,0.2631,0.096,0.1515,0.3753,0.2651,0.2068,0.1859,0.1688,0.8361,0.5826,0.4049,0.2898,0.2541,0.093,0.1055,0.4002,0.2782,0.229,0.1948,0.171,0.8456,0.5863,0.414,0.273,0.241,0.0931,0.1359,0.392,0.2683,0.2108,0.1553,0.1515,0.8315,0.5552,0.3447,0.2237,0.2154,0.0922,0.0942,0.3662,0.2685,0.2099,0.1617,0.151,0.815,0.5346,0.3501,0.2332,0.2244,0.0947,0.1171,0.3665,0.2659,0.2135,0.1611,0.1351,0.8189,0.5595,0.3827,0.2465,0.2587,0.0949,0.099,0.0944,0.0927,0.0943,0.1006,0.0922,0.0944,0.0915,0.0939,0.1005,0.096,0.0983,
176400s,0.0958,0.0961,0.0944,0.096,0.0966,0.0922,0.0919,0.0988,0.0947,0.0943,0.093,0.0931,0.0964,0.3647,0.2688,0.2157,0.1904,0.1667,0.855,0.5639,0.4267,0.2962,0.2638,0.0958,0.14,0.3753,0.2656,0.2031,0.1854,0.1679,0.8357,0.5823,0.4047,0.2893,0.2531,0.0929,0.1058,0.4001,0.2781,0.2279,0.1909,0.1714,0.8455,0.586,0.4155,0.2742,0.2421,0.0928,0.1374,0.392,0.2667,0.2114,0.1551,0.1502,0.8325,0.555,0.3448,0.2241,0.2174,0.0922,0.0943,0.3662,0.2676,0.2036,0.1629,0.1513,0.8136,0.5345,0.3506,0.2336,0.223,0.0948,0.1188,0.367,0.2689,0.2137,0.1646,0.1359,0.8183,0.5599,0.3825,0.2476,0.2596,0.0951,0.0988,0.0945,0.0928,0.0941,0.1009,0.0919,0.0944,0.0916,0.0941,0.1008,0.0961,0.0981,
176662s,0.0956,0.0961,0.0946,0.0962,0.0966,0.0923,0.0918,0.0989,0.0949,0.0943,0.0927,0.0932,0.0966,0.3647,0.2688,0.2127,0.1854,0.1679,0.8545,0.5638,0.4264,0.2958,0.2636,0.0961,0.1357,0.376,0.2643,0.2124,0.1867,0.1716,0.8359,0.5826,0.4047,0.2894,0.2535,0.0931,0.106,0.401,0.2781,0.2309,0.1927,0.1699,0.846,0.5866,0.417,0.2737,0.2421,0.0927,0.1418,0.3918,0.2667,0.2001,0.1554,0.1524,0.8319,0.556,0.344,0.2239,0.2153,0.0921,0.0946,0.3658,0.2674,0.2113,0.1622,0.1514,0.8141,0.5356,0.3512,0.2331,0.2252,0.0947,0.1177,0.3666,0.2667,0.2106,0.1619,0.1367,0.8183,0.5594,0.3819,0.2464,0.2586,0.0949,0.0993,0.0947,0.0931,0.0939,0.1008,0.0924,0.0943,0.0916,0.094,0.1005,0.096,0.0981,
176925s,0.0958,0.0963,0.0945,0.0959,0.0964,0.0923,0.0917,0.0987,0.0945,0.0942,0.0926,0.0932,0.0965,0.3645,0.2688,0.2129,0.1815,0.1654,0.8548,0.5635,0.4272,0.2962,0.2634,0.0957,0.1368,0.3757,0.265,0.2092,0.186,0.1678,0.8357,0.5822,0.4046,0.2895,0.2538,0.0925,0.1049,0.4005,0.278,0.2308,0.1937,0.1707,0.8464,0.5862,0.4154,0.2733,0.2421,0.0927,0.1449,0.3921,0.2657,0.211,0.1548,0.1503,0.8322,0.5553,0.3449,0.2242,0.2177,0.092,0.0947,0.3657,0.2673,0.2109,0.1603,0.15,0.8145,0.5357,0.3515,0.2343,0.2247,0.0948,0.1208,0.3658,0.2666,0.2187,0.1671,0.1371,0.8192,0.5596,0.3822,0.2467,0.2584,0.0948,0.0984,0.0939,0.0924,0.0939,0.1007,0.092,0.0943,0.0916,0.0938,0.1002,0.096,0.0981,
177187s,0.0958,0.0962,0.0945,0.0961,0.0968,0.0922,0.0919,0.099,0.0948,0.0943,0.0928,0.0934,0.097,0.3642,0.2685,0.2102,0.1848,0.1661,0.8551,0.5638,0.4277,0.2964,0.2634,0.0961,0.1409,0.3759,0.2649,0.211,0.186,0.1711,0.836,0.5834,0.4058,0.2903,0.2537,0.0931,0.1055,0.4007,0.277,0.2301,0.1959,0.1702,0.847,0.5853,0.4136,0.273,0.242,0.0929,0.1406,0.3923,0.2698,0.2115,0.1541,0.1509,0.8325,0.5569,0.3454,0.2246,0.2204,0.0923,0.0942,0.3661,0.2677,0.2063,0.1624,0.1508,0.8152,0.5366,0.3505,0.2346,0.2248,0.0948,0.1191,0.3662,0.2665,0.2193,0.1626,0.1355,0.8189,0.5603,0.3835,0.2475,0.259,0.0949,0.0997,0.0947,0.0926,0.0943,0.1009,0.0922,0.0945,0.0915,0.094,0.1008,0.096,0.0979,
177450s,0.0954,0.0963,0.0945,0.0961,0.0967,0.0926,0.0919,0.0987,0.0947,0.0944,0.0928,0.0929,0.0966,0.3645,0.2687,0.2168,0.1883,0.1655,0.8573,0.5643,0.4298,0.298,0.2643,0.0961,0.1413,0.3753,0.2643,0.2096,0.1854,0.1695,0.8369,0.5834,0.4044,0.2894,0.2538,0.0926,0.1055,0.4008,0.2785,0.2228,0.19,0.1711,0.8473,0.5869,0.4172,0.2742,0.2409,0.093,0.1386,0.3923,0.2665,0.2025,0.1548,0.15,0.833,0.5563,0.3451,0.2248,0.2164,0.0922,0.0945,0.366,0.2666,0.2105,0.1612,0.1486,0.8159,0.5362,0.3532,0.2349,0.2272,0.0947,0.1199,0.3666,0.2664,0.2217,0.1773,0.1367,0.819,0.5599,0.3825,0.2471,0.2595,0.095,0.0987,0.0941,0.0928,0.0942,0.101,0.0921,0.0945,0.0917,0.094,0.1004,0.096,0.0981,
177712s,0.0952,0.0962,0.0943,0.096,0.0964,0.0923,0.0919,0.0989,0.0946,0.0943,0.0926,0.0931,0.0961,0.3646,0.2684,0.2158,0.1821,0.1671,0.8581,0.5645,0.4292,0.2973,0.2643,0.0962,0.1353,0.3758,0.2645,0.2106,0.1852,0.1688,0.8361,0.5829,0.4053,0.2894,0.2537,0.0931,0.1057,0.4011,0.2782,0.2274,0.1912,0.1695,0.8474,0.5874,0.4173,0.2739,0.2426,0.093,0.1408,0.3918,0.2658,0.2067,0.1536,0.1502,0.8333,0.5564,0.3452,0.2246,0.217,0.0922,0.0951,0.3658,0.266,0.2108,0.1613,0.15,0.8155,0.536,0.3533,0.2343,0.2265,0.0948,0.1176,0.3666,0.2666,0.2176,0.1695,0.138,0.8204,0.5602,0.3825,0.2467,0.2602,0.0948,0.0987,0.0946,0.0925,0.0941,0.101,0.0923,0.0944,0.0915,0.0939,0.1006,0.0959,0.0983,
177975s,0.0952,0.0967,0.0947,0.0963,0.0969,0.0924,0.092,0.0989,0.0949,0.0944,0.0927,0.0934,0.0971,0.3639,0.2684,0.2114,0.1866,0.1646,0.857,0.5632,0.426,0.2968,0.2635,0.0958,0.1397,0.3759,0.2644,0.2092,0.186,0.1722,0.838,0.5834,0.4046,0.2901,0.2536,0.093,0.1052,0.4007,0.277,0.2293,0.1969,0.1741,0.8477,0.586,0.417,0.2743,0.2419,0.093,0.1361,0.3924,0.2663,0.2117,0.1548,0.1507,0.8327,0.5569,0.3452,0.2243,0.2193,0.0921,0.0948,0.3656,0.2669,0.2095,0.1605,0.1497,0.8164,0.5361,0.3524,0.2363,0.2253,0.095,0.1195,0.3659,0.2663,0.2193,0.1669,0.1363,0.8196,0.561,0.3831,0.2475,0.2595,0.0949,0.0989,0.094,0.0922,0.0938,0.1006,0.0922,0.0941,0.0915,0.094,0.1006,0.096,0.0981,
178237s,0.0959,0.0963,0.0943,0.0958,0.0968,0.0921,0.0919,0.0987,0.0946,0.0942,0.0927,0.0932,0.0968,0.364,0.2681,0.2135,0.1878,0.1655,0.8555,0.5638,0.4275,0.2965,0.2637,0.096,0.1417,0.3752,0.264,0.206,0.1855,0.1711,0.8366,0.5834,0.4052,0.2893,0.2536,0.0929,0.1058,0.4011,0.2777,0.2312,0.1975,0.172,0.8476,0.587,0.4174,0.275,0.2447,0.0936,0.14,0.3923,0.2624,0.2133,0.1528,0.1499,0.8318,0.557,0.3447,0.2248,0.2194,0.0922,0.0944,0.366,0.2637,0.2134,0.1601,0.1487,0.8165,0.5355,0.3517,0.2388,0.2292,0.0948,0.1211,0.3651,0.2661,0.2129,0.1635,0.1365,0.8197,0.5604,0.3832,0.247,0.2599,0.0949,0.0986,0.0935,0.0922,0.0939,0.1007,0.0922,0.0944,0.0916,0.094,0.1005,0.096,0.0981,
178500s,0.0957,0.0959,0.0944,0.0958,0.0966,0.0923,0.0917,0.0988,0.0946,0.0943,0.0926,0.0931,0.0964,0.3635,0.2679,0.2127,0.1872,0.1628,0.8569,0.5648,0.4286,0.2971,0.2651,0.096,0.1425,0.3754,0.2642,0.2115,0.1866,0.173,0.8364,0.5835,0.4048,0.2896,0.253,0.0929,0.1059,0.4017,0.2766,0.229,0.1988,0.1751,0.8475,0.5873,0.418,0.2743,0.2434,0.0931,0.1383,0.3925,0.2632,0.2096,0.1549,0.1509,0.8319,0.5559,0.3446,0.2239,0.218,0.0921,0.0952,0.3654,0.2665,0.2106,0.1603,0.1512,0.8154,0.5367,0.3523,0.2368,0.2268,0.0948,0.1179,0.3652,0.2663,0.2145,0.1626,0.1357,0.8207,0.5611,0.3829,0.2471,0.2603,0.0948,0.0986,0.0938,0.0924,0.094,0.1006,0.092,0.0943,0.0915,0.0939,0.1005,0.0959,0.0981,
178762s,0.0953,0.096,0.0944,0.096,0.0964,0.092,0.0919,0.0987,0.0947,0.0943,0.0928,0.0932,0.0969,0.3638,0.2682,0.2089,0.184,0.1639,0.8559,0.5649,0.4282,0.297,0.2646,0.0961,0.1366,0.3756,0.2643,0.2078,0.1851,0.1673,0.8379,0.5834,0.406,0.2897,0.2536,0.0928,0.1054,0.4021,0.2773,0.2277,0.1885,0.1694,0.8481,0.587,0.415,0.2739,0.2413,0.0932,0.1401,0.3928,0.2628,0.2068,0.1537,0.1499,0.8325,0.5564,0.3455,0.2238,0.2186,0.0922,0.095,0.3659,0.2672,0.2093,0.1593,0.1504,0.8171,0.5365,0.3523,0.2365,0.2261,0.0952,0.1194,0.3659,0.2663,0.2156,0.165,0.1365,0.8214,0.5609,0.3833,0.2479,0.2607,0.0948,0.0989,0.0938,0.0924,0.094,0.1007,0.0923,0.0944,0.0916,0.094,0.1005,0.0959,0.0979,
179025s,0.0962,0.0961,0.0945,0.0957,0.0966,0.0924,0.0919,0.0987,0.0948,0.0946,0.0928,0.0933,0.0967,0.3638,0.2682,0.2109,0.1881,0.1623,0.8557,0.5646,0.4289,0.2971,0.264,0.0962,0.1492,0.3757,0.2647,0.2086,0.1857,0.1713,0.8374,0.5841,0.4068,0.2901,0.2541,0.0928,0.1063,0.4027,0.2775,0.23,0.1934,0.1711,0.8494,0.5872,0.416,0.2744,0.2419,0.0934,0.1391,0.3932,0.2633,0.2098,0.1555,0.1508,0.8334,0.557,0.3455,0.2245,0.2197,0.0923,0.0952,0.3659,0.2662,0.2173,0.1608,0.1499,0.8171,0.5371,0.3527,0.238,0.2289,0.0951,0.1188,0.3658,0.2662,0.2191,0.1725,0.1375,0.8207,0.5618,0.384,0.2482,0.2603,0.0951,0.0987,0.0942,0.0926,0.0943,0.1009,0.0922,0.0947,0.0918,0.0941,0.1008,0.0961,0.0982,
179287s,0.0954,0.0963,0.0945,0.0959,0.0967,0.0924,0.092,0.0989,0.0946,0.0944,0.0927,0.0932,0.0961,0.364,0.2684,0.2165,0.1821,0.1648,0.8613,0.565,0.4295,0.2986,0.2651,0.0959,0.1347,0.376,0.2637,0.2094,0.1856,0.1726,0.8385,0.5837,0.4058,0.2899,0.2531,0.093,0.1052,0.4018,0.2773,0.2267,0.2001,0.1768,0.8505,0.5876,0.4188,0.2762,0.2447,0.0933,0.1403,0.393,0.2624,0.2076,0.1534,0.1501,0.8333,0.5569,0.3465,0.224,0.2189,0.092,0.0941,0.3658,0.2648,0.2092,0.1594,0.1488,0.8165,0.5375,0.3533,0.2359,0.2279,0.0952,0.1198,0.366,0.2675,0.2182,0.1716,0.1368,0.8215,0.5609,0.3832,0.2471,0.2609,0.0949,0.0981,0.094,0.0928,0.0942,0.1009,0.0921,0.0943,0.0917,0.0941,0.1005,0.096,0.0981,
179550s,0.0952,0.0961,0.0944,0.0961,0.0966,0.0925,0.0918,0.0986,0.0947,0.0942,0.0928,0.0931,0.0958,0.3637,0.2679,0.2178,0.1916,0.1633,0.8576,0.5647,0.4316,0.2992,0.2652,0.0961,0.1403,0.3751,0.264,0.209,0.1849,0.1695,0.8374,0.5835,0.4061,0.2896,0.2535,0.0925,0.1053,0.4021,0.2776,0.2281,0.1907,0.1697,0.8508,0.5882,0.4191,0.2758,0.2428,0.0929,0.141,0.3922,0.2651,0.1999,0.1557,0.1503,0.8335,0.5568,0.3459,0.2236,0.2184,0.092,0.0953,0.3659,0.2662,0.2129,0.1619,0.1505,0.8172,0.537,0.3538,0.2365,0.2282,0.0948,0.1206,0.3657,0.2671,0.2113,0.1613,0.1357,0.8218,0.5621,0.384,0.2478,0.2617,0.0948,0.0984,0.0942,0.0926,0.094,0.1008,0.0922,0.0945,0.0915,0.0939,0.1005,0.096,0.0978,
179812s,0.0951,0.0962,0.0945,0.0959,0.0965,0.0922,0.0919,0.099,0.0946,0.0942,0.0927,0.093,0.0961,0.364,0.2681,0.2151,0.1823,0.1617,0.8567,0.5656,0.4289,0.2981,0.2649,0.0961,0.1441,0.3753,0.2644,0.2096,0.1847,0.1681,0.8385,0.5835,0.4065,0.2902,0.2531,0.0926,0.1053,0.4017,0.2768,0.228,0.1908,0.1696,0.8514,0.5884,0.4176,0.2749,0.2413,0.0929,0.135,0.3925,0.2643,0.2096,0.1546,0.1497,0.8334,0.5569,0.346,0.2245,0.2195,0.0921,0.095,0.3656,0.2677,0.2081,0.1613,0.1511,0.8178,0.5375,0.3526,0.2357,0.2262,0.0949,0.1152,0.3656,0.2679,0.2143,0.1619,0.1356,0.8211,0.5616,0.3835,0.2482,0.2616,0.0947,0.0993,0.0945,0.093,0.0944,0.1009,0.0922,0.0944,0.0914,0.0938,0.1006,0.096,0.098,
180075s,0.0956,0.0963,0.0947,0.0962,0.0969,0.0923,0.092,0.0989,0.095,0.0943,0.0929,0.093,0.0974,0.3633,0.2683,0.2207,0.1832,0.1649,0.8559,0.5636,0.4264,0.2977,0.2639,0.0962,0.1374,0.3759,0.2647,0.2094,0.1862,0.1721,0.8401,0.5842,0.4063,0.2908,0.2537,0.0928,0.1062,0.4021,0.2765,0.2252,0.1987,0.1755,0.8497,0.5874,0.417,0.2747,0.2446,0.0931,0.1377,0.3924,0.2662,0.2086,0.1546,0.1508,0.8342,0.5577,0.3458,0.2249,0.2197,0.0922,0.0949,0.3654,0.2659,0.2126,0.1611,0.1493,0.8169,0.5374,0.3534,0.2403,0.2301,0.0949,0.1169,0.3656,0.267,0.2143,0.1611,0.135,0.8229,0.5621,0.3838,0.2484,0.2624,0.0949,0.0988,0.0943,0.0924,0.094,0.1006,0.0921,0.0943,0.0915,0.094,0.1007,0.096,0.098,
180337s,0.0951,0.0958,0.0944,0.0957,0.0965,0.0923,0.0919,0.0988,0.0947,0.0943,0.0928,0.0932,0.0963,0.364,0.2676,0.2134,0.1884,0.1628,0.856,0.5656,0.4294,0.2986,0.265,0.0962,0.1451,0.3755,0.2643,0.2123,0.1867,0.1725,0.8387,0.5843,0.4056,0.2902,0.2539,0.0929,0.1063,0.4021,0.2774,0.2296,0.1901,0.1697,0.8498,0.5882,0.4178,0.2752,0.2422,0.093,0.1394,0.3924,0.2642,0.2064,0.1548,0.1498,0.8338,0.5573,0.3454,0.2245,0.2196,0.092,0.0946,0.3652,0.2666,0.2074,0.1608,0.1514,0.8182,0.5377,0.3537,0.2375,0.2277,0.0948,0.1193,0.3656,0.2677,0.2191,0.1673,0.1366,0.8215,0.5622,0.3835,0.2487,0.2618,0.0949,0.0983,0.094,0.0925,0.0943,0.1007,0.0921,0.0945,0.0916,0.0939,0.1005,0.0959,0.098,
180600s,0.0956,0.0957,0.0943,0.0961,0.0964,0.0923,0.0918,0.0987,0.0949,0.0943,0.0928,0.0933,0.0964,0.3635,0.2674,0.2131,0.1896,0.1622,0.857,0.5659,0.4295,0.2984,0.2652,0.0961,0.1374,0.3755,0.2635,0.2112,0.186,0.1724,0.84,0.5848,0.4057,0.2905,0.2539,0.093,0.1051,0.4024,0.2761,0.2302,0.1971,0.1739,0.8502,0.5879,0.4186,0.2748,0.2443,0.093,0.142,0.3928,0.2639,0.2078,0.1546,0.151,0.8335,0.558,0.3459,0.225,0.2196,0.0923,0.0948,0.3656,0.2681,0.2099,0.1609,0.1504,0.8174,0.5372,0.3526,0.2369,0.2281,0.095,0.1178,0.3653,0.2659,0.2155,0.162,0.1361,0.8221,0.5628,0.3841,0.2487,0.2631,0.0948,0.0992,0.0948,0.0928,0.0963,0.101,0.0924,0.0946,0.0915,0.094,0.1005,0.096,0.0981,
180862s,0.095,0.0965,0.0947,0.0962,0.0968,0.0924,0.092,0.0992,0.0947,0.0944,0.0928,0.0932,0.0967,0.3639,0.2682,0.2099,0.1876,0.1632,0.8577,0.5657,0.4301,0.2981,0.2647,0.0962,0.1464,0.3751,0.2651,0.2076,0.1851,0.17,0.8394,0.5852,0.4062,0.2902,0.2538,0.0929,0.1059,0.4023,0.2762,0.2314,0.1987,0.1765,0.8505,0.5884,0.4172,0.2745,0.2431,0.0932,0.1411,0.3926,0.265,0.2115,0.1544,0.1509,0.834,0.5566,0.3465,0.2251,0.221,0.0924,0.0948,0.365,0.2679,0.2106,0.1615,0.1503,0.8184,0.5367,0.3539,0.2389,0.2291,0.0949,0.1171,0.3652,0.2666,0.2212,0.1658,0.1363,0.8222,0.5626,0.3839,0.2484,0.2626,0.0948,0.0988,0.0944,0.0926,0.0956,0.1006,0.0923,0.0942,0.0914,0.094,0.1005,0.0959,0.0979,
181125s,0.0956,0.0961,0.0947,0.0963,0.097,0.0923,0.0919,0.099,0.0948,0.0943,0.0927,0.0933,0.0966,0.3635,0.2677,0.2165,0.1873,0.1642,0.8578,0.5644,0.4282,0.2984,0.266,0.096,0.14,0.3752,0.2648,0.2072,0.1857,0.1724,0.8399,0.5857,0.4069,0.2911,0.2545,0.0931,0.1058,0.4027,0.2761,0.2233,0.1944,0.1737,0.8508,0.5886,0.4176,0.275,0.2431,0.093,0.139,0.3933,0.2644,0.2051,0.1545,0.1517,0.8335,0.5597,0.3456,0.2245,0.22,0.0921,0.0951,0.3656,0.2665,0.2061,0.1619,0.1509,0.8181,0.5366,0.3527,0.2375,0.2287,0.0947,0.1228,0.366,0.2666,0.2065,0.1629,0.1364,0.8231,0.5644,0.3848,0.249,0.2639,0.0949,0.099,0.094,0.0924,0.0962,0.101,0.0922,0.0944,0.0916,0.0941,0.1005,0.096,0.0983,
181387s,0.0952,0.0959,0.0944,0.0961,0.0966,0.0924,0.0919,0.0989,0.0947,0.0944,0.0927,0.0929,0.0958,0.3643,0.2676,0.2188,0.1912,0.1623,0.8619,0.5658,0.4322,0.299,0.2655,0.0964,0.1382,0.3749,0.2634,0.2062,0.1866,0.1756,0.84,0.5857,0.4064,0.2902,0.2538,0.0929,0.1051,0.4029,0.2767,0.2278,0.1934,0.1705,0.8508,0.5882,0.4193,0.2758,0.2432,0.0931,0.1404,0.3928,0.2636,0.1977,0.1547,0.1499,0.8345,0.5587,0.3463,0.2237,0.2205,0.0921,0.095,0.3651,0.2653,0.2114,0.1616,0.1502,0.8183,0.5379,0.355,0.237,0.23,0.0948,0.124,0.3655,0.2655,0.2152,0.1657,0.1364,0.8228,0.5631,0.3844,0.2488,0.2634,0.0949,0.0986,0.0941,0.0927,0.0954,0.1009,0.0921,0.0943,0.0915,0.094,0.1006,0.0957,0.098,
181650s,0.0953,0.0947,0.0947,0.0958,0.0966,0.0922,0.0918,0.0988,0.0948,0.0943,0.0928,0.0931,0.0964,0.3634,0.268,0.2166,0.1902,0.1627,0.8581,0.5668,0.4318,0.2989,0.2656,0.096,0.1373,0.3753,0.2635,0.2117,0.1875,0.1758,0.8407,0.5854,0.4071,0.2905,0.2542,0.0928,0.1052,0.4027,0.277,0.2304,0.1949,0.1732,0.8521,0.5893,0.418,0.2755,0.243,0.0929,0.1363,0.3932,0.2642,0.2101,0.1539,0.1505,0.8343,0.5581,0.3468,0.2249,0.2207,0.0922,0.0949,0.3656,0.2675,0.2121,0.1613,0.1507,0.8186,0.5394,0.354,0.2392,0.2323,0.0948,0.1217,0.3656,0.2667,0.2157,0.1633,0.1367,0.824,0.5628,0.3845,0.2487,0.2634,0.095,0.0991,0.0943,0.0926,0.099,0.1007,0.0921,0.0945,0.0916,0.0939,0.1007,0.0958,0.0986,
181912s,0.0957,0.0958,0.0947,0.0964,0.0968,0.0924,0.0919,0.099,0.0948,0.0943,0.0929,0.0932,0.0966,0.3633,0.2679,0.2117,0.1858,0.1638,0.8582,0.5653,0.4293,0.2985,0.2652,0.0962,0.1358,0.3752,0.2638,0.2088,0.1853,0.171,0.8418,0.5856,0.4074,0.2917,0.2544,0.0929,0.1054,0.4031,0.2763,0.2271,0.195,0.1718,0.8507,0.5891,0.4159,0.2738,0.2409,0.0931,0.1382,0.3941,0.2665,0.203,0.1554,0.1509,0.835,0.5588,0.347,0.226,0.2202,0.0923,0.0946,0.3652,0.2687,0.2054,0.1629,0.1513,0.8182,0.5379,0.3516,0.2374,0.229,0.0947,0.12,0.3658,0.2667,0.2098,0.1605,0.1349,0.8231,0.5626,0.3847,0.2486,0.2647,0.0951,0.0985,0.0942,0.0922,0.0959,0.1007,0.0921,0.0942,0.0914,0.0939,0.1003,0.0958,0.0981,
182175s,0.0953,0.0959,0.0946,0.0961,0.0966,0.0924,0.0921,0.0988,0.0948,0.0943,0.0928,0.0933,0.0959,0.3643,0.2685,0.2192,0.1886,0.1628,0.8583,0.5667,0.4322,0.2991,0.2659,0.0961,0.1422,0.3748,0.2639,0.2098,0.1855,0.1688,0.8408,0.5856,0.4073,0.2905,0.2542,0.0929,0.1057,0.4033,0.2776,0.2275,0.1911,0.1702,0.8527,0.5897,0.4213,0.2764,0.2424,0.093,0.1428,0.3928,0.2639,0.2059,0.1541,0.1505,0.8353,0.5591,0.3471,0.2249,0.2204,0.0922,0.0943,0.3658,0.2648,0.2141,0.1616,0.149,0.819,0.5395,0.3544,0.2396,0.2312,0.0949,0.1215,0.3656,0.2667,0.2181,0.1708,0.1367,0.8235,0.5624,0.3847,0.2487,0.2645,0.095,0.0981,0.094,0.0929,0.0962,0.1007,0.092,0.0942,0.0917,0.0939,0.1005,0.0959,0.0982,
182437s,0.0958,0.0958,0.0945,0.0963,0.0964,0.0922,0.0919,0.0989,0.0947,0.0945,0.0928,0.0933,0.0967,0.3635,0.2682,0.21,0.1884,0.1626,0.8576,0.567,0.4327,0.2997,0.2663,0.0962,0.1351,0.3749,0.2643,0.2111,0.1858,0.1727,0.8414,0.5857,0.4068,0.2908,0.2539,0.0931,0.1058,0.4033,0.2764,0.2298,0.1902,0.17,0.8521,0.5893,0.4187,0.2754,0.2423,0.0931,0.139,0.3939,0.2662,0.21,0.1559,0.1511,0.8363,0.559,0.3463,0.2252,0.2202,0.0922,0.0948,0.365,0.2663,0.2148,0.1605,0.1496,0.8197,0.5388,0.3554,0.2378,0.2319,0.095,0.1182,0.3657,0.2668,0.2194,0.1653,0.1365,0.8243,0.5634,0.3845,0.2491,0.2652,0.0948,0.099,0.0949,0.0924,0.0944,0.1008,0.092,0.0942,0.0915,0.0937,0.1006,0.096,0.098,
182700s,0.0952,0.0958,0.0943,0.0957,0.0963,0.092,0.0919,0.0988,0.0947,0.0943,0.0929,0.0932,0.0964,0.3633,0.2683,0.2116,0.1864,0.1657,0.8586,0.5667,0.4292,0.2983,0.2655,0.0959,0.1537,0.3744,0.2639,0.2091,0.1866,0.1719,0.8416,0.5865,0.4069,0.2911,0.2542,0.0928,0.1056,0.4031,0.2759,0.2312,0.198,0.1749,0.8529,0.5894,0.4195,0.275,0.2425,0.093,0.1368,0.3935,0.2674,0.2093,0.1557,0.1508,0.836,0.5597,0.3467,0.2257,0.2206,0.0922,0.0948,0.3646,0.2703,0.2088,0.1618,0.1508,0.8193,0.5389,0.3545,0.2374,0.2309,0.0948,0.1182,0.3663,0.266,0.2122,0.1608,0.1353,0.8247,0.5639,0.3853,0.2489,0.2653,0.0949,0.1001,0.0951,0.093,0.0973,0.101,0.0924,0.0945,0.0917,0.0942,0.1007,0.0962,0.0978,
182962s,0.0961,0.0971,0.0948,0.0964,0.0966,0.0923,0.092,0.099,0.095,0.0944,0.093,0.0935,0.0967,0.3631,0.2679,0.2179,0.1846,0.1637,0.8576,0.5662,0.4289,0.2986,0.2657,0.0961,0.1327,0.375,0.2646,0.2109,0.1857,0.172,0.8424,0.5864,0.4072,0.2914,0.2542,0.0929,0.1059,0.4035,0.2761,0.2229,0.1907,0.1724,0.8538,0.5866,0.4151,0.2736,0.2408,0.0931,0.1306,0.3933,0.2664,0.1938,0.1575,0.152,0.8354,0.5608,0.3473,0.2252,0.2204,0.0921,0.0953,0.3655,0.2687,0.2121,0.1617,0.1501,0.819,0.5361,0.3529,0.2403,0.2311,0.095,0.1232,0.3656,0.268,0.2128,0.1653,0.1369,0.8254,0.5644,0.386,0.2497,0.269,0.095,0.0991,0.0947,0.0927,0.0958,0.1011,0.0921,0.0943,0.0917,0.0941,0.1006,0.096,0.0982,
183225s,0.0953,0.097,0.0944,0.0961,0.0965,0.0925,0.0919,0.0988,0.0945,0.0943,0.0927,0.0934,0.0962,0.3633,0.2676,0.2168,0.1905,0.1619,0.859,0.5667,0.433,0.3007,0.2665,0.0962,0.1374,0.3746,0.2634,0.2111,0.187,0.175,0.8421,0.5859,0.4074,0.2908,0.254,0.0928,0.1055,0.4041,0.2766,0.2267,0.1906,0.1701,0.8526,0.5901,0.4205,0.2758,0.2428,0.0929,0.1405,0.3933,0.2632,0.2025,0.1544,0.1502,0.8364,0.5601,0.347,0.2251,0.2207,0.092,0.0953,0.3647,0.268,0.2122,0.1615,0.1501,0.8196,0.5393,0.3555,0.2388,0.232,0.0947,0.1232,0.3654,0.2667,0.2123,0.1613,0.1352,0.8233,0.5643,0.3851,0.2495,0.2652,0.0949,0.0996,0.0944,0.0929,0.0967,0.1008,0.0921,0.0944,0.0915,0.0938,0.1005,0.096,0.0983,
183487s,0.0954,0.0965,0.0946,0.0961,0.0968,0.0925,0.092,0.0989,0.0947,0.0942,0.0929,0.0931,0.0965,0.3632,0.2677,0.212,0.1888,0.1618,0.8598,0.5675,0.4311,0.2984,0.2663,0.096,0.1416,0.3746,0.2642,0.2106,0.1866,0.1736,0.8417,0.5865,0.407,0.291,0.2541,0.0931,0.1056,0.4039,0.2756,0.2296,0.1922,0.1705,0.8527,0.5897,0.4196,0.2756,0.2431,0.0928,0.1374,0.3935,0.2628,0.2048,0.1547,0.1508,0.8363,0.5591,0.3466,0.2252,0.2203,0.0921,0.0946,0.3648,0.2655,0.2079,0.1608,0.1506,0.8195,0.5398,0.3554,0.2365,0.2306,0.0947,0.1178,0.3642,0.2661,0.2142,0.1619,0.136,0.8239,0.5641,0.3853,0.2498,0.266,0.0946,0.1,0.0954,0.0934,0.0947,0.101,0.0923,0.0948,0.0917,0.0939,0.1003,0.0958,0.098,
183750s,0.0949,0.0963,0.0949,0.0965,0.0969,0.0928,0.092,0.0994,0.0948,0.0941,0.0928,0.0934,0.0962,0.3624,0.2665,0.211,0.189,0.1629,0.8603,0.5669,0.4294,0.2993,0.2659,0.0958,0.1396,0.374,0.2633,0.2067,0.1842,0.1669,0.8426,0.5863,0.4077,0.292,0.2543,0.0929,0.1053,0.4039,0.2751,0.227,0.1956,0.1745,0.8528,0.5891,0.4177,0.2751,0.2432,0.0929,0.1356,0.3937,0.2618,0.1982,0.1538,0.1503,0.8361,0.561,0.3466,0.2249,0.2211,0.0921,0.0946,0.3647,0.2652,0.2169,0.1599,0.1487,0.8193,0.5385,0.3528,0.2399,0.2327,0.0949,0.1219,0.3649,0.2676,0.2154,0.1649,0.1348,0.8251,0.5647,0.3856,0.2491,0.2662,0.095,0.0986,0.094,0.0922,0.0996,0.1007,0.0922,0.0942,0.0914,0.0938,0.1005,0.096,0.0981,
184012s,0.0952,0.0959,0.0946,0.0962,0.0967,0.0924,0.092,0.099,0.0949,0.0944,0.093,0.0933,0.0961,0.3621,0.2673,0.2134,0.1841,0.1622,0.8607,0.567,0.4328,0.3001,0.2672,0.0962,0.1389,0.3745,0.2633,0.209,0.1842,0.1686,0.843,0.5866,0.4077,0.2919,0.2551,0.093,0.105,0.4036,0.2752,0.2267,0.1934,0.1701,0.8533,0.5892,0.4196,0.2756,0.2424,0.0931,0.1363,0.3942,0.2627,0.2097,0.1527,0.1508,0.8368,0.5606,0.3466,0.2254,0.2221,0.0922,0.0955,0.3646,0.2663,0.2113,0.1606,0.1497,0.8207,0.5382,0.3553,0.2415,0.2356,0.0949,0.1224,0.3645,0.2676,0.2112,0.164,0.1358,0.8245,0.565,0.3857,0.2494,0.268,0.0948,0.0982,0.0946,0.0928,0.1016,0.1006,0.0919,0.0943,0.0916,0.0939,0.1005,0.0961,0.0982,
184275s,0.0955,0.0959,0.0945,0.0961,0.0967,0.0922,0.0919,0.0988,0.0947,0.0943,0.0929,0.0933,0.0963,0.3631,0.2683,0.2096,0.1864,0.1632,0.8589,0.5667,0.4297,0.299,0.2662,0.096,0.1443,0.3745,0.2631,0.207,0.1852,0.1701,0.8433,0.5864,0.4077,0.2913,0.2543,0.0927,0.1054,0.4042,0.2757,0.2277,0.1901,0.1705,0.8533,0.5901,0.4202,0.2761,0.2424,0.093,0.144,0.3948,0.2617,0.1984,0.1563,0.1534,0.8378,0.5597,0.347,0.2245,0.2209,0.0921,0.0948,0.3643,0.2664,0.209,0.1607,0.1501,0.8207,0.5397,0.3556,0.2385,0.2321,0.0947,0.1247,0.3649,0.2658,0.2167,0.1613,0.1355,0.8247,0.5642,0.3855,0.2488,0.2671,0.0948,0.0993,0.094,0.0925,0.0994,0.1008,0.0922,0.0943,0.0915,0.0939,0.1004,0.096,0.0986,
184537s,0.0961,0.094,0.0945,0.0962,0.0968,0.0923,0.092,0.0989,0.0948,0.0944,0.0929,0.0934,0.0968,0.3634,0.2679,0.2123,0.1864,0.1648,0.8598,0.5676,0.4315,0.2997,0.2666,0.0963,0.1437,0.3743,0.2634,0.2065,0.1854,0.1708,0.8437,0.5879,0.408,0.292,0.2547,0.0929,0.1053,0.4044,0.2758,0.2297,0.1917,0.1721,0.8527,0.5898,0.4209,0.2756,0.2428,0.0929,0.1429,0.3944,0.263,0.2027,0.1555,0.1528,0.8379,0.5602,0.3475,0.2242,0.2212,0.0922,0.0944,0.3653,0.2663,0.2068,0.162,0.1513,0.8201,0.5394,0.3548,0.2375,0.2305,0.0951,0.1149,0.365,0.2667,0.211,0.1603,0.1352,0.826,0.565,0.3864,0.2493,0.268,0.095,0.0976,0.0937,0.0921,0.0947,0.1005,0.0922,0.0943,0.0915,0.094,0.1007,0.096,0.0982,
184800s,0.0949,0.094,0.0949,0.0964,0.0969,0.0925,0.092,0.099,0.0949,0.0944,0.0929,0.0933,0.0967,0.3633,0.2676,0.2195,0.1833,0.1636,0.8598,0.5664,0.4313,0.2986,0.2666,0.096,0.1385,0.3742,0.2632,0.2075,0.1855,0.1717,0.8437,0.5871,0.4084,0.292,0.2548,0.093,0.1055,0.4041,0.2752,0.2295,0.196,0.1746,0.8533,0.5888,0.4176,0.2749,0.2428,0.0931,0.1424,0.3947,0.2634,0.2026,0.1557,0.1517,0.8387,0.5618,0.3484,0.2252,0.222,0.0922,0.0956,0.3652,0.2646,0.2073,0.1611,0.1499,0.8199,0.5389,0.3549,0.2407,0.2328,0.0952,0.1164,0.3649,0.2671,0.2073,0.1626,0.1346,0.8253,0.5658,0.3872,0.2495,0.268,0.095,0.0995,0.0945,0.0929,0.0943,0.1008,0.092,0.0942,0.0914,0.0941,0.1004,0.096,0.0982,
185062s,0.0956,0.0937,0.0942,0.0956,0.0964,0.0922,0.092,0.0988,0.0946,0.0943,0.0926,0.0931,0.0969,0.3633,0.2679,0.2127,0.183,0.1621,0.8603,0.5681,0.4332,0.3003,0.2675,0.0962,0.1371,0.375,0.263,0.2101,0.1874,0.1735,0.8451,0.5866,0.4085,0.2916,0.2543,0.093,0.1051,0.4041,0.2756,0.2276,0.1943,0.1724,0.8543,0.5908,0.4206,0.2756,0.2433,0.093,0.1398,0.3946,0.2623,0.1945,0.155,0.1507,0.837,0.5603,0.3476,0.2247,0.2215,0.0922,0.0945,0.365,0.2648,0.2128,0.1601,0.1489,0.8213,0.54,0.356,0.2403,0.2364,0.0947,0.1205,0.3647,0.2656,0.2169,0.1648,0.136,0.8264,0.5655,0.3858,0.25,0.2687,0.0948,0.0989,0.0946,0.0928,0.0952,0.1008,0.0923,0.0944,0.0916,0.0941,0.1007,0.0959,0.0983,
185325s,0.095,0.0936,0.0946,0.0962,0.0965,0.0922,0.092,0.0987,0.0947,0.0943,0.0929,0.0931,0.0959,0.3626,0.2672,0.2149,0.1896,0.1613,0.8612,0.5682,0.4334,0.3003,0.2672,0.0962,0.1372,0.3743,0.2632,0.2072,0.1844,0.1676,0.8436,0.5875,0.4077,0.2916,0.255,0.093,0.1056,0.4036,0.2752,0.2278,0.1962,0.1732,0.8551,0.5904,0.4219,0.2765,0.2437,0.0932,0.1404,0.3948,0.2618,0.1951,0.1552,0.151,0.8369,0.5613,0.347,0.2244,0.2217,0.0924,0.0948,0.3647,0.2646,0.2102,0.1596,0.1497,0.8221,0.5405,0.3561,0.2389,0.2343,0.0948,0.1183,0.3646,0.2668,0.2143,0.1614,0.1359,0.8262,0.5649,0.3861,0.2491,0.2689,0.0949,0.0996,0.0948,0.0927,0.0985,0.1008,0.0921,0.0945,0.0915,0.094,0.1004,0.096,0.0982,
185587s,0.0955,0.0938,0.0946,0.0962,0.0968,0.0925,0.0919,0.0989,0.0949,0.0944,0.0929,0.0932,0.0967,0.3626,0.2675,0.2113,0.1883,0.1624,0.8606,0.5685,0.4338,0.3003,0.2672,0.0962,0.144,0.3748,0.2642,0.2084,0.1858,0.1689,0.8441,0.5872,0.4081,0.292,0.2549,0.0929,0.1055,0.4042,0.2756,0.2287,0.1952,0.1717,0.8539,0.5906,0.4211,0.2757,0.2433,0.0933,0.1372,0.3955,0.2635,0.2054,0.1548,0.1515,0.8371,0.561,0.3469,0.2248,0.2227,0.0922,0.095,0.3648,0.2664,0.2101,0.161,0.1507,0.822,0.5401,0.3561,0.2384,0.2333,0.0949,0.1202,0.3644,0.2662,0.2174,0.1648,0.1369,0.8272,0.5653,0.3863,0.2501,0.2693,0.0949,0.0998,0.0952,0.093,0.0945,0.101,0.0924,0.0946,0.0917,0.094,0.1004,0.0961,0.0981,
185850s,0.0952,0.0938,0.0943,0.0958,0.0965,0.092,0.0919,0.0989,0.0948,0.0943,0.0928,0.0932,0.0967,0.3627,0.2677,0.2165,0.1854,0.1643,0.861,0.5674,0.4297,0.2989,0.2666,0.0957,0.142,0.3743,0.2637,0.2068,0.1845,0.1709,0.8436,0.5883,0.4082,0.2917,0.2548,0.0931,0.1055,0.404,0.2755,0.2252,0.1947,0.1728,0.8551,0.5909,0.4183,0.2752,0.2421,0.0929,0.137,0.3956,0.2625,0.2064,0.1538,0.1511,0.8381,0.5616,0.3478,0.2252,0.2223,0.0921,0.0948,0.3646,0.2658,0.209,0.1608,0.1496,0.8226,0.5399,0.3554,0.2422,0.235,0.0946,0.1217,0.3645,0.2665,0.2123,0.1641,0.1346,0.828,0.5665,0.387,0.2504,0.2694,0.0948,0.0986,0.0944,0.0925,0.0997,0.1007,0.0919,0.0941,0.0914,0.0939,0.1003,0.096,0.0981,
186112s,0.0953,0.0942,0.0944,0.0958,0.0966,0.0925,0.0921,0.0989,0.0948,0.0944,0.0929,0.0933,0.0965,0.3634,0.268,0.2111,0.1866,0.1635,0.8611,0.5686,0.4324,0.3002,0.2671,0.096,0.1416,0.3748,0.2632,0.2102,0.1846,0.1691,0.8448,0.5875,0.4088,0.2911,0.2544,0.0931,0.1049,0.4047,0.2762,0.2252,0.1909,0.1703,0.8541,0.5909,0.4203,0.276,0.2422,0.0934,0.1416,0.3966,0.2601,0.2079,0.1536,0.1505,0.8386,0.561,0.3484,0.2248,0.2226,0.0921,0.0949,0.3652,0.2654,0.2161,0.1607,0.1487,0.8219,0.5407,0.3559,0.2412,0.2363,0.095,0.1226,0.3647,0.2663,0.2137,0.1617,0.1359,0.8286,0.5657,0.387,0.2497,0.27,0.0949,0.1001,0.0946,0.0925,0.0957,0.1008,0.0922,0.0945,0.0916,0.0939,0.1006,0.0958,0.0984,
186375s,0.0961,0.0938,0.0947,0.0962,0.0965,0.0923,0.0918,0.0988,0.0946,0.0942,0.0928,0.0933,0.0965,0.3619,0.2672,0.2114,0.1888,0.1632,0.8618,0.5692,0.4325,0.2999,0.2673,0.0964,0.1378,0.3747,0.2629,0.2087,0.1853,0.1718,0.8448,0.5877,0.4083,0.2919,0.2547,0.093,0.1055,0.4045,0.2753,0.2289,0.1971,0.1738,0.8548,0.591,0.4197,0.2757,0.2423,0.0929,0.1414,0.3969,0.2632,0.2086,0.154,0.1504,0.8384,0.5611,0.3479,0.2249,0.2228,0.0921,0.0955,0.3648,0.2673,0.2113,0.1605,0.1498,0.8218,0.5403,0.3545,0.242,0.2361,0.0948,0.1179,0.3642,0.2661,0.2193,0.1647,0.1359,0.828,0.5659,0.3872,0.2502,0.2713,0.0949,0.0993,0.0947,0.0926,0.0943,0.1007,0.0922,0.0943,0.0915,0.094,0.1005,0.096,0.0983,
186637s,0.095,0.0938,0.0946,0.0962,0.0966,0.0921,0.092,0.0991,0.0947,0.0943,0.0927,0.0934,0.0968,0.3621,0.2673,0.2195,0.1856,0.1627,0.8622,0.5677,0.43,0.2992,0.2675,0.0963,0.1443,0.3745,0.2642,0.2093,0.185,0.1704,0.846,0.5884,0.4087,0.2922,0.2547,0.0931,0.1058,0.4046,0.2754,0.2237,0.1965,0.1742,0.8549,0.591,0.4175,0.2752,0.2418,0.0931,0.1404,0.3969,0.2623,0.1998,0.156,0.1512,0.8398,0.5631,0.3476,0.2258,0.2237,0.0921,0.0949,0.3647,0.2651,0.2054,0.1617,0.1505,0.8233,0.5401,0.3558,0.2394,0.2337,0.0947,0.1163,0.3648,0.2662,0.2121,0.1645,0.1347,0.828,0.567,0.3878,0.2501,0.2724,0.0948,0.0984,0.0936,0.0921,0.0943,0.1006,0.092,0.0941,0.0915,0.0939,0.1005,0.096,0.0985,
186900s,0.0956,0.0938,0.0945,0.0959,0.0966,0.0921,0.0918,0.099,0.0949,0.0943,0.0927,0.0932,0.097,0.3627,0.2672,0.2225,0.1836,0.1642,0.862,0.5673,0.4292,0.2991,0.2673,0.0962,0.141,0.3744,0.2627,0.2101,0.1875,0.1758,0.8467,0.5886,0.4094,0.2929,0.2555,0.0931,0.106,0.4047,0.2749,0.2264,0.198,0.1744,0.8548,0.5905,0.4177,0.2747,0.243,0.0931,0.1361,0.3969,0.2628,0.1993,0.1561,0.1523,0.8398,0.5628,0.3478,0.2246,0.2234,0.0921,0.0943,0.3647,0.2653,0.2043,0.1623,0.1508,0.8225,0.5393,0.3539,0.2366,0.2325,0.0947,0.1187,0.3646,0.2653,0.2073,0.1634,0.1351,0.8276,0.5669,0.3882,0.2507,0.2731,0.095,0.0998,0.0951,0.0928,0.0968,0.1008,0.0923,0.0944,0.0917,0.094,0.1005,0.096,0.0984,
187162s,0.0954,0.0935,0.0941,0.0959,0.0962,0.0922,0.0918,0.0989,0.0946,0.0942,0.0928,0.0932,0.0962,0.363,0.2675,0.213,0.1889,0.1617,0.8628,0.5691,0.4337,0.3003,0.2675,0.0965,0.1391,0.3746,0.2623,0.2113,0.1891,0.1775,0.8454,0.5883,0.4085,0.292,0.2551,0.093,0.1048,0.4041,0.275,0.2288,0.1939,0.1723,0.8546,0.592,0.4222,0.2764,0.2425,0.0931,0.1395,0.3973,0.2625,0.2067,0.1537,0.1502,0.8391,0.5624,0.348,0.2254,0.2236,0.0921,0.0951,0.3648,0.2665,0.2117,0.1607,0.15,0.8229,0.5415,0.3558,0.242,0.235,0.0949,0.122,0.3645,0.265,0.2181,0.1674,0.1375,0.8272,0.5659,0.3871,0.2505,0.2719,0.0949,0.0991,0.0944,0.0928,0.0948,0.1011,0.0922,0.0945,0.0918,0.0941,0.1004,0.0958,0.0981,
187424s,0.0954,0.0938,0.0946,0.0961,0.0965,0.0922,0.0918,0.099,0.0948,0.0943,0.0927,0.0933,0.097,0.3629,0.2674,0.2111,0.1875,0.1628,0.8634,0.5698,0.4333,0.3008,0.2679,0.0964,0.1395,0.3744,0.2637,0.2087,0.1858,0.1725,0.8451,0.5884,0.4087,0.2921,0.2551,0.0931,0.105,0.4049,0.2751,0.2308,0.1979,0.175,0.8549,0.592,0.4211,0.2758,0.2437,0.0933,0.1423,0.3968,0.263,0.2014,0.1537,0.1503,0.8387,0.562,0.3477,0.2249,0.2237,0.0921,0.0949,0.3645,0.2646,0.2106,0.161,0.1496,0.8225,0.5415,0.3563,0.2415,0.2355,0.0949,0.1181,0.3645,0.2662,0.2166,0.1636,0.1364,0.8273,0.5665,0.3874,0.2502,0.2715,0.0948,0.0983,0.0939,0.0922,0.0959,0.1006,0.0922,0.0943,0.0915,0.0941,0.1005,0.0961,0.0983,
187687s,0.0953,0.0938,0.0946,0.0958,0.0965,0.0922,0.0918,0.099,0.0947,0.0943,0.0928,0.0932,0.0969,0.3623,0.2673,0.2174,0.1846,0.1633,0.8627,0.5684,0.4306,0.2997,0.2675,0.0959,0.1475,0.3741,0.2631,0.2061,0.1844,0.171,0.846,0.5896,0.4089,0.2918,0.255,0.0931,0.1046,0.4044,0.2752,0.2224,0.1913,0.1718,0.8554,0.5904,0.4184,0.2751,0.242,0.0929,0.136,0.3974,0.2616,0.2073,0.1543,0.151,0.8389,0.5627,0.3474,0.226,0.2238,0.092,0.0945,0.3642,0.2653,0.2077,0.1617,0.1499,0.8225,0.5411,0.3551,0.2404,0.2351,0.0948,0.1179,0.3639,0.2666,0.2161,0.1646,0.1347,0.8277,0.5678,0.3883,0.2499,0.2729,0.0949,0.0997,0.0943,0.0927,0.0953,0.1006,0.0921,0.094,0.0914,0.094,0.1004,0.0959,0.0983,
187949s,0.0955,0.0938,0.0945,0.0958,0.0964,0.0924,0.0919,0.0989,0.0947,0.0942,0.0928,0.0933,0.097,0.3625,0.2674,0.2139,0.1888,0.1632,0.8642,0.5702,0.4347,0.3015,0.2678,0.0962,0.1352,0.3741,0.2631,0.2109,0.1869,0.1739,0.8466,0.5885,0.4081,0.2921,0.255,0.0928,0.1049,0.405,0.2757,0.2274,0.1906,0.1727,0.8558,0.5908,0.42,0.2756,0.2421,0.0931,0.1328,0.3977,0.2625,0.2059,0.1526,0.1502,0.839,0.5622,0.3477,0.2251,0.2233,0.0921,0.0944,0.3645,0.2647,0.2097,0.1605,0.1493,0.8234,0.5413,0.3566,0.2404,0.2382,0.0948,0.1221,0.3642,0.265,0.2196,0.1719,0.1372,0.8268,0.5665,0.3873,0.2509,0.2736,0.0948,0.0987,0.094,0.0927,0.0958,0.1009,0.0923,0.0943,0.0916,0.094,0.1004,0.0959,0.0981,
188212s,0.095,0.0938,0.0944,0.0959,0.0963,0.0921,0.0918,0.099,0.0947,0.0943,0.0929,0.0933,0.0965,0.3623,0.267,0.2121,0.1874,0.1631,0.8641,0.5701,0.4347,0.3014,0.2677,0.0961,0.1412,0.3746,0.2628,0.2111,0.188,0.1745,0.8467,0.59,0.4097,0.2924,0.255,0.0929,0.1053,0.405,0.2754,0.2291,0.1968,0.1732,0.8567,0.5916,0.4196,0.2766,0.2428,0.0929,0.1418,0.3979,0.2624,0.2065,0.1538,0.1509,0.84,0.5626,0.3484,0.225,0.2241,0.0922,0.0949,0.3645,0.2652,0.2106,0.1612,0.1499,0.8236,0.5411,0.3557,0.2411,0.2355,0.0948,0.1158,0.3643,0.2648,0.2117,0.1613,0.1351,0.8289,0.5675,0.3879,0.2506,0.2725,0.0951,0.099,0.0943,0.0923,0.0943,0.1006,0.0921,0.0943,0.0913,0.0938,0.1005,0.0959,0.0982,
188474s,0.0951,0.094,0.0947,0.0961,0.0968,0.0921,0.0919,0.099,0.0947,0.0944,0.0927,0.0935,0.0969,0.3619,0.267,0.2212,0.184,0.1636,0.8637,0.5693,0.4325,0.3005,0.2675,0.0959,0.1424,0.3742,0.263,0.209,0.1876,0.1737,0.8477,0.5892,0.4099,0.2926,0.2551,0.0934,0.1053,0.4052,0.2749,0.2213,0.1932,0.1717,0.8561,0.5918,0.4196,0.2757,0.2412,0.0933,0.1362,0.3989,0.2603,0.2115,0.1543,0.1511,0.8404,0.5635,0.3491,0.2261,0.2252,0.0922,0.0954,0.3647,0.2647,0.2077,0.1612,0.1495,0.8224,0.5412,0.3548,0.2392,0.2364,0.0951,0.1203,0.3649,0.2645,0.2162,0.1662,0.1356,0.8293,0.5677,0.3889,0.2504,0.2751,0.0949,0.0999,0.0941,0.0926,0.0947,0.1008,0.0922,0.0944,0.0916,0.094,0.1005,0.096,0.0981,
188737s,0.0959,0.0937,0.0941,0.0961,0.0968,0.0924,0.0919,0.0989,0.0947,0.0944,0.0928,0.0931,0.0967,0.3624,0.2679,0.2117,0.187,0.1617,0.8658,0.5704,0.4352,0.3014,0.2682,0.0961,0.1431,0.3738,0.2626,0.2109,0.1861,0.172,0.847,0.5887,0.4088,0.2921,0.2556,0.0927,0.1066,0.4052,0.2751,0.2271,0.1939,0.1708,0.8564,0.592,0.4206,0.2761,0.2419,0.0929,0.1378,0.3988,0.2636,0.2081,0.1536,0.15,0.8403,0.5627,0.3485,0.225,0.2246,0.0921,0.0954,0.3643,0.2662,0.211,0.1615,0.1497,0.8227,0.5402,0.3546,0.2393,0.2389,0.0947,0.1203,0.3641,0.2647,0.2112,0.1625,0.1347,0.8304,0.5677,0.3884,0.2503,0.2736,0.0951,0.0985,0.0942,0.0923,0.0941,0.1006,0.0922,0.0943,0.0915,0.0938,0.1004,0.0959,0.0982,
188999s,0.0952,0.0937,0.0944,0.0958,0.0965,0.0924,0.0919,0.0988,0.0949,0.0945,0.0929,0.0932,0.096,0.3625,0.2671,0.2136,0.1888,0.1616,0.8646,0.5702,0.4336,0.3015,0.2682,0.0963,0.1436,0.3742,0.2624,0.2106,0.1859,0.173,0.8472,0.5885,0.4099,0.2919,0.2548,0.0928,0.1044,0.4052,0.2748,0.2286,0.1959,0.1752,0.8567,0.5929,0.4213,0.2768,0.2432,0.0933,0.1411,0.3986,0.2624,0.2002,0.1553,0.1509,0.84,0.5629,0.3485,0.2246,0.2245,0.092,0.0954,0.3648,0.2655,0.2108,0.1605,0.1497,0.8235,0.5432,0.3569,0.2409,0.2365,0.0946,0.1214,0.3643,0.2646,0.2204,0.1663,0.1366,0.8297,0.5672,0.3885,0.2503,0.2745,0.0948,0.0991,0.0947,0.0925,0.0942,0.1008,0.092,0.0944,0.0916,0.0939,0.1005,0.0961,0.098,
189262s,0.0951,0.0938,0.0945,0.0959,0.0967,0.0923,0.0919,0.0988,0.0948,0.0944,0.0928,0.0931,0.0966,0.3635,0.2674,0.2107,0.1881,0.1637,0.8643,0.5698,0.432,0.3008,0.2679,0.096,0.1428,0.3742,0.2625,0.2095,0.1859,0.1721,0.848,0.589,0.4095,0.2925,0.2556,0.0927,0.1058,0.4057,0.2754,0.2282,0.1909,0.1711,0.8573,0.5922,0.4221,0.2764,0.2425,0.0933,0.1327,0.3992,0.2634,0.2013,0.1543,0.1506,0.8403,0.5633,0.3486,0.2245,0.2249,0.0921,0.0947,0.3648,0.267,0.2138,0.1603,0.1491,0.8232,0.5415,0.3556,0.2417,0.2386,0.0948,0.1201,0.3646,0.2652,0.2201,0.1702,0.1374,0.8292,0.5674,0.3885,0.2507,0.2756,0.0949,0.0997,0.0947,0.0925,0.0954,0.1008,0.0921,0.0944,0.0916,0.0941,0.1008,0.0962,0.0983,
189524s,0.095,0.094,0.0946,0.0961,0.0965,0.0925,0.0918,0.0988,0.0947,0.0943,0.0928,0.0933,0.0962,0.3637,0.2674,0.2152,0.1893,0.1628,0.8654,0.5711,0.435,0.3018,0.2687,0.0962,0.149,0.3742,0.2628,0.2109,0.187,0.1749,0.8466,0.5885,0.4097,0.2921,0.255,0.0932,0.105,0.4051,0.2749,0.224,0.1996,0.1778,0.8578,0.5927,0.4232,0.277,0.2437,0.0928,0.1402,0.3988,0.2611,0.2021,0.1521,0.1506,0.841,0.5626,0.3488,0.2251,0.2252,0.0921,0.0952,0.3644,0.2646,0.2148,0.1618,0.1487,0.8243,0.5423,0.3577,0.2436,0.2407,0.0948,0.1231,0.364,0.2645,0.2154,0.1648,0.1366,0.8296,0.5666,0.3888,0.2504,0.2745,0.0949,0.0993,0.0944,0.0929,0.0949,0.101,0.0921,0.0945,0.0914,0.094,0.1005,0.0961,0.0982,
189787s,0.0958,0.0943,0.0948,0.0961,0.0968,0.0924,0.0921,0.0992,0.0947,0.0943,0.0927,0.0934,0.097,0.3621,0.2664,0.2172,0.1911,0.1627,0.8648,0.5695,0.4323,0.3012,0.2686,0.096,0.1431,0.3741,0.2633,0.2058,0.185,0.17,0.8477,0.5905,0.41,0.2935,0.2563,0.0928,0.1061,0.4052,0.2751,0.2252,0.1903,0.1724,0.8578,0.5911,0.4194,0.2755,0.2413,0.0932,0.1372,0.3993,0.2627,0.2026,0.1542,0.1507,0.8418,0.5635,0.3492,0.2255,0.2255,0.0922,0.0942,0.3645,0.2645,0.2029,0.1632,0.1514,0.8243,0.5404,0.3544,0.2363,0.2354,0.0948,0.1168,0.3643,0.2652,0.2158,0.1655,0.135,0.8299,0.5688,0.389,0.2507,0.2763,0.0949,0.0997,0.0951,0.093,0.0955,0.1007,0.0921,0.0943,0.0915,0.094,0.1005,0.0959,0.0981,
190049s,0.0956,0.0937,0.0943,0.096,0.0964,0.0921,0.0918,0.0988,0.0946,0.0943,0.0927,0.0932,0.0964,0.3625,0.2671,0.2126,0.1859,0.1635,0.8654,0.5695,0.4324,0.3007,0.2682,0.0962,0.1487,0.3733,0.2622,0.2085,0.1852,0.1724,0.8474,0.5898,0.4093,0.2931,0.2555,0.0929,0.1054,0.405,0.2745,0.2282,0.1962,0.1738,0.8572,0.5928,0.4235,0.2763,0.2429,0.0929,0.1384,0.3992,0.2623,0.2056,0.1538,0.1505,0.8411,0.5641,0.3489,0.2253,0.2255,0.0921,0.0943,0.3645,0.264,0.21,0.1609,0.1496,0.8245,0.542,0.3561,0.2387,0.2367,0.0947,0.1161,0.3641,0.2643,0.2197,0.1658,0.1353,0.8294,0.568,0.3895,0.2514,0.2764,0.0948,0.099,0.0943,0.0922,0.094,0.1006,0.092,0.0941,0.0914,0.0938,0.1003,0.0957,0.0982,
190312s,0.0952,0.0946,0.0946,0.0963,0.0966,0.0925,0.092,0.0992,0.0947,0.0943,0.0928,0.0936,0.0974,0.3619,0.2663,0.224,0.1876,0.1631,0.8652,0.5703,0.4318,0.3003,0.2682,0.0957,0.1479,0.3738,0.2624,0.2124,0.1869,0.171,0.8484,0.5901,0.4107,0.2933,0.2559,0.0928,0.1063,0.4055,0.2741,0.2214,0.1925,0.1729,0.8582,0.5914,0.4189,0.2755,0.2415,0.0931,0.14,0.3997,0.2625,0.2046,0.1538,0.1511,0.8407,0.5642,0.3492,0.2252,0.2263,0.092,0.0948,0.3646,0.2635,0.2076,0.1596,0.1497,0.8231,0.5396,0.3552,0.2388,0.2391,0.0944,0.1202,0.3637,0.2646,0.2047,0.1607,0.134,0.8301,0.5699,0.3902,0.2514,0.2765,0.095,0.0995,0.0947,0.0927,0.0959,0.1008,0.0923,0.0942,0.0916,0.0938,0.1006,0.0959,0.098,
190574s,0.0955,0.0936,0.0944,0.096,0.0964,0.0921,0.0919,0.0989,0.0946,0.0944,0.0929,0.0933,0.0968,0.3624,0.2677,0.2113,0.187,0.1627,0.8653,0.5706,0.4331,0.3012,0.2685,0.096,0.1391,0.374,0.2626,0.2093,0.1862,0.1722,0.848,0.5891,0.4096,0.2929,0.2556,0.0927,0.1056,0.4051,0.2751,0.2293,0.1898,0.1705,0.8585,0.5937,0.4211,0.2762,0.242,0.0929,0.1347,0.4002,0.2637,0.2129,0.1538,0.1519,0.8403,0.5629,0.349,0.2253,0.2258,0.0921,0.095,0.3642,0.2642,0.2089,0.1614,0.1506,0.8245,0.5432,0.3563,0.2374,0.2359,0.0948,0.1227,0.364,0.2653,0.2197,0.1676,0.1371,0.8294,0.5676,0.3895,0.251,0.2767,0.0948,0.0986,0.0937,0.0925,0.0938,0.1008,0.0922,0.0944,0.0918,0.094,0.1004,0.0959,0.0983,
190837s,0.095,0.0941,0.0948,0.0962,0.0966,0.0922,0.0919,0.0989,0.0949,0.0944,0.0928,0.0933,0.0969,0.3624,0.2673,0.2166,0.1845,0.1643,0.8649,0.5699,0.4325,0.3012,0.2688,0.0962,0.1391,0.3736,0.2627,0.2066,0.1865,0.1716,0.8485,0.5899,0.411,0.2934,0.2557,0.0928,0.1057,0.4057,0.2745,0.2304,0.1984,0.177,0.8589,0.5927,0.4194,0.2761,0.243,0.0931,0.1423,0.4001,0.2619,0.2073,0.1535,0.1505,0.8424,0.5633,0.3494,0.2253,0.2262,0.0921,0.0951,0.3645,0.2639,0.2137,0.1607,0.1499,0.825,0.5424,0.3553,0.2378,0.2368,0.0949,0.1222,0.364,0.2637,0.2157,0.1658,0.135,0.8311,0.5687,0.3896,0.2515,0.2773,0.0949,0.1003,0.0951,0.0927,0.0942,0.1006,0.0922,0.0944,0.0917,0.0941,0.1005,0.096,0.0982,
191099s,0.0954,0.0939,0.0946,0.0961,0.0967,0.0922,0.0919,0.0989,0.0946,0.0944,0.0929,0.0934,0.0971,0.3622,0.2673,0.2121,0.1888,0.1641,0.8661,0.571,0.4322,0.3012,0.2686,0.0961,0.1367,0.3736,0.2623,0.2114,0.1901,0.1757,0.8481,0.5899,0.4102,0.2929,0.2557,0.0931,0.105,0.4054,0.2745,0.2296,0.1988,0.1778,0.8573,0.5935,0.422,0.2766,0.2432,0.0932,0.141,0.4008,0.2636,0.2074,0.1543,0.1507,0.841,0.5632,0.3494,0.2256,0.2267,0.0923,0.0947,0.3639,0.2656,0.2102,0.1609,0.1493,0.8248,0.5433,0.3568,0.2398,0.2394,0.0948,0.1209,0.3641,0.2643,0.2094,0.1604,0.1355,0.8299,0.5693,0.3902,0.2516,0.2771,0.0948,0.0993,0.0945,0.0926,0.0941,0.1007,0.0925,0.0945,0.0916,0.094,0.1006,0.0959,0.0981,
191362s,0.0947,0.0938,0.0945,0.0961,0.0965,0.0923,0.0919,0.0988,0.0946,0.0943,0.0927,0.093,0.0961,0.3621,0.2671,0.2166,0.1892,0.1628,0.8663,0.5722,0.4356,0.3024,0.2694,0.0964,0.1397,0.3733,0.2623,0.2106,0.186,0.1743,0.8481,0.5899,0.41,0.2929,0.2557,0.0929,0.1054,0.4057,0.2747,0.2288,0.1967,0.1751,0.859,0.5944,0.4224,0.2769,0.2438,0.0929,0.1396,0.4008,0.2636,0.1964,0.1545,0.1497,0.8411,0.5638,0.3495,0.225,0.2263,0.0921,0.0951,0.3639,0.265,0.2118,0.1602,0.1493,0.8249,0.5434,0.3578,0.241,0.2393,0.0948,0.122,0.3637,0.263,0.2187,0.1713,0.1379,0.8299,0.5681,0.3894,0.2513,0.2777,0.0949,0.0993,0.0946,0.0927,0.0942,0.1008,0.092,0.0943,0.0914,0.094,0.1003,0.0958,0.0982,
191624s,0.0961,0.094,0.0946,0.0961,0.0969,0.0925,0.0921,0.0992,0.0948,0.0944,0.0929,0.0934,0.097,0.3618,0.2669,0.2199,0.1836,0.1633,0.8661,0.57,0.4323,0.3017,0.2694,0.096,0.1407,0.3736,0.2631,0.2145,0.191,0.1793,0.8489,0.591,0.4108,0.2938,0.2562,0.0929,0.1059,0.4063,0.2741,0.2255,0.1961,0.1787,0.859,0.5932,0.4205,0.2764,0.2444,0.0935,0.1377,0.4027,0.2624,0.2056,0.1539,0.1506,0.8422,0.5656,0.3498,0.2256,0.2282,0.0922,0.0939,0.3642,0.2629,0.2089,0.1603,0.1491,0.8261,0.5418,0.3571,0.2392,0.2413,0.0949,0.1192,0.3641,0.2642,0.2106,0.1642,0.1347,0.8305,0.5701,0.3905,0.2514,0.2785,0.0951,0.0983,0.0936,0.0923,0.0944,0.1006,0.0922,0.0944,0.0916,0.094,0.1005,0.0961,0.0982,
191887s,0.0953,0.0942,0.0945,0.096,0.0967,0.0925,0.0918,0.0989,0.0947,0.0944,0.0928,0.093,0.0959,0.3623,0.2668,0.2156,0.1884,0.1615,0.8686,0.5715,0.4367,0.3024,0.2692,0.096,0.1393,0.3737,0.2625,0.2103,0.1869,0.1733,0.8492,0.5903,0.4102,0.293,0.2556,0.0926,0.1057,0.4059,0.2747,0.2324,0.1996,0.1784,0.8591,0.5944,0.423,0.277,0.2436,0.0929,0.1391,0.4021,0.2629,0.2059,0.1532,0.1503,0.8418,0.5645,0.349,0.2257,0.2268,0.0922,0.0949,0.3639,0.2638,0.2129,0.1603,0.1488,0.8263,0.5433,0.3579,0.2419,0.2406,0.0947,0.1242,0.3634,0.2636,0.2186,0.1664,0.1367,0.8305,0.5694,0.3897,0.2515,0.2784,0.095,0.0989,0.0948,0.0928,0.0945,0.101,0.0924,0.0948,0.0915,0.0939,0.1006,0.0959,0.098,
192149s,0.0959,0.0938,0.0947,0.0961,0.0968,0.0922,0.0919,0.0988,0.0946,0.0943,0.0927,0.0932,0.0978,0.3615,0.2668,0.2224,0.1838,0.1631,0.8665,0.57,0.4333,0.3012,0.27,0.0961,0.1415,0.3736,0.2631,0.2039,0.1838,0.1703,0.8504,0.5903,0.4114,0.2937,0.2566,0.0932,0.1068,0.4064,0.274,0.2232,0.1929,0.1758,0.8587,0.5924,0.4197,0.2757,0.2428,0.0932,0.1355,0.4029,0.2632,0.2011,0.1549,0.1507,0.8434,0.5661,0.3501,0.225,0.2281,0.0921,0.0946,0.3643,0.2635,0.2069,0.1606,0.1505,0.8257,0.5418,0.3548,0.2379,0.2371,0.0949,0.1188,0.3638,0.2634,0.2161,0.168,0.1363,0.8316,0.5705,0.3904,0.2516,0.2808,0.0952,0.0984,0.0937,0.0922,0.0938,0.1006,0.0921,0.0943,0.0915,0.0941,0.1006,0.0959,0.0983,
192411s,0.0955,0.0941,0.0946,0.0959,0.0965,0.0923,0.0919,0.0988,0.0948,0.0943,0.0927,0.0932,0.0967,0.362,0.2673,0.211,0.1869,0.1612,0.8668,0.5716,0.435,0.3022,0.2693,0.0963,0.138,0.3738,0.2631,0.206,0.1861,0.172,0.8493,0.5907,0.4112,0.2938,0.2561,0.0927,0.1052,0.4063,0.2744,0.2292,0.1927,0.1729,0.8597,0.5954,0.4225,0.2766,0.2423,0.0933,0.1407,0.4035,0.2637,0.2075,0.1541,0.1507,0.8427,0.5641,0.3497,0.225,0.2273,0.0922,0.0949,0.3643,0.2641,0.216,0.1607,0.1499,0.8259,0.5438,0.3569,0.2398,0.2399,0.0952,0.1176,0.364,0.2643,0.2205,0.1662,0.1369,0.8316,0.5688,0.39,0.2514,0.2793,0.095,0.0988,0.0944,0.0924,0.0942,0.1007,0.0922,0.0945,0.0913,0.0941,0.1007,0.096,0.0981,
192674s,0.0959,0.0938,0.0944,0.0963,0.0968,0.0924,0.092,0.0989,0.0947,0.0945,0.0928,0.0931,0.0965,0.3621,0.2673,0.2107,0.1856,0.1641,0.8664,0.5729,0.4359,0.3019,0.2692,0.0961,0.1412,0.3734,0.2631,0.2115,0.1855,0.1729,0.85,0.5903,0.4108,0.2936,0.2559,0.0929,0.1077,0.4059,0.2741,0.2321,0.2008,0.1773,0.8592,0.5946,0.422,0.277,0.2444,0.0932,0.1394,0.4034,0.2639,0.2075,0.1555,0.1519,0.8426,0.5632,0.3493,0.2254,0.2273,0.0921,0.095,0.3644,0.2642,0.2126,0.1605,0.1494,0.8263,0.5439,0.3585,0.2392,0.2405,0.0946,0.1202,0.3636,0.2636,0.2191,0.1662,0.1365,0.8317,0.5698,0.3902,0.2516,0.279,0.0947,0.0998,0.0945,0.0926,0.094,0.1008,0.0921,0.0945,0.0915,0.094,0.1006,0.0959,0.0981,
192936s,0.0951,0.0938,0.0947,0.0963,0.0967,0.0925,0.092,0.099,0.0948,0.0943,0.0929,0.0933,0.0966,0.3619,0.2673,0.2102,0.1868,0.1638,0.8668,0.5713,0.4345,0.3016,0.269,0.0961,0.1422,0.3732,0.2624,0.2093,0.186,0.1741,0.8503,0.5913,0.4119,0.2937,0.2563,0.0927,0.1053,0.4063,0.274,0.2303,0.1993,0.1785,0.8594,0.5947,0.4223,0.2767,0.2434,0.0932,0.1406,0.4045,0.2628,0.2024,0.1549,0.1508,0.8423,0.565,0.3498,0.2252,0.2285,0.0921,0.0944,0.3643,0.2639,0.2096,0.1602,0.1494,0.8267,0.544,0.3578,0.2383,0.2398,0.095,0.1187,0.3638,0.263,0.219,0.1667,0.1368,0.8315,0.5698,0.3905,0.2515,0.2797,0.0949,0.0998,0.0944,0.0923,0.0943,0.1006,0.092,0.0944,0.0915,0.094,0.1006,0.0959,0.0984,
193199s,0.0955,0.0936,0.0942,0.0959,0.0963,0.0923,0.0919,0.0989,0.0947,0.0944,0.0928,0.0932,0.0961,0.3618,0.2669,0.2166,0.1887,0.1616,0.868,0.5729,0.4381,0.3046,0.2703,0.0964,0.144,0.3738,0.2623,0.2103,0.1858,0.1743,0.8505,0.5907,0.4114,0.2932,0.2562,0.093,0.1054,0.4067,0.2745,0.2307,0.1906,0.1704,0.86,0.5955,0.4239,0.2775,0.2434,0.093,0.1434,0.4049,0.2625,0.1997,0.1542,0.1505,0.8427,0.5637,0.3499,0.225,0.2278,0.0922,0.0948,0.3643,0.264,0.2199,0.1618,0.149,0.8265,0.5449,0.3577,0.2428,0.2435,0.0949,0.1252,0.3638,0.2625,0.219,0.1744,0.138,0.8324,0.568,0.3905,0.2515,0.2796,0.095,0.0985,0.0941,0.0928,0.0942,0.1007,0.0919,0.0945,0.0916,0.0938,0.1007,0.096,0.0984,
193461s,0.0957,0.0936,0.0942,0.0958,0.0963,0.0922,0.0918,0.0989,0.0948,0.0942,0.0926,0.0931,0.096,0.3625,0.266,0.2133,0.1876,0.1621,0.8675,0.5726,0.4362,0.3024,0.2704,0.0962,0.1423,0.3735,0.262,0.2093,0.1858,0.173,0.8501,0.5906,0.4118,0.2932,0.2565,0.0929,0.1057,0.4062,0.2744,0.2291,0.1949,0.1722,0.8596,0.5955,0.4216,0.2777,0.2437,0.0932,0.1409,0.4048,0.2639,0.197,0.1543,0.1503,0.8424,0.5633,0.3503,0.2247,0.2278,0.0921,0.0943,0.3638,0.2639,0.2091,0.1607,0.1506,0.8261,0.5451,0.3581,0.2385,0.2389,0.0949,0.117,0.3635,0.2633,0.2167,0.1697,0.1374,0.8321,0.5688,0.3907,0.2519,0.2809,0.0947,0.0991,0.0949,0.0936,0.0944,0.1011,0.0923,0.0947,0.0918,0.0941,0.1005,0.0959,0.0978,
193724s,0.0957,0.094,0.0948,0.0962,0.0965,0.0922,0.0919,0.0988,0.0948,0.0942,0.0928,0.0934,0.097,0.3619,0.2668,0.2132,0.1847,0.1636,0.867,0.5719,0.4332,0.3021,0.2695,0.0959,0.1437,0.3738,0.2624,0.208,0.1862,0.1751,0.8516,0.5913,0.4117,0.2937,0.2563,0.093,0.1062,0.406,0.2742,0.2298,0.1979,0.175,0.8598,0.5946,0.4224,0.277,0.2436,0.0929,0.1399,0.4055,0.2633,0.2068,0.1545,0.1512,0.8436,0.5656,0.3505,0.2254,0.2293,0.0922,0.0944,0.3646,0.2623,0.2072,0.162,0.1497,0.826,0.544,0.358,0.2387,0.2407,0.0947,0.1172,0.364,0.2631,0.2214,0.1672,0.1357,0.832,0.57,0.3914,0.2519,0.2814,0.095,0.0995,0.0947,0.0925,0.0942,0.1009,0.0924,0.0944,0.0916,0.0939,0.1007,0.0959,0.0982,
193987s,0.0955,0.0945,0.0945,0.0959,0.0965,0.092,0.092,0.0988,0.0948,0.0943,0.0929,0.0933,0.0968,0.3613,0.2668,0.2155,0.1842,0.1633,0.8681,0.572,0.4334,0.3023,0.2699,0.0961,0.1413,0.3733,0.2627,0.2017,0.1838,0.1678,0.8509,0.5911,0.4122,0.294,0.2571,0.0926,0.1059,0.407,0.274,0.2266,0.1917,0.1722,0.8604,0.5943,0.4211,0.2764,0.242,0.0931,0.1356,0.4049,0.2631,0.2086,0.1528,0.1509,0.844,0.5645,0.3503,0.2262,0.2297,0.0921,0.0948,0.3639,0.2624,0.2096,0.1603,0.1497,0.8266,0.543,0.3561,0.2395,0.2414,0.0949,0.121,0.3635,0.2636,0.2151,0.1649,0.1346,0.8314,0.5703,0.3912,0.2524,0.281,0.0949,0.0991,0.0942,0.0924,0.0943,0.1006,0.0921,0.0944,0.0916,0.0941,0.1007,0.0959,0.098,
194249s,0.0954,0.0942,0.0944,0.0958,0.0964,0.0922,0.0919,0.0987,0.0945,0.0943,0.0929,0.0933,0.0969,0.361,0.267,0.212,0.1863,0.1616,0.8691,0.5729,0.4354,0.3022,0.27,0.0962,0.1526,0.3737,0.2617,0.2101,0.1861,0.1746,0.851,0.5908,0.4116,0.2935,0.2566,0.0927,0.1059,0.4071,0.274,0.2302,0.1968,0.175,0.8604,0.5958,0.4216,0.2768,0.243,0.0927,0.143,0.4067,0.2626,0.2044,0.1555,0.1511,0.8433,0.5645,0.3505,0.2256,0.2294,0.0921,0.0953,0.364,0.2639,0.2127,0.161,0.1501,0.8268,0.5455,0.3588,0.2396,0.2455,0.095,0.1188,0.3633,0.2633,0.2185,0.1639,0.1359,0.8325,0.57,0.3914,0.2522,0.281,0.0949,0.0984,0.0939,0.0925,0.0941,0.1006,0.0921,0.0944,0.0914,0.0938,0.1004,0.0959,0.098,
194511s,0.0954,0.0942,0.0947,0.0962,0.0968,0.0925,0.092,0.0988,0.0946,0.0943,0.0927,0.0931,0.0965,0.3609,0.2664,0.2115,0.1859,0.1621,0.8679,0.5734,0.4364,0.3021,0.2699,0.0959,0.1378,0.3735,0.2619,0.2098,0.186,0.1737,0.851,0.591,0.4114,0.2935,0.2564,0.0927,0.1069,0.4075,0.2737,0.2305,0.1999,0.1772,0.8611,0.5963,0.4243,0.2783,0.2443,0.0932,0.14,0.4067,0.2624,0.2027,0.1558,0.1525,0.8433,0.5648,0.3501,0.2256,0.2296,0.0921,0.0942,0.3636,0.263,0.216,0.1596,0.1496,0.8266,0.5443,0.3583,0.24,0.2452,0.0949,0.117,0.3631,0.2641,0.2141,0.1638,0.1359,0.8325,0.5701,0.3915,0.2521,0.2816,0.0948,0.0987,0.0939,0.0923,0.0939,0.1007,0.0921,0.0943,0.0915,0.0939,0.1005,0.0961,0.0984,
194774s,0.0951,0.0938,0.0946,0.096,0.0966,0.0921,0.0918,0.099,0.0948,0.0944,0.0927,0.0932,0.0968,0.3616,0.2668,0.2134,0.1893,0.1622,0.8679,0.574,0.4338,0.3026,0.2701,0.0962,0.1395,0.3734,0.2624,0.2089,0.1855,0.1708,0.8522,0.5927,0.4121,0.2937,0.2569,0.0928,0.1059,0.4075,0.274,0.2302,0.1978,0.1755,0.8611,0.5953,0.4256,0.2777,0.2435,0.0931,0.1351,0.4068,0.264,0.2078,0.1558,0.1515,0.844,0.5653,0.3504,0.2255,0.23,0.0922,0.0944,0.3643,0.2635,0.2171,0.161,0.1496,0.8279,0.544,0.3579,0.2393,0.244,0.0948,0.1221,0.3633,0.2624,0.2205,0.1661,0.1363,0.833,0.5699,0.3916,0.2522,0.2829,0.0949,0.0992,0.0943,0.0926,0.0941,0.1008,0.0924,0.0944,0.0916,0.0939,0.1006,0.0959,0.0986,
195036s,0.0952,0.0941,0.0944,0.0959,0.0966,0.0925,0.0921,0.0989,0.0947,0.0943,0.0927,0.093,0.0966,0.3618,0.2671,0.2108,0.1889,0.1616,0.8691,0.574,0.439,0.3044,0.272,0.096,0.1387,0.373,0.2621,0.2109,0.1872,0.1745,0.8525,0.591,0.412,0.2936,0.2563,0.0929,0.1063,0.4077,0.2741,0.2301,0.1931,0.1729,0.8622,0.5962,0.4259,0.2785,0.2445,0.0929,0.1357,0.4079,0.264,0.2025,0.1541,0.1503,0.8447,0.5642,0.3505,0.2252,0.2291,0.0921,0.0945,0.3638,0.2637,0.2079,0.16,0.1498,0.8273,0.5452,0.3582,0.2379,0.2411,0.0949,0.117,0.3637,0.2633,0.217,0.1655,0.1364,0.834,0.5704,0.3915,0.2529,0.2812,0.0948,0.0985,0.0944,0.0927,0.0943,0.1009,0.0921,0.0946,0.0917,0.0941,0.1006,0.0961,0.0982,
195299s,0.0954,0.094,0.0945,0.096,0.0965,0.0923,0.0919,0.099,0.0947,0.0944,0.0928,0.0931,0.0962,0.3615,0.267,0.2127,0.1872,0.1624,0.8689,0.5737,0.4379,0.3033,0.2703,0.0959,0.1431,0.373,0.2624,0.2073,0.1857,0.1725,0.8518,0.5918,0.4118,0.2931,0.256,0.0928,0.1056,0.408,0.2741,0.2302,0.194,0.1726,0.8613,0.5959,0.4242,0.2778,0.2439,0.093,0.1411,0.408,0.2633,0.2114,0.1539,0.1512,0.8435,0.5646,0.351,0.2254,0.2297,0.0921,0.0944,0.3641,0.2643,0.2173,0.1604,0.149,0.8277,0.5462,0.3595,0.2392,0.2436,0.0947,0.1183,0.3634,0.2619,0.2174,0.1655,0.1362,0.834,0.5701,0.392,0.2523,0.2822,0.0947,0.0994,0.0943,0.0932,0.0945,0.1011,0.0922,0.0946,0.0917,0.094,0.1004,0.0959,0.0983,
195562s,0.0959,0.094,0.0945,0.0963,0.0968,0.0923,0.092,0.099,0.0947,0.0943,0.0929,0.0932,0.0971,0.3611,0.2664,0.2182,0.1878,0.164,0.8686,0.5732,0.4351,0.3025,0.2703,0.0959,0.1429,0.3733,0.262,0.2026,0.1846,0.1704,0.8534,0.5924,0.4126,0.2942,0.257,0.0927,0.1061,0.408,0.2732,0.2259,0.1953,0.1743,0.8611,0.5953,0.4213,0.2773,0.2429,0.0932,0.1379,0.409,0.2634,0.1976,0.1562,0.1535,0.8433,0.5656,0.3504,0.2252,0.2303,0.0923,0.0949,0.3634,0.2621,0.2069,0.1605,0.1497,0.8279,0.5462,0.3594,0.2384,0.2421,0.0949,0.1152,0.3637,0.2628,0.221,0.1664,0.1354,0.8338,0.5711,0.3921,0.2528,0.284,0.0947,0.0999,0.0949,0.0927,0.0941,0.101,0.0923,0.0943,0.0917,0.094,0.1004,0.096,0.0982,
195824s,0.0953,0.0938,0.0943,0.0958,0.0964,0.0924,0.0919,0.099,0.0947,0.0942,0.0929,0.0931,0.0967,0.3612,0.2669,0.2121,0.1854,0.1619,0.8694,0.5744,0.436,0.3028,0.2705,0.0963,0.1392,0.3736,0.2618,0.208,0.1854,0.1718,0.8531,0.592,0.4118,0.2935,0.2565,0.0929,0.1065,0.4076,0.2742,0.2292,0.1943,0.1729,0.8613,0.5959,0.4237,0.277,0.2434,0.0929,0.1351,0.4093,0.2614,0.2095,0.1534,0.1515,0.8439,0.5654,0.3502,0.2259,0.2301,0.0922,0.0947,0.3637,0.2628,0.2142,0.1597,0.1493,0.8278,0.5454,0.3595,0.2383,0.2446,0.0949,0.1193,0.3629,0.2622,0.2187,0.1658,0.1363,0.8336,0.5714,0.3915,0.2525,0.2838,0.0949,0.0994,0.0947,0.093,0.0943,0.101,0.0922,0.0944,0.0916,0.0941,0.1005,0.0961,0.0982,
196087s,0.0957,0.0938,0.0945,0.096,0.0964,0.0921,0.0918,0.0986,0.0946,0.0943,0.0929,0.0931,0.0962,0.3609,0.2666,0.2104,0.1854,0.1618,0.8694,0.5741,0.4374,0.3036,0.2712,0.0963,0.1451,0.3732,0.2618,0.2081,0.1851,0.1725,0.8525,0.5923,0.412,0.294,0.2566,0.0927,0.1065,0.4076,0.2737,0.2285,0.1971,0.1753,0.8622,0.596,0.4253,0.2774,0.2444,0.0929,0.1369,0.4108,0.2628,0.21,0.1538,0.1508,0.8435,0.5644,0.3507,0.2259,0.2306,0.0922,0.0947,0.3634,0.2623,0.2111,0.1603,0.1495,0.8278,0.5463,0.36,0.2391,0.2426,0.095,0.1162,0.3629,0.263,0.2176,0.1648,0.1363,0.834,0.5715,0.392,0.2521,0.2836,0.095,0.0987,0.0944,0.093,0.0945,0.1009,0.0924,0.0945,0.0917,0.094,0.1006,0.0959,0.098,
196349s,0.0951,0.0938,0.0946,0.0959,0.0965,0.0922,0.0919,0.0989,0.0946,0.0942,0.0928,0.0931,0.097,0.3611,0.2665,0.2145,0.1845,0.1621,0.8694,0.5732,0.4357,0.3031,0.2704,0.0959,0.1489,0.3732,0.2614,0.2103,0.1895,0.1776,0.8532,0.5923,0.4121,0.2938,0.2565,0.0928,0.1057,0.4084,0.2734,0.2284,0.1953,0.1739,0.8619,0.596,0.4247,0.278,0.2439,0.0931,0.1404,0.4106,0.2604,0.2101,0.1537,0.1512,0.845,0.5654,0.35,0.2258,0.2306,0.0921,0.0947,0.3637,0.262,0.2103,0.1598,0.1487,0.8285,0.546,0.359,0.2385,0.2428,0.0948,0.1213,0.3626,0.2617,0.2215,0.1718,0.1361,0.834,0.5707,0.3917,0.2519,0.2861,0.0947,0.0989,0.0943,0.0922,0.094,0.1006,0.092,0.0942,0.0913,0.0938,0.1004,0.0959,0.0981,
196612s,0.0963,0.0938,0.0944,0.0961,0.0966,0.0923,0.0919,0.0989,0.0948,0.0945,0.0929,0.0933,0.0968,0.3616,0.2664,0.2185,0.1851,0.1636,0.8699,0.5736,0.4367,0.3035,0.2707,0.0961,0.1348,0.3732,0.2622,0.2025,0.1859,0.171,0.8531,0.5929,0.4122,0.2949,0.2571,0.0928,0.1059,0.4076,0.2735,0.2297,0.1972,0.1747,0.8626,0.5963,0.4253,0.2781,0.2437,0.0934,0.1399,0.4116,0.2624,0.2078,0.1543,0.1514,0.8449,0.5675,0.3504,0.2263,0.2311,0.0921,0.0949,0.3634,0.2625,0.2107,0.1604,0.1496,0.8293,0.5454,0.3591,0.2392,0.2453,0.0951,0.1195,0.3632,0.263,0.2102,0.1616,0.1344,0.8341,0.5726,0.3921,0.2524,0.2847,0.0949,0.0987,0.095,0.093,0.0943,0.101,0.0926,0.0947,0.0916,0.0939,0.1006,0.096,0.0982,
196874s,0.0946,0.0936,0.0944,0.0959,0.0964,0.0922,0.0918,0.0987,0.0946,0.0944,0.0927,0.093,0.096,0.3613,0.2669,0.2114,0.1877,0.1618,0.87,0.5743,0.4398,0.3056,0.2721,0.0958,0.1465,0.3733,0.2617,0.21,0.1896,0.1765,0.8531,0.5922,0.4116,0.2939,0.2566,0.0926,0.1058,0.4084,0.2737,0.2281,0.1946,0.1747,0.8623,0.5965,0.4256,0.2786,0.2443,0.0932,0.1415,0.4117,0.2622,0.2085,0.1538,0.1501,0.8455,0.5653,0.3505,0.2256,0.2304,0.092,0.0949,0.3633,0.2633,0.2112,0.1603,0.1501,0.8296,0.5454,0.3605,0.2383,0.2437,0.0946,0.1227,0.3625,0.262,0.2173,0.1657,0.1368,0.8334,0.5715,0.3926,0.2527,0.284,0.0948,0.0992,0.0948,0.0932,0.0944,0.1009,0.0921,0.0944,0.0913,0.0939,0.1006,0.0959,0.098,
197137s,0.0957,0.0938,0.0943,0.0958,0.0965,0.0924,0.0919,0.0987,0.0947,0.0943,0.0926,0.0932,0.0963,0.3616,0.2668,0.2126,0.1876,0.1622,0.8716,0.5742,0.4399,0.3051,0.2721,0.0962,0.137,0.3733,0.2621,0.2041,0.185,0.1694,0.8526,0.5928,0.4123,0.2946,0.2568,0.0927,0.1063,0.4088,0.2735,0.2293,0.2007,0.1794,0.8626,0.5961,0.4261,0.2789,0.2451,0.0932,0.1385,0.4129,0.261,0.2013,0.1549,0.1513,0.8458,0.5661,0.3508,0.2256,0.2305,0.0921,0.0949,0.3637,0.2645,0.2099,0.1604,0.1503,0.8289,0.5467,0.3601,0.2382,0.2425,0.0949,0.1191,0.3626,0.262,0.2181,0.1666,0.1371,0.8347,0.5714,0.3924,0.2527,0.2855,0.0948,0.098,0.0943,0.0924,0.0941,0.1006,0.0922,0.0945,0.0915,0.0941,0.1007,0.0961,0.0984,
197399s,0.0952,0.0936,0.0943,0.096,0.0965,0.0925,0.0919,0.099,0.0946,0.0943,0.0928,0.0931,0.096,0.3613,0.2662,0.2128,0.1886,0.1613,0.8703,0.5744,0.4393,0.3046,0.2712,0.096,0.1401,0.3731,0.2619,0.2078,0.1854,0.1721,0.8537,0.5925,0.4125,0.2942,0.2572,0.0927,0.1064,0.409,0.2736,0.2283,0.1914,0.1727,0.8627,0.5971,0.4259,0.2783,0.244,0.093,0.1419,0.4122,0.2621,0.199,0.1553,0.1506,0.8456,0.565,0.3503,0.2257,0.2311,0.0922,0.0945,0.3635,0.263,0.2108,0.1596,0.1496,0.8291,0.5462,0.3594,0.2388,0.2436,0.0948,0.121,0.3625,0.2624,0.2156,0.1638,0.1359,0.8354,0.5727,0.392,0.2525,0.285,0.0947,0.0994,0.0946,0.0929,0.0941,0.1009,0.092,0.0944,0.0915,0.094,0.1005,0.0961,0.0984,
197662s,0.0959,0.0943,0.0946,0.0965,0.0968,0.0926,0.0921,0.0992,0.0947,0.0943,0.0928,0.0933,0.0974,0.3603,0.2657,0.2231,0.1874,0.1627,0.87,0.5723,0.4361,0.3032,0.2716,0.0962,0.1407,0.3734,0.262,0.2135,0.187,0.1742,0.8532,0.5937,0.4137,0.2948,0.2562,0.093,0.1068,0.4091,0.2723,0.22,0.1912,0.175,0.862,0.595,0.4218,0.2767,0.2431,0.0928,0.1393,0.4136,0.2619,0.1951,0.156,0.15,0.8459,0.568,0.351,0.2268,0.2314,0.0922,0.095,0.3635,0.2627,0.205,0.1596,0.1497,0.8286,0.5465,0.3588,0.2378,0.2443,0.0948,0.1195,0.3624,0.2614,0.21,0.1668,0.1375,0.8361,0.5733,0.3933,0.2526,0.2905,0.0949,0.0986,0.0943,0.0924,0.0941,0.1009,0.0922,0.0944,0.0916,0.0939,0.1006,0.096,0.0982,
197924s,0.0952,0.0936,0.0944,0.0957,0.0961,0.0922,0.0918,0.0987,0.0947,0.0941,0.0928,0.0931,0.0969,0.361,0.2665,0.2108,0.1858,0.1618,0.8698,0.5746,0.4377,0.3039,0.2715,0.0962,0.1424,0.3735,0.262,0.206,0.1859,0.1718,0.8531,0.5931,0.4135,0.2942,0.2568,0.0927,0.1058,0.4095,0.2737,0.2286,0.1899,0.1726,0.8629,0.5964,0.4255,0.278,0.2434,0.0929,0.1413,0.4139,0.2598,0.2047,0.1536,0.1506,0.8456,0.5663,0.3509,0.2263,0.2315,0.0921,0.0946,0.3636,0.263,0.2088,0.1606,0.1495,0.8294,0.5468,0.3603,0.2385,0.2439,0.095,0.1172,0.3622,0.262,0.2192,0.1654,0.1357,0.8349,0.5729,0.3924,0.2528,0.2866,0.0949,0.098,0.0936,0.0922,0.0937,0.1006,0.092,0.0943,0.0914,0.0939,0.1004,0.096,0.0983,
198187s,0.0957,0.0936,0.0944,0.0959,0.0964,0.0921,0.0919,0.0988,0.0947,0.0943,0.0929,0.0933,0.0967,0.3612,0.2664,0.2113,0.1857,0.1629,0.8708,0.5757,0.4382,0.3038,0.2713,0.0962,0.1421,0.374,0.262,0.2088,0.1869,0.1748,0.8532,0.5936,0.4133,0.2945,0.257,0.0931,0.1058,0.4091,0.2734,0.2279,0.196,0.1752,0.8632,0.5975,0.4251,0.2782,0.2443,0.0929,0.139,0.4145,0.262,0.2054,0.153,0.1505,0.8458,0.5662,0.3506,0.2261,0.2319,0.0922,0.0949,0.3635,0.2631,0.2072,0.1614,0.15,0.8302,0.547,0.3605,0.2395,0.2456,0.0949,0.1181,0.3629,0.2621,0.2209,0.1658,0.1354,0.8358,0.5725,0.3932,0.2526,0.2878,0.095,0.0998,0.0955,0.0931,0.0946,0.1012,0.0926,0.0945,0.0915,0.0939,0.1006,0.0962,0.0981,
198449s,0.0954,0.0938,0.0944,0.0962,0.0966,0.0924,0.092,0.0989,0.0947,0.0943,0.0928,0.0931,0.0962,0.3606,0.2662,0.212,0.1877,0.1622,0.8713,0.5754,0.4386,0.3042,0.272,0.0962,0.1407,0.3729,0.2611,0.2074,0.1855,0.1747,0.8544,0.5939,0.4131,0.2944,0.257,0.0927,0.1064,0.4093,0.2731,0.229,0.1986,0.1747,0.8629,0.5967,0.4252,0.278,0.2438,0.0926,0.1403,0.4149,0.2603,0.2085,0.1528,0.1514,0.8459,0.5674,0.3508,0.2265,0.2324,0.092,0.0945,0.3633,0.2629,0.2112,0.1595,0.1491,0.8296,0.5469,0.3598,0.2402,0.2468,0.0949,0.1135,0.3629,0.2623,0.2185,0.1652,0.1353,0.8357,0.5727,0.3924,0.2532,0.2889,0.0947,0.099,0.0937,0.092,0.0937,0.1005,0.0921,0.0944,0.0914,0.0938,0.1005,0.096,0.0981,
198712s,0.0953,0.0936,0.0943,0.0958,0.0965,0.0923,0.0919,0.0988,0.0946,0.0942,0.0929,0.0932,0.0958,0.3606,0.2661,0.2147,0.1901,0.1621,0.872,0.5759,0.4394,0.3053,0.2731,0.0963,0.1399,0.3734,0.2619,0.209,0.1866,0.1731,0.8544,0.5939,0.413,0.2947,0.2573,0.0931,0.106,0.41,0.273,0.2311,0.2016,0.1786,0.8638,0.5966,0.4276,0.2792,0.2455,0.0932,0.14,0.4158,0.2598,0.2045,0.1536,0.1509,0.8458,0.5667,0.3515,0.2264,0.232,0.0921,0.0949,0.3635,0.2637,0.2136,0.1605,0.1495,0.8298,0.5476,0.3613,0.2392,0.2482,0.095,0.1217,0.3627,0.2615,0.2179,0.1678,0.1372,0.8354,0.5718,0.393,0.253,0.2875,0.0949,0.0987,0.0943,0.0926,0.0942,0.1008,0.0922,0.0946,0.0918,0.094,0.1007,0.0961,0.0984,
198974s,0.0955,0.0935,0.0943,0.0958,0.0963,0.0923,0.0918,0.0988,0.0946,0.0942,0.0927,0.0931,0.0968,0.3615,0.2667,0.209,0.1857,0.1617,0.8713,0.5758,0.4405,0.3045,0.2723,0.096,0.1355,0.3732,0.2616,0.2085,0.1856,0.1721,0.8539,0.5937,0.4129,0.2944,0.2575,0.0929,0.1061,0.4104,0.2736,0.2289,0.1907,0.1712,0.8624,0.5976,0.4256,0.2783,0.2447,0.0928,0.1406,0.4153,0.2587,0.2067,0.1528,0.1508,0.8457,0.5669,0.3511,0.2262,0.232,0.0921,0.094,0.3632,0.2626,0.2098,0.1603,0.1493,0.8294,0.5477,0.3615,0.2379,0.2453,0.0946,0.1204,0.3622,0.2614,0.2191,0.1669,0.1367,0.8345,0.5731,0.393,0.253,0.2893,0.0947,0.0988,0.0942,0.0931,0.0946,0.1009,0.0923,0.0946,0.0916,0.094,0.1005,0.096,0.0985,
199237s,0.0955,0.0939,0.0947,0.0963,0.0967,0.0924,0.092,0.0989,0.0945,0.0943,0.0928,0.0933,0.0961,0.3612,0.2663,0.2113,0.1858,0.1616,0.871,0.5751,0.4398,0.3046,0.2725,0.0961,0.1461,0.3732,0.2619,0.2099,0.1858,0.1737,0.8545,0.5932,0.413,0.2947,0.2571,0.0931,0.1068,0.4103,0.2737,0.2281,0.193,0.1739,0.8645,0.5974,0.4277,0.2794,0.2452,0.0932,0.1365,0.4155,0.2585,0.2059,0.1532,0.1506,0.847,0.5669,0.3505,0.2267,0.233,0.0922,0.095,0.363,0.2611,0.2175,0.1596,0.1494,0.8303,0.5473,0.3619,0.2409,0.2504,0.0948,0.1221,0.3625,0.262,0.2187,0.166,0.1362,0.8365,0.5719,0.3932,0.2528,0.2898,0.0947,0.0982,0.0937,0.0924,0.0938,0.1007,0.092,0.0945,0.0917,0.0939,0.1006,0.0961,0.0982,
199499s,0.0951,0.094,0.0946,0.0961,0.0969,0.0926,0.0921,0.0989,0.0947,0.0942,0.0928,0.0932,0.0969,0.3602,0.2659,0.2201,0.1833,0.1622,0.8709,0.5735,0.4355,0.304,0.272,0.0963,0.1413,0.3734,0.2621,0.2142,0.1883,0.1764,0.8551,0.5953,0.4142,0.295,0.2581,0.093,0.1061,0.4107,0.2723,0.2176,0.19,0.1729,0.8633,0.5973,0.4241,0.2777,0.2433,0.093,0.1341,0.4169,0.2616,0.1993,0.154,0.1504,0.8473,0.5689,0.3511,0.228,0.2334,0.0922,0.0941,0.3633,0.2599,0.2028,0.1607,0.1508,0.831,0.5456,0.3584,0.2369,0.2428,0.0951,0.1186,0.3621,0.2617,0.2074,0.1642,0.1371,0.8369,0.5739,0.3939,0.2531,0.2925,0.095,0.0981,0.0941,0.0923,0.0941,0.1009,0.0921,0.0944,0.0916,0.0941,0.1006,0.096,0.0981,
199762s,0.0952,0.0942,0.0948,0.0964,0.0968,0.0926,0.092,0.099,0.0945,0.0944,0.0928,0.0931,0.0963,0.3612,0.2668,0.2113,0.1869,0.1617,0.8726,0.5765,0.4398,0.3045,0.2731,0.0959,0.1488,0.373,0.2615,0.2114,0.1867,0.1733,0.8552,0.5935,0.4132,0.2945,0.2572,0.0926,0.1064,0.4113,0.2732,0.2296,0.1988,0.1771,0.8639,0.5983,0.4283,0.2793,0.2452,0.093,0.1363,0.4168,0.2597,0.2041,0.153,0.1508,0.8475,0.5668,0.3518,0.2269,0.2321,0.0921,0.0941,0.3632,0.2611,0.2143,0.1603,0.1486,0.8306,0.5474,0.3613,0.2388,0.2477,0.0949,0.126,0.3621,0.2616,0.2157,0.169,0.1372,0.8359,0.5724,0.3931,0.2533,0.2893,0.0948,0.0987,0.0945,0.0927,0.0944,0.1007,0.0922,0.0944,0.0916,0.094,0.1006,0.096,0.0984,
200024s,0.0949,0.0941,0.0949,0.0962,0.0968,0.0924,0.092,0.0989,0.0948,0.0944,0.0928,0.0933,0.0965,0.3607,0.2665,0.2152,0.1849,0.1625,0.8725,0.5756,0.4396,0.305,0.2731,0.096,0.1462,0.3734,0.262,0.2059,0.1846,0.173,0.8553,0.5947,0.4136,0.2947,0.2577,0.0928,0.1067,0.4117,0.2732,0.2266,0.1992,0.1769,0.8646,0.5977,0.4255,0.2789,0.2444,0.093,0.1461,0.4176,0.2597,0.2073,0.1542,0.1515,0.8467,0.567,0.3508,0.227,0.2333,0.0922,0.0948,0.3627,0.2609,0.211,0.1597,0.1496,0.8313,0.5473,0.361,0.24,0.2487,0.0949,0.1183,0.3626,0.2623,0.2196,0.1654,0.1351,0.8362,0.5729,0.3933,0.2529,0.2928,0.0949,0.1,0.0949,0.0926,0.0941,0.1009,0.0922,0.0946,0.0915,0.094,0.1006,0.096,0.0982,
200287s,0.0959,0.0938,0.0946,0.096,0.0965,0.0922,0.0918,0.0988,0.0946,0.0944,0.0929,0.0933,0.0964,0.3603,0.2662,0.2155,0.1856,0.1621,0.8726,0.5758,0.4393,0.3044,0.2726,0.096,0.1451,0.3734,0.2621,0.2057,0.1845,0.1711,0.855,0.595,0.4135,0.2949,0.2573,0.0928,0.1062,0.4125,0.2731,0.2243,0.194,0.1732,0.8642,0.5975,0.4257,0.2784,0.2442,0.0927,0.1394,0.4172,0.2609,0.2051,0.1543,0.1507,0.8479,0.5676,0.3516,0.2273,0.2326,0.092,0.0945,0.3628,0.2615,0.2097,0.1605,0.1504,0.8316,0.5478,0.3608,0.2395,0.2476,0.0948,0.1231,0.3626,0.2624,0.2162,0.1643,0.1352,0.8366,0.5742,0.3939,0.2534,0.2932,0.0949,0.0992,0.0947,0.0926,0.094,0.1009,0.0922,0.0943,0.0915,0.0938,0.1004,0.0959,0.0984,
200549s,0.0955,0.0943,0.0948,0.0963,0.0969,0.0923,0.0918,0.0989,0.0948,0.0943,0.0928,0.0932,0.0967,0.3606,0.2661,0.2171,0.1867,0.1626,0.8726,0.5754,0.4397,0.3045,0.2729,0.096,0.1388,0.373,0.2612,0.2093,0.1891,0.1821,0.8565,0.5946,0.4139,0.2948,0.2574,0.0929,0.106,0.4126,0.2726,0.2313,0.1997,0.1799,0.8647,0.5971,0.4263,0.2785,0.2451,0.0928,0.143,0.4178,0.2611,0.2053,0.153,0.1506,0.8489,0.5695,0.3511,0.2286,0.2331,0.0921,0.0942,0.3635,0.2608,0.2031,0.1622,0.1508,0.8319,0.5463,0.3587,0.2367,0.2446,0.0949,0.1196,0.3629,0.2625,0.2115,0.1646,0.1353,0.8365,0.5752,0.3943,0.2533,0.2932,0.0949,0.0995,0.0948,0.0927,0.094,0.1008,0.0922,0.0944,0.0917,0.094,0.1004,0.0961,0.0985,
200812s,0.0956,0.0937,0.0945,0.096,0.0965,0.092,0.0918,0.0986,0.0945,0.0941,0.0927,0.0932,0.0967,0.3606,0.2664,0.212,0.1849,0.1619,0.8727,0.5764,0.4403,0.3052,0.2731,0.096,0.1419,0.3726,0.2615,0.2106,0.1887,0.1759,0.8558,0.5951,0.4133,0.295,0.2574,0.0928,0.1062,0.4137,0.2731,0.2291,0.1956,0.1732,0.8654,0.5984,0.4269,0.2786,0.2447,0.0929,0.1387,0.4177,0.2598,0.2121,0.1527,0.1522,0.8477,0.5676,0.3517,0.2278,0.2333,0.0921,0.0946,0.3635,0.2613,0.214,0.1604,0.1495,0.8316,0.5478,0.3616,0.2409,0.2498,0.0948,0.1177,0.3623,0.2607,0.2188,0.1671,0.1357,0.8368,0.5739,0.3937,0.2529,0.2922,0.0948,0.099,0.0947,0.0927,0.094,0.101,0.0921,0.0945,0.0915,0.0938,0.1006,0.0959,0.0983,
201074s,0.0951,0.0939,0.0945,0.0963,0.0967,0.0925,0.092,0.099,0.0948,0.0943,0.0929,0.0933,0.0965,0.3602,0.2663,0.2123,0.1901,0.1624,0.8741,0.5766,0.4391,0.305,0.2727,0.0961,0.1416,0.3727,0.2614,0.2077,0.1855,0.1741,0.8555,0.5953,0.4132,0.2951,0.2575,0.0929,0.1062,0.4136,0.2729,0.2305,0.1973,0.1744,0.8658,0.5992,0.4269,0.2794,0.2454,0.0933,0.1397,0.4175,0.2624,0.2054,0.1544,0.1507,0.8478,0.5684,0.3516,0.2275,0.2332,0.0923,0.0947,0.3632,0.263,0.2081,0.1617,0.1506,0.8309,0.5492,0.3609,0.2393,0.2458,0.0949,0.1195,0.3628,0.2615,0.2195,0.1673,0.1358,0.8365,0.5738,0.394,0.2536,0.2937,0.0949,0.0997,0.0955,0.093,0.0945,0.1011,0.0924,0.0947,0.0916,0.0941,0.1007,0.0961,0.0985,
201337s,0.0956,0.0936,0.0944,0.096,0.0963,0.0921,0.0919,0.0988,0.0945,0.0943,0.0929,0.0933,0.0961,0.3604,0.2658,0.2236,0.188,0.1619,0.8738,0.5762,0.4414,0.3053,0.2732,0.0962,0.1443,0.3731,0.2615,0.2134,0.185,0.174,0.8558,0.5952,0.4141,0.2953,0.2578,0.0928,0.1067,0.414,0.2721,0.2309,0.1994,0.179,0.8651,0.5992,0.4269,0.2783,0.2453,0.0931,0.1383,0.4185,0.2627,0.2071,0.1542,0.15,0.8474,0.5676,0.3517,0.2278,0.2335,0.0922,0.0941,0.3632,0.2626,0.2067,0.1613,0.1513,0.8313,0.5477,0.3591,0.2367,0.245,0.0948,0.1194,0.363,0.2611,0.2175,0.1655,0.1352,0.8373,0.5738,0.3951,0.2536,0.2947,0.095,0.0992,0.0945,0.0927,0.0945,0.1009,0.0924,0.0946,0.0917,0.0942,0.1006,0.096,0.0981,
201599s,0.0958,0.094,0.0948,0.0961,0.0965,0.0922,0.0918,0.0988,0.0946,0.0943,0.0928,0.0931,0.0963,0.3603,0.2656,0.2222,0.1901,0.1629,0.8733,0.5767,0.4398,0.305,0.2738,0.0963,0.1415,0.373,0.261,0.2107,0.1855,0.1784,0.857,0.5956,0.415,0.296,0.2582,0.0931,0.1061,0.4141,0.272,0.22,0.1939,0.1742,0.8636,0.5997,0.4249,0.2788,0.245,0.0928,0.1379,0.4186,0.2615,0.204,0.1537,0.1514,0.8488,0.5672,0.3526,0.2283,0.2335,0.0921,0.0948,0.3628,0.262,0.2047,0.1604,0.1521,0.8317,0.5501,0.3617,0.2382,0.2458,0.0949,0.1196,0.3625,0.2613,0.2046,0.1606,0.1347,0.8387,0.5751,0.3938,0.254,0.2946,0.0949,0.0989,0.0943,0.0928,0.094,0.1006,0.0922,0.0943,0.0914,0.0939,0.1005,0.0959,0.0982,
201861s,0.0955,0.0937,0.0945,0.096,0.0964,0.0921,0.0919,0.0988,0.0947,0.0943,0.0928,0.0933,0.0964,0.3603,0.266,0.2161,0.186,0.1626,0.8737,0.5769,0.4397,0.3049,0.2733,0.0963,0.1413,0.3732,0.2605,0.2068,0.1847,0.174,0.8558,0.5956,0.415,0.2953,0.2578,0.093,0.1061,0.414,0.2724,0.2275,0.1972,0.1757,0.8648,0.5989,0.426,0.2786,0.2445,0.093,0.1385,0.4196,0.2595,0.2059,0.1541,0.1514,0.8475,0.5681,0.3522,0.2281,0.2338,0.0921,0.0946,0.3628,0.2614,0.2048,0.1617,0.1515,0.8314,0.549,0.3601,0.2381,0.2463,0.0949,0.1197,0.3617,0.2608,0.2195,0.1677,0.1354,0.8377,0.5738,0.3949,0.2534,0.2957,0.0949,0.0984,0.0939,0.0923,0.094,0.1008,0.0923,0.0946,0.0915,0.094,0.1005,0.096,0.098,
202124s,0.0961,0.0939,0.0945,0.096,0.0965,0.0921,0.0919,0.0988,0.0947,0.0942,0.093,0.0932,0.0966,0.3598,0.266,0.2172,0.184,0.163,0.8747,0.577,0.4403,0.3048,0.2738,0.0959,0.1404,0.3723,0.2606,0.2079,0.1859,0.1768,0.8568,0.5951,0.4142,0.2955,0.2587,0.093,0.1069,0.4143,0.2724,0.2275,0.1982,0.1772,0.8653,0.5989,0.427,0.2792,0.245,0.0932,0.1438,0.4203,0.2595,0.2085,0.1534,0.1518,0.8492,0.5679,0.3523,0.2289,0.2339,0.0921,0.0944,0.363,0.2609,0.2112,0.1601,0.1492,0.8323,0.5492,0.3601,0.2394,0.251,0.0947,0.117,0.3622,0.2614,0.2221,0.1708,0.1367,0.8372,0.5738,0.3944,0.2535,0.2958,0.0949,0.0989,0.0948,0.0929,0.0943,0.101,0.0926,0.0947,0.0917,0.094,0.1006,0.0959,0.098,
202387s,0.0952,0.094,0.0947,0.0963,0.0967,0.0923,0.0921,0.0991,0.095,0.0945,0.093,0.0935,0.0964,0.3598,0.2655,0.2159,0.1898,0.1621,0.8744,0.5767,0.4411,0.3058,0.2747,0.0963,0.1491,0.3732,0.2612,0.2048,0.184,0.172,0.8574,0.596,0.4151,0.2955,0.2587,0.0929,0.1061,0.4143,0.272,0.2284,0.1988,0.1773,0.8656,0.5991,0.4268,0.2789,0.2444,0.093,0.1397,0.421,0.2627,0.2042,0.1547,0.1509,0.849,0.5683,0.3526,0.2285,0.2343,0.0922,0.0946,0.3631,0.2607,0.2115,0.1596,0.1494,0.8318,0.5493,0.3608,0.2394,0.2493,0.0947,0.1169,0.3623,0.261,0.22,0.1676,0.1365,0.8375,0.5745,0.3956,0.2539,0.296,0.095,0.0999,0.0951,0.0929,0.0942,0.1007,0.0923,0.0944,0.0917,0.094,0.1005,0.0959,0.098,
202649s,0.0956,0.0938,0.0943,0.0961,0.0964,0.0923,0.0919,0.0987,0.0946,0.0943,0.0928,0.0933,0.0966,0.3597,0.2658,0.2187,0.1856,0.1618,0.8746,0.5766,0.4386,0.3052,0.2741,0.0962,0.1401,0.3727,0.2615,0.2114,0.1905,0.1786,0.8574,0.596,0.4146,0.2949,0.258,0.0928,0.1062,0.4148,0.2727,0.2296,0.1954,0.1737,0.8663,0.5996,0.4262,0.2795,0.2447,0.0928,0.1358,0.4217,0.2623,0.2056,0.1545,0.1507,0.8481,0.568,0.3519,0.2288,0.2342,0.0921,0.0945,0.3624,0.2617,0.2144,0.1596,0.1491,0.8318,0.5499,0.3624,0.2408,0.2511,0.0948,0.1215,0.3626,0.2612,0.2135,0.1618,0.1347,0.8373,0.5744,0.395,0.2538,0.294,0.0947,0.0995,0.0949,0.0932,0.0944,0.1011,0.0924,0.0947,0.0919,0.094,0.1007,0.096,0.0982,
202911s,0.0949,0.0938,0.0946,0.0961,0.0967,0.0925,0.092,0.0989,0.0946,0.0942,0.0929,0.0932,0.0963,0.3602,0.2665,0.212,0.1866,0.1616,0.8741,0.5765,0.4387,0.3057,0.2741,0.096,0.1443,0.3724,0.2611,0.2046,0.1848,0.1714,0.8573,0.5959,0.4144,0.2953,0.2584,0.0929,0.1061,0.4154,0.2728,0.2322,0.2015,0.1795,0.8663,0.5986,0.4277,0.2793,0.2452,0.0932,0.1398,0.4225,0.2615,0.207,0.1541,0.1508,0.8488,0.5692,0.3521,0.2287,0.2344,0.0922,0.0949,0.3631,0.2622,0.208,0.1607,0.1501,0.8332,0.55,0.3619,0.2393,0.2488,0.095,0.1189,0.3624,0.2604,0.2172,0.1673,0.135,0.8379,0.5741,0.3957,0.2539,0.2963,0.0947,0.0996,0.0944,0.0928,0.0942,0.101,0.0921,0.0945,0.0914,0.0939,0.1004,0.096,0.0983,
203174s,0.0953,0.0944,0.0946,0.0962,0.0968,0.0925,0.0919,0.0989,0.0948,0.0943,0.0928,0.0934,0.0963,0.3599,0.266,0.2111,0.1913,0.162,0.876,0.5778,0.4412,0.3063,0.2744,0.0963,0.1402,0.3726,0.2612,0.2072,0.1872,0.1785,0.8559,0.5962,0.4143,0.2957,0.2586,0.0929,0.1068,0.4155,0.2723,0.2305,0.2005,0.1793,0.8658,0.5993,0.4274,0.2794,0.2457,0.0929,0.1413,0.4239,0.2594,0.2082,0.1535,0.1514,0.8483,0.568,0.3523,0.2289,0.2343,0.0923,0.0948,0.3622,0.261,0.2092,0.1604,0.1501,0.8331,0.5499,0.3615,0.2388,0.251,0.0948,0.119,0.3619,0.2607,0.2198,0.1697,0.1364,0.8378,0.5744,0.3949,0.2538,0.297,0.0948,0.0995,0.0953,0.0927,0.0943,0.101,0.0925,0.0945,0.0917,0.094,0.1006,0.096,0.0983,
203436s,0.0948,0.0937,0.0944,0.0958,0.0965,0.0921,0.0918,0.0988,0.0946,0.0942,0.0926,0.0933,0.0967,0.3599,0.2656,0.2219,0.1868,0.1636,0.875,0.5756,0.4372,0.3045,0.2738,0.096,0.1478,0.3729,0.2612,0.2129,0.1895,0.1768,0.8569,0.5974,0.4149,0.2952,0.2586,0.093,0.1066,0.4154,0.2715,0.2285,0.1928,0.1754,0.8651,0.5988,0.4262,0.2791,0.2456,0.0931,0.1432,0.4245,0.262,0.2013,0.1548,0.1505,0.8491,0.5692,0.3524,0.2296,0.2353,0.0922,0.0945,0.3622,0.2597,0.2069,0.1597,0.1495,0.8325,0.5495,0.3608,0.2388,0.249,0.095,0.1212,0.3619,0.2606,0.2122,0.1659,0.1369,0.8385,0.576,0.3953,0.254,0.2964,0.0949,0.0992,0.0943,0.0923,0.0939,0.1007,0.092,0.0941,0.0915,0.094,0.1004,0.0958,0.0982,
203699s,0.0956,0.094,0.0946,0.096,0.0966,0.0928,0.0921,0.0989,0.0947,0.0944,0.0929,0.0933,0.0958,0.3601,0.2661,0.2158,0.1861,0.1624,0.8752,0.5778,0.4414,0.3066,0.2743,0.0962,0.1477,0.3725,0.2606,0.2097,0.1865,0.1752,0.8566,0.5968,0.4151,0.2953,0.2583,0.0929,0.1067,0.4161,0.2728,0.2293,0.1987,0.1763,0.8659,0.6003,0.4295,0.2806,0.2455,0.093,0.143,0.4256,0.2594,0.2091,0.1525,0.1509,0.8489,0.5686,0.3521,0.2285,0.2346,0.0921,0.0942,0.3634,0.261,0.2147,0.1602,0.1489,0.833,0.5505,0.3624,0.2401,0.2512,0.0951,0.1173,0.3616,0.2604,0.2155,0.1681,0.1357,0.8385,0.5747,0.3955,0.2539,0.2976,0.0949,0.1001,0.0948,0.0926,0.0948,0.101,0.0923,0.0947,0.0916,0.0939,0.1008,0.0961,0.0983,
203961s,0.0962,0.0939,0.0944,0.0959,0.0966,0.0923,0.0919,0.0989,0.0946,0.0944,0.0929,0.0934,0.0968,0.3599,0.2655,0.2202,0.1855,0.1632,0.875,0.5773,0.4409,0.3055,0.2738,0.096,0.1402,0.3726,0.2604,0.2094,0.1884,0.1835,0.8582,0.5967,0.4151,0.2958,0.2584,0.093,0.106,0.4161,0.2719,0.225,0.198,0.1777,0.8657,0.5995,0.4258,0.2788,0.2454,0.0932,0.1409,0.4265,0.2599,0.2056,0.1532,0.1509,0.8492,0.5698,0.3529,0.2292,0.2353,0.0923,0.0946,0.3627,0.2596,0.2075,0.1601,0.1504,0.8327,0.5497,0.3619,0.2381,0.2492,0.095,0.1141,0.3622,0.2604,0.2149,0.1646,0.1361,0.8391,0.5748,0.3961,0.2542,0.2968,0.095,0.0992,0.0946,0.0928,0.0941,0.1009,0.0923,0.0943,0.0916,0.0938,0.1006,0.0959,0.0979,
204224s,0.0958,0.0937,0.0945,0.0962,0.0964,0.0922,0.0919,0.0988,0.0947,0.0944,0.0929,0.0934,0.0962,0.3598,0.2654,0.2185,0.1908,0.1624,0.8764,0.5783,0.4406,0.3056,0.2743,0.0958,0.1462,0.3721,0.2602,0.2087,0.1893,0.1818,0.8588,0.5965,0.4148,0.2958,0.2587,0.0931,0.1065,0.4163,0.2714,0.2229,0.1956,0.1745,0.8663,0.5993,0.4257,0.2786,0.2441,0.0929,0.1411,0.4273,0.2603,0.208,0.1525,0.1522,0.85,0.5692,0.3525,0.2291,0.2355,0.0922,0.0943,0.3626,0.2591,0.2077,0.1592,0.15,0.8326,0.55,0.3606,0.2382,0.2513,0.0949,0.1178,0.3617,0.261,0.218,0.1655,0.1371,0.8381,0.5755,0.3958,0.2542,0.2968,0.095,0.0999,0.0952,0.0929,0.0949,0.101,0.0923,0.0947,0.0915,0.0939,0.1006,0.096,0.0981,
204486s,0.0953,0.0939,0.0946,0.0961,0.0967,0.0923,0.092,0.0987,0.0948,0.0944,0.0928,0.0933,0.0969,0.36,0.2653,0.2198,0.1884,0.1626,0.8763,0.5776,0.4392,0.3063,0.2745,0.0963,0.1458,0.3725,0.2605,0.2093,0.1899,0.1818,0.8588,0.5974,0.4149,0.2965,0.2588,0.093,0.1059,0.4168,0.2713,0.2247,0.1968,0.177,0.8659,0.5999,0.427,0.2797,0.2459,0.0931,0.1408,0.4279,0.2617,0.2048,0.1544,0.1504,0.8503,0.5701,0.3519,0.229,0.2356,0.0922,0.0948,0.3626,0.2601,0.2061,0.1606,0.1496,0.8338,0.5491,0.3612,0.2379,0.2489,0.0948,0.1208,0.362,0.2603,0.2179,0.1673,0.1372,0.8389,0.5759,0.395,0.2543,0.2979,0.0949,0.0987,0.0942,0.0925,0.0939,0.1008,0.0922,0.0943,0.0915,0.094,0.1005,0.0958,0.0981,
204749s,0.0952,0.0932,0.0942,0.0959,0.0963,0.0921,0.0918,0.0988,0.0946,0.0942,0.0928,0.0933,0.0964,0.36,0.2657,0.213,0.185,0.1623,0.8757,0.5783,0.441,0.3058,0.2742,0.0962,0.1377,0.3725,0.2603,0.2096,0.1866,0.1749,0.8593,0.5966,0.4152,0.2957,0.2587,0.0928,0.1064,0.4174,0.2721,0.2311,0.2009,0.1789,0.8671,0.6008,0.4257,0.2789,0.245,0.0928,0.1436,0.4285,0.2602,0.2083,0.1529,0.1509,0.85,0.5697,0.3527,0.2292,0.2358,0.0922,0.0948,0.3624,0.2601,0.2073,0.1601,0.15,0.8331,0.5507,0.3625,0.2385,0.2501,0.0947,0.1194,0.3619,0.2604,0.2191,0.1664,0.1357,0.8392,0.5756,0.3958,0.2545,0.2983,0.0947,0.0987,0.0941,0.0923,0.0937,0.1007,0.0922,0.0944,0.0917,0.0938,0.1005,0.096,0.0983,
205011s,0.0951,0.0942,0.0948,0.0961,0.0966,0.0923,0.0919,0.0988,0.0947,0.0944,0.0928,0.093,0.096,0.3599,0.2657,0.2149,0.1866,0.1619,0.8766,0.5779,0.4422,0.3066,0.2753,0.0958,0.1374,0.3721,0.2607,0.207,0.1856,0.1771,0.858,0.597,0.4156,0.2959,0.2587,0.0928,0.1052,0.4167,0.2719,0.2298,0.1996,0.1787,0.8674,0.6011,0.4276,0.2799,0.245,0.0927,0.1395,0.4294,0.2617,0.206,0.1544,0.151,0.8499,0.5701,0.3529,0.2294,0.236,0.0922,0.0945,0.3624,0.2595,0.209,0.1604,0.15,0.8345,0.5506,0.3628,0.2388,0.2517,0.0947,0.1189,0.362,0.2602,0.2183,0.1658,0.1363,0.8387,0.575,0.3963,0.2542,0.2965,0.0948,0.099,0.0949,0.0927,0.0944,0.1009,0.0926,0.0948,0.0916,0.094,0.1005,0.0958,0.0981,
205274s,0.096,0.0939,0.0945,0.0961,0.0966,0.0922,0.0921,0.0989,0.0948,0.0943,0.0929,0.0931,0.0963,0.3609,0.2658,0.2098,0.1875,0.1625,0.8765,0.5764,0.4382,0.3055,0.2745,0.0961,0.1384,0.3724,0.2606,0.2091,0.186,0.1789,0.8594,0.5981,0.4154,0.2958,0.2586,0.0932,0.1069,0.4174,0.2717,0.2292,0.1926,0.1774,0.8671,0.6008,0.4265,0.2798,0.2463,0.093,0.1412,0.4295,0.2597,0.2107,0.1534,0.152,0.8493,0.5701,0.3522,0.2295,0.2358,0.0923,0.0944,0.3624,0.2596,0.2097,0.1588,0.1492,0.8342,0.5508,0.3625,0.2389,0.2507,0.095,0.1213,0.3618,0.2596,0.2214,0.1828,0.1381,0.8394,0.5765,0.3963,0.2549,0.2999,0.095,0.0984,0.0938,0.0921,0.0939,0.1006,0.0923,0.0944,0.0916,0.094,0.1007,0.0961,0.0982,
205536s,0.095,0.0941,0.0946,0.0965,0.0965,0.0926,0.0919,0.099,0.0947,0.0944,0.0929,0.0933,0.0964,0.3598,0.2653,0.2155,0.1901,0.163,0.8768,0.578,0.4423,0.3061,0.2756,0.0963,0.1408,0.3723,0.2604,0.2112,0.1882,0.1802,0.8593,0.5986,0.4164,0.2961,0.2596,0.0927,0.1064,0.4172,0.2712,0.2216,0.1932,0.1778,0.8673,0.6003,0.4268,0.279,0.2448,0.0927,0.1395,0.4304,0.2612,0.1982,0.1542,0.1499,0.8502,0.5717,0.3529,0.23,0.2366,0.0923,0.0945,0.3619,0.2586,0.2051,0.16,0.1509,0.8333,0.5514,0.3603,0.2385,0.251,0.0948,0.1185,0.362,0.2602,0.2078,0.1659,0.1372,0.8403,0.5763,0.397,0.2551,0.2997,0.0949,0.099,0.0946,0.0928,0.0943,0.1009,0.0922,0.0943,0.0913,0.094,0.1005,0.0961,0.0984,
205799s,0.0956,0.0937,0.0946,0.0961,0.0966,0.0923,0.0919,0.0989,0.0949,0.0945,0.093,0.0933,0.0963,0.3596,0.2655,0.2165,0.1865,0.1633,0.8762,0.5782,0.4408,0.3071,0.2755,0.096,0.1454,0.3721,0.2613,0.2061,0.1862,0.1784,0.8599,0.5988,0.4159,0.2964,0.2592,0.0926,0.1069,0.4182,0.2713,0.2255,0.1978,0.177,0.8675,0.6,0.4268,0.2793,0.2451,0.0932,0.145,0.4318,0.2621,0.2062,0.154,0.1522,0.8501,0.5711,0.3529,0.2297,0.2371,0.0923,0.0947,0.3623,0.2597,0.2051,0.1618,0.1518,0.8347,0.5504,0.3621,0.2378,0.2497,0.095,0.1219,0.3623,0.2596,0.2181,0.1657,0.1368,0.8401,0.5767,0.3974,0.2543,0.2992,0.095,0.0991,0.0943,0.0926,0.0941,0.1008,0.0921,0.0945,0.0914,0.094,0.1006,0.096,0.0982,
206061s,0.0955,0.0935,0.0942,0.0956,0.0963,0.0923,0.0919,0.0987,0.0946,0.0942,0.0929,0.0933,0.0963,0.3594,0.2656,0.2182,0.1844,0.1634,0.8769,0.5786,0.4417,0.3062,0.2755,0.0961,0.1424,0.3725,0.2613,0.2055,0.1839,0.1715,0.8603,0.5973,0.4155,0.296,0.2589,0.0929,0.107,0.4185,0.2715,0.2247,0.1965,0.1779,0.868,0.5996,0.4245,0.2786,0.2443,0.093,0.1405,0.432,0.2606,0.205,0.1541,0.152,0.8505,0.5712,0.3531,0.2302,0.2372,0.0923,0.0944,0.3622,0.2591,0.2053,0.1597,0.1504,0.8349,0.5509,0.3622,0.239,0.2507,0.095,0.1151,0.3618,0.2605,0.2102,0.1641,0.1367,0.8396,0.5768,0.397,0.2548,0.2989,0.095,0.0992,0.0944,0.0925,0.0941,0.1007,0.0922,0.0945,0.0913,0.0939,0.1006,0.0958,0.0979,
206324s,0.0953,0.0939,0.0943,0.096,0.0966,0.0924,0.0921,0.0991,0.0947,0.0942,0.0929,0.0932,0.0963,0.3594,0.2659,0.2134,0.1845,0.1623,0.8774,0.579,0.4411,0.3069,0.2754,0.0962,0.1447,0.3722,0.261,0.2058,0.1845,0.1721,0.8591,0.5968,0.416,0.2965,0.259,0.093,0.1065,0.4183,0.2715,0.2291,0.1967,0.1762,0.8687,0.601,0.4288,0.2802,0.2458,0.0929,0.139,0.4321,0.2605,0.2058,0.155,0.1517,0.8508,0.5709,0.3531,0.2297,0.236,0.0925,0.0951,0.3624,0.2594,0.2125,0.1599,0.15,0.8357,0.5518,0.3627,0.2401,0.2544,0.0948,0.122,0.3621,0.2597,0.2197,0.1659,0.136,0.8403,0.5758,0.397,0.2544,0.2987,0.0947,0.0988,0.0941,0.0923,0.0939,0.1006,0.0921,0.0945,0.0917,0.0939,0.1004,0.0959,0.0982,
206586s,0.0951,0.0935,0.0941,0.0957,0.0963,0.0922,0.0917,0.0987,0.0945,0.0943,0.0928,0.0931,0.096,0.359,0.2653,0.2106,0.1883,0.1624,0.878,0.5794,0.4423,0.3069,0.2757,0.096,0.1438,0.3717,0.2601,0.2046,0.1842,0.1738,0.8608,0.5973,0.4154,0.2967,0.2593,0.0929,0.106,0.4193,0.2718,0.2277,0.1972,0.1758,0.8686,0.6008,0.4277,0.2793,0.245,0.093,0.1373,0.4326,0.2604,0.2057,0.1545,0.1509,0.8495,0.5705,0.3527,0.2297,0.2362,0.0925,0.0948,0.3619,0.2608,0.2041,0.1618,0.151,0.8359,0.5509,0.3628,0.2387,0.2503,0.0946,0.1188,0.3614,0.2602,0.2138,0.1642,0.1351,0.8401,0.5766,0.3964,0.2551,0.2989,0.0947,0.0992,0.0948,0.0926,0.0942,0.1007,0.0921,0.0946,0.0915,0.0939,0.1003,0.096,0.098,
206849s,0.0952,0.0935,0.0943,0.096,0.0963,0.0923,0.0918,0.0987,0.0946,0.0942,0.0928,0.0934,0.0961,0.3592,0.2656,0.2112,0.1882,0.1616,0.8773,0.579,0.443,0.3068,0.2753,0.096,0.1389,0.3715,0.2601,0.2055,0.1843,0.174,0.8602,0.5975,0.4165,0.2961,0.2592,0.0928,0.1059,0.4189,0.2714,0.2273,0.1968,0.1757,0.8674,0.6025,0.4273,0.2801,0.2458,0.093,0.1418,0.4321,0.2601,0.2053,0.1531,0.1504,0.8514,0.5713,0.3525,0.2297,0.2365,0.0924,0.0948,0.3619,0.2606,0.2075,0.16,0.1498,0.8364,0.5509,0.3624,0.2398,0.2514,0.0949,0.1204,0.3609,0.2601,0.2197,0.1708,0.1374,0.8398,0.5757,0.3965,0.255,0.3003,0.0947,0.0993,0.0947,0.0926,0.0943,0.101,0.0923,0.0947,0.0915,0.0939,0.1005,0.0959,0.0982,
207111s,0.0958,0.0939,0.0944,0.0961,0.0966,0.0924,0.0919,0.0988,0.0946,0.0943,0.0927,0.093,0.096,0.3597,0.2658,0.2113,0.1863,0.1644,0.8778,0.5801,0.4427,0.3075,0.2765,0.0962,0.1468,0.3715,0.2604,0.2086,0.1866,0.1748,0.8607,0.5975,0.4156,0.2963,0.2593,0.0927,0.1061,0.4197,0.2721,0.2306,0.2019,0.182,0.8693,0.6008,0.4307,0.2814,0.2469,0.093,0.1389,0.4338,0.2587,0.2108,0.1533,0.1533,0.8521,0.5705,0.3535,0.2302,0.2365,0.0923,0.0947,0.3622,0.2612,0.2105,0.1601,0.15,0.8365,0.5513,0.3638,0.2393,0.2524,0.0947,0.1169,0.3609,0.2592,0.216,0.1688,0.1355,0.8399,0.576,0.3963,0.2555,0.3004,0.0948,0.0988,0.0945,0.0933,0.0948,0.1009,0.0921,0.0943,0.0916,0.0939,0.1009,0.096,0.098,
207374s,0.0955,0.0939,0.0947,0.0963,0.0968,0.0923,0.0919,0.0989,0.0947,0.0944,0.0929,0.0932,0.0963,0.3592,0.2654,0.2125,0.1925,0.1628,0.8778,0.5795,0.4425,0.3071,0.2755,0.0959,0.1481,0.3716,0.2599,0.2109,0.1903,0.1802,0.8615,0.5987,0.4167,0.2965,0.2598,0.0927,0.1069,0.4203,0.2717,0.2207,0.1949,0.1815,0.8682,0.6006,0.4264,0.2796,0.2457,0.093,0.1402,0.4352,0.2612,0.1945,0.1555,0.1501,0.8529,0.572,0.3536,0.23,0.2375,0.0926,0.0953,0.3621,0.2608,0.2049,0.1611,0.1515,0.8365,0.5513,0.3622,0.2398,0.2518,0.0949,0.1183,0.3612,0.2594,0.205,0.1636,0.1363,0.8413,0.5771,0.398,0.2556,0.3004,0.0951,0.0996,0.0944,0.0925,0.0947,0.1008,0.0919,0.0943,0.0915,0.0941,0.1006,0.0959,0.0984,
207636s,0.0954,0.0941,0.0945,0.0963,0.097,0.0927,0.092,0.0989,0.0947,0.0943,0.0929,0.0931,0.0963,0.3591,0.2656,0.2136,0.1874,0.165,0.8787,0.5796,0.4425,0.3076,0.2755,0.0959,0.1398,0.3716,0.2597,0.2088,0.1879,0.1804,0.8609,0.5984,0.4158,0.2962,0.2598,0.0929,0.1057,0.4205,0.2712,0.2285,0.196,0.1754,0.8685,0.6014,0.4292,0.2799,0.2451,0.0931,0.1395,0.4355,0.259,0.207,0.1532,0.1525,0.8529,0.5703,0.354,0.2302,0.2373,0.0925,0.0942,0.3618,0.2606,0.2184,0.1602,0.1488,0.8348,0.5509,0.3631,0.2399,0.2564,0.0946,0.1171,0.3615,0.2602,0.2165,0.1649,0.1369,0.8412,0.5758,0.3973,0.2548,0.301,0.0948,0.099,0.0947,0.0925,0.0941,0.1008,0.0923,0.0944,0.0916,0.0938,0.1005,0.0958,0.0981,
207899s,0.0953,0.0936,0.0945,0.0955,0.0962,0.0922,0.0918,0.0989,0.0946,0.0943,0.0928,0.0933,0.0962,0.3597,0.2657,0.2157,0.1837,0.1633,0.8788,0.5804,0.4429,0.3074,0.2756,0.0961,0.1446,0.3719,0.2602,0.2051,0.1852,0.1742,0.8611,0.598,0.4165,0.2964,0.2598,0.0927,0.1057,0.4219,0.272,0.2292,0.1971,0.1766,0.87,0.6015,0.4288,0.2806,0.2455,0.0932,0.1358,0.4362,0.2612,0.2078,0.1541,0.1508,0.852,0.5715,0.353,0.2297,0.2368,0.0926,0.095,0.3622,0.2602,0.2107,0.1603,0.15,0.8358,0.5517,0.3627,0.2401,0.255,0.0948,0.1205,0.3613,0.2594,0.2194,0.1696,0.137,0.8412,0.576,0.3967,0.255,0.3001,0.0949,0.0985,0.0939,0.0926,0.0942,0.101,0.0922,0.0948,0.0918,0.094,0.1006,0.0959,0.0982,
208161s,0.0959,0.094,0.0947,0.0961,0.0965,0.0924,0.0918,0.0987,0.0947,0.0942,0.0928,0.0931,0.0964,0.359,0.2658,0.2115,0.1906,0.1629,0.8783,0.5804,0.4417,0.3069,0.2755,0.096,0.1485,0.3716,0.2602,0.207,0.1846,0.1756,0.8612,0.5984,0.4158,0.2966,0.2596,0.093,0.1061,0.4225,0.2711,0.2309,0.2002,0.1787,0.8696,0.6014,0.4304,0.2806,0.2458,0.0927,0.137,0.4377,0.2608,0.2039,0.1543,0.1515,0.8522,0.5713,0.3534,0.2299,0.2375,0.0927,0.0952,0.3613,0.2606,0.2087,0.1603,0.1504,0.8374,0.5521,0.3641,0.2399,0.2539,0.0951,0.1177,0.3612,0.2598,0.2207,0.1698,0.1365,0.8416,0.5763,0.3973,0.2553,0.3005,0.0949,0.0991,0.0947,0.0929,0.0942,0.1008,0.0926,0.0946,0.0916,0.0939,0.1005,0.0959,0.0983,
208424s,0.0956,0.0936,0.0947,0.0961,0.0966,0.0922,0.0918,0.0988,0.0945,0.0941,0.0928,0.0932,0.0963,0.3593,0.2653,0.22,0.1836,0.1644,0.8793,0.5798,0.4415,0.3068,0.2762,0.0956,0.1391,0.3717,0.2603,0.2018,0.1835,0.172,0.8613,0.599,0.4162,0.2968,0.2598,0.0931,0.1059,0.4225,0.2713,0.2283,0.1933,0.1744,0.8691,0.6016,0.4266,0.2786,0.2447,0.0928,0.1385,0.4384,0.2595,0.2038,0.1535,0.1508,0.8535,0.5716,0.3536,0.2302,0.2379,0.0925,0.0953,0.3622,0.2598,0.2093,0.1597,0.1497,0.8366,0.5519,0.3623,0.2403,0.2567,0.0948,0.1208,0.3613,0.2596,0.2103,0.1645,0.1363,0.8421,0.5774,0.3974,0.2556,0.3022,0.0949,0.0997,0.0946,0.0925,0.0942,0.1007,0.0921,0.0943,0.0913,0.094,0.1005,0.0958,0.0981,
208686s,0.0953,0.0941,0.0949,0.0961,0.0967,0.0925,0.0919,0.0989,0.0946,0.0944,0.0928,0.0933,0.0967,0.3589,0.2656,0.2162,0.1893,0.1627,0.8797,0.58,0.4433,0.3075,0.2762,0.096,0.1408,0.3719,0.26,0.2067,0.185,0.1788,0.8613,0.5986,0.4167,0.2966,0.2595,0.0927,0.1055,0.4226,0.2714,0.2272,0.1984,0.1766,0.8697,0.602,0.4288,0.2805,0.2458,0.0929,0.1355,0.4399,0.2609,0.2066,0.1537,0.1513,0.853,0.5715,0.3538,0.2299,0.2376,0.0925,0.0953,0.3618,0.2609,0.208,0.1609,0.1507,0.8369,0.5525,0.3636,0.2402,0.2552,0.0949,0.1175,0.3615,0.2591,0.2185,0.1705,0.1372,0.8409,0.5768,0.3979,0.2556,0.3028,0.0947,0.0987,0.0945,0.0927,0.0943,0.1008,0.0924,0.0943,0.0914,0.0939,0.1004,0.096,0.0982,
208949s,0.095,0.0939,0.0946,0.0959,0.0966,0.0926,0.0922,0.0991,0.0948,0.0942,0.093,0.0932,0.0958,0.3594,0.2655,0.2124,0.1914,0.1643,0.8805,0.5804,0.4436,0.3092,0.2779,0.0963,0.144,0.3713,0.2598,0.2097,0.1869,0.1757,0.8615,0.5985,0.4167,0.2969,0.2597,0.0929,0.105,0.4229,0.2717,0.2293,0.2009,0.1815,0.8705,0.6019,0.4298,0.2813,0.2466,0.0932,0.1432,0.4411,0.2596,0.2095,0.153,0.1518,0.8526,0.5718,0.354,0.2298,0.2374,0.0926,0.0951,0.3619,0.261,0.209,0.1607,0.1501,0.8374,0.5529,0.3632,0.2402,0.2532,0.0948,0.1226,0.3614,0.2593,0.2172,0.1699,0.1359,0.8414,0.5775,0.3977,0.2559,0.3018,0.095,0.099,0.0945,0.0934,0.0948,0.1013,0.0923,0.0949,0.0916,0.094,0.1005,0.0963,0.0982,
209211s,0.0957,0.0941,0.0947,0.0962,0.0968,0.0926,0.0919,0.0989,0.0948,0.0943,0.093,0.0934,0.0965,0.3592,0.265,0.2174,0.19,0.1623,0.8798,0.5797,0.4431,0.3078,0.2767,0.0961,0.1432,0.3714,0.2604,0.2042,0.185,0.1718,0.8632,0.6003,0.4174,0.2979,0.2603,0.0927,0.1075,0.4226,0.2712,0.2212,0.1916,0.1773,0.8696,0.6016,0.4279,0.2798,0.2451,0.0931,0.1401,0.4408,0.2604,0.2076,0.1542,0.1525,0.853,0.5723,0.3541,0.2312,0.238,0.0926,0.095,0.3621,0.2595,0.2051,0.16,0.151,0.8367,0.5519,0.3619,0.2403,0.2532,0.0951,0.116,0.3613,0.2596,0.2095,0.1688,0.1365,0.842,0.578,0.3983,0.256,0.3066,0.0949,0.099,0.0942,0.0924,0.0942,0.1006,0.0923,0.0943,0.0914,0.0941,0.1006,0.096,0.0982,
209474s,0.0949,0.0939,0.0946,0.0962,0.0965,0.0924,0.0919,0.0988,0.0947,0.0943,0.0929,0.0932,0.0958,0.3595,0.2658,0.2106,0.1885,0.162,0.88,0.5804,0.4425,0.3081,0.2763,0.0958,0.1378,0.3714,0.2598,0.2095,0.1874,0.1758,0.8623,0.5981,0.4171,0.2966,0.2601,0.0929,0.1056,0.423,0.2713,0.2276,0.1957,0.1762,0.8707,0.6026,0.4305,0.2811,0.2469,0.093,0.1404,0.4413,0.2606,0.205,0.1549,0.1511,0.8529,0.5723,0.3537,0.2297,0.2379,0.0927,0.0949,0.3619,0.2602,0.2093,0.1598,0.1501,0.8375,0.5529,0.3637,0.2399,0.2528,0.0949,0.1222,0.3617,0.2593,0.2204,0.1679,0.1364,0.8424,0.5761,0.3981,0.2556,0.3023,0.0949,0.0992,0.0948,0.093,0.0945,0.1011,0.0925,0.0946,0.0917,0.0941,0.1005,0.0961,0.098,
209736s,0.0954,0.0938,0.0947,0.0961,0.0963,0.0923,0.0919,0.0986,0.0946,0.0943,0.0927,0.0931,0.0965,0.359,0.2658,0.2172,0.1867,0.1634,0.8801,0.5801,0.4432,0.3074,0.2765,0.096,0.1438,0.3714,0.2599,0.2074,0.1855,0.1765,0.8609,0.599,0.4164,0.2968,0.2602,0.0928,0.1057,0.4238,0.2713,0.2309,0.2013,0.1822,0.8713,0.6026,0.4294,0.2809,0.2464,0.0932,0.141,0.4412,0.2613,0.206,0.1537,0.151,0.8525,0.5723,0.3538,0.2302,0.2377,0.0926,0.095,0.3619,0.2601,0.2096,0.1596,0.1499,0.8376,0.5536,0.3639,0.2408,0.2566,0.095,0.1196,0.3615,0.2594,0.2178,0.1644,0.1361,0.8425,0.5774,0.3974,0.256,0.3027,0.0948,0.0984,0.0948,0.0929,0.0945,0.1011,0.0924,0.0947,0.0914,0.094,0.1006,0.0961,0.0982,
209999s,0.0952,0.0937,0.0947,0.0961,0.0966,0.0922,0.0919,0.0987,0.0946,0.0942,0.0928,0.0931,0.096,0.3593,0.2658,0.2148,0.1895,0.1635,0.8796,0.5807,0.4424,0.3072,0.2763,0.0962,0.1416,0.3715,0.2603,0.2042,0.1846,0.173,0.8623,0.5987,0.4165,0.2972,0.2602,0.0927,0.1051,0.4241,0.2711,0.2312,0.2005,0.18,0.8711,0.6026,0.43,0.2806,0.2466,0.0931,0.1428,0.4431,0.2603,0.2044,0.1537,0.1512,0.8538,0.5722,0.3541,0.2299,0.2385,0.0926,0.095,0.3618,0.2605,0.2093,0.16,0.1504,0.8379,0.5531,0.3639,0.2404,0.2549,0.0948,0.1161,0.3618,0.2596,0.2123,0.1651,0.1364,0.8434,0.5773,0.3987,0.2561,0.3038,0.0948,0.0993,0.0945,0.0928,0.094,0.1009,0.0922,0.0947,0.0915,0.094,0.1006,0.096,0.0981,
210261s,0.0953,0.0938,0.0945,0.096,0.0964,0.0922,0.0918,0.0987,0.0946,0.0942,0.0928,0.0932,0.0974,0.3591,0.2658,0.2166,0.1837,0.164,0.8793,0.5795,0.4416,0.3076,0.2766,0.0959,0.1388,0.3711,0.2595,0.2065,0.1862,0.1805,0.8622,0.5995,0.4168,0.2972,0.2603,0.0931,0.1071,0.4251,0.2707,0.2275,0.1997,0.1772,0.8714,0.6023,0.4296,0.2816,0.2464,0.0931,0.1371,0.4427,0.2598,0.2068,0.1536,0.1517,0.8536,0.5722,0.3539,0.2307,0.2389,0.0926,0.0951,0.3613,0.2599,0.2094,0.1597,0.1496,0.8382,0.5523,0.3641,0.2403,0.2541,0.0949,0.1213,0.3609,0.2589,0.2207,0.1692,0.1371,0.8433,0.5765,0.398,0.2562,0.3045,0.0947,0.0985,0.0938,0.0924,0.0942,0.1007,0.0922,0.0944,0.0915,0.0938,0.1005,0.0958,0.0982,
210524s,0.0954,0.0938,0.0945,0.0957,0.0963,0.0922,0.0918,0.0988,0.0946,0.0943,0.0928,0.0933,0.0962,0.3591,0.265,0.2187,0.1882,0.1638,0.8792,0.5808,0.4434,0.3077,0.2771,0.096,0.1378,0.3713,0.2593,0.2092,0.188,0.1816,0.8634,0.5991,0.4178,0.2969,0.26,0.0926,0.1064,0.4259,0.2714,0.2249,0.1992,0.1784,0.8704,0.6028,0.4281,0.2807,0.247,0.0931,0.1435,0.4442,0.2585,0.2067,0.1536,0.1526,0.8534,0.5724,0.354,0.2304,0.2385,0.0927,0.0943,0.3617,0.2589,0.2041,0.1606,0.1505,0.8381,0.5526,0.3642,0.2404,0.254,0.0947,0.1193,0.3608,0.2591,0.21,0.1646,0.1364,0.843,0.5775,0.3985,0.2563,0.3045,0.0948,0.0996,0.095,0.0928,0.0944,0.1008,0.0923,0.0945,0.0915,0.0939,0.1003,0.0958,0.0983,
210786s,0.0953,0.0939,0.0943,0.0958,0.0966,0.0924,0.0919,0.0986,0.0946,0.0942,0.0929,0.0931,0.0956,0.3589,0.2657,0.2107,0.1859,0.1631,0.8798,0.5812,0.4461,0.3097,0.2781,0.0961,0.1367,0.3713,0.2598,0.2062,0.185,0.1719,0.8617,0.5984,0.4178,0.297,0.2599,0.0928,0.1065,0.426,0.2718,0.2306,0.2014,0.1794,0.8721,0.6034,0.43,0.2815,0.2466,0.0932,0.1386,0.4437,0.2591,0.2074,0.1535,0.1511,0.8537,0.5729,0.3537,0.2304,0.2383,0.0926,0.0949,0.3619,0.2589,0.215,0.1607,0.1493,0.8381,0.5531,0.364,0.2412,0.2574,0.0947,0.1206,0.3605,0.2586,0.2171,0.1653,0.1353,0.8435,0.5772,0.3984,0.256,0.3028,0.0948,0.0982,0.094,0.0924,0.0941,0.1008,0.0921,0.0945,0.0916,0.0941,0.1006,0.096,0.0982,
211049s,0.0955,0.0937,0.0946,0.096,0.0965,0.0926,0.092,0.099,0.0947,0.0944,0.0928,0.0934,0.0964,0.3584,0.2654,0.2124,0.1898,0.1636,0.8802,0.5815,0.4442,0.3078,0.2771,0.0963,0.1438,0.3714,0.2597,0.2062,0.1856,0.1751,0.8628,0.5994,0.4185,0.2972,0.2604,0.093,0.1053,0.4264,0.2714,0.2287,0.1989,0.1786,0.8713,0.6033,0.4311,0.282,0.2462,0.093,0.1397,0.445,0.2592,0.2072,0.1535,0.1513,0.8544,0.573,0.3544,0.2309,0.2385,0.0927,0.0949,0.3615,0.2588,0.2114,0.1609,0.1496,0.8397,0.5528,0.3643,0.2408,0.2559,0.095,0.1206,0.3608,0.2584,0.2181,0.1736,0.137,0.844,0.577,0.3986,0.256,0.3052,0.0949,0.098,0.0942,0.0926,0.0942,0.1009,0.0922,0.0947,0.0917,0.094,0.1004,0.0961,0.0982,
211311s,0.0954,0.0943,0.0948,0.0963,0.0967,0.0925,0.0919,0.099,0.0948,0.0943,0.0929,0.0932,0.0968,0.3588,0.2652,0.2218,0.1887,0.1627,0.8806,0.5797,0.441,0.3076,0.2771,0.0959,0.1465,0.3714,0.2595,0.2076,0.1891,0.1807,0.863,0.5999,0.4174,0.2976,0.2605,0.0928,0.1062,0.4272,0.2707,0.2207,0.1948,0.1752,0.8724,0.6024,0.4276,0.2803,0.2456,0.093,0.1386,0.4467,0.2586,0.2052,0.1535,0.1512,0.8545,0.5731,0.354,0.2307,0.2387,0.0929,0.0949,0.3613,0.2585,0.2068,0.1613,0.1517,0.8383,0.5535,0.3641,0.2416,0.2543,0.095,0.1205,0.3613,0.2599,0.2155,0.1715,0.1376,0.8439,0.5786,0.3992,0.2565,0.3077,0.0951,0.0988,0.0942,0.0921,0.094,0.1007,0.0924,0.0947,0.0915,0.0939,0.1004,0.096,0.0983,
211574s,0.0952,0.0935,0.0944,0.096,0.0963,0.0923,0.0919,0.0988,0.0946,0.0943,0.0929,0.0931,0.0965,0.3589,0.2652,0.2143,0.1837,0.1628,0.8801,0.582,0.4444,0.3078,0.2776,0.0962,0.138,0.3712,0.2595,0.2039,0.1846,0.1737,0.862,0.5998,0.4177,0.2973,0.2606,0.0928,0.1059,0.4281,0.271,0.232,0.2008,0.184,0.8712,0.6036,0.4291,0.2809,0.2467,0.0933,0.1396,0.4484,0.2589,0.2065,0.154,0.1511,0.854,0.5729,0.3547,0.2304,0.2383,0.0928,0.095,0.3615,0.2586,0.2099,0.1603,0.1498,0.838,0.5539,0.3641,0.2409,0.2564,0.0947,0.122,0.3609,0.259,0.212,0.1655,0.1363,0.8435,0.5774,0.3991,0.2564,0.3075,0.0949,0.1006,0.0955,0.0932,0.0944,0.101,0.0924,0.0945,0.0917,0.0939,0.1004,0.096,0.0986,
211836s,0.0956,0.0937,0.0944,0.0957,0.0962,0.0922,0.0919,0.0986,0.0946,0.0942,0.0928,0.0932,0.0963,0.3586,0.2652,0.216,0.1919,0.1632,0.8805,0.5813,0.4431,0.3077,0.2769,0.0962,0.1398,0.3711,0.2595,0.2026,0.1842,0.1739,0.8624,0.6,0.4178,0.2974,0.2605,0.0928,0.1066,0.4296,0.2712,0.2287,0.2005,0.18,0.8727,0.6027,0.4301,0.2809,0.2458,0.0929,0.1414,0.4482,0.2586,0.204,0.1543,0.1511,0.8543,0.5724,0.3543,0.2307,0.2389,0.0926,0.0953,0.3614,0.2585,0.2048,0.1607,0.1508,0.8391,0.554,0.3647,0.241,0.2549,0.0951,0.122,0.3605,0.2586,0.2204,0.168,0.1368,0.8431,0.5779,0.3991,0.2567,0.3081,0.0949,0.0997,0.0948,0.0925,0.0944,0.1007,0.0923,0.0944,0.0916,0.0938,0.1005,0.0959,0.0982,
212099s,0.0951,0.0941,0.0947,0.0961,0.0967,0.0925,0.092,0.0987,0.0946,0.0942,0.0928,0.0933,0.0969,0.3589,0.2653,0.2183,0.1844,0.163,0.8811,0.5836,0.444,0.3082,0.2779,0.0961,0.1416,0.3714,0.2593,0.2019,0.184,0.1707,0.8627,0.5998,0.4183,0.2969,0.2606,0.0928,0.1058,0.4295,0.2708,0.2237,0.1963,0.1753,0.8727,0.6036,0.4297,0.2813,0.246,0.0931,0.1423,0.4482,0.2583,0.2038,0.153,0.1515,0.8535,0.5738,0.3544,0.2304,0.2393,0.0929,0.0947,0.3613,0.2588,0.2091,0.1597,0.15,0.8386,0.553,0.3647,0.2417,0.2571,0.0947,0.1195,0.3606,0.2587,0.2117,0.1648,0.1365,0.844,0.5784,0.3991,0.2566,0.3084,0.0948,0.0986,0.0945,0.0932,0.0943,0.1008,0.0924,0.0946,0.0913,0.0938,0.1005,0.0958,0.098,
212361s,0.0951,0.0943,0.0946,0.0964,0.0968,0.0925,0.092,0.099,0.0946,0.0943,0.0929,0.0932,0.0966,0.3594,0.2649,0.2147,0.1861,0.1651,0.8799,0.5797,0.441,0.3079,0.2781,0.0962,0.1385,0.3707,0.2591,0.2113,0.1873,0.1769,0.8638,0.6006,0.4183,0.2982,0.2609,0.093,0.1069,0.431,0.2704,0.2225,0.1964,0.1792,0.8729,0.6026,0.4285,0.2804,0.2462,0.0931,0.1346,0.4497,0.2588,0.202,0.1538,0.1521,0.856,0.5747,0.3549,0.2312,0.2393,0.0928,0.095,0.3611,0.2581,0.2038,0.1612,0.1505,0.8383,0.5508,0.3611,0.2412,0.2551,0.095,0.1165,0.361,0.2585,0.2118,0.1678,0.1355,0.8441,0.5781,0.3996,0.258,0.3084,0.095,0.1004,0.0958,0.0933,0.0951,0.1012,0.0925,0.0946,0.0916,0.0943,0.1007,0.0961,0.0983,
212624s,0.095,0.0939,0.0945,0.0961,0.0966,0.0925,0.092,0.0988,0.0946,0.0942,0.0928,0.093,0.0961,0.359,0.2654,0.2134,0.1837,0.1653,0.8816,0.5829,0.4449,0.3091,0.2782,0.096,0.1454,0.3709,0.2591,0.2084,0.1858,0.1773,0.8625,0.5996,0.4177,0.2971,0.2607,0.0928,0.1051,0.4312,0.2711,0.2287,0.2004,0.1806,0.8725,0.6035,0.431,0.2824,0.2477,0.0932,0.1333,0.4497,0.2585,0.2059,0.153,0.1514,0.8551,0.5731,0.3551,0.2304,0.2388,0.0926,0.0944,0.3615,0.2595,0.2077,0.1612,0.1506,0.8396,0.5539,0.3642,0.2409,0.2567,0.0949,0.1192,0.3611,0.2587,0.2167,0.166,0.1357,0.8442,0.5782,0.3998,0.257,0.3072,0.0948,0.0989,0.0938,0.0928,0.0936,0.1008,0.092,0.0945,0.0916,0.0938,0.1006,0.096,0.0982,
212886s,0.0954,0.0936,0.0944,0.0956,0.0964,0.0922,0.0919,0.0986,0.0947,0.0942,0.0928,0.0933,0.0964,0.3585,0.265,0.2126,0.1886,0.1637,0.8805,0.5835,0.4452,0.3099,0.2789,0.096,0.1435,0.3711,0.2592,0.2091,0.1865,0.1759,0.8633,0.6007,0.4178,0.2979,0.2607,0.0928,0.1062,0.4315,0.2713,0.2298,0.1997,0.1799,0.8732,0.6034,0.4319,0.282,0.2467,0.093,0.1372,0.4499,0.2597,0.2033,0.1545,0.1511,0.8546,0.5731,0.3549,0.2305,0.2387,0.0928,0.095,0.3613,0.2595,0.2061,0.1613,0.151,0.8391,0.5537,0.365,0.2411,0.2553,0.0949,0.1194,0.3612,0.2587,0.2124,0.1633,0.1358,0.8434,0.5792,0.3991,0.2583,0.3068,0.095,0.0988,0.0947,0.093,0.0941,0.1009,0.0924,0.0947,0.0916,0.094,0.1008,0.0961,0.0981,
213149s,0.0954,0.0939,0.0945,0.0962,0.0965,0.0925,0.092,0.0989,0.0948,0.0942,0.0928,0.0936,0.0964,0.3585,0.2647,0.2216,0.1898,0.1628,0.8807,0.5824,0.4425,0.3084,0.2779,0.0961,0.1359,0.3713,0.2598,0.2027,0.1833,0.1741,0.8624,0.6013,0.418,0.2973,0.2611,0.0928,0.1076,0.4308,0.2706,0.2245,0.1965,0.1785,0.8729,0.6031,0.4291,0.2806,0.2459,0.0932,0.139,0.4513,0.2592,0.2014,0.1535,0.1506,0.8548,0.5741,0.3545,0.2306,0.2393,0.0927,0.0949,0.3613,0.2579,0.206,0.1602,0.1508,0.8391,0.5541,0.365,0.2418,0.256,0.0951,0.1198,0.3614,0.2583,0.2081,0.1663,0.1374,0.8447,0.58,0.3998,0.2575,0.3101,0.0949,0.1004,0.0947,0.0924,0.0941,0.1008,0.0922,0.0947,0.0917,0.094,0.1006,0.0959,0.0983,
213411s,0.0953,0.0938,0.0945,0.0959,0.0966,0.0924,0.0919,0.0987,0.0945,0.0942,0.0928,0.0932,0.0964,0.3586,0.2658,0.2098,0.1865,0.1652,0.8823,0.583,0.4467,0.3098,0.2783,0.0959,0.1439,0.3706,0.2591,0.2084,0.1877,0.1751,0.8629,0.6004,0.4181,0.2974,0.2606,0.093,0.1051,0.4311,0.2712,0.2269,0.1916,0.1765,0.8736,0.6037,0.4325,0.282,0.2473,0.0931,0.1354,0.4516,0.2588,0.205,0.1531,0.1508,0.8552,0.5732,0.3551,0.2309,0.2386,0.0927,0.0952,0.3612,0.2596,0.2109,0.1601,0.1503,0.8384,0.5547,0.365,0.2418,0.2572,0.0948,0.1186,0.3609,0.2581,0.2183,0.1726,0.1361,0.8436,0.5786,0.3992,0.2569,0.3082,0.095,0.0982,0.0939,0.0931,0.0939,0.1008,0.0919,0.0947,0.0916,0.0939,0.1004,0.096,0.0981,
213674s,0.0953,0.0937,0.0943,0.0958,0.0964,0.0923,0.0919,0.0989,0.0946,0.0942,0.0928,0.0932,0.0963,0.3588,0.2654,0.2164,0.1852,0.1628,0.8824,0.5828,0.4457,0.309,0.2786,0.0964,0.1467,0.3715,0.2596,0.2058,0.1847,0.1781,0.8641,0.6018,0.4187,0.2979,0.2611,0.0928,0.1058,0.4314,0.2709,0.2269,0.1977,0.1764,0.8725,0.6045,0.4295,0.2811,0.2456,0.0929,0.1393,0.4529,0.2616,0.2066,0.1531,0.1524,0.8554,0.5734,0.3558,0.2307,0.2392,0.0927,0.0943,0.361,0.2591,0.2072,0.1596,0.15,0.8399,0.5541,0.3657,0.2421,0.2568,0.0948,0.1207,0.3611,0.258,0.211,0.165,0.1361,0.8449,0.5798,0.3998,0.2574,0.3096,0.095,0.0994,0.0944,0.0927,0.094,0.101,0.0923,0.0945,0.0915,0.094,0.1004,0.0959,0.0987,
213936s,0.0949,0.0942,0.0946,0.0961,0.0965,0.0924,0.0918,0.0988,0.0946,0.0943,0.0927,0.0932,0.096,0.3588,0.2648,0.2158,0.19,0.1629,0.8821,0.5827,0.4453,0.3093,0.2777,0.0959,0.1433,0.3705,0.2595,0.2068,0.1862,0.1817,0.8641,0.6013,0.418,0.2975,0.2608,0.0929,0.1066,0.4321,0.2707,0.2243,0.199,0.1775,0.8736,0.6044,0.4307,0.2815,0.2458,0.0929,0.1414,0.4535,0.2619,0.2066,0.1529,0.1522,0.8549,0.5739,0.3552,0.2305,0.2386,0.0927,0.0942,0.3614,0.2587,0.2039,0.1613,0.1512,0.84,0.5546,0.3641,0.2412,0.2554,0.0948,0.1223,0.3611,0.2583,0.2128,0.1651,0.1371,0.8447,0.5799,0.3994,0.2576,0.3106,0.0946,0.0996,0.0947,0.0926,0.0942,0.1008,0.0923,0.0946,0.0917,0.094,0.1007,0.096,0.0979,
214199s,0.0952,0.0941,0.0946,0.0963,0.0967,0.0924,0.092,0.099,0.0947,0.0943,0.0928,0.0936,0.0971,0.3585,0.2648,0.2129,0.1855,0.1659,0.8828,0.5833,0.4428,0.3087,0.2781,0.0962,0.1411,0.3712,0.2598,0.212,0.1877,0.1793,0.8655,0.6022,0.4193,0.2986,0.2616,0.0932,0.1066,0.433,0.2705,0.2204,0.1959,0.1769,0.8741,0.6027,0.4268,0.2808,0.2459,0.0935,0.1311,0.456,0.2619,0.2112,0.1535,0.1512,0.8553,0.5747,0.3556,0.2311,0.24,0.0927,0.0951,0.3615,0.259,0.2057,0.1601,0.1506,0.8395,0.5551,0.3644,0.2424,0.2559,0.0949,0.1199,0.3614,0.2584,0.2088,0.1684,0.1362,0.846,0.5809,0.4004,0.2581,0.3112,0.0949,0.0999,0.0942,0.0923,0.0945,0.1008,0.0924,0.0946,0.0916,0.094,0.1006,0.096,0.0985,
214461s,0.0953,0.0939,0.0947,0.0961,0.0966,0.0927,0.0923,0.0988,0.0947,0.0944,0.093,0.0933,0.096,0.3589,0.2652,0.2106,0.1907,0.1636,0.8842,0.5828,0.447,0.3102,0.2797,0.096,0.1357,0.3709,0.2595,0.2077,0.1893,0.1794,0.8645,0.6014,0.4178,0.2978,0.2608,0.093,0.1059,0.4338,0.2711,0.2301,0.2012,0.1854,0.8749,0.6042,0.433,0.2822,0.2473,0.0932,0.1395,0.4568,0.2614,0.2071,0.1533,0.152,0.8552,0.5739,0.3554,0.2309,0.2401,0.0929,0.095,0.3614,0.2595,0.2128,0.1605,0.1505,0.8397,0.5548,0.3656,0.2429,0.2598,0.0947,0.1215,0.3609,0.2582,0.219,0.1662,0.1369,0.8449,0.5792,0.4,0.2575,0.3103,0.0948,0.0998,0.0951,0.0931,0.0947,0.1011,0.0923,0.0945,0.0916,0.094,0.1007,0.0961,0.0985,
214724s,0.0952,0.0937,0.0943,0.0958,0.0963,0.0921,0.0918,0.0986,0.0944,0.0941,0.0927,0.093,0.0963,0.358,0.2649,0.2163,0.1839,0.1635,0.8832,0.583,0.4466,0.3098,0.2791,0.096,0.1374,0.3711,0.2589,0.2093,0.188,0.1793,0.8644,0.6011,0.418,0.298,0.261,0.0928,0.106,0.4341,0.271,0.2269,0.196,0.1754,0.8738,0.6046,0.4299,0.2811,0.2462,0.093,0.1335,0.4575,0.26,0.2042,0.1529,0.1505,0.8553,0.5743,0.3551,0.2308,0.2402,0.0925,0.095,0.3611,0.2589,0.2119,0.1599,0.1497,0.8397,0.5548,0.3652,0.2425,0.2604,0.0947,0.1222,0.3606,0.2585,0.2122,0.1655,0.1367,0.8452,0.5807,0.3998,0.2581,0.3106,0.0947,0.0998,0.095,0.0927,0.0943,0.1008,0.0922,0.0944,0.0913,0.0939,0.1004,0.0961,0.098,
214986s,0.0951,0.0939,0.0946,0.0962,0.0965,0.0923,0.092,0.0987,0.0947,0.0943,0.0928,0.0933,0.0971,0.3585,0.2646,0.2226,0.1905,0.1637,0.8845,0.5821,0.4439,0.3092,0.2789,0.096,0.1369,0.3712,0.2588,0.2074,0.1878,0.1804,0.8655,0.6012,0.4179,0.298,0.2616,0.0931,0.1048,0.4355,0.2706,0.2278,0.1996,0.1776,0.8745,0.6051,0.4313,0.2814,0.2474,0.0933,0.1366,0.4581,0.2604,0.2013,0.1545,0.151,0.8555,0.5744,0.3555,0.2306,0.2402,0.0929,0.0953,0.3612,0.2587,0.2068,0.1606,0.1501,0.8407,0.5547,0.3653,0.2423,0.2571,0.095,0.1164,0.36,0.258,0.2118,0.1638,0.1368,0.8459,0.5802,0.4,0.2583,0.3104,0.0949,0.0985,0.0942,0.0925,0.0941,0.1008,0.0923,0.0948,0.0915,0.0939,0.1005,0.0961,0.0985,
215249s,0.0952,0.094,0.0946,0.0962,0.0964,0.0921,0.0919,0.0988,0.0947,0.0942,0.0929,0.0934,0.0976,0.3584,0.2646,0.2239,0.1892,0.1658,0.8837,0.583,0.4435,0.3096,0.2791,0.0959,0.133,0.3711,0.2587,0.2084,0.1894,0.1788,0.8651,0.6015,0.4192,0.2988,0.2612,0.0931,0.1076,0.4353,0.2704,0.2199,0.1957,0.1785,0.8751,0.6042,0.4289,0.2804,0.2465,0.0929,0.1369,0.4594,0.2606,0.1999,0.153,0.1507,0.8564,0.5751,0.3553,0.2312,0.2405,0.0928,0.0947,0.3609,0.2572,0.2079,0.1597,0.1493,0.8405,0.5544,0.3659,0.2423,0.2592,0.0947,0.1247,0.3607,0.2579,0.2076,0.165,0.1368,0.846,0.5809,0.4006,0.2587,0.3103,0.0949,0.0987,0.0945,0.0924,0.0939,0.1007,0.0923,0.0944,0.0912,0.0939,0.1005,0.096,0.0982,
215511s,0.0953,0.0937,0.0944,0.0958,0.0963,0.0923,0.092,0.0988,0.0945,0.0943,0.0928,0.0933,0.0959,0.3584,0.2644,0.2133,0.1919,0.1625,0.884,0.584,0.4462,0.3093,0.2784,0.0959,0.1396,0.3704,0.2589,0.2055,0.1857,0.1806,0.8645,0.6016,0.4181,0.2984,0.2615,0.0927,0.1055,0.4362,0.2706,0.2255,0.1962,0.1762,0.8741,0.6044,0.4317,0.2815,0.2466,0.093,0.1338,0.4602,0.2598,0.2072,0.1529,0.152,0.856,0.5754,0.355,0.231,0.2403,0.0926,0.0948,0.3613,0.2577,0.205,0.161,0.1509,0.8407,0.5542,0.3639,0.2425,0.2575,0.0951,0.1175,0.3604,0.2575,0.2129,0.164,0.1362,0.845,0.5808,0.4001,0.2581,0.3113,0.0948,0.099,0.0944,0.0927,0.0942,0.1009,0.0923,0.0944,0.0914,0.0939,0.1007,0.096,0.0981,
215774s,0.0961,0.0935,0.0942,0.096,0.0963,0.0922,0.0919,0.0987,0.0947,0.0943,0.093,0.0934,0.0964,0.3581,0.2649,0.2198,0.1911,0.1634,0.8834,0.5832,0.4462,0.3092,0.2788,0.0959,0.1463,0.3708,0.2593,0.2093,0.1899,0.1814,0.8654,0.6024,0.4186,0.2981,0.2613,0.0928,0.1067,0.4372,0.2704,0.2257,0.1978,0.1761,0.8744,0.6048,0.4324,0.2813,0.2465,0.0932,0.1358,0.4618,0.2598,0.2048,0.1531,0.1516,0.8559,0.5754,0.3548,0.2313,0.241,0.0929,0.0946,0.3611,0.2569,0.2079,0.1601,0.1506,0.8405,0.5548,0.3661,0.2431,0.2615,0.0948,0.1163,0.3609,0.2581,0.206,0.1642,0.1366,0.8451,0.5816,0.4004,0.2586,0.3118,0.095,0.0998,0.095,0.0927,0.0941,0.1008,0.0925,0.0945,0.0916,0.094,0.1004,0.0959,0.0982,
216036s,0.0951,0.0938,0.0944,0.096,0.0965,0.0924,0.0922,0.0988,0.0946,0.0941,0.0927,0.0935,0.0966,0.3573,0.2643,0.221,0.1875,0.1647,0.8839,0.5825,0.4437,0.3091,0.2788,0.0958,0.1424,0.3709,0.2592,0.2113,0.1894,0.177,0.8656,0.6028,0.4184,0.2989,0.2615,0.0925,0.1065,0.437,0.2699,0.218,0.1904,0.1767,0.875,0.6041,0.4308,0.2816,0.2472,0.0933,0.133,0.4627,0.2578,0.2046,0.1523,0.1509,0.8559,0.5754,0.3553,0.2307,0.2411,0.0927,0.095,0.361,0.2566,0.2076,0.1583,0.1492,0.8411,0.5536,0.3648,0.243,0.2591,0.0947,0.1203,0.3601,0.258,0.2071,0.1661,0.1362,0.8461,0.5815,0.4004,0.259,0.3125,0.0947,0.1,0.0947,0.0931,0.0937,0.1007,0.0922,0.0943,0.0915,0.0937,0.1005,0.0958,0.0981,
216299s,0.0952,0.0938,0.0945,0.0961,0.0966,0.0924,0.092,0.0989,0.0947,0.0944,0.093,0.0933,0.0961,0.3583,0.265,0.2111,0.1911,0.1635,0.8844,0.5845,0.446,0.3103,0.2801,0.0963,0.1419,0.3706,0.2585,0.2089,0.1905,0.1875,0.8666,0.6015,0.4189,0.2981,0.2615,0.0931,0.106,0.4382,0.2706,0.2299,0.2005,0.1822,0.8747,0.6055,0.432,0.2818,0.2477,0.0933,0.1349,0.4623,0.2586,0.2057,0.1535,0.1512,0.857,0.5748,0.3554,0.2309,0.2411,0.0927,0.095,0.3611,0.2572,0.2118,0.16,0.15,0.8419,0.5557,0.3668,0.2428,0.2595,0.0948,0.1198,0.3602,0.2579,0.2154,0.1653,0.1367,0.846,0.5803,0.4005,0.2585,0.3143,0.0949,0.0988,0.0941,0.0925,0.0939,0.101,0.0921,0.0946,0.0917,0.0938,0.1004,0.0961,0.0984,
216561s,0.0953,0.094,0.0944,0.096,0.0964,0.0923,0.0919,0.0986,0.0948,0.0941,0.0928,0.0933,0.0963,0.3583,0.2654,0.2176,0.1849,0.1639,0.8841,0.584,0.4465,0.3098,0.279,0.0959,0.1414,0.3707,0.2591,0.2093,0.1883,0.18,0.866,0.6023,0.4187,0.2981,0.2617,0.0928,0.106,0.4391,0.2709,0.2293,0.1999,0.1788,0.8752,0.6055,0.4313,0.2821,0.2468,0.0935,0.134,0.4634,0.2601,0.2058,0.1537,0.1515,0.8574,0.5752,0.3554,0.2312,0.2406,0.0928,0.0948,0.3614,0.2568,0.2102,0.1606,0.1504,0.8416,0.5559,0.3659,0.2431,0.2609,0.095,0.1203,0.3604,0.2575,0.219,0.1666,0.1372,0.845,0.5808,0.4004,0.2584,0.3138,0.0947,0.0994,0.0948,0.0927,0.0944,0.1011,0.0923,0.0949,0.0916,0.094,0.1006,0.0961,0.0984,
216824s,0.0949,0.0936,0.0945,0.0958,0.0965,0.0924,0.0919,0.0987,0.0946,0.0942,0.0929,0.0932,0.0961,0.3584,0.265,0.2185,0.1865,0.1631,0.8847,0.5845,0.4466,0.3102,0.2795,0.0959,0.147,0.3702,0.2586,0.2038,0.184,0.1767,0.8666,0.602,0.4192,0.2981,0.2617,0.093,0.106,0.4391,0.2703,0.2282,0.1982,0.1776,0.8754,0.6052,0.4321,0.2821,0.2469,0.0931,0.1381,0.4641,0.2597,0.2033,0.1543,0.1507,0.8573,0.5752,0.356,0.2309,0.2406,0.0926,0.0946,0.3617,0.2571,0.2096,0.1592,0.1502,0.8419,0.5557,0.3651,0.2434,0.258,0.0949,0.1185,0.3604,0.2576,0.216,0.1666,0.1372,0.8467,0.5806,0.4002,0.2588,0.3136,0.0948,0.0991,0.095,0.0925,0.0942,0.1009,0.0923,0.0944,0.0914,0.0938,0.1005,0.0959,0.0981,
217086s,0.0961,0.0938,0.0944,0.0964,0.0967,0.0923,0.0921,0.099,0.0947,0.0943,0.093,0.0935,0.0968,0.3581,0.2648,0.2208,0.1885,0.1645,0.8843,0.5841,0.4443,0.3102,0.2792,0.0959,0.1472,0.3705,0.2589,0.2069,0.1882,0.1791,0.8669,0.6027,0.4193,0.2989,0.2616,0.0933,0.1068,0.4404,0.2701,0.2191,0.1933,0.1798,0.8752,0.6051,0.4303,0.2814,0.2467,0.0933,0.1335,0.4651,0.2593,0.2046,0.1524,0.1503,0.8579,0.5761,0.3558,0.2312,0.2412,0.0926,0.0947,0.3609,0.2566,0.209,0.16,0.1504,0.8419,0.5546,0.3658,0.2429,0.2609,0.0948,0.1219,0.3602,0.2579,0.2063,0.165,0.1366,0.8461,0.5819,0.4011,0.2592,0.3134,0.095,0.1,0.0953,0.093,0.0942,0.1008,0.0923,0.0944,0.0917,0.094,0.1005,0.0958,0.0981,
217349s,0.095,0.0939,0.0946,0.0963,0.0964,0.0923,0.0919,0.0988,0.0946,0.0942,0.0928,0.0931,0.0964,0.3586,0.2648,0.2208,0.1892,0.1635,0.8848,0.5839,0.4462,0.3099,0.2796,0.0961,0.1434,0.3699,0.2589,0.2076,0.1873,0.1785,0.866,0.602,0.419,0.2989,0.2615,0.0927,0.1078,0.4412,0.2704,0.2262,0.2007,0.1827,0.8756,0.6058,0.4322,0.2822,0.2476,0.0933,0.1378,0.467,0.2588,0.2036,0.1534,0.1506,0.8572,0.5759,0.356,0.2311,0.2408,0.0928,0.0949,0.3606,0.2565,0.2074,0.1591,0.1502,0.8433,0.5553,0.3665,0.2431,0.2587,0.0948,0.1182,0.3601,0.2581,0.2059,0.1642,0.1369,0.8461,0.5813,0.4005,0.2591,0.3132,0.0948,0.0995,0.0941,0.0922,0.0938,0.1005,0.0921,0.0946,0.0914,0.094,0.1005,0.0958,0.098,
217611s,0.0958,0.0936,0.0944,0.0961,0.0963,0.0923,0.0919,0.0986,0.0947,0.0942,0.0927,0.0933,0.097,0.3578,0.2648,0.222,0.1907,0.1637,0.8849,0.5839,0.4463,0.3101,0.2798,0.0961,0.1511,0.3702,0.2593,0.2044,0.1835,0.1744,0.8664,0.603,0.4194,0.2993,0.262,0.0927,0.1067,0.4413,0.2706,0.2207,0.1953,0.1749,0.8758,0.6052,0.4316,0.2818,0.2465,0.0931,0.1308,0.4677,0.2583,0.205,0.1525,0.1514,0.858,0.5749,0.3556,0.2314,0.2412,0.0928,0.0943,0.3609,0.257,0.2089,0.1594,0.1492,0.8426,0.5557,0.3659,0.2433,0.2621,0.0949,0.1159,0.3601,0.2575,0.2117,0.1687,0.1374,0.8465,0.5827,0.4005,0.2594,0.3136,0.0951,0.0995,0.0951,0.093,0.0945,0.1009,0.0922,0.0943,0.0913,0.0941,0.1005,0.096,0.0983,
217874s,0.095,0.0943,0.0947,0.0964,0.0966,0.0924,0.0921,0.0988,0.0949,0.0942,0.0928,0.0932,0.0963,0.3578,0.2643,0.2184,0.1869,0.1654,0.8855,0.5833,0.4457,0.31,0.2801,0.096,0.14,0.3705,0.2592,0.2126,0.1874,0.1742,0.8667,0.6031,0.4206,0.2991,0.2619,0.093,0.1063,0.4415,0.2701,0.2231,0.1945,0.1805,0.8766,0.6053,0.4314,0.2822,0.2477,0.0932,0.1347,0.4699,0.2598,0.1968,0.154,0.15,0.8586,0.5764,0.3553,0.2313,0.2414,0.0929,0.0945,0.3609,0.2568,0.2079,0.1601,0.1501,0.8427,0.5549,0.3664,0.2437,0.2593,0.0948,0.1248,0.3599,0.2574,0.2059,0.1638,0.136,0.8474,0.5828,0.4023,0.2594,0.3137,0.095,0.0995,0.0947,0.0924,0.0941,0.1008,0.0922,0.0944,0.0914,0.0941,0.1005,0.096,0.0983,
218136s,0.0956,0.0939,0.0948,0.0965,0.0971,0.0929,0.0922,0.0993,0.0949,0.0943,0.0928,0.0935,0.0966,0.3581,0.2643,0.218,0.1879,0.1651,0.8851,0.5833,0.4447,0.3101,0.2804,0.0962,0.1368,0.3707,0.2588,0.2131,0.1885,0.1746,0.8678,0.603,0.4206,0.2996,0.2621,0.0931,0.1071,0.443,0.2702,0.2232,0.196,0.1796,0.8757,0.6055,0.4297,0.2814,0.2479,0.0934,0.1361,0.471,0.2588,0.2011,0.1539,0.1514,0.859,0.5767,0.3557,0.2314,0.2417,0.0928,0.0947,0.3611,0.2575,0.2095,0.1598,0.1503,0.8417,0.5539,0.3641,0.2426,0.2603,0.0946,0.1237,0.3604,0.2572,0.214,0.1684,0.136,0.8474,0.5827,0.4019,0.2588,0.3161,0.095,0.0986,0.094,0.0925,0.0943,0.1008,0.0919,0.0944,0.0915,0.094,0.1005,0.096,0.0982,
218399s,0.095,0.0942,0.0946,0.0961,0.0967,0.0928,0.0922,0.0989,0.0946,0.0942,0.0928,0.0931,0.0965,0.3582,0.2648,0.2206,0.1855,0.1644,0.8862,0.5845,0.4464,0.3103,0.2797,0.096,0.1388,0.37,0.2584,0.2058,0.1852,0.1781,0.8655,0.6023,0.4195,0.2991,0.262,0.0928,0.1061,0.442,0.2701,0.2286,0.1997,0.1783,0.8766,0.6065,0.4333,0.2824,0.2476,0.0933,0.1329,0.4714,0.2575,0.2033,0.153,0.1509,0.8585,0.5761,0.3557,0.2314,0.2416,0.0926,0.0943,0.3606,0.2578,0.21,0.1596,0.1502,0.842,0.5561,0.366,0.2432,0.2617,0.0949,0.1212,0.3595,0.2571,0.2188,0.1698,0.138,0.8468,0.5824,0.4014,0.2594,0.3147,0.0948,0.0987,0.0948,0.0924,0.0941,0.101,0.0923,0.0947,0.0916,0.0939,0.1007,0.0959,0.0981,
218661s,0.0953,0.0939,0.0947,0.096,0.0966,0.0924,0.0921,0.0989,0.0946,0.0944,0.0928,0.0932,0.0965,0.3583,0.2647,0.2182,0.1917,0.1624,0.886,0.5852,0.4473,0.3105,0.2811,0.0961,0.1408,0.3706,0.2585,0.2057,0.1872,0.179,0.8675,0.6024,0.4202,0.2991,0.2622,0.0929,0.1076,0.4434,0.2704,0.2253,0.1976,0.176,0.8764,0.6064,0.4317,0.2819,0.2478,0.0937,0.1321,0.4714,0.2564,0.2053,0.1522,0.1515,0.8588,0.5755,0.3561,0.231,0.2417,0.0929,0.0954,0.3607,0.2571,0.2079,0.1591,0.1501,0.8419,0.5567,0.3671,0.2435,0.2621,0.0948,0.12,0.3592,0.2575,0.2179,0.1684,0.1378,0.8475,0.5821,0.4011,0.2594,0.3147,0.0949,0.1,0.0951,0.093,0.0941,0.1009,0.0922,0.0946,0.0915,0.0939,0.1008,0.096,0.0983,
218923s,0.0959,0.0939,0.0947,0.0962,0.0967,0.0925,0.092,0.0988,0.0949,0.0944,0.093,0.0934,0.0969,0.3579,0.2647,0.2211,0.1883,0.1642,0.8861,0.5837,0.4452,0.3099,0.281,0.096,0.1454,0.3707,0.2593,0.2108,0.1838,0.1753,0.8678,0.6034,0.4205,0.2994,0.2625,0.0928,0.107,0.4438,0.2703,0.2182,0.1914,0.1771,0.8764,0.6057,0.4297,0.2817,0.2475,0.0933,0.136,0.4731,0.258,0.1985,0.1535,0.1499,0.8586,0.5769,0.3568,0.2317,0.2426,0.0929,0.0945,0.3605,0.2567,0.2066,0.1592,0.1502,0.8426,0.5564,0.366,0.2437,0.2615,0.095,0.1216,0.3598,0.2573,0.2119,0.1708,0.1371,0.8479,0.5831,0.4019,0.2601,0.3164,0.095,0.0989,0.0942,0.0925,0.0944,0.101,0.0923,0.0944,0.0916,0.0939,0.1005,0.0961,0.0982,
219186s,0.095,0.0938,0.0943,0.096,0.0966,0.0927,0.0922,0.0991,0.0946,0.0942,0.0929,0.0932,0.0956,0.3582,0.2647,0.2116,0.1867,0.1648,0.8867,0.5857,0.4485,0.3121,0.2809,0.0962,0.14,0.3699,0.2579,0.2098,0.1893,0.1817,0.8676,0.6027,0.42,0.2984,0.2618,0.0926,0.1061,0.4439,0.2706,0.2272,0.1999,0.1827,0.8763,0.6067,0.4337,0.2831,0.2482,0.0934,0.1404,0.4734,0.2577,0.2067,0.1521,0.1509,0.8576,0.5756,0.3561,0.2313,0.242,0.0927,0.0941,0.3609,0.2573,0.2053,0.1612,0.1509,0.8425,0.5563,0.3678,0.2428,0.2593,0.0949,0.121,0.3592,0.2564,0.218,0.1698,0.1369,0.8488,0.5818,0.4004,0.2598,0.3161,0.0949,0.099,0.0945,0.0931,0.094,0.101,0.0921,0.0944,0.0914,0.0939,0.1006,0.0961,0.0984,
219448s,0.0957,0.0937,0.0947,0.0962,0.0966,0.0923,0.0921,0.0986,0.0948,0.0943,0.093,0.0933,0.0963,0.3579,0.2642,0.2187,0.1911,0.1631,0.8863,0.5858,0.4469,0.3102,0.2802,0.0961,0.1515,0.3699,0.258,0.2104,0.1918,0.1833,0.8683,0.6031,0.4204,0.2996,0.2623,0.0931,0.1075,0.4443,0.2701,0.2236,0.1982,0.1832,0.8762,0.6062,0.4311,0.2818,0.2475,0.0935,0.1396,0.474,0.2577,0.2056,0.153,0.1515,0.8583,0.5757,0.3562,0.2314,0.2422,0.093,0.095,0.3606,0.2561,0.2074,0.1594,0.1491,0.8428,0.5565,0.366,0.244,0.262,0.0948,0.1221,0.3599,0.2575,0.2132,0.1685,0.1374,0.8487,0.5826,0.4019,0.26,0.3156,0.0949,0.0989,0.0944,0.0922,0.0938,0.1007,0.0924,0.0945,0.0917,0.0939,0.1005,0.0959,0.0982,
219711s,0.0948,0.0943,0.0947,0.0961,0.0967,0.0924,0.0922,0.0993,0.0948,0.0944,0.0928,0.0934,0.0972,0.3574,0.264,0.2215,0.1866,0.1644,0.8871,0.5846,0.4454,0.3105,0.2802,0.096,0.145,0.37,0.2588,0.2118,0.1852,0.175,0.8687,0.6036,0.4198,0.2995,0.2628,0.0928,0.1077,0.444,0.2696,0.221,0.1963,0.1762,0.8774,0.6054,0.4306,0.2821,0.2477,0.0936,0.1372,0.4752,0.2582,0.2091,0.1539,0.1524,0.8597,0.5762,0.3565,0.2316,0.2422,0.093,0.0945,0.3605,0.2566,0.2081,0.1597,0.1498,0.8435,0.5561,0.3656,0.2437,0.2627,0.0949,0.1254,0.36,0.2572,0.2127,0.1719,0.1365,0.8492,0.583,0.4021,0.2605,0.3165,0.095,0.0995,0.0945,0.0926,0.0942,0.1008,0.0923,0.0945,0.0914,0.094,0.1006,0.096,0.0986,
219973s,0.0953,0.0939,0.0947,0.0964,0.0968,0.0924,0.0921,0.099,0.0947,0.0944,0.0929,0.0934,0.097,0.3576,0.2648,0.2134,0.1854,0.1653,0.886,0.5844,0.4456,0.31,0.2805,0.0963,0.1368,0.3702,0.2587,0.2097,0.1898,0.1748,0.8673,0.6044,0.4203,0.2997,0.2624,0.0926,0.1068,0.4439,0.2698,0.2188,0.1932,0.1783,0.8772,0.6066,0.4303,0.2821,0.2474,0.0932,0.1368,0.4764,0.2575,0.2035,0.152,0.1503,0.8598,0.5778,0.356,0.2315,0.2426,0.0928,0.0945,0.3604,0.2564,0.2097,0.1598,0.1498,0.8431,0.5566,0.3667,0.2438,0.262,0.0949,0.117,0.3598,0.2574,0.209,0.1662,0.1368,0.8486,0.5831,0.4018,0.2606,0.3162,0.095,0.0996,0.0951,0.0928,0.0946,0.1008,0.0924,0.0945,0.0916,0.0939,0.1006,0.096,0.0984,
220236s,0.0948,0.094,0.0946,0.096,0.0966,0.0926,0.0922,0.0991,0.0948,0.0943,0.0929,0.0931,0.0968,0.358,0.2648,0.2196,0.1864,0.1631,0.8874,0.5862,0.4482,0.3118,0.2815,0.096,0.1443,0.3702,0.258,0.208,0.1883,0.1799,0.868,0.6028,0.4205,0.2991,0.2624,0.0928,0.1077,0.4449,0.27,0.226,0.2006,0.1846,0.8783,0.607,0.4339,0.2829,0.2486,0.0936,0.1323,0.4784,0.2576,0.2052,0.1536,0.1515,0.8595,0.5768,0.3566,0.2312,0.2425,0.0927,0.0946,0.3603,0.2563,0.2111,0.1591,0.1497,0.8431,0.5573,0.366,0.2438,0.2638,0.095,0.12,0.3593,0.257,0.215,0.1666,0.1375,0.8485,0.5829,0.4022,0.2605,0.3165,0.0948,0.1003,0.0954,0.0929,0.0948,0.1011,0.0925,0.0948,0.0914,0.0939,0.1005,0.0959,0.0984,
220498s,0.0955,0.0933,0.094,0.0958,0.0962,0.0923,0.0919,0.0988,0.0946,0.0942,0.0929,0.0933,0.0964,0.3578,0.2644,0.2173,0.1881,0.1621,0.887,0.5858,0.4489,0.3114,0.2816,0.0962,0.1444,0.37,0.2582,0.2059,0.1856,0.1792,0.8682,0.603,0.4209,0.2994,0.2626,0.0929,0.1081,0.4452,0.2699,0.2253,0.198,0.1773,0.8768,0.6079,0.4319,0.2823,0.2477,0.0934,0.1341,0.48,0.257,0.2062,0.1523,0.1515,0.8591,0.5761,0.3566,0.2314,0.2426,0.0927,0.0934,0.3604,0.2557,0.2081,0.1573,0.1486,0.8433,0.557,0.3676,0.2436,0.2614,0.0946,0.1195,0.3592,0.2569,0.2191,0.1689,0.138,0.8493,0.5832,0.402,0.2603,0.3163,0.0948,0.1002,0.0951,0.0927,0.0942,0.1008,0.0922,0.0946,0.0917,0.0939,0.1007,0.096,0.0984,
220761s,0.0949,0.0938,0.0945,0.0959,0.0966,0.0925,0.0923,0.0989,0.0947,0.0944,0.0928,0.0933,0.0957,0.358,0.2647,0.2107,0.1917,0.1627,0.8876,0.5852,0.4482,0.3122,0.2819,0.0963,0.1417,0.3699,0.2582,0.2093,0.1871,0.1831,0.8684,0.6052,0.4193,0.2987,0.2626,0.0931,0.1059,0.4455,0.2702,0.2267,0.1985,0.1783,0.8778,0.6073,0.4338,0.2825,0.2476,0.0933,0.1371,0.4798,0.2567,0.2092,0.1532,0.1529,0.8599,0.5759,0.3571,0.2315,0.2431,0.093,0.0946,0.3606,0.2572,0.2108,0.1593,0.1495,0.843,0.5576,0.3672,0.244,0.2611,0.0952,0.1189,0.3594,0.257,0.2127,0.1731,0.1365,0.8495,0.5823,0.4027,0.2602,0.3183,0.0949,0.0995,0.094,0.0922,0.0941,0.1007,0.0921,0.0943,0.0916,0.0939,0.1003,0.096,0.0983,
221023s,0.0958,0.0937,0.0946,0.0961,0.0963,0.0922,0.092,0.0989,0.0947,0.0941,0.093,0.0934,0.0968,0.3573,0.264,0.2152,0.1871,0.1645,0.8876,0.586,0.4478,0.3112,0.2814,0.096,0.1378,0.3698,0.2579,0.2108,0.1923,0.1793,0.8689,0.6045,0.4194,0.2997,0.263,0.0929,0.1056,0.4456,0.27,0.2186,0.1897,0.1765,0.8781,0.6054,0.43,0.2816,0.2475,0.0934,0.1348,0.4811,0.2559,0.2081,0.1528,0.1532,0.8605,0.5771,0.3572,0.2317,0.2429,0.0928,0.0942,0.3602,0.2564,0.2057,0.1588,0.1497,0.8428,0.5585,0.3678,0.2437,0.2623,0.0947,0.1214,0.3592,0.2568,0.2148,0.172,0.1368,0.8497,0.5835,0.4028,0.2608,0.3166,0.095,0.0992,0.095,0.0926,0.0941,0.1007,0.0922,0.0946,0.0915,0.094,0.1004,0.096,0.0982,
221286s,0.0948,0.0937,0.0944,0.0959,0.0964,0.0923,0.0919,0.0986,0.0946,0.0942,0.0927,0.0931,0.0963,0.3577,0.2642,0.2222,0.1907,0.1633,0.8875,0.5862,0.4473,0.3115,0.2811,0.0961,0.1523,0.3696,0.2583,0.2069,0.1873,0.1775,0.869,0.6038,0.4202,0.2997,0.2631,0.0928,0.1067,0.4462,0.2699,0.2219,0.1962,0.1762,0.8779,0.6062,0.4311,0.2819,0.2473,0.0953,0.1413,0.4824,0.2571,0.199,0.1544,0.1499,0.8615,0.5778,0.3562,0.2313,0.2429,0.0927,0.0945,0.36,0.256,0.2073,0.1595,0.1501,0.8438,0.5568,0.3668,0.244,0.2629,0.095,0.1176,0.3585,0.2566,0.2109,0.1665,0.1367,0.8505,0.5837,0.4021,0.2609,0.3179,0.0949,0.0999,0.0949,0.0929,0.094,0.1007,0.0921,0.0944,0.0914,0.0939,0.1003,0.0959,0.0982,
221548s,0.0953,0.0943,0.0948,0.0962,0.0965,0.0923,0.0919,0.0989,0.0946,0.0941,0.0927,0.0934,0.0966,0.3577,0.2641,0.2148,0.1854,0.1656,0.8876,0.5849,0.4457,0.3111,0.2817,0.096,0.14,0.3698,0.2581,0.2112,0.1898,0.1773,0.8695,0.605,0.4212,0.3,0.263,0.0931,0.1064,0.4474,0.2701,0.2194,0.1956,0.1757,0.8773,0.607,0.431,0.2821,0.2475,0.0953,0.1322,0.4845,0.2574,0.202,0.1536,0.1515,0.8605,0.5772,0.3571,0.2318,0.2432,0.0929,0.0946,0.3599,0.2563,0.2063,0.1596,0.1506,0.8436,0.5577,0.3673,0.2443,0.2628,0.0948,0.1205,0.3595,0.2573,0.2054,0.1633,0.137,0.8501,0.584,0.4029,0.2611,0.3181,0.0949,0.0994,0.0945,0.0928,0.0942,0.1009,0.0924,0.0943,0.0914,0.0939,0.1005,0.0959,0.0983,
221811s,0.0958,0.0934,0.0942,0.0958,0.0963,0.0922,0.0919,0.0988,0.0947,0.0942,0.093,0.0933,0.0973,0.3572,0.2648,0.2222,0.1889,0.1635,0.8879,0.5858,0.4463,0.3113,0.2815,0.0961,0.146,0.3702,0.2586,0.2091,0.1908,0.1785,0.8689,0.6041,0.4208,0.2998,0.2635,0.0926,0.1073,0.4474,0.27,0.2202,0.1945,0.1773,0.8778,0.6071,0.4305,0.2818,0.247,0.0957,0.1328,0.4844,0.2588,0.2012,0.1539,0.1517,0.8609,0.5775,0.3566,0.2314,0.2433,0.093,0.0942,0.36,0.2565,0.206,0.16,0.15,0.8444,0.5574,0.3672,0.2443,0.2625,0.0947,0.122,0.3598,0.257,0.2163,0.1762,0.1372,0.8502,0.5833,0.4032,0.261,0.3194,0.095,0.0981,0.0937,0.0918,0.094,0.1005,0.0919,0.0945,0.0913,0.0938,0.1004,0.096,0.0982,
222073s,0.0952,0.0941,0.0946,0.0962,0.0969,0.0927,0.092,0.099,0.0947,0.0943,0.0929,0.0934,0.096,0.3579,0.2644,0.2177,0.1924,0.1643,0.8885,0.587,0.4485,0.3115,0.2812,0.096,0.1419,0.3698,0.2586,0.207,0.1874,0.1809,0.8697,0.6041,0.4209,0.2998,0.2633,0.0928,0.1073,0.4472,0.27,0.2295,0.2011,0.1815,0.878,0.6073,0.4328,0.2824,0.248,0.0953,0.1342,0.4874,0.259,0.2036,0.1537,0.151,0.8604,0.5777,0.357,0.2314,0.2435,0.0928,0.0946,0.36,0.2564,0.2079,0.1592,0.1501,0.8434,0.5575,0.3679,0.2442,0.2626,0.0949,0.1221,0.3598,0.2574,0.2122,0.1667,0.137,0.8497,0.5837,0.4036,0.2612,0.3184,0.0949,0.0995,0.0942,0.0927,0.0942,0.1009,0.0923,0.0946,0.0915,0.094,0.1005,0.096,0.0985,
222336s,0.0955,0.0938,0.0946,0.096,0.0965,0.0924,0.0921,0.099,0.0947,0.0942,0.0928,0.0933,0.0967,0.358,0.2645,0.222,0.1901,0.1636,0.888,0.5872,0.4484,0.3117,0.282,0.096,0.144,0.3694,0.2582,0.2072,0.1882,0.1818,0.8691,0.6044,0.4207,0.2981,0.2632,0.0931,0.1075,0.4481,0.27,0.2252,0.1975,0.1774,0.8784,0.6071,0.4319,0.2823,0.2483,0.0956,0.1344,0.4904,0.2578,0.2049,0.1528,0.1515,0.8611,0.5774,0.3568,0.2309,0.2436,0.0929,0.0948,0.3601,0.2564,0.2101,0.1593,0.1499,0.8446,0.5579,0.3677,0.2445,0.2641,0.0949,0.123,0.3599,0.2569,0.2145,0.1664,0.1373,0.8497,0.5839,0.4034,0.2612,0.3187,0.0949,0.0991,0.0944,0.0929,0.094,0.101,0.0924,0.0944,0.0914,0.0939,0.1005,0.096,0.0985,
222598s,0.0953,0.094,0.0945,0.0963,0.0968,0.0928,0.0921,0.0988,0.0946,0.0943,0.0929,0.0932,0.096,0.3581,0.2644,0.211,0.1938,0.1626,0.8889,0.5873,0.4505,0.313,0.2828,0.0961,0.1455,0.3695,0.2581,0.2068,0.1856,0.1771,0.8682,0.6044,0.4204,0.2999,0.2632,0.0929,0.1071,0.4481,0.27,0.2282,0.1959,0.1768,0.8774,0.6079,0.4347,0.2831,0.2488,0.0959,0.1298,0.4903,0.2577,0.2035,0.1524,0.1518,0.8616,0.5771,0.3575,0.2316,0.2436,0.0928,0.0943,0.3599,0.2571,0.2112,0.1589,0.1498,0.8452,0.5581,0.3681,0.2443,0.2645,0.0949,0.1228,0.3595,0.2565,0.22,0.185,0.1372,0.8503,0.5829,0.4027,0.2609,0.3178,0.0948,0.0987,0.0947,0.0927,0.0945,0.101,0.0922,0.0944,0.0914,0.0939,0.1006,0.0962,0.0985,
222861s,0.0953,0.094,0.0948,0.0962,0.0965,0.0923,0.0921,0.0987,0.0948,0.0942,0.0928,0.0933,0.0968,0.3574,0.2639,0.2208,0.1888,0.1651,0.8892,0.5857,0.4466,0.3116,0.2827,0.0962,0.145,0.3693,0.2581,0.2099,0.1928,0.1788,0.8697,0.6051,0.4215,0.2999,0.2633,0.093,0.1091,0.4482,0.2694,0.2228,0.1941,0.1791,0.8785,0.607,0.4308,0.2825,0.2483,0.0958,0.1341,0.4927,0.2575,0.2031,0.1539,0.153,0.8615,0.5792,0.3574,0.2317,0.2441,0.0929,0.0947,0.3602,0.2567,0.2082,0.159,0.1491,0.8455,0.5565,0.3663,0.2448,0.2629,0.0949,0.1174,0.3598,0.2565,0.2097,0.1712,0.1363,0.8512,0.585,0.4038,0.2619,0.3208,0.0948,0.0999,0.0948,0.0928,0.0944,0.1009,0.0921,0.0944,0.0917,0.0941,0.1004,0.0958,0.0984,
223123s,0.0958,0.0937,0.0942,0.0959,0.0962,0.0922,0.0918,0.0986,0.0945,0.0941,0.0928,0.0932,0.0965,0.357,0.2641,0.2119,0.192,0.1626,0.8883,0.5867,0.4488,0.3119,0.282,0.096,0.1503,0.3693,0.2587,0.2077,0.1888,0.178,0.8695,0.605,0.4208,0.3001,0.2634,0.0927,0.1071,0.4476,0.2701,0.2258,0.191,0.1742,0.8778,0.6069,0.432,0.283,0.2479,0.0955,0.1361,0.4924,0.2595,0.2007,0.1544,0.1512,0.8614,0.5788,0.3575,0.2316,0.2441,0.0929,0.0947,0.3601,0.2567,0.2057,0.1606,0.1506,0.8456,0.5579,0.3666,0.2442,0.2626,0.0948,0.122,0.3595,0.2565,0.21,0.1685,0.1369,0.8504,0.5854,0.4026,0.2616,0.32,0.0948,0.099,0.0946,0.0926,0.0942,0.1008,0.0924,0.0944,0.0914,0.0941,0.1004,0.0959,0.0982,
223386s,0.0948,0.0947,0.0948,0.0965,0.0971,0.093,0.0926,0.0994,0.0949,0.0945,0.093,0.0934,0.0968,0.3574,0.264,0.2162,0.1853,0.1654,0.8888,0.5858,0.4466,0.3114,0.283,0.0959,0.1402,0.3698,0.2586,0.2113,0.1867,0.1743,0.8692,0.6067,0.4219,0.3,0.2638,0.093,0.1075,0.4491,0.2694,0.2251,0.1962,0.1794,0.8791,0.608,0.4334,0.2837,0.2486,0.0958,0.1332,0.4935,0.2576,0.2041,0.1527,0.1515,0.8626,0.579,0.3575,0.2317,0.2442,0.0931,0.0953,0.3599,0.2564,0.2067,0.1597,0.1499,0.8462,0.5578,0.3671,0.2443,0.2637,0.095,0.1231,0.3603,0.2573,0.2077,0.1659,0.137,0.8509,0.5847,0.404,0.2614,0.3193,0.0951,0.0997,0.0949,0.0928,0.0945,0.101,0.0924,0.0947,0.0915,0.0942,0.1006,0.0961,0.0986,
223648s,0.0955,0.0936,0.0943,0.0961,0.0963,0.0924,0.0919,0.0988,0.0947,0.0943,0.0929,0.0932,0.0968,0.3577,0.2641,0.218,0.1915,0.163,0.8894,0.5875,0.4478,0.3117,0.2827,0.0961,0.1451,0.3693,0.258,0.2047,0.1855,0.176,0.8696,0.6047,0.4215,0.3002,0.2635,0.0928,0.1081,0.4493,0.27,0.2192,0.194,0.1813,0.8798,0.6077,0.4312,0.2824,0.248,0.0955,0.1395,0.4945,0.2571,0.2031,0.153,0.1518,0.8614,0.5788,0.356,0.2317,0.2443,0.0928,0.0943,0.3594,0.2563,0.2037,0.1596,0.1508,0.8463,0.5553,0.3656,0.2444,0.2623,0.095,0.1204,0.359,0.2567,0.2066,0.1641,0.1366,0.8518,0.5842,0.4038,0.2621,0.3207,0.0949,0.0993,0.0949,0.0927,0.0945,0.1007,0.0924,0.0947,0.0914,0.094,0.1004,0.096,0.098,
223911s,0.0952,0.0939,0.0949,0.0963,0.0967,0.0924,0.092,0.0989,0.0946,0.0942,0.0929,0.0932,0.096,0.3571,0.2642,0.2235,0.19,0.163,0.8894,0.5871,0.4483,0.3122,0.2827,0.0962,0.1368,0.3699,0.2582,0.208,0.1877,0.1764,0.8704,0.6053,0.4219,0.3005,0.2641,0.093,0.1087,0.4498,0.2699,0.2194,0.1939,0.1809,0.8792,0.6082,0.4338,0.2825,0.2484,0.0956,0.1349,0.4959,0.2567,0.2031,0.1522,0.1511,0.8626,0.5776,0.3576,0.2312,0.2442,0.093,0.095,0.3603,0.2561,0.2069,0.1596,0.1506,0.8467,0.5576,0.3666,0.2449,0.2633,0.0947,0.1229,0.3585,0.2567,0.2067,0.1643,0.1364,0.852,0.5864,0.4037,0.2623,0.321,0.0949,0.0999,0.0945,0.093,0.0945,0.1007,0.0925,0.0948,0.0916,0.0941,0.1005,0.096,0.0981,
224173s,0.0958,0.0938,0.0947,0.0961,0.0966,0.0923,0.092,0.0988,0.0945,0.0942,0.0928,0.0933,0.097,0.3574,0.2644,0.2216,0.187,0.1638,0.8887,0.5877,0.4492,0.3121,0.2821,0.096,0.1424,0.3697,0.2579,0.2086,0.1909,0.1823,0.8707,0.6052,0.4212,0.3002,0.2636,0.0931,0.1084,0.451,0.2697,0.2208,0.1975,0.1808,0.8796,0.6084,0.4339,0.2832,0.2485,0.0954,0.1312,0.4955,0.2583,0.2078,0.1536,0.1524,0.8615,0.5785,0.3576,0.232,0.2445,0.0929,0.0946,0.3597,0.2561,0.2061,0.159,0.1502,0.8463,0.5581,0.3686,0.2448,0.263,0.0947,0.1229,0.3587,0.2566,0.2082,0.1643,0.137,0.8508,0.585,0.4037,0.2621,0.3197,0.0947,0.0991,0.0949,0.0929,0.0945,0.1007,0.0922,0.0944,0.0915,0.0939,0.1006,0.0958,0.098,
224436s,0.0946,0.094,0.0945,0.0958,0.0966,0.0928,0.0922,0.0987,0.0946,0.0941,0.0927,0.0932,0.0954,0.3575,0.2647,0.2215,0.1884,0.1638,0.8889,0.5882,0.4509,0.3127,0.2829,0.0958,0.1414,0.3693,0.2579,0.2054,0.1853,0.1776,0.8699,0.605,0.4216,0.2996,0.2634,0.0928,0.1082,0.4521,0.27,0.23,0.2006,0.1797,0.8796,0.6085,0.4345,0.2841,0.2493,0.0957,0.1329,0.4961,0.2569,0.2053,0.1523,0.1528,0.862,0.5778,0.3577,0.2314,0.2442,0.093,0.0951,0.3597,0.2567,0.2092,0.1592,0.1496,0.8467,0.5583,0.3674,0.2445,0.2659,0.0947,0.1233,0.3588,0.256,0.2195,0.1721,0.1379,0.852,0.5839,0.4041,0.2618,0.3202,0.0946,0.0994,0.0947,0.0933,0.0945,0.1011,0.092,0.0946,0.0917,0.094,0.1005,0.0961,0.0985,
224698s,0.0959,0.0941,0.0949,0.0963,0.0968,0.0926,0.0921,0.099,0.0948,0.0945,0.0928,0.0935,0.0961,0.3571,0.2638,0.2201,0.1858,0.164,0.8892,0.5865,0.4472,0.3121,0.2831,0.096,0.1497,0.3693,0.258,0.2108,0.1914,0.1797,0.8713,0.6072,0.422,0.3007,0.2641,0.0928,0.1076,0.4516,0.2694,0.2221,0.1918,0.1793,0.8789,0.6062,0.4303,0.2826,0.2487,0.0957,0.1273,0.4979,0.257,0.1981,0.1539,0.151,0.8631,0.58,0.3575,0.2316,0.2446,0.0931,0.0948,0.3592,0.2556,0.2132,0.1598,0.1508,0.8463,0.5563,0.3664,0.245,0.2647,0.095,0.1185,0.3594,0.2565,0.2089,0.1621,0.136,0.8526,0.5871,0.4052,0.2617,0.3224,0.0949,0.0993,0.0945,0.0925,0.0943,0.1006,0.0923,0.0944,0.0915,0.0941,0.1007,0.096,0.0984,
224961s,0.0949,0.0943,0.0949,0.0963,0.0968,0.093,0.0924,0.099,0.0947,0.0943,0.0929,0.093,0.0957,0.3574,0.2643,0.2165,0.1913,0.1636,0.8892,0.5879,0.4503,0.3132,0.2828,0.0959,0.1396,0.3697,0.258,0.2082,0.1881,0.1824,0.8706,0.606,0.4215,0.2999,0.2636,0.0927,0.1072,0.4519,0.2697,0.2293,0.2006,0.1812,0.8791,0.6084,0.4347,0.2841,0.2497,0.0956,0.1325,0.499,0.2566,0.2048,0.1526,0.1519,0.8622,0.5787,0.3578,0.2316,0.2446,0.0929,0.0951,0.36,0.256,0.2105,0.16,0.1505,0.8456,0.5594,0.3685,0.2453,0.266,0.0946,0.1193,0.3591,0.2564,0.2196,0.1743,0.1379,0.8527,0.5856,0.4041,0.2618,0.3217,0.0947,0.0983,0.0947,0.0929,0.094,0.1007,0.0919,0.0944,0.0912,0.094,0.1007,0.096,0.0981,
225223s,0.095,0.0942,0.0948,0.0962,0.0967,0.0924,0.092,0.0988,0.0948,0.0941,0.0928,0.0933,0.0969,0.357,0.2639,0.2123,0.1848,0.1665,0.8892,0.585,0.4461,0.3126,0.2831,0.0961,0.1396,0.3697,0.2575,0.2115,0.1913,0.179,0.872,0.6068,0.4231,0.3004,0.2642,0.093,0.1089,0.4515,0.2689,0.226,0.196,0.1797,0.8789,0.6082,0.4317,0.2829,0.2491,0.0958,0.1297,0.5006,0.256,0.205,0.1532,0.1507,0.8622,0.5797,0.3576,0.2316,0.2456,0.0931,0.0949,0.3596,0.2553,0.2075,0.1589,0.1499,0.8466,0.5583,0.3661,0.2451,0.2654,0.0948,0.1217,0.3585,0.2561,0.2077,0.1633,0.1367,0.8513,0.5855,0.4048,0.2625,0.3222,0.0949,0.0991,0.0945,0.0923,0.0939,0.1006,0.092,0.0944,0.0915,0.0939,0.1006,0.0961,0.0983,
225486s,0.0954,0.0936,0.0943,0.096,0.0964,0.0923,0.092,0.0987,0.0946,0.0942,0.0928,0.0931,0.0961,0.3571,0.2639,0.2177,0.1907,0.1629,0.8887,0.5876,0.4487,0.3127,0.2831,0.096,0.1424,0.3692,0.2574,0.2072,0.1886,0.1817,0.8709,0.6052,0.422,0.3002,0.2639,0.0927,0.108,0.4524,0.2697,0.2276,0.2009,0.1838,0.8794,0.6082,0.4335,0.2832,0.2488,0.0958,0.1334,0.5012,0.255,0.2089,0.1528,0.1533,0.8615,0.5793,0.3571,0.2313,0.2449,0.093,0.0947,0.3598,0.2552,0.2067,0.1593,0.1508,0.8458,0.5587,0.368,0.2451,0.2645,0.0948,0.1201,0.3582,0.2562,0.2152,0.1664,0.1372,0.8521,0.5844,0.4047,0.2621,0.3212,0.0948,0.0998,0.0951,0.0928,0.0946,0.101,0.0922,0.0946,0.0914,0.0939,0.1005,0.096,0.0981,
225748s,0.0955,0.0937,0.0946,0.096,0.0964,0.0924,0.092,0.0991,0.0946,0.0944,0.0929,0.0934,0.0967,0.3579,0.2644,0.219,0.185,0.1629,0.8892,0.5875,0.4476,0.3127,0.2831,0.0959,0.1487,0.3698,0.2582,0.2067,0.1893,0.1768,0.871,0.6065,0.4217,0.3002,0.2639,0.0927,0.1075,0.4525,0.2694,0.2284,0.1995,0.1859,0.881,0.6085,0.4351,0.2845,0.2497,0.0958,0.1326,0.5021,0.2553,0.2052,0.1518,0.1515,0.8629,0.5798,0.3577,0.2313,0.2453,0.0929,0.0949,0.3602,0.2557,0.2061,0.1596,0.1504,0.8461,0.5593,0.3681,0.2453,0.2653,0.095,0.1188,0.3588,0.2564,0.2187,0.1729,0.1381,0.8521,0.5852,0.405,0.2623,0.3224,0.0949,0.1001,0.0954,0.093,0.0948,0.101,0.0925,0.0947,0.0915,0.0939,0.1005,0.0961,0.0984,
226011s,0.0953,0.0934,0.0941,0.0958,0.0963,0.0924,0.092,0.0988,0.0945,0.0943,0.0929,0.0932,0.0965,0.3571,0.2642,0.2218,0.1902,0.1626,0.8888,0.5878,0.4492,0.3129,0.2831,0.0962,0.1455,0.3691,0.2577,0.2052,0.188,0.1783,0.8714,0.6061,0.4225,0.3007,0.2644,0.0926,0.1082,0.4526,0.2695,0.2211,0.1966,0.177,0.8804,0.6088,0.4343,0.2837,0.2484,0.0956,0.1312,0.5038,0.2563,0.2011,0.1538,0.15,0.8631,0.5796,0.3579,0.2315,0.2451,0.0929,0.0943,0.3597,0.2553,0.206,0.1594,0.1505,0.8471,0.5582,0.3678,0.2455,0.2653,0.0947,0.1174,0.3588,0.2562,0.2146,0.1695,0.1372,0.8517,0.5861,0.4052,0.2626,0.3222,0.0948,0.0994,0.0949,0.0929,0.0942,0.101,0.0923,0.0947,0.0913,0.094,0.1009,0.0961,0.0982,
226273s,0.0954,0.0936,0.0942,0.0957,0.0964,0.0922,0.0919,0.0988,0.0946,0.0942,0.0929,0.093,0.096,0.3572,0.2644,0.2148,0.19,0.1627,0.8901,0.5881,0.4511,0.3137,0.2839,0.0962,0.1428,0.3693,0.258,0.2065,0.1851,0.1795,0.8718,0.6052,0.4215,0.3004,0.264,0.0927,0.1076,0.4536,0.2696,0.2288,0.2021,0.1831,0.8815,0.6087,0.4361,0.2844,0.2493,0.0959,0.1311,0.5058,0.2555,0.2033,0.1519,0.1527,0.8641,0.5797,0.3578,0.2317,0.2453,0.093,0.0942,0.3598,0.2555,0.2123,0.1588,0.1489,0.8469,0.5594,0.3692,0.2454,0.2656,0.095,0.1252,0.3588,0.2566,0.2147,0.1653,0.1368,0.8525,0.5853,0.4052,0.2628,0.3223,0.0949,0.0988,0.0948,0.0931,0.0946,0.1009,0.0921,0.0946,0.0916,0.0939,0.1006,0.0963,0.0983,
226536s,0.0952,0.0938,0.0945,0.0961,0.0966,0.0927,0.0921,0.0989,0.0946,0.0942,0.0928,0.0931,0.0964,0.3573,0.2646,0.2166,0.1909,0.1637,0.8904,0.589,0.4517,0.3139,0.284,0.0962,0.1482,0.3692,0.2577,0.2064,0.1862,0.1817,0.8727,0.6051,0.4221,0.3007,0.2642,0.0928,0.1074,0.4536,0.2697,0.2265,0.2001,0.1798,0.8815,0.6086,0.435,0.284,0.2495,0.0961,0.1317,0.5068,0.2566,0.2077,0.1526,0.1528,0.8636,0.5788,0.3583,0.2313,0.2453,0.093,0.0939,0.3601,0.2555,0.2124,0.1596,0.151,0.8475,0.559,0.3688,0.2453,0.2681,0.095,0.1168,0.3587,0.2559,0.2119,0.1646,0.137,0.8531,0.5855,0.4053,0.2628,0.3225,0.0947,0.0981,0.094,0.0928,0.0942,0.1007,0.092,0.0949,0.0916,0.0939,0.1007,0.096,0.0982,
226798s,0.0959,0.0936,0.0943,0.0959,0.0964,0.0923,0.0919,0.0988,0.0946,0.0942,0.0928,0.0932,0.0966,0.3565,0.2637,0.2235,0.1884,0.1626,0.889,0.5883,0.4496,0.3134,0.2839,0.0963,0.1471,0.3694,0.2579,0.2085,0.1877,0.176,0.8736,0.6062,0.4221,0.3007,0.2644,0.0929,0.1086,0.4536,0.2694,0.2189,0.194,0.1785,0.8817,0.6091,0.4339,0.2843,0.2493,0.0959,0.1324,0.5082,0.2557,0.2062,0.1541,0.155,0.8638,0.5793,0.358,0.2314,0.2456,0.0931,0.0944,0.3597,0.2555,0.2065,0.1596,0.1506,0.8481,0.5594,0.3683,0.245,0.2657,0.0949,0.1216,0.3587,0.256,0.2166,0.1794,0.137,0.8527,0.5862,0.4053,0.263,0.3242,0.0948,0.0984,0.0942,0.0924,0.0941,0.1008,0.0922,0.0944,0.0914,0.0941,0.1007,0.0959,0.0982,
227061s,0.0949,0.0936,0.0946,0.0961,0.0967,0.0925,0.0921,0.0988,0.0946,0.0941,0.0929,0.0932,0.0967,0.3563,0.2635,0.2139,0.1837,0.1617,0.8896,0.586,0.4464,0.3131,0.2842,0.0956,0.1399,0.3687,0.2578,0.2094,0.1872,0.1747,0.8721,0.6069,0.4231,0.3011,0.2647,0.0925,0.1069,0.4536,0.2694,0.2184,0.1945,0.1788,0.8819,0.6087,0.4329,0.2834,0.2493,0.0958,0.1303,0.5091,0.2557,0.2003,0.1529,0.1513,0.8644,0.5802,0.358,0.2314,0.2461,0.0931,0.0941,0.3595,0.2549,0.2079,0.159,0.1496,0.8478,0.559,0.3668,0.2449,0.2663,0.0949,0.1224,0.3583,0.256,0.212,0.1744,0.1369,0.8537,0.586,0.4056,0.2631,0.3237,0.0947,0.0994,0.0942,0.0923,0.0942,0.1008,0.0921,0.0943,0.0913,0.094,0.1004,0.0959,0.0979,
227323s,0.0954,0.0936,0.0944,0.0957,0.0963,0.0926,0.0921,0.0989,0.0946,0.0942,0.0929,0.0933,0.0964,0.3573,0.264,0.2202,0.1909,0.1617,0.8905,0.5888,0.452,0.3137,0.2843,0.0963,0.1512,0.369,0.2577,0.2061,0.1882,0.1785,0.8727,0.6061,0.422,0.3007,0.2647,0.093,0.1088,0.4536,0.2691,0.2301,0.1997,0.1858,0.883,0.6095,0.4355,0.2839,0.2494,0.0961,0.1355,0.5105,0.2546,0.2081,0.1551,0.1539,0.8641,0.5799,0.3573,0.2315,0.2459,0.093,0.0947,0.3595,0.2554,0.206,0.1589,0.1502,0.8475,0.5594,0.3686,0.2456,0.2665,0.0948,0.1202,0.3582,0.2562,0.2195,0.1809,0.1383,0.8543,0.586,0.4052,0.2628,0.3228,0.0949,0.1001,0.095,0.0935,0.0948,0.101,0.0928,0.0947,0.0915,0.0939,0.1005,0.0961,0.0984,
227586s,0.0947,0.0935,0.0946,0.0961,0.0967,0.0927,0.0921,0.0989,0.0946,0.0941,0.0927,0.0931,0.0957,0.3566,0.2637,0.2131,0.1928,0.1601,0.89,0.5881,0.4509,0.3139,0.284,0.0963,0.1511,0.3687,0.2574,0.2079,0.189,0.1795,0.8723,0.6065,0.4222,0.3006,0.2644,0.0927,0.1081,0.4531,0.2695,0.2202,0.1961,0.1753,0.8828,0.6092,0.4348,0.284,0.2489,0.0957,0.1267,0.5126,0.2537,0.206,0.152,0.1511,0.8643,0.5799,0.3579,0.231,0.2459,0.0929,0.0946,0.3593,0.2554,0.2062,0.1588,0.1496,0.8475,0.5595,0.3681,0.246,0.2673,0.0948,0.1196,0.3582,0.2562,0.2081,0.1646,0.1369,0.8538,0.5857,0.4051,0.2631,0.3235,0.0948,0.099,0.0941,0.0923,0.0941,0.1005,0.092,0.0945,0.0915,0.0939,0.1003,0.0958,0.0983,
227848s,0.0955,0.0938,0.0946,0.0962,0.0965,0.0926,0.0922,0.0989,0.0947,0.0942,0.0929,0.0933,0.0969,0.3563,0.2634,0.2185,0.1909,0.1614,0.8898,0.5871,0.4489,0.313,0.2839,0.0963,0.1452,0.3695,0.2576,0.2057,0.1886,0.1763,0.8719,0.6072,0.4229,0.3007,0.2652,0.093,0.1096,0.4542,0.2697,0.2194,0.1901,0.1774,0.883,0.6093,0.4324,0.2828,0.2485,0.0958,0.1308,0.5149,0.2538,0.2012,0.1531,0.1508,0.8649,0.5815,0.3581,0.2321,0.2466,0.0931,0.0944,0.3594,0.2555,0.2047,0.1588,0.1492,0.8486,0.5602,0.3688,0.2461,0.2662,0.0948,0.1222,0.358,0.2565,0.2095,0.1663,0.136,0.8536,0.5879,0.406,0.264,0.3256,0.0948,0.0984,0.094,0.0922,0.094,0.1008,0.0922,0.0943,0.0915,0.094,0.1004,0.096,0.0982,
228111s,0.0951,0.0938,0.0945,0.0961,0.0965,0.0925,0.0921,0.099,0.0948,0.0943,0.0929,0.0933,0.0957,0.357,0.2643,0.2135,0.1921,0.1609,0.8904,0.5899,0.4504,0.3144,0.2843,0.096,0.1431,0.3686,0.2575,0.208,0.1867,0.1809,0.8723,0.606,0.423,0.3009,0.2646,0.0927,0.1079,0.4538,0.2695,0.2282,0.1989,0.1798,0.8838,0.6096,0.4364,0.2852,0.2508,0.0959,0.1314,0.5151,0.2555,0.206,0.1526,0.1523,0.8641,0.5805,0.3577,0.2315,0.2465,0.093,0.0943,0.3594,0.256,0.2079,0.16,0.1506,0.8487,0.5594,0.37,0.2455,0.268,0.0948,0.122,0.358,0.2557,0.22,0.1764,0.1385,0.8533,0.5862,0.4052,0.2631,0.3246,0.0949,0.0976,0.0937,0.0921,0.0944,0.1007,0.0921,0.0946,0.0917,0.0942,0.1004,0.0961,0.0983,
228373s,0.0962,0.0937,0.0943,0.0957,0.0965,0.0926,0.0921,0.099,0.0947,0.0944,0.0929,0.0932,0.0966,0.3567,0.2639,0.2147,0.1927,0.1599,0.8909,0.59,0.4519,0.3146,0.2846,0.0961,0.1471,0.369,0.2575,0.2054,0.1868,0.1808,0.8727,0.6063,0.4226,0.3009,0.2649,0.0929,0.1078,0.4542,0.2695,0.2274,0.2006,0.185,0.8828,0.6092,0.4364,0.2854,0.25,0.0962,0.1301,0.5183,0.2561,0.2062,0.1529,0.1526,0.8646,0.5807,0.3582,0.2318,0.2465,0.0932,0.0947,0.3594,0.2559,0.2077,0.1595,0.1504,0.8481,0.5596,0.3698,0.2453,0.2678,0.0952,0.1217,0.3583,0.2563,0.2167,0.168,0.1381,0.854,0.5859,0.4059,0.2634,0.3249,0.095,0.0989,0.0951,0.0934,0.0947,0.1011,0.0923,0.0945,0.0915,0.0941,0.1005,0.0962,0.0987,
228636s,0.0952,0.0935,0.0946,0.0961,0.0963,0.0922,0.0919,0.0987,0.0947,0.0944,0.0926,0.0932,0.0961,0.3564,0.2637,0.2225,0.1884,0.1609,0.8904,0.5888,0.4488,0.3139,0.2843,0.0958,0.1385,0.3689,0.2574,0.2089,0.1894,0.1761,0.8728,0.6071,0.4245,0.3015,0.2651,0.0927,0.1082,0.4536,0.2693,0.2189,0.1943,0.1806,0.883,0.6087,0.4328,0.284,0.2495,0.0958,0.1313,0.5192,0.255,0.2044,0.1535,0.1531,0.8645,0.5808,0.3582,0.2316,0.2464,0.093,0.0943,0.3592,0.255,0.2101,0.1595,0.1507,0.8487,0.5594,0.3673,0.2454,0.2687,0.095,0.1185,0.3583,0.2561,0.2111,0.1723,0.1365,0.8545,0.5866,0.4061,0.2635,0.3259,0.0948,0.098,0.0938,0.0922,0.0939,0.1007,0.0921,0.0945,0.0913,0.0937,0.1004,0.0957,0.0981,
228898s,0.0957,0.0942,0.0946,0.096,0.0964,0.0924,0.092,0.0989,0.0947,0.0942,0.0927,0.0933,0.0964,0.3564,0.2638,0.2208,0.1899,0.1618,0.8906,0.5895,0.4507,0.3136,0.2844,0.0959,0.1389,0.3685,0.2577,0.2022,0.1843,0.1778,0.8729,0.6063,0.4231,0.3012,0.2649,0.0928,0.1088,0.454,0.2697,0.2234,0.1976,0.1779,0.8833,0.6096,0.4359,0.2834,0.2493,0.0959,0.1306,0.5192,0.2564,0.2002,0.1531,0.151,0.8655,0.5803,0.358,0.2316,0.2472,0.0932,0.0947,0.3596,0.2554,0.2088,0.159,0.1499,0.849,0.5606,0.3701,0.2469,0.2696,0.095,0.121,0.3585,0.2561,0.2125,0.1695,0.1374,0.8541,0.5875,0.4057,0.2636,0.3256,0.0948,0.0994,0.0947,0.0933,0.0945,0.101,0.0921,0.0948,0.0916,0.0939,0.1005,0.096,0.0983,
229161s,0.0953,0.0937,0.0945,0.096,0.0965,0.0928,0.0922,0.0989,0.0947,0.0942,0.093,0.0933,0.0964,0.3565,0.2639,0.2212,0.1915,0.1606,0.8911,0.5898,0.452,0.3144,0.2851,0.0961,0.1412,0.3688,0.2581,0.2057,0.1897,0.1798,0.8728,0.6078,0.4229,0.3012,0.2653,0.0927,0.1082,0.455,0.27,0.2223,0.1972,0.1786,0.8847,0.6094,0.4332,0.2838,0.2498,0.0961,0.131,0.5219,0.2562,0.2053,0.1527,0.1525,0.8656,0.581,0.3583,0.2315,0.2467,0.0932,0.0941,0.3595,0.2563,0.2032,0.1604,0.1515,0.8494,0.5611,0.369,0.2464,0.2672,0.095,0.1163,0.3583,0.2559,0.2047,0.1638,0.137,0.8551,0.5865,0.4062,0.2638,0.3255,0.095,0.1,0.095,0.093,0.0943,0.1009,0.0922,0.0948,0.0915,0.0941,0.1005,0.0961,0.0982,
229423s,0.0953,0.0935,0.0944,0.0959,0.0963,0.0922,0.0919,0.0988,0.0947,0.0942,0.0928,0.0932,0.0958,0.3565,0.2639,0.2202,0.1923,0.1599,0.8905,0.5905,0.4511,0.3145,0.2846,0.0958,0.1509,0.3686,0.2574,0.2089,0.1905,0.1808,0.8736,0.6077,0.4229,0.3014,0.2652,0.0927,0.1096,0.4536,0.2693,0.2207,0.1964,0.1777,0.8837,0.6097,0.4349,0.2838,0.2494,0.096,0.1275,0.523,0.2559,0.2051,0.1528,0.1518,0.8657,0.5804,0.3587,0.2319,0.2472,0.093,0.0943,0.3594,0.2559,0.2072,0.1599,0.15,0.8495,0.5607,0.3698,0.2455,0.2682,0.0948,0.1198,0.3583,0.2558,0.2175,0.1783,0.1379,0.8552,0.5868,0.4063,0.2639,0.3266,0.0949,0.0985,0.0947,0.0927,0.0944,0.101,0.0924,0.0947,0.0916,0.0938,0.1005,0.0959,0.0982,
229686s,0.0949,0.0939,0.0946,0.0964,0.0965,0.0926,0.0922,0.099,0.0948,0.0942,0.0929,0.0932,0.0957,0.3561,0.2637,0.2185,0.1909,0.1595,0.8909,0.5898,0.4519,0.3141,0.2846,0.0959,0.1398,0.3686,0.2574,0.2085,0.1893,0.1778,0.873,0.6076,0.4229,0.3016,0.2652,0.0926,0.1084,0.4543,0.2695,0.2229,0.198,0.1836,0.8832,0.6094,0.4343,0.2845,0.2504,0.0957,0.1294,0.5239,0.2561,0.2039,0.1524,0.1513,0.8654,0.5807,0.3583,0.2316,0.2471,0.0932,0.0949,0.359,0.2555,0.2073,0.1594,0.1504,0.8501,0.5607,0.3701,0.2459,0.2702,0.0949,0.1182,0.3584,0.2558,0.2082,0.164,0.1363,0.8548,0.5881,0.407,0.2642,0.3259,0.0947,0.0996,0.0942,0.0927,0.0943,0.1007,0.0921,0.0945,0.0913,0.094,0.1005,0.096,0.0982,
229948s,0.0955,0.0937,0.0944,0.0956,0.0966,0.0927,0.0921,0.0989,0.0948,0.0944,0.093,0.0933,0.0959,0.3565,0.2638,0.2184,0.191,0.161,0.8915,0.5908,0.4531,0.3158,0.2859,0.0961,0.143,0.3687,0.2574,0.2071,0.1862,0.1826,0.8739,0.6077,0.4227,0.3012,0.2652,0.0929,0.1079,0.455,0.2695,0.2282,0.2011,0.1845,0.8837,0.6096,0.4355,0.2843,0.25,0.0962,0.1268,0.5257,0.2539,0.2059,0.1532,0.1544,0.8648,0.5799,0.3586,0.2316,0.2473,0.0933,0.0944,0.3593,0.2558,0.2072,0.1592,0.1499,0.8496,0.5612,0.3701,0.2457,0.2692,0.0951,0.1209,0.3575,0.2556,0.2131,0.1651,0.1372,0.8544,0.587,0.4064,0.264,0.3254,0.0948,0.0988,0.0949,0.093,0.0949,0.101,0.0921,0.0947,0.0917,0.0939,0.1004,0.0959,0.098,
230211s,0.0947,0.094,0.0946,0.096,0.0964,0.0929,0.0921,0.099,0.0946,0.0944,0.093,0.0933,0.0957,0.3565,0.2635,0.219,0.1907,0.1611,0.8912,0.5911,0.4521,0.3148,0.2853,0.0959,0.1445,0.3684,0.2575,0.2065,0.1876,0.183,0.8741,0.6076,0.4236,0.3005,0.2649,0.0926,0.1072,0.4559,0.2695,0.2293,0.2003,0.1862,0.884,0.6104,0.4358,0.2859,0.2505,0.0962,0.1345,0.5261,0.2531,0.2047,0.1533,0.1523,0.8664,0.5807,0.3589,0.2315,0.2473,0.0932,0.094,0.3591,0.2556,0.2029,0.1608,0.1511,0.8499,0.5606,0.3703,0.245,0.2676,0.0948,0.123,0.3576,0.2558,0.2173,0.1712,0.1378,0.854,0.587,0.4063,0.2639,0.326,0.0947,0.0993,0.095,0.0931,0.0944,0.1009,0.092,0.0948,0.0916,0.0938,0.1006,0.0959,0.098,
230473s,0.0956,0.0936,0.0944,0.0958,0.0967,0.093,0.092,0.0989,0.0948,0.0941,0.0928,0.0932,0.0964,0.3561,0.2639,0.2213,0.1914,0.1606,0.8916,0.5902,0.4522,0.3153,0.2858,0.0959,0.1481,0.3684,0.2568,0.207,0.1895,0.1802,0.8739,0.6072,0.4233,0.3017,0.2655,0.0929,0.1072,0.4553,0.2693,0.2243,0.1994,0.1815,0.8832,0.6102,0.4363,0.2842,0.2499,0.0958,0.1291,0.5264,0.2539,0.2047,0.1531,0.1512,0.8671,0.5804,0.3588,0.232,0.2477,0.0931,0.0948,0.3594,0.2553,0.2102,0.1599,0.1504,0.85,0.5605,0.3702,0.2455,0.2704,0.095,0.1207,0.3578,0.2557,0.2157,0.1683,0.1373,0.8553,0.5872,0.4072,0.2644,0.3269,0.0949,0.099,0.0948,0.093,0.0944,0.101,0.0923,0.0947,0.0916,0.0939,0.1006,0.0962,0.0981,
230736s,0.0953,0.0942,0.0947,0.0961,0.0965,0.0923,0.0923,0.0989,0.0946,0.0943,0.0929,0.0935,0.0968,0.3563,0.2638,0.2164,0.1837,0.16,0.8915,0.5901,0.4497,0.3143,0.2857,0.0963,0.1431,0.369,0.2575,0.2119,0.1955,0.1801,0.8741,0.6081,0.4237,0.3016,0.2657,0.0929,0.1107,0.4564,0.2695,0.2195,0.1964,0.1819,0.8837,0.6103,0.434,0.2849,0.2506,0.0962,0.1297,0.5271,0.2536,0.2057,0.1528,0.1513,0.8658,0.5811,0.3588,0.2316,0.2481,0.0933,0.0948,0.3591,0.2551,0.208,0.1593,0.1507,0.8503,0.5606,0.37,0.2458,0.2708,0.095,0.1209,0.3585,0.2559,0.2071,0.1689,0.1361,0.8555,0.5881,0.407,0.265,0.327,0.0949,0.0994,0.0946,0.0928,0.0944,0.1007,0.0923,0.0945,0.0915,0.0941,0.1006,0.096,0.0989,
230998s,0.0954,0.0938,0.0944,0.0959,0.0964,0.0924,0.0921,0.0986,0.0946,0.0941,0.0931,0.0933,0.0963,0.3563,0.2637,0.2195,0.1922,0.1594,0.8912,0.5914,0.4529,0.3152,0.2855,0.0962,0.1449,0.3687,0.2576,0.2059,0.1875,0.1769,0.8758,0.6071,0.4242,0.3019,0.2656,0.0927,0.1084,0.4563,0.2697,0.2216,0.1985,0.1822,0.8834,0.6108,0.4357,0.2843,0.2499,0.0958,0.13,0.5283,0.2563,0.205,0.1529,0.1525,0.867,0.5809,0.3591,0.2318,0.2476,0.0933,0.0948,0.3593,0.2555,0.2066,0.1589,0.15,0.8504,0.5609,0.3689,0.2462,0.2693,0.0948,0.1272,0.3583,0.2555,0.2146,0.1701,0.1369,0.8549,0.5874,0.4076,0.2644,0.3274,0.095,0.0989,0.0943,0.0927,0.0941,0.1008,0.0923,0.0948,0.0915,0.094,0.1006,0.096,0.0982,
231261s,0.0949,0.0942,0.0947,0.0964,0.0965,0.0925,0.0921,0.099,0.0946,0.0942,0.0929,0.0933,0.0963,0.3567,0.2637,0.2228,0.1911,0.16,0.8931,0.5912,0.4535,0.3151,0.2853,0.0964,0.1525,0.3688,0.2578,0.2071,0.188,0.1765,0.8757,0.6077,0.4241,0.3013,0.2656,0.0928,0.1075,0.4572,0.2693,0.2216,0.1971,0.1825,0.8839,0.61,0.4351,0.284,0.2503,0.096,0.1298,0.5286,0.2562,0.2049,0.1531,0.1522,0.8675,0.5817,0.3593,0.2314,0.2483,0.0934,0.0947,0.3591,0.2553,0.2068,0.159,0.1495,0.8503,0.5608,0.3704,0.2457,0.2717,0.0951,0.1179,0.359,0.2555,0.217,0.1794,0.1379,0.8553,0.5875,0.4082,0.2643,0.3279,0.0948,0.0987,0.0949,0.0926,0.0943,0.1009,0.0926,0.0949,0.0916,0.094,0.1004,0.0961,0.0982,
231523s,0.0955,0.094,0.0946,0.0959,0.0964,0.0924,0.092,0.0987,0.0947,0.0942,0.0929,0.0933,0.0965,0.3564,0.2635,0.2217,0.1887,0.1604,0.8923,0.5898,0.4509,0.3145,0.2856,0.0963,0.1375,0.3684,0.2575,0.2042,0.184,0.1757,0.8753,0.6082,0.4241,0.3017,0.266,0.0927,0.1095,0.4572,0.2694,0.2216,0.1967,0.1826,0.8834,0.6098,0.4343,0.2837,0.2499,0.0959,0.1291,0.5299,0.2552,0.2005,0.1538,0.1506,0.8679,0.5814,0.3594,0.2319,0.2483,0.0933,0.0942,0.3591,0.2556,0.2038,0.1602,0.1513,0.8499,0.5618,0.3706,0.2459,0.2685,0.0949,0.1195,0.3586,0.2553,0.2146,0.1743,0.1368,0.8546,0.5879,0.4076,0.2647,0.3277,0.0948,0.0987,0.0945,0.0929,0.0944,0.101,0.0922,0.0948,0.0914,0.0939,0.1004,0.0959,0.0981,
231786s,0.095,0.094,0.0944,0.0959,0.0963,0.0923,0.0919,0.0989,0.0947,0.0941,0.0927,0.0933,0.0958,0.3564,0.2638,0.2186,0.1923,0.1603,0.893,0.5916,0.453,0.3161,0.2862,0.096,0.1393,0.3689,0.2574,0.2051,0.1864,0.1811,0.8754,0.6075,0.424,0.3012,0.2656,0.0929,0.1091,0.4575,0.2693,0.2268,0.1973,0.1792,0.8841,0.6111,0.4377,0.2859,0.2508,0.0961,0.1306,0.531,0.2556,0.2042,0.1529,0.151,0.8666,0.5815,0.359,0.2316,0.2483,0.0934,0.0942,0.3593,0.2554,0.2109,0.1595,0.1499,0.8505,0.5614,0.3711,0.246,0.2707,0.0949,0.1239,0.3588,0.2552,0.2101,0.1637,0.1369,0.855,0.5875,0.4076,0.2645,0.3278,0.0948,0.0987,0.0949,0.0932,0.0949,0.1008,0.092,0.0949,0.0916,0.0939,0.1005,0.096,0.0982,
232048s,0.0948,0.0941,0.0943,0.0958,0.0963,0.0926,0.0919,0.0987,0.0946,0.0942,0.0928,0.0933,0.096,0.3564,0.2636,0.2193,0.1888,0.1606,0.8926,0.5909,0.4523,0.3151,0.2857,0.0959,0.1408,0.3684,0.2569,0.2086,0.1891,0.1815,0.8756,0.6077,0.4239,0.3013,0.2657,0.0929,0.1078,0.4577,0.2693,0.2251,0.1997,0.1845,0.8843,0.6108,0.4365,0.2854,0.2507,0.0964,0.1282,0.5316,0.2549,0.2039,0.153,0.1509,0.8662,0.5818,0.3594,0.2317,0.2481,0.0934,0.0945,0.3591,0.2551,0.2092,0.1602,0.1516,0.8508,0.5611,0.3705,0.2458,0.2722,0.095,0.1222,0.3584,0.2556,0.218,0.1769,0.1377,0.8554,0.5872,0.4078,0.2643,0.3279,0.0947,0.0984,0.0947,0.0929,0.0944,0.1006,0.092,0.0946,0.0915,0.0938,0.1004,0.0961,0.098,
232311s,0.0952,0.0937,0.0944,0.096,0.0964,0.0925,0.092,0.0989,0.0946,0.0941,0.093,0.0932,0.096,0.3562,0.2637,0.2179,0.1921,0.1591,0.8938,0.5925,0.4533,0.3166,0.2869,0.0962,0.1406,0.3688,0.257,0.2089,0.1905,0.1799,0.8761,0.6078,0.4242,0.3015,0.2659,0.0927,0.1087,0.4583,0.2693,0.222,0.1963,0.1766,0.8846,0.611,0.4358,0.2845,0.2504,0.096,0.128,0.5324,0.2537,0.2058,0.1525,0.1514,0.867,0.5825,0.3591,0.2321,0.2491,0.0933,0.0942,0.3591,0.2546,0.21,0.1595,0.1506,0.8506,0.5617,0.3709,0.2469,0.2731,0.0949,0.1208,0.3579,0.2551,0.2087,0.1646,0.137,0.8554,0.5869,0.4076,0.2646,0.3281,0.0948,0.0994,0.0954,0.0935,0.0948,0.101,0.0922,0.0949,0.0915,0.0939,0.1005,0.096,0.0982,
232574s,0.0953,0.0939,0.0945,0.0961,0.0967,0.0926,0.0923,0.0989,0.0946,0.0942,0.093,0.0934,0.097,0.3557,0.2632,0.2214,0.1856,0.1589,0.8925,0.5903,0.4499,0.3143,0.2864,0.0962,0.1393,0.3687,0.2571,0.2097,0.1892,0.1775,0.8753,0.6088,0.4241,0.302,0.2664,0.0929,0.1089,0.4587,0.269,0.2184,0.1901,0.1771,0.8848,0.6102,0.4329,0.2838,0.2502,0.0957,0.1268,0.532,0.2535,0.1989,0.1532,0.1514,0.8674,0.5819,0.359,0.2314,0.249,0.0932,0.0945,0.3585,0.2541,0.208,0.1586,0.1497,0.8511,0.5606,0.3704,0.2454,0.2696,0.0949,0.1191,0.3576,0.2554,0.2089,0.1687,0.1361,0.8563,0.5882,0.4083,0.2655,0.3287,0.0949,0.099,0.0948,0.0928,0.0938,0.1006,0.0922,0.0944,0.0915,0.094,0.1004,0.096,0.0984,
232836s,0.0951,0.0939,0.0945,0.096,0.0965,0.0925,0.0921,0.099,0.0945,0.0941,0.093,0.0931,0.096,0.3562,0.2639,0.2173,0.1916,0.1603,0.8928,0.5924,0.4534,0.3161,0.2864,0.096,0.1426,0.3687,0.2569,0.208,0.1898,0.182,0.8766,0.6076,0.4249,0.3011,0.2656,0.0929,0.1082,0.46,0.2692,0.2277,0.1999,0.1821,0.8852,0.6119,0.4379,0.2858,0.2509,0.0961,0.1318,0.5338,0.2526,0.2062,0.1524,0.1524,0.8683,0.5819,0.3596,0.2321,0.2488,0.0935,0.0943,0.3589,0.2548,0.2087,0.1591,0.1499,0.851,0.5619,0.3708,0.2461,0.2709,0.0948,0.1222,0.3576,0.2555,0.214,0.1662,0.1364,0.8559,0.5883,0.4074,0.2648,0.3282,0.0949,0.0991,0.095,0.0934,0.0948,0.101,0.0924,0.0947,0.0918,0.094,0.1007,0.096,0.0985,
233098s,0.095,0.0939,0.0946,0.0959,0.0963,0.0925,0.0922,0.0988,0.0947,0.0941,0.0927,0.0931,0.0966,0.3559,0.2634,0.2211,0.1881,0.1599,0.893,0.5915,0.4515,0.3153,0.2858,0.0959,0.1403,0.3681,0.2572,0.2067,0.1888,0.1781,0.8765,0.6081,0.4249,0.3018,0.2661,0.0928,0.1093,0.4587,0.2691,0.2189,0.1962,0.1817,0.8845,0.6114,0.4363,0.2852,0.2505,0.0959,0.1289,0.5342,0.2532,0.2021,0.1536,0.1516,0.868,0.5825,0.3594,0.2318,0.2491,0.0934,0.0946,0.3589,0.2543,0.2059,0.1586,0.1496,0.8509,0.5614,0.3697,0.2456,0.2714,0.0946,0.1215,0.3576,0.2555,0.214,0.1787,0.1372,0.8561,0.5874,0.4086,0.2649,0.3291,0.0949,0.0989,0.0941,0.0924,0.0941,0.1008,0.0924,0.0947,0.0915,0.0938,0.1007,0.096,0.0984,
233361s,0.0957,0.0936,0.0943,0.0959,0.0961,0.0921,0.092,0.0986,0.0947,0.0942,0.0929,0.0935,0.0961,0.3563,0.2634,0.2226,0.1905,0.159,0.8933,0.5916,0.4526,0.3158,0.2864,0.0961,0.1411,0.3684,0.2568,0.2069,0.1894,0.1778,0.8757,0.6083,0.4248,0.3022,0.2663,0.0932,0.107,0.4589,0.269,0.2177,0.1951,0.1814,0.8847,0.6111,0.4364,0.2856,0.2515,0.0965,0.1279,0.536,0.2525,0.2041,0.1521,0.1512,0.8671,0.5829,0.3597,0.2318,0.2496,0.0934,0.0945,0.3586,0.2547,0.2071,0.1585,0.1496,0.8504,0.5619,0.3704,0.2454,0.2715,0.0949,0.1181,0.3575,0.2554,0.205,0.1634,0.1364,0.8568,0.5886,0.4081,0.2651,0.3299,0.0947,0.0999,0.0951,0.0926,0.0944,0.1007,0.0923,0.0947,0.0914,0.094,0.1004,0.0962,0.0984,
233623s,0.0959,0.0939,0.0944,0.096,0.0964,0.0924,0.092,0.0988,0.0946,0.0941,0.0928,0.0934,0.0964,0.3557,0.2634,0.2129,0.1853,0.1592,0.8931,0.5916,0.4519,0.3146,0.2859,0.096,0.146,0.3689,0.2572,0.2109,0.1912,0.1851,0.8766,0.6088,0.4248,0.3022,0.2663,0.0929,0.1099,0.4589,0.2689,0.2264,0.1937,0.1801,0.8846,0.6108,0.4343,0.285,0.2506,0.0962,0.1274,0.5368,0.2528,0.2013,0.1525,0.1501,0.8685,0.584,0.3597,0.2319,0.2497,0.0932,0.0948,0.3583,0.2534,0.2109,0.1589,0.15,0.8505,0.5608,0.3692,0.2439,0.2726,0.0948,0.1204,0.3575,0.2553,0.2151,0.1679,0.1381,0.857,0.5905,0.409,0.2659,0.3292,0.0948,0.0994,0.0942,0.0926,0.094,0.1009,0.0919,0.0945,0.0915,0.094,0.1007,0.096,0.0984,
233886s,0.0949,0.0934,0.0944,0.0961,0.0964,0.0924,0.0919,0.0986,0.0946,0.0941,0.0931,0.0934,0.0958,0.3563,0.2639,0.2219,0.1913,0.1598,0.8938,0.5923,0.4547,0.317,0.2862,0.096,0.143,0.3683,0.2568,0.2058,0.1864,0.1814,0.8772,0.6089,0.4248,0.3018,0.2664,0.0931,0.1091,0.4592,0.2692,0.2252,0.2007,0.1853,0.8853,0.6116,0.4372,0.2864,0.2519,0.0964,0.1285,0.537,0.2537,0.2047,0.1537,0.1515,0.8674,0.582,0.3601,0.2317,0.2497,0.0933,0.0944,0.3587,0.2546,0.2078,0.1598,0.1507,0.8521,0.5619,0.371,0.2457,0.2743,0.095,0.1206,0.3576,0.2555,0.2094,0.1653,0.1371,0.8569,0.5891,0.4093,0.2654,0.33,0.0948,0.0992,0.0948,0.0929,0.0946,0.1011,0.0922,0.0948,0.0915,0.0942,0.1006,0.096,0.0983,
234148s,0.0953,0.0939,0.0945,0.0959,0.0963,0.0923,0.0919,0.0986,0.0946,0.0941,0.0928,0.0932,0.0966,0.3563,0.264,0.2196,0.1881,0.1603,0.8944,0.5918,0.4523,0.3149,0.2863,0.0961,0.1329,0.368,0.2566,0.2091,0.1924,0.1823,0.8754,0.6089,0.4245,0.3019,0.2664,0.0929,0.1089,0.4605,0.2693,0.2235,0.1989,0.183,0.8851,0.612,0.437,0.2856,0.2512,0.0962,0.1258,0.5355,0.2527,0.2047,0.1522,0.1515,0.8673,0.5818,0.3598,0.2318,0.2497,0.0936,0.0948,0.3583,0.2546,0.207,0.1588,0.1501,0.8514,0.5624,0.3704,0.2456,0.2726,0.0947,0.1175,0.3577,0.2557,0.2125,0.1682,0.1366,0.8558,0.5885,0.4085,0.2657,0.3289,0.0947,0.0992,0.0948,0.0931,0.0946,0.1012,0.0922,0.0948,0.0913,0.0938,0.1004,0.0961,0.098,
234411s,0.0948,0.0937,0.0943,0.0963,0.0964,0.0924,0.092,0.0988,0.0948,0.0942,0.093,0.0934,0.096,0.3554,0.2632,0.2194,0.1905,0.1586,0.894,0.5917,0.4527,0.3155,0.2864,0.0959,0.1434,0.3682,0.2569,0.2076,0.1897,0.1777,0.8775,0.6091,0.4249,0.3021,0.2668,0.0928,0.1098,0.4609,0.2691,0.2196,0.1933,0.1801,0.885,0.6114,0.4369,0.2856,0.2508,0.096,0.1269,0.5378,0.253,0.2005,0.1529,0.151,0.8682,0.5831,0.3591,0.2317,0.2499,0.0935,0.0947,0.3584,0.2547,0.2059,0.1583,0.15,0.8517,0.5622,0.3696,0.2447,0.2719,0.0949,0.1174,0.3573,0.2547,0.2052,0.1654,0.136,0.8575,0.5884,0.4093,0.2656,0.3296,0.0948,0.1001,0.0951,0.0933,0.0944,0.1008,0.0922,0.0948,0.0915,0.094,0.1005,0.096,0.0981,
234673s,0.0952,0.0938,0.0944,0.0958,0.0965,0.0924,0.092,0.0988,0.0947,0.0944,0.0929,0.0934,0.0964,0.3562,0.2634,0.2167,0.1839,0.1624,0.8936,0.5908,0.4509,0.3153,0.2868,0.0956,0.1367,0.3677,0.2569,0.2093,0.1883,0.1769,0.8756,0.6095,0.4254,0.3019,0.2663,0.0929,0.1087,0.4615,0.2687,0.2229,0.1991,0.1865,0.8845,0.6116,0.4358,0.2853,0.2519,0.0963,0.1309,0.5384,0.2534,0.2057,0.1531,0.1512,0.8679,0.5834,0.3595,0.2313,0.2498,0.0935,0.0942,0.3583,0.2544,0.2061,0.1604,0.1513,0.852,0.5624,0.3715,0.2439,0.2703,0.0948,0.1211,0.357,0.2551,0.2115,0.1689,0.136,0.8579,0.5878,0.4089,0.2657,0.3297,0.0947,0.0981,0.0933,0.092,0.0937,0.1003,0.0919,0.0946,0.0914,0.0938,0.1007,0.0959,0.0984,
234936s,0.0952,0.0937,0.0947,0.096,0.0964,0.0926,0.0921,0.0987,0.0946,0.0942,0.093,0.0933,0.0957,0.3555,0.2635,0.2233,0.1894,0.1596,0.8948,0.5922,0.4528,0.3159,0.2865,0.0961,0.1477,0.3684,0.257,0.2085,0.1918,0.1799,0.8766,0.6095,0.425,0.3025,0.2667,0.0926,0.1089,0.4612,0.2687,0.2201,0.1964,0.183,0.8864,0.6121,0.4373,0.2856,0.2513,0.0959,0.1287,0.5393,0.2526,0.2027,0.1521,0.1504,0.8689,0.5826,0.3594,0.2319,0.25,0.0932,0.0941,0.3583,0.2542,0.206,0.1586,0.1499,0.8514,0.5619,0.3715,0.2453,0.2708,0.0949,0.1201,0.357,0.255,0.205,0.1645,0.1361,0.8582,0.5895,0.4095,0.2659,0.3298,0.0947,0.0998,0.0944,0.0929,0.0946,0.101,0.0924,0.0946,0.0916,0.0941,0.1005,0.096,0.0983,
235198s,0.0953,0.0936,0.0945,0.0958,0.0962,0.0924,0.0918,0.0987,0.0945,0.094,0.0928,0.093,0.0962,0.3552,0.2628,0.2221,0.1886,0.1593,0.8953,0.5919,0.4525,0.3158,0.2873,0.096,0.1399,0.3675,0.2565,0.2066,0.1874,0.1766,0.8766,0.6095,0.4256,0.3023,0.2666,0.0927,0.1094,0.461,0.2687,0.2189,0.1961,0.1819,0.8852,0.612,0.4363,0.2849,0.2511,0.0961,0.1287,0.54,0.2529,0.2029,0.1528,0.1518,0.868,0.5822,0.3598,0.2316,0.2501,0.0931,0.0941,0.3581,0.2546,0.2038,0.1589,0.1503,0.8523,0.5612,0.3698,0.2445,0.2698,0.0947,0.1195,0.3569,0.2554,0.2139,0.1762,0.1365,0.8572,0.5894,0.4086,0.266,0.3308,0.0945,0.0987,0.0948,0.0928,0.0945,0.1008,0.0925,0.0944,0.0913,0.0938,0.1005,0.0959,0.0981,
235461s,0.0952,0.0938,0.0945,0.096,0.0966,0.0925,0.0921,0.0989,0.0947,0.0942,0.0928,0.0931,0.0963,0.3551,0.2631,0.2224,0.1882,0.1591,0.8948,0.5923,0.4527,0.3154,0.2866,0.0961,0.1462,0.3683,0.2565,0.2079,0.1885,0.177,0.8767,0.6094,0.4251,0.3022,0.2668,0.0926,0.1086,0.4617,0.2683,0.2341,0.1928,0.1809,0.8854,0.6116,0.4366,0.2855,0.251,0.0962,0.1258,0.5416,0.2524,0.2094,0.1539,0.1549,0.8687,0.582,0.3602,0.2313,0.2506,0.0933,0.0949,0.3585,0.2541,0.2107,0.159,0.1506,0.8511,0.5597,0.3683,0.244,0.2703,0.0951,0.1175,0.3568,0.2552,0.2127,0.175,0.137,0.8588,0.5893,0.4096,0.2664,0.3307,0.0949,0.0988,0.0942,0.0926,0.0945,0.1006,0.0923,0.0944,0.0913,0.0938,0.1004,0.0958,0.0982,
235723s,0.0957,0.0935,0.0942,0.096,0.0964,0.0924,0.0918,0.0988,0.0945,0.0941,0.093,0.0931,0.0959,0.3556,0.2635,0.2201,0.1907,0.1591,0.8954,0.5929,0.4541,0.3156,0.287,0.0963,0.1453,0.3679,0.2567,0.2033,0.1855,0.177,0.8768,0.6097,0.4245,0.3023,0.2666,0.0927,0.1079,0.4622,0.269,0.2232,0.1976,0.1773,0.8864,0.612,0.4364,0.2853,0.2514,0.0964,0.1243,0.5428,0.2527,0.2055,0.1523,0.1515,0.8682,0.5821,0.3596,0.2318,0.2505,0.0934,0.0948,0.3581,0.2548,0.2065,0.1589,0.1497,0.8518,0.5625,0.3716,0.2463,0.273,0.095,0.1204,0.3566,0.2546,0.2085,0.1649,0.1368,0.857,0.5899,0.4095,0.2664,0.3306,0.0946,0.0985,0.0945,0.0926,0.0944,0.101,0.0923,0.0947,0.0914,0.0939,0.1004,0.0959,0.0987,
235986s,0.095,0.0944,0.0947,0.0964,0.0968,0.0929,0.0923,0.099,0.0947,0.0941,0.093,0.0932,0.0962,0.3559,0.2632,0.2191,0.1924,0.1591,0.8962,0.5936,0.4545,0.317,0.2874,0.0958,0.1437,0.3682,0.2562,0.2096,0.1924,0.1816,0.8773,0.6094,0.4252,0.3024,0.2667,0.0928,0.1097,0.4624,0.2686,0.2232,0.1988,0.1834,0.8862,0.6119,0.4376,0.2857,0.2516,0.0965,0.1289,0.544,0.2526,0.2047,0.1526,0.1518,0.8682,0.583,0.3598,0.2315,0.2508,0.0938,0.0947,0.3582,0.255,0.2127,0.1587,0.1503,0.8513,0.5629,0.3709,0.2458,0.2717,0.0949,0.1237,0.3568,0.2551,0.209,0.1662,0.137,0.8581,0.5885,0.41,0.2661,0.3312,0.0948,0.0993,0.0947,0.0929,0.0942,0.1007,0.0923,0.0951,0.0915,0.0937,0.1005,0.0961,0.0983,
236248s,0.0952,0.094,0.0945,0.0964,0.0965,0.0925,0.092,0.0988,0.0946,0.0942,0.0929,0.0931,0.0961,0.3556,0.2631,0.2208,0.1912,0.1592,0.8953,0.5924,0.4529,0.3161,0.287,0.0959,0.1445,0.368,0.2563,0.2064,0.1896,0.1781,0.8769,0.6104,0.4253,0.3022,0.267,0.0929,0.108,0.4624,0.2686,0.2192,0.1955,0.1801,0.8867,0.612,0.438,0.2862,0.2515,0.0963,0.1269,0.5445,0.2527,0.2027,0.1536,0.1526,0.8691,0.583,0.3599,0.232,0.2511,0.0935,0.0946,0.3587,0.2547,0.2071,0.1591,0.1503,0.8527,0.5626,0.3713,0.2455,0.2733,0.0952,0.1208,0.3574,0.2546,0.2158,0.1793,0.1374,0.858,0.5891,0.4095,0.2664,0.3314,0.0949,0.099,0.0943,0.0925,0.0943,0.1007,0.0922,0.0949,0.0915,0.0939,0.1006,0.096,0.0988,
236511s,0.0954,0.0938,0.0947,0.0962,0.0967,0.0924,0.0922,0.0991,0.0947,0.0942,0.0929,0.0933,0.0965,0.3555,0.2632,0.2178,0.1874,0.1587,0.8957,0.5913,0.4515,0.316,0.2876,0.0961,0.1379,0.3682,0.2565,0.2089,0.1849,0.1744,0.8787,0.6101,0.4263,0.303,0.2674,0.0928,0.1102,0.4621,0.2688,0.222,0.197,0.1796,0.8864,0.612,0.4347,0.285,0.2514,0.0963,0.1308,0.547,0.2524,0.2011,0.1527,0.1509,0.8695,0.5833,0.3601,0.2318,0.2514,0.0934,0.095,0.3585,0.2543,0.2123,0.1586,0.1501,0.8512,0.5617,0.3694,0.2448,0.2722,0.095,0.1204,0.3579,0.2546,0.2092,0.168,0.1371,0.8586,0.5908,0.4101,0.267,0.3313,0.0949,0.0977,0.0935,0.0921,0.0937,0.1004,0.0921,0.0945,0.0915,0.0938,0.1005,0.0959,0.0983,
236773s,0.0956,0.0938,0.0944,0.096,0.0967,0.0928,0.092,0.0987,0.0946,0.0942,0.0929,0.0932,0.0961,0.3557,0.2634,0.219,0.1875,0.1592,0.8955,0.593,0.4553,0.3169,0.2882,0.0962,0.1454,0.368,0.2566,0.2066,0.1894,0.1803,0.8768,0.6107,0.4252,0.3024,0.2668,0.0928,0.1068,0.4628,0.2689,0.2293,0.2,0.1864,0.8869,0.6129,0.4394,0.2857,0.2514,0.0964,0.1278,0.5459,0.2526,0.2073,0.1524,0.1523,0.8692,0.5823,0.3606,0.2318,0.2514,0.0936,0.0947,0.3582,0.2551,0.2052,0.1601,0.1512,0.852,0.564,0.3711,0.2454,0.2716,0.0948,0.1172,0.3574,0.2554,0.2082,0.1642,0.1376,0.8585,0.5898,0.4089,0.2664,0.3323,0.0948,0.0982,0.0939,0.0928,0.0939,0.1006,0.0925,0.0947,0.0917,0.0938,0.1004,0.0959,0.0981,
237036s,0.0952,0.0944,0.0948,0.0964,0.0968,0.0925,0.0922,0.0989,0.0948,0.0941,0.093,0.0934,0.096,0.3557,0.2632,0.2188,0.1874,0.1595,0.8962,0.5923,0.4534,0.3164,0.2873,0.0959,0.1348,0.3679,0.2571,0.2044,0.1826,0.1767,0.8784,0.6104,0.4263,0.3029,0.2673,0.0928,0.1075,0.4633,0.2687,0.2181,0.1925,0.1805,0.8867,0.6131,0.4365,0.2852,0.2514,0.0966,0.1276,0.5466,0.2524,0.2054,0.1551,0.1558,0.8699,0.5836,0.3608,0.2319,0.2514,0.0938,0.0945,0.3583,0.2549,0.206,0.1595,0.1504,0.853,0.5623,0.3708,0.2449,0.2731,0.0952,0.1176,0.357,0.2551,0.2078,0.167,0.1362,0.8597,0.5897,0.4107,0.2673,0.3328,0.0948,0.0986,0.094,0.0926,0.0941,0.1006,0.0924,0.0949,0.0916,0.0941,0.1005,0.096,0.098,
237298s,0.0951,0.0939,0.0946,0.096,0.0964,0.0923,0.0922,0.0988,0.0948,0.0943,0.0929,0.0933,0.096,0.3549,0.2633,0.2214,0.1874,0.1592,0.8963,0.593,0.4532,0.3161,0.2876,0.0962,0.1482,0.3679,0.2567,0.2067,0.1891,0.1835,0.8783,0.6115,0.426,0.3036,0.2673,0.0929,0.1104,0.4633,0.2682,0.2189,0.1996,0.1803,0.8858,0.6112,0.4347,0.285,0.2514,0.0961,0.1253,0.5484,0.2535,0.2058,0.154,0.152,0.8697,0.5846,0.3606,0.232,0.2517,0.0934,0.0945,0.358,0.2541,0.2108,0.1587,0.15,0.8514,0.5612,0.37,0.2446,0.2717,0.0951,0.1162,0.3569,0.2546,0.2106,0.1689,0.1363,0.8595,0.5913,0.4099,0.2673,0.3337,0.0948,0.0989,0.0955,0.0929,0.0951,0.1011,0.0924,0.095,0.0917,0.094,0.1005,0.0959,0.0982,
237561s,0.0949,0.0941,0.0945,0.0963,0.0966,0.0926,0.0921,0.099,0.0948,0.0941,0.0929,0.0931,0.0967,0.3546,0.2633,0.2109,0.1868,0.1595,0.8969,0.591,0.4517,0.3161,0.2878,0.0962,0.1385,0.3681,0.2565,0.2088,0.1896,0.1809,0.8782,0.6111,0.4269,0.3039,0.2675,0.0929,0.109,0.463,0.2684,0.2269,0.2003,0.1803,0.8868,0.6129,0.4342,0.2853,0.2518,0.0967,0.1254,0.5495,0.2537,0.1957,0.1584,0.1502,0.8702,0.5833,0.3611,0.2327,0.2519,0.0935,0.0951,0.3582,0.2538,0.2054,0.1598,0.1501,0.8518,0.5638,0.3694,0.2449,0.2737,0.0948,0.1222,0.3575,0.2545,0.214,0.1744,0.1383,0.8596,0.5912,0.4097,0.2677,0.3334,0.0949,0.0996,0.0946,0.0928,0.0947,0.101,0.0923,0.0946,0.0916,0.0942,0.1005,0.0961,0.0986,
237823s,0.0955,0.094,0.0945,0.0963,0.0964,0.0927,0.092,0.0986,0.0946,0.0942,0.0928,0.093,0.0964,0.3551,0.2638,0.224,0.1891,0.16,0.8977,0.5924,0.4539,0.3162,0.2875,0.0963,0.1441,0.3679,0.2565,0.2061,0.1895,0.1777,0.8783,0.6098,0.4256,0.3034,0.2675,0.0926,0.109,0.4634,0.2689,0.2212,0.1973,0.1791,0.8882,0.6135,0.4377,0.2857,0.2514,0.0964,0.1266,0.5502,0.2543,0.2034,0.1524,0.1512,0.8695,0.5826,0.3602,0.232,0.2518,0.0933,0.0951,0.3579,0.2548,0.2064,0.1596,0.1504,0.853,0.5634,0.3708,0.2454,0.2739,0.0948,0.1213,0.3571,0.2549,0.2045,0.1632,0.1363,0.8598,0.5907,0.4106,0.2674,0.3326,0.0948,0.0983,0.0946,0.093,0.0946,0.1009,0.0924,0.0949,0.0915,0.0938,0.1005,0.0959,0.0982,
238086s,0.0949,0.0938,0.0945,0.0959,0.0963,0.0927,0.092,0.0988,0.0945,0.094,0.0929,0.0932,0.0966,0.3551,0.2631,0.2204,0.1887,0.1593,0.8981,0.5936,0.4546,0.3165,0.2884,0.096,0.1457,0.3675,0.2566,0.2055,0.183,0.1758,0.8785,0.6111,0.4267,0.3033,0.268,0.0926,0.1073,0.4641,0.2687,0.2193,0.1957,0.1819,0.8878,0.6135,0.4359,0.2855,0.2514,0.0967,0.1268,0.5508,0.2545,0.2044,0.1536,0.1529,0.8692,0.5831,0.3612,0.2318,0.2518,0.0935,0.0947,0.3584,0.2546,0.207,0.1597,0.1501,0.8537,0.5631,0.3712,0.2453,0.2746,0.0949,0.1203,0.3573,0.2545,0.2101,0.1709,0.1364,0.8594,0.5911,0.4111,0.2674,0.3325,0.0947,0.0995,0.0949,0.0925,0.0945,0.1008,0.0926,0.0948,0.0915,0.094,0.1004,0.0961,0.0982,
238348s,0.0956,0.0941,0.0948,0.0961,0.0966,0.0922,0.0921,0.0988,0.0948,0.0941,0.0928,0.0932,0.0965,0.3553,0.263,0.2141,0.1862,0.1595,0.8975,0.5922,0.4524,0.3163,0.2884,0.0957,0.1428,0.3677,0.2568,0.2097,0.1918,0.1838,0.8793,0.6118,0.4264,0.3033,0.2676,0.0932,0.1087,0.4642,0.2683,0.2216,0.1979,0.1806,0.8865,0.6127,0.4349,0.2854,0.2515,0.0965,0.1243,0.5526,0.2547,0.196,0.155,0.1501,0.8706,0.5846,0.3613,0.2327,0.2523,0.0936,0.0947,0.3579,0.2542,0.2114,0.1593,0.15,0.8528,0.5629,0.3704,0.2451,0.2716,0.0951,0.1197,0.3569,0.2547,0.2097,0.1649,0.1367,0.8601,0.5914,0.4109,0.2683,0.3334,0.0948,0.0987,0.0939,0.0926,0.0942,0.1008,0.0922,0.0946,0.0914,0.094,0.1008,0.0959,0.0983,
238611s,0.095,0.0937,0.0943,0.0959,0.0966,0.0922,0.0919,0.099,0.0946,0.0942,0.0929,0.093,0.0957,0.3552,0.2633,0.2194,0.1914,0.1593,0.8974,0.5956,0.4555,0.3179,0.2887,0.096,0.1451,0.3677,0.2565,0.207,0.1866,0.1822,0.8792,0.6103,0.426,0.3025,0.2674,0.0927,0.1071,0.4646,0.2686,0.2282,0.2006,0.1843,0.8868,0.6142,0.4376,0.2866,0.2524,0.0969,0.1278,0.5531,0.2534,0.2097,0.1561,0.1554,0.8695,0.5824,0.3607,0.232,0.2521,0.0936,0.0948,0.3579,0.2548,0.2054,0.1601,0.1509,0.8531,0.5632,0.3731,0.2453,0.274,0.095,0.1174,0.3574,0.2543,0.2169,0.1723,0.1374,0.8595,0.5906,0.4104,0.2673,0.3337,0.0947,0.0982,0.0941,0.0932,0.0944,0.101,0.092,0.0947,0.0915,0.0938,0.1008,0.0962,0.0981,
238873s,0.0953,0.0939,0.0944,0.0959,0.0961,0.0923,0.092,0.0986,0.0947,0.0941,0.0929,0.0933,0.0962,0.3546,0.2631,0.2235,0.1897,0.1593,0.8967,0.595,0.4554,0.3176,0.2895,0.0958,0.1463,0.3674,0.2566,0.2061,0.1895,0.1781,0.8802,0.6112,0.4263,0.3031,0.2678,0.0928,0.108,0.4644,0.2686,0.2193,0.1943,0.1807,0.8872,0.6136,0.4357,0.2849,0.2515,0.0965,0.1241,0.5549,0.2541,0.2032,0.1524,0.151,0.8703,0.5838,0.3612,0.2322,0.2524,0.0936,0.0948,0.358,0.2548,0.2094,0.1601,0.1511,0.853,0.5631,0.3699,0.2449,0.2737,0.095,0.1166,0.3573,0.2548,0.2111,0.1721,0.1363,0.8601,0.5917,0.4113,0.2678,0.3337,0.0949,0.0989,0.0946,0.0925,0.0937,0.1007,0.0922,0.0945,0.0912,0.0942,0.1005,0.096,0.0984,
239136s,0.0957,0.0939,0.0947,0.0964,0.0964,0.0925,0.0922,0.0991,0.0945,0.0941,0.0929,0.0935,0.0964,0.3581,0.2632,0.2243,0.1888,0.159,0.898,0.5937,0.4547,0.3167,0.2885,0.0958,0.1449,0.3677,0.2571,0.2081,0.1891,0.1775,0.8795,0.6115,0.4264,0.3035,0.2681,0.0927,0.1073,0.464,0.2687,0.2251,0.1907,0.1809,0.8888,0.6142,0.4375,0.2855,0.252,0.0966,0.1258,0.5557,0.2534,0.2042,0.1529,0.1506,0.8694,0.5839,0.3609,0.2327,0.253,0.0937,0.0955,0.3578,0.2535,0.2123,0.159,0.1503,0.8537,0.5619,0.3706,0.2449,0.2749,0.0951,0.1233,0.3576,0.2545,0.2149,0.1678,0.1377,0.8612,0.5917,0.4114,0.2688,0.3348,0.0948,0.0992,0.0946,0.0928,0.0939,0.1006,0.0921,0.0946,0.0914,0.0942,0.1007,0.096,0.0982,
239398s,0.0954,0.0937,0.0944,0.0958,0.0963,0.0924,0.092,0.0987,0.0945,0.0941,0.0929,0.0931,0.0961,0.3552,0.2634,0.2199,0.1896,0.1596,0.8982,0.594,0.4553,0.3166,0.2893,0.096,0.1411,0.3676,0.2566,0.2054,0.1888,0.1805,0.8793,0.6107,0.4261,0.3028,0.2679,0.0928,0.1084,0.4654,0.2686,0.2271,0.1996,0.1841,0.8889,0.6139,0.4375,0.2858,0.2521,0.0967,0.1267,0.557,0.2534,0.2048,0.1522,0.1519,0.8695,0.5844,0.3609,0.2322,0.2529,0.0935,0.0947,0.3583,0.2545,0.2064,0.1595,0.1512,0.8544,0.5637,0.3728,0.2452,0.2768,0.0951,0.1216,0.3569,0.2546,0.2134,0.1758,0.1372,0.8607,0.5917,0.41,0.2678,0.3341,0.095,0.0991,0.0943,0.0927,0.0945,0.1008,0.0922,0.0947,0.0916,0.0941,0.1006,0.0961,0.0983,
239661s,0.095,0.094,0.0946,0.0963,0.0966,0.0924,0.0921,0.0987,0.0945,0.0944,0.093,0.0933,0.0965,0.3551,0.2632,0.2226,0.1887,0.1596,0.8988,0.5943,0.456,0.3168,0.2884,0.0959,0.1413,0.3675,0.2565,0.2053,0.1891,0.1788,0.8793,0.6112,0.4263,0.3031,0.2679,0.0931,0.1072,0.4653,0.2686,0.2221,0.1975,0.1832,0.8883,0.6143,0.4379,0.2859,0.2524,0.0967,0.1251,0.5579,0.2522,0.2021,0.1525,0.1515,0.8697,0.5839,0.3605,0.2327,0.2529,0.0937,0.0948,0.358,0.2539,0.2047,0.1594,0.1507,0.8536,0.5634,0.3725,0.2448,0.2746,0.0951,0.1182,0.3565,0.2541,0.2097,0.1689,0.1366,0.8616,0.5916,0.4111,0.2683,0.3348,0.0949,0.0982,0.0942,0.0926,0.0944,0.101,0.0925,0.0951,0.0915,0.094,0.1005,0.0961,0.0982,
239923s,0.0953,0.0938,0.0944,0.0962,0.0965,0.0925,0.092,0.0987,0.0946,0.094,0.093,0.0932,0.0962,0.3552,0.263,0.2228,0.187,0.1598,0.8977,0.5946,0.4554,0.3173,0.2891,0.096,0.1393,0.3672,0.2564,0.2062,0.1905,0.1791,0.8789,0.611,0.4267,0.3031,0.2683,0.0927,0.1074,0.4655,0.2687,0.2204,0.1963,0.1815,0.8882,0.6146,0.4378,0.2858,0.2522,0.0965,0.1243,0.5584,0.2513,0.2021,0.1515,0.1515,0.8687,0.5838,0.3604,0.2323,0.2532,0.0935,0.0949,0.3576,0.2538,0.2088,0.159,0.1507,0.8545,0.5636,0.3724,0.2449,0.2742,0.0948,0.1192,0.3562,0.2548,0.2056,0.1688,0.1367,0.861,0.5916,0.4108,0.2681,0.3347,0.0948,0.0991,0.0944,0.0931,0.0946,0.1008,0.0922,0.0947,0.0912,0.0941,0.1005,0.096,0.0981,
240186s,0.0958,0.094,0.0946,0.0963,0.0966,0.0927,0.092,0.0988,0.0946,0.0942,0.093,0.0931,0.0958,0.3551,0.2633,0.2159,0.1936,0.1594,0.8978,0.5953,0.4563,0.3179,0.2891,0.0959,0.1503,0.3671,0.2564,0.2062,0.1869,0.1816,0.8804,0.6111,0.4265,0.3035,0.2681,0.0927,0.1055,0.4655,0.2686,0.226,0.1997,0.1839,0.8888,0.6144,0.4404,0.2864,0.2522,0.0963,0.1225,0.5588,0.2523,0.2063,0.1521,0.1519,0.8694,0.5842,0.3608,0.2324,0.2531,0.0936,0.0946,0.3578,0.2543,0.2073,0.1588,0.1499,0.8548,0.5642,0.3733,0.2458,0.2757,0.0947,0.1173,0.3565,0.2551,0.2145,0.1704,0.1376,0.8612,0.5915,0.4107,0.2681,0.3348,0.0947,0.0989,0.0949,0.0932,0.0946,0.101,0.0923,0.0948,0.0914,0.094,0.1004,0.0961,0.0981,
240448s,0.0949,0.0937,0.0943,0.0956,0.0963,0.0923,0.092,0.0989,0.0946,0.0943,0.0928,0.0932,0.0965,0.3543,0.2628,0.2132,0.1891,0.159,0.8985,0.5941,0.4536,0.3167,0.2893,0.0959,0.1451,0.3672,0.2559,0.2108,0.1894,0.1807,0.8811,0.6125,0.4272,0.3038,0.2683,0.0925,0.1075,0.4666,0.2682,0.22,0.1954,0.1797,0.8882,0.6125,0.4354,0.2853,0.2519,0.0965,0.1224,0.5594,0.2512,0.2004,0.1528,0.1514,0.8706,0.5851,0.3608,0.2324,0.2532,0.0937,0.0944,0.3578,0.2528,0.2117,0.1597,0.1503,0.8544,0.5633,0.3714,0.2443,0.2738,0.0948,0.1175,0.3568,0.2543,0.2126,0.1688,0.1377,0.8615,0.5923,0.4121,0.2687,0.3362,0.0947,0.1005,0.0956,0.0929,0.0945,0.1008,0.092,0.0948,0.0915,0.094,0.1005,0.0958,0.0982,
240711s,0.0957,0.0937,0.0945,0.0957,0.0962,0.0921,0.092,0.0986,0.0947,0.0942,0.0928,0.0935,0.0963,0.3541,0.2633,0.2171,0.1851,0.16,0.8982,0.5949,0.4547,0.3173,0.2896,0.096,0.1381,0.3672,0.2565,0.2076,0.189,0.1774,0.88,0.612,0.4265,0.3038,0.2684,0.0928,0.1075,0.4668,0.2683,0.2189,0.1954,0.1816,0.8895,0.6141,0.4391,0.2862,0.2527,0.0969,0.1228,0.5594,0.2512,0.2021,0.1521,0.1507,0.8701,0.5853,0.3614,0.2327,0.2535,0.0934,0.0945,0.3578,0.2536,0.2079,0.1588,0.1498,0.8548,0.5647,0.3719,0.2451,0.2765,0.0952,0.1249,0.3565,0.2544,0.21,0.1718,0.1361,0.8624,0.5924,0.4124,0.2684,0.3363,0.0949,0.0983,0.0938,0.0921,0.0943,0.1007,0.0922,0.0944,0.0916,0.094,0.1007,0.0959,0.0988,
240973s,0.095,0.0941,0.0949,0.0962,0.0964,0.0923,0.0921,0.099,0.0948,0.0943,0.0931,0.0933,0.0965,0.3547,0.2629,0.2105,0.1895,0.159,0.8987,0.593,0.453,0.3173,0.2899,0.0961,0.14,0.3673,0.2565,0.2101,0.1894,0.1827,0.8806,0.6128,0.4274,0.3041,0.2685,0.0929,0.1088,0.4666,0.2682,0.2251,0.1992,0.1786,0.8891,0.6125,0.4354,0.2857,0.2524,0.0966,0.1251,0.5616,0.2528,0.2038,0.1534,0.1526,0.8714,0.5861,0.3623,0.2326,0.2535,0.0938,0.0945,0.3573,0.2528,0.2115,0.16,0.1514,0.8535,0.5625,0.3706,0.244,0.2746,0.0947,0.1185,0.3569,0.2547,0.212,0.1674,0.1377,0.8628,0.5938,0.4127,0.2693,0.3371,0.0949,0.0991,0.0948,0.093,0.0951,0.1007,0.0921,0.0947,0.0914,0.0942,0.1006,0.0962,0.098,
241235s,0.0953,0.0937,0.0943,0.0962,0.0964,0.0925,0.0922,0.0987,0.0948,0.0942,0.0929,0.0932,0.0964,0.3551,0.2632,0.2215,0.1877,0.1599,0.8987,0.5942,0.4541,0.3176,0.2894,0.0959,0.1487,0.368,0.2561,0.207,0.1896,0.1786,0.8808,0.6116,0.4266,0.3039,0.2686,0.0929,0.1062,0.4667,0.2683,0.2224,0.1973,0.1834,0.8898,0.6145,0.4397,0.2859,0.2524,0.0967,0.1233,0.5628,0.2516,0.2044,0.1524,0.1518,0.8703,0.5849,0.3613,0.2324,0.2542,0.0933,0.0949,0.3583,0.254,0.2053,0.1591,0.1503,0.8546,0.5653,0.3717,0.2451,0.2754,0.0953,0.1219,0.3569,0.2544,0.208,0.1711,0.1367,0.8616,0.5918,0.4117,0.2683,0.3353,0.0948,0.0996,0.0946,0.0933,0.0944,0.1007,0.0924,0.0949,0.0916,0.094,0.1005,0.0961,0.0983,
241498s,0.095,0.0943,0.0948,0.0962,0.0968,0.0928,0.0922,0.0988,0.0946,0.0942,0.0929,0.0933,0.0958,0.3546,0.2629,0.2231,0.1912,0.1603,0.8989,0.5946,0.4539,0.3173,0.2891,0.096,0.1406,0.3671,0.256,0.2068,0.1837,0.1748,0.8801,0.6127,0.4274,0.3042,0.2687,0.0926,0.1067,0.4674,0.2688,0.2197,0.195,0.182,0.8899,0.6141,0.4371,0.2859,0.2524,0.0965,0.121,0.5636,0.2515,0.205,0.1533,0.1543,0.8704,0.5847,0.3611,0.2325,0.2539,0.0934,0.0945,0.3579,0.2538,0.2084,0.1595,0.1503,0.8548,0.5631,0.3704,0.2455,0.2758,0.095,0.1221,0.3562,0.2545,0.2135,0.1728,0.1375,0.8621,0.5929,0.4118,0.2687,0.3367,0.0949,0.0987,0.0944,0.0925,0.0946,0.1007,0.0921,0.0948,0.0912,0.094,0.1006,0.0961,0.0982,
241760s,0.0949,0.0936,0.0943,0.096,0.0963,0.0923,0.092,0.0988,0.0944,0.0941,0.0927,0.0932,0.096,0.3543,0.2628,0.2246,0.1897,0.1596,0.8981,0.5957,0.4555,0.3178,0.2897,0.0959,0.1408,0.3675,0.2559,0.2041,0.1881,0.1775,0.8799,0.6117,0.427,0.3033,0.2684,0.0928,0.1064,0.4687,0.2685,0.2177,0.1933,0.182,0.8901,0.6141,0.4417,0.2864,0.2524,0.0969,0.1222,0.5641,0.2516,0.2032,0.1524,0.1513,0.8712,0.5844,0.3619,0.232,0.2541,0.0933,0.0947,0.3575,0.2532,0.2045,0.1587,0.1504,0.8543,0.5654,0.373,0.2453,0.2751,0.0949,0.1221,0.3563,0.2546,0.2069,0.1683,0.1362,0.8624,0.5922,0.412,0.2688,0.3369,0.0949,0.0998,0.0946,0.0931,0.0949,0.1009,0.0922,0.0947,0.0917,0.0939,0.1008,0.0961,0.0981,
242023s,0.0952,0.0939,0.0945,0.0961,0.0966,0.0925,0.0921,0.0988,0.0947,0.0942,0.0928,0.0932,0.0961,0.3549,0.2635,0.2201,0.1904,0.1612,0.8981,0.596,0.4571,0.3186,0.2897,0.0958,0.1411,0.367,0.2564,0.203,0.1834,0.1779,0.8808,0.6114,0.4277,0.3037,0.2687,0.0929,0.1059,0.4688,0.2685,0.2265,0.2003,0.1848,0.8907,0.6148,0.4404,0.2874,0.2527,0.0967,0.1233,0.566,0.2518,0.2042,0.1521,0.1521,0.871,0.5847,0.3614,0.2323,0.2538,0.0935,0.0944,0.3577,0.2536,0.207,0.159,0.1498,0.8556,0.5653,0.3738,0.2458,0.2771,0.0949,0.123,0.3563,0.2544,0.2097,0.1707,0.1373,0.8622,0.5919,0.4114,0.2688,0.3362,0.0948,0.0987,0.0945,0.0931,0.0951,0.1011,0.0922,0.0948,0.0914,0.0938,0.1005,0.0959,0.0981,
242286s,0.0954,0.0941,0.0946,0.0961,0.0966,0.0925,0.0922,0.0989,0.0948,0.0942,0.093,0.0932,0.0965,0.3543,0.2629,0.2122,0.189,0.1593,0.8987,0.5938,0.4549,0.318,0.2905,0.0961,0.1421,0.3674,0.2555,0.2092,0.1922,0.1858,0.8817,0.6127,0.4282,0.304,0.2687,0.0934,0.1065,0.4693,0.2682,0.2182,0.1918,0.1784,0.8901,0.6137,0.4369,0.2864,0.2527,0.0965,0.1231,0.5663,0.2515,0.2042,0.1529,0.1524,0.8725,0.5857,0.3619,0.2329,0.2542,0.0938,0.0952,0.3578,0.2531,0.2089,0.1603,0.1507,0.8552,0.5629,0.371,0.2439,0.2738,0.095,0.1161,0.3568,0.2542,0.2116,0.1692,0.1373,0.8623,0.5928,0.4127,0.2694,0.3383,0.0949,0.0997,0.0941,0.0924,0.0942,0.1007,0.092,0.0946,0.0914,0.0938,0.1003,0.096,0.0981,
242548s,0.0956,0.0939,0.0948,0.0961,0.0968,0.0927,0.0922,0.0987,0.0948,0.0942,0.0928,0.0934,0.096,0.3549,0.2632,0.2219,0.1901,0.1612,0.8988,0.5954,0.457,0.3188,0.2903,0.0961,0.1435,0.3673,0.2562,0.2045,0.1848,0.1769,0.881,0.6126,0.4271,0.3039,0.2688,0.0928,0.1059,0.4708,0.2682,0.225,0.1985,0.1833,0.8905,0.6145,0.4398,0.2867,0.2529,0.0966,0.1222,0.5693,0.2514,0.2042,0.1521,0.1513,0.8717,0.5855,0.3615,0.2324,0.2543,0.0934,0.0944,0.3573,0.2537,0.2066,0.1599,0.1507,0.8559,0.565,0.373,0.2447,0.2769,0.0952,0.1181,0.356,0.2543,0.2135,0.1734,0.137,0.8623,0.5925,0.412,0.269,0.3372,0.0948,0.0986,0.0946,0.093,0.0943,0.1008,0.0921,0.0946,0.0913,0.094,0.1008,0.0959,0.0984,
242810s,0.0959,0.0939,0.0941,0.0961,0.0967,0.0926,0.0921,0.0989,0.0946,0.0939,0.093,0.0931,0.0966,0.3543,0.2625,0.2144,0.1897,0.1602,0.8981,0.5939,0.4532,0.3176,0.2912,0.0963,0.1478,0.3671,0.2558,0.2077,0.1863,0.1784,0.8825,0.6126,0.4286,0.3045,0.2691,0.0927,0.1095,0.4709,0.2678,0.2284,0.1946,0.1792,0.8896,0.6149,0.4367,0.2861,0.2527,0.0966,0.1222,0.5704,0.2516,0.2074,0.1531,0.1514,0.8724,0.5864,0.362,0.2331,0.2545,0.0936,0.0953,0.3574,0.2528,0.2097,0.1594,0.1502,0.8563,0.5625,0.3701,0.2436,0.2755,0.0948,0.1161,0.3564,0.2543,0.2057,0.1679,0.1382,0.8629,0.5937,0.4133,0.2696,0.3393,0.095,0.0991,0.0944,0.0926,0.095,0.1008,0.0922,0.0945,0.0914,0.0939,0.1004,0.0959,0.0984,
243073s,0.0952,0.0938,0.0944,0.0961,0.0966,0.0926,0.0923,0.0988,0.0946,0.0942,0.0928,0.0932,0.0963,0.3546,0.263,0.223,0.1876,0.1606,0.8992,0.5952,0.4553,0.3181,0.2899,0.0961,0.1452,0.367,0.2561,0.2059,0.1845,0.1759,0.8811,0.612,0.4272,0.3039,0.269,0.0929,0.1057,0.4717,0.2684,0.2204,0.1968,0.1832,0.8906,0.6149,0.4385,0.2862,0.2527,0.0968,0.1194,0.5709,0.2511,0.204,0.1515,0.1509,0.8727,0.5842,0.3616,0.2325,0.2548,0.0931,0.0943,0.3576,0.2535,0.2034,0.1596,0.1512,0.856,0.5654,0.3713,0.2443,0.2745,0.0949,0.1178,0.3557,0.2544,0.2049,0.163,0.1364,0.8624,0.5929,0.4122,0.2692,0.3371,0.0946,0.0992,0.0948,0.093,0.0943,0.1008,0.0923,0.0947,0.0913,0.0939,0.1003,0.096,0.0984,
243335s,0.0957,0.0938,0.0945,0.096,0.0964,0.0926,0.0921,0.099,0.0947,0.0942,0.0929,0.0931,0.0964,0.3541,0.2624,0.222,0.1877,0.1603,0.8988,0.5952,0.4554,0.3181,0.2903,0.0959,0.1427,0.3673,0.2561,0.2061,0.1901,0.1835,0.8819,0.6129,0.4277,0.304,0.2692,0.0928,0.1075,0.4724,0.2678,0.2208,0.1954,0.1825,0.8907,0.6148,0.4389,0.286,0.253,0.0967,0.1205,0.5705,0.251,0.2026,0.1518,0.1501,0.8718,0.5857,0.3608,0.2324,0.255,0.0932,0.0949,0.3574,0.2527,0.2074,0.1581,0.1502,0.8562,0.5649,0.372,0.244,0.2751,0.0947,0.1172,0.3558,0.2542,0.2076,0.1692,0.1371,0.8632,0.5923,0.4129,0.2693,0.3376,0.0947,0.0992,0.0941,0.0926,0.0943,0.1009,0.0922,0.0947,0.0912,0.094,0.1004,0.096,0.0984,
243598s,0.0951,0.0935,0.0943,0.0959,0.0962,0.0926,0.0921,0.0988,0.0947,0.0942,0.0928,0.0932,0.0966,0.3542,0.2629,0.2161,0.1854,0.1602,0.8993,0.5957,0.4563,0.3183,0.2906,0.0958,0.1383,0.3669,0.2564,0.2081,0.1896,0.1796,0.8821,0.6127,0.4278,0.3042,0.2694,0.0926,0.1069,0.4718,0.2683,0.2174,0.1939,0.181,0.8901,0.6151,0.4394,0.2864,0.2532,0.0968,0.1211,0.5708,0.2515,0.2013,0.1521,0.1513,0.8723,0.585,0.3619,0.2327,0.2552,0.0931,0.0949,0.3573,0.2535,0.2092,0.1592,0.1509,0.8554,0.5653,0.372,0.2447,0.2767,0.0949,0.1221,0.3559,0.2543,0.2095,0.174,0.1363,0.8633,0.5931,0.4124,0.2695,0.3374,0.0948,0.0988,0.0944,0.0923,0.0945,0.1008,0.0922,0.0948,0.0915,0.0941,0.1006,0.096,0.0984,
243860s,0.0951,0.0938,0.0943,0.0959,0.0964,0.0925,0.092,0.0991,0.0947,0.0943,0.0927,0.0931,0.0961,0.355,0.2633,0.2208,0.1888,0.1622,0.8986,0.5963,0.4572,0.3183,0.2907,0.0959,0.1432,0.3672,0.2557,0.2021,0.1835,0.1768,0.8816,0.613,0.4279,0.3037,0.2693,0.0927,0.1065,0.4718,0.2679,0.226,0.1999,0.1843,0.8913,0.6159,0.4406,0.287,0.2534,0.097,0.1215,0.5723,0.2513,0.2063,0.1537,0.1536,0.8726,0.5862,0.3614,0.2328,0.2553,0.0933,0.0948,0.3573,0.2535,0.2085,0.1589,0.1507,0.8563,0.5666,0.3737,0.2454,0.2787,0.0947,0.125,0.356,0.2541,0.2151,0.1763,0.1377,0.8639,0.5926,0.413,0.269,0.3385,0.0948,0.099,0.0946,0.0931,0.0947,0.1009,0.0925,0.0947,0.0916,0.0939,0.1005,0.096,0.0983,
244123s,0.0953,0.0939,0.0941,0.0959,0.0964,0.0926,0.0922,0.0991,0.0947,0.094,0.0927,0.093,0.0956,0.3545,0.2628,0.2212,0.19,0.16,0.8984,0.5964,0.4577,0.3187,0.2902,0.096,0.1496,0.3668,0.2558,0.2051,0.1888,0.1796,0.8816,0.6129,0.4269,0.3038,0.269,0.0925,0.1052,0.472,0.2682,0.2255,0.199,0.185,0.8907,0.615,0.4401,0.2866,0.2529,0.0966,0.1221,0.5728,0.2515,0.2049,0.1527,0.1533,0.8724,0.5854,0.3614,0.2323,0.2548,0.0935,0.0942,0.3571,0.2534,0.2126,0.1582,0.1502,0.8557,0.5651,0.3738,0.244,0.2788,0.0948,0.1217,0.3558,0.2544,0.2137,0.1659,0.1366,0.8632,0.5923,0.413,0.2689,0.3379,0.0947,0.0991,0.0948,0.0927,0.0944,0.1009,0.092,0.0944,0.0913,0.0939,0.1004,0.0958,0.0981,
244385s,0.0949,0.0935,0.0942,0.0957,0.0961,0.0923,0.0921,0.0988,0.0945,0.0941,0.093,0.0933,0.0964,0.354,0.2627,0.216,0.1863,0.16,0.8991,0.5963,0.4569,0.3182,0.2903,0.0959,0.1435,0.3669,0.2558,0.2086,0.1846,0.1742,0.8827,0.6134,0.4279,0.3043,0.2694,0.0923,0.1084,0.4718,0.2677,0.2195,0.1966,0.1838,0.8901,0.6152,0.4401,0.2865,0.2535,0.0971,0.1216,0.5733,0.2515,0.2014,0.1523,0.153,0.8729,0.5856,0.3622,0.2325,0.2555,0.093,0.0945,0.3574,0.2524,0.2112,0.1582,0.1499,0.8558,0.5655,0.3726,0.2446,0.2769,0.095,0.123,0.3555,0.254,0.2119,0.1725,0.1372,0.8642,0.5931,0.4133,0.2694,0.3403,0.0947,0.0992,0.0943,0.0923,0.0944,0.1005,0.0923,0.0943,0.0913,0.094,0.1005,0.096,0.0985,
244648s,0.0952,0.0936,0.0943,0.0961,0.0964,0.0924,0.0921,0.0988,0.0946,0.0942,0.0929,0.0932,0.0965,0.3546,0.2631,0.2105,0.1831,0.1619,0.899,0.5958,0.4567,0.3183,0.2907,0.0958,0.1411,0.3671,0.2562,0.2088,0.1885,0.1803,0.8832,0.6138,0.4281,0.3047,0.2695,0.0927,0.1079,0.4725,0.2678,0.2293,0.1991,0.1819,0.891,0.6153,0.4377,0.2863,0.2534,0.0968,0.1191,0.5743,0.2512,0.2062,0.1534,0.1532,0.8733,0.5866,0.3618,0.2329,0.2558,0.0936,0.0941,0.3573,0.2529,0.2095,0.1586,0.1498,0.8563,0.562,0.3707,0.2434,0.276,0.0949,0.1195,0.3562,0.2541,0.2133,0.1675,0.138,0.8654,0.5949,0.4133,0.2701,0.3407,0.0949,0.0998,0.0951,0.0929,0.095,0.101,0.0921,0.0945,0.0916,0.0942,0.1006,0.0959,0.0981,
244910s,0.0954,0.0936,0.0944,0.0958,0.0962,0.0923,0.0922,0.0987,0.0947,0.0944,0.093,0.0933,0.0961,0.3542,0.2629,0.2237,0.1897,0.1599,0.8995,0.5969,0.4567,0.3182,0.2908,0.0961,0.144,0.3667,0.2558,0.2075,0.1904,0.1791,0.8825,0.6134,0.4273,0.3038,0.2694,0.0927,0.107,0.4735,0.268,0.2202,0.1963,0.1818,0.8909,0.6159,0.4407,0.287,0.2537,0.0968,0.1229,0.5745,0.252,0.2053,0.1536,0.1524,0.8731,0.5853,0.3617,0.2325,0.2559,0.0935,0.0955,0.3572,0.2531,0.2125,0.162,0.1528,0.8555,0.5657,0.3731,0.2445,0.2789,0.0949,0.1206,0.356,0.2547,0.2096,0.1729,0.1368,0.8642,0.593,0.4132,0.2691,0.3405,0.0948,0.0993,0.0951,0.093,0.0947,0.1011,0.0924,0.0949,0.0915,0.0939,0.1008,0.096,0.0986,
245173s,0.0954,0.094,0.0946,0.0962,0.0967,0.0929,0.0922,0.0987,0.0947,0.0943,0.093,0.0933,0.0965,0.3544,0.2632,0.2155,0.186,0.1608,0.8996,0.5972,0.4582,0.3191,0.2911,0.096,0.1425,0.3671,0.2568,0.2086,0.1902,0.1801,0.8837,0.6132,0.428,0.3039,0.2696,0.0928,0.1075,0.4746,0.2685,0.2225,0.1999,0.1856,0.891,0.6146,0.4394,0.2873,0.2535,0.0971,0.1231,0.5752,0.2511,0.2044,0.1537,0.1539,0.8726,0.5862,0.3622,0.2326,0.2558,0.0933,0.0943,0.3567,0.2528,0.2041,0.1586,0.15,0.8561,0.566,0.3739,0.2446,0.2777,0.0949,0.1172,0.356,0.2543,0.2081,0.1689,0.1363,0.864,0.593,0.4133,0.27,0.3407,0.0948,0.099,0.0948,0.0928,0.0941,0.1008,0.092,0.0947,0.0912,0.094,0.1007,0.0959,0.0981,
245435s,0.0951,0.0939,0.0944,0.0958,0.0961,0.0924,0.0922,0.0988,0.0947,0.0942,0.093,0.0934,0.0962,0.3547,0.2629,0.2141,0.1847,0.1609,0.8989,0.5959,0.4557,0.3186,0.2909,0.0959,0.1416,0.3671,0.256,0.2087,0.1835,0.1742,0.8843,0.6136,0.4284,0.3041,0.2698,0.0925,0.1055,0.4753,0.2686,0.2172,0.1904,0.1778,0.891,0.6154,0.4402,0.2875,0.2532,0.0969,0.1196,0.5755,0.2513,0.2008,0.153,0.1516,0.8734,0.5866,0.3623,0.2326,0.2561,0.0933,0.0946,0.3573,0.2534,0.2083,0.1591,0.151,0.8568,0.5654,0.3733,0.245,0.2782,0.0949,0.1261,0.3559,0.2541,0.212,0.1746,0.1369,0.8651,0.5942,0.4138,0.27,0.3415,0.0947,0.0991,0.0952,0.093,0.0941,0.1009,0.0922,0.0949,0.0916,0.0939,0.1005,0.096,0.0981,
245698s,0.0953,0.0937,0.0942,0.0956,0.0964,0.0925,0.0921,0.0986,0.0945,0.0942,0.0929,0.0933,0.0965,0.354,0.2631,0.2233,0.1933,0.1599,0.8993,0.5966,0.4589,0.3202,0.2914,0.0959,0.1472,0.3664,0.2561,0.2024,0.1829,0.1754,0.8828,0.6124,0.4282,0.3043,0.2698,0.0928,0.1069,0.4761,0.2683,0.2218,0.1984,0.1826,0.8912,0.6164,0.441,0.288,0.2536,0.0968,0.1201,0.5776,0.251,0.2049,0.152,0.1526,0.8733,0.586,0.3619,0.2328,0.2563,0.0936,0.0947,0.3569,0.2536,0.2065,0.1585,0.1504,0.8574,0.5663,0.3738,0.2448,0.2798,0.0951,0.1185,0.3555,0.2542,0.2051,0.1648,0.1364,0.8636,0.5937,0.4131,0.2695,0.3407,0.0948,0.099,0.0954,0.0937,0.095,0.101,0.0921,0.0947,0.0914,0.0939,0.1005,0.0961,0.0982,
245960s,0.095,0.0939,0.0943,0.0959,0.0965,0.0926,0.0922,0.0988,0.0947,0.0942,0.0931,0.0933,0.0961,0.3544,0.2631,0.2228,0.1893,0.1612,0.9004,0.5983,0.4585,0.3195,0.2919,0.0961,0.1432,0.3666,0.2556,0.2067,0.1903,0.1809,0.8839,0.6129,0.4278,0.3039,0.2697,0.0929,0.1054,0.4772,0.2684,0.2224,0.1984,0.1843,0.8919,0.6156,0.4407,0.2878,0.2542,0.0969,0.1229,0.5781,0.2512,0.2029,0.1517,0.1527,0.8736,0.5859,0.3624,0.2329,0.2564,0.0938,0.0948,0.3573,0.2534,0.2052,0.1578,0.1504,0.856,0.5658,0.3734,0.2442,0.279,0.0948,0.1238,0.3545,0.2544,0.2164,0.1809,0.138,0.8654,0.5923,0.4135,0.2698,0.3407,0.0948,0.099,0.0945,0.0927,0.0945,0.1011,0.0923,0.0947,0.0915,0.094,0.1007,0.096,0.0981,
246223s,0.0959,0.0937,0.0944,0.0959,0.0964,0.0926,0.0924,0.0988,0.0948,0.0942,0.0932,0.0933,0.0967,0.3537,0.2627,0.2133,0.1854,0.1603,0.9003,0.5959,0.4562,0.319,0.2918,0.0959,0.1429,0.3668,0.2565,0.2102,0.1882,0.1804,0.8839,0.6142,0.4279,0.3048,0.27,0.0927,0.1068,0.4771,0.2681,0.2192,0.1975,0.1858,0.8921,0.6161,0.4407,0.2876,0.254,0.0971,0.1231,0.5784,0.2514,0.2006,0.1521,0.1517,0.8736,0.5872,0.3623,0.2329,0.2567,0.0932,0.0945,0.3571,0.2527,0.2112,0.1593,0.1506,0.8565,0.5652,0.3737,0.244,0.2786,0.095,0.124,0.3549,0.2542,0.2115,0.1725,0.1376,0.8661,0.5941,0.4135,0.2704,0.3429,0.095,0.0997,0.0954,0.0931,0.0939,0.1012,0.0924,0.0948,0.0914,0.0942,0.1005,0.096,0.0983,
246485s,0.0951,0.0936,0.0943,0.0958,0.0964,0.0926,0.0924,0.0989,0.0949,0.0941,0.093,0.0934,0.0961,0.3539,0.2628,0.2213,0.1864,0.1599,0.9005,0.598,0.4586,0.3197,0.2916,0.0959,0.1425,0.3671,0.256,0.2066,0.1881,0.177,0.8842,0.6131,0.4279,0.3045,0.27,0.0927,0.1066,0.4794,0.2681,0.2189,0.1929,0.1798,0.892,0.6158,0.4396,0.2872,0.2539,0.0968,0.1223,0.5777,0.2518,0.2036,0.1532,0.1523,0.875,0.5859,0.3623,0.2326,0.2568,0.0935,0.0945,0.3572,0.2526,0.2107,0.1593,0.1512,0.8569,0.5646,0.3722,0.2444,0.2764,0.0952,0.1185,0.3557,0.2545,0.2061,0.1703,0.1374,0.8661,0.5944,0.4141,0.2707,0.3429,0.0949,0.0996,0.0949,0.0927,0.0937,0.1006,0.0922,0.0945,0.0916,0.094,0.1006,0.0959,0.0985,
246748s,0.0958,0.0939,0.0948,0.0961,0.0967,0.093,0.0922,0.0989,0.0948,0.094,0.0928,0.0934,0.0963,0.3542,0.2625,0.2208,0.1871,0.1604,0.9009,0.5966,0.4579,0.3194,0.2922,0.0961,0.1476,0.3663,0.2557,0.2081,0.1899,0.1806,0.8826,0.6146,0.4277,0.3044,0.27,0.0926,0.1071,0.479,0.2682,0.2194,0.1943,0.1809,0.8922,0.6165,0.4404,0.2864,0.2541,0.097,0.121,0.5804,0.2522,0.1995,0.1534,0.1513,0.8747,0.5873,0.362,0.2332,0.2569,0.0932,0.095,0.3569,0.2531,0.2119,0.1594,0.1514,0.8568,0.5655,0.3739,0.2444,0.2787,0.095,0.1185,0.3557,0.2543,0.204,0.1646,0.1363,0.8661,0.594,0.4136,0.2704,0.3429,0.0948,0.0985,0.0942,0.0924,0.0939,0.1006,0.0923,0.0946,0.0917,0.0938,0.1006,0.096,0.0988,
247010s,0.0949,0.0936,0.0944,0.0959,0.0963,0.0924,0.0921,0.0988,0.0946,0.0941,0.0929,0.0932,0.0961,0.3538,0.2631,0.2241,0.1915,0.1597,0.9013,0.5965,0.4576,0.3191,0.2916,0.0962,0.1509,0.3664,0.2562,0.2074,0.184,0.1758,0.8831,0.6139,0.4282,0.3049,0.2701,0.0927,0.107,0.4794,0.268,0.2191,0.1935,0.182,0.8937,0.6163,0.4412,0.2873,0.254,0.097,0.1235,0.5807,0.2515,0.2015,0.1521,0.1513,0.8738,0.5871,0.3624,0.233,0.257,0.0934,0.0945,0.3572,0.2531,0.2074,0.1581,0.1499,0.8572,0.5648,0.3735,0.2443,0.2774,0.0949,0.12,0.3554,0.2544,0.2103,0.1756,0.137,0.8661,0.5944,0.4135,0.2706,0.3429,0.0947,0.1001,0.0945,0.093,0.0941,0.1007,0.0922,0.0949,0.0915,0.094,0.1006,0.096,0.0984,
247273s,0.0951,0.0944,0.0947,0.0964,0.0971,0.0931,0.0925,0.099,0.0951,0.0941,0.0931,0.0932,0.0968,0.3541,0.2625,0.2142,0.1891,0.1606,0.901,0.5977,0.456,0.319,0.2914,0.0962,0.1417,0.3664,0.2559,0.2088,0.1883,0.18,0.8839,0.6143,0.429,0.3053,0.2704,0.0927,0.1084,0.4811,0.2681,0.2234,0.1932,0.1774,0.8929,0.6163,0.4399,0.2872,0.2541,0.0969,0.1221,0.5808,0.2516,0.2062,0.1529,0.1518,0.8747,0.588,0.362,0.2335,0.2576,0.0932,0.0942,0.3567,0.2527,0.2107,0.1583,0.1505,0.8575,0.5653,0.3733,0.2439,0.2785,0.0949,0.1195,0.3557,0.2542,0.209,0.1691,0.1385,0.8669,0.594,0.4133,0.271,0.344,0.0949,0.1,0.0955,0.0931,0.0947,0.101,0.0927,0.0949,0.0918,0.094,0.1006,0.0959,0.0983,
247535s,0.0947,0.0938,0.0942,0.0958,0.0963,0.0925,0.0918,0.0988,0.0945,0.094,0.0929,0.0932,0.0956,0.3539,0.2624,0.2232,0.1939,0.1595,0.9013,0.5974,0.4603,0.3209,0.2926,0.0957,0.1434,0.3667,0.2555,0.2046,0.1896,0.1793,0.8849,0.6141,0.4289,0.3043,0.27,0.0927,0.1071,0.483,0.2686,0.221,0.1988,0.1828,0.8933,0.6162,0.4421,0.2882,0.2545,0.0973,0.1225,0.5812,0.2512,0.2053,0.1524,0.1518,0.8745,0.586,0.3631,0.2328,0.2574,0.0934,0.0946,0.3567,0.253,0.2065,0.1589,0.1503,0.8578,0.5668,0.3749,0.2447,0.2809,0.0951,0.1231,0.3557,0.2539,0.2141,0.1757,0.1374,0.8654,0.5934,0.4142,0.27,0.343,0.0946,0.099,0.095,0.093,0.0944,0.1008,0.0922,0.0948,0.0916,0.0938,0.1006,0.096,0.0984,
247798s,0.0957,0.0937,0.0942,0.0958,0.0963,0.0924,0.0921,0.0989,0.0945,0.0942,0.0928,0.0932,0.0958,0.3542,0.2632,0.2235,0.1904,0.1601,0.9013,0.5995,0.4595,0.3208,0.2921,0.0964,0.1436,0.3662,0.2559,0.2064,0.1901,0.1795,0.8834,0.614,0.4288,0.3043,0.2702,0.0929,0.1072,0.4822,0.2684,0.2214,0.1979,0.1822,0.8937,0.6173,0.4429,0.2891,0.2544,0.0969,0.1228,0.5816,0.252,0.2072,0.1554,0.1555,0.8746,0.587,0.3629,0.2327,0.2576,0.0936,0.0949,0.3569,0.2531,0.2057,0.1579,0.1505,0.858,0.5659,0.3745,0.2448,0.2814,0.0949,0.1216,0.3555,0.2543,0.2134,0.1763,0.1374,0.8667,0.5944,0.414,0.2706,0.3437,0.0948,0.0998,0.0953,0.0935,0.0949,0.1009,0.0924,0.0951,0.0917,0.094,0.1006,0.0959,0.0983,
248061s,0.0959,0.0936,0.0945,0.096,0.0965,0.0925,0.0923,0.0988,0.0948,0.0943,0.093,0.0932,0.0963,0.354,0.2625,0.2114,0.1846,0.1606,0.9014,0.5967,0.4579,0.3199,0.2925,0.096,0.1498,0.3667,0.2565,0.2017,0.1827,0.1731,0.8833,0.6154,0.4292,0.3053,0.2707,0.0929,0.1066,0.4818,0.268,0.2169,0.1901,0.18,0.8932,0.6165,0.4388,0.2872,0.2541,0.0969,0.1204,0.582,0.2515,0.1976,0.1528,0.1505,0.8741,0.5876,0.3628,0.2331,0.2579,0.093,0.0946,0.357,0.2523,0.212,0.159,0.1504,0.8579,0.5663,0.3736,0.2445,0.2785,0.0953,0.1176,0.3557,0.2542,0.2097,0.1706,0.1376,0.8672,0.5952,0.4141,0.2712,0.3443,0.0948,0.1,0.0956,0.0933,0.0946,0.101,0.0926,0.0949,0.0913,0.0941,0.1006,0.0959,0.0981,
248323s,0.0954,0.0937,0.0944,0.0961,0.0967,0.0927,0.092,0.0991,0.0946,0.0945,0.0928,0.0932,0.0968,0.3538,0.2633,0.2151,0.1849,0.161,0.9011,0.598,0.4578,0.3198,0.2922,0.0961,0.1473,0.3668,0.2557,0.2076,0.191,0.1824,0.8839,0.6146,0.4287,0.3045,0.2703,0.0927,0.1077,0.4841,0.2683,0.2208,0.1945,0.1825,0.8934,0.6177,0.4416,0.2882,0.2544,0.0972,0.1205,0.5827,0.2519,0.2026,0.1523,0.1515,0.8745,0.5875,0.3627,0.233,0.258,0.0933,0.0949,0.3571,0.253,0.21,0.1594,0.1519,0.8583,0.5666,0.3755,0.2447,0.2809,0.0949,0.1213,0.3559,0.2541,0.2063,0.1692,0.1366,0.8673,0.5953,0.4147,0.2713,0.3437,0.0948,0.0999,0.0952,0.0931,0.0945,0.1009,0.0926,0.095,0.0915,0.094,0.1008,0.096,0.0981,
248585s,0.0955,0.0936,0.0944,0.0956,0.0964,0.0925,0.0921,0.0988,0.0945,0.094,0.0928,0.0932,0.0966,0.3541,0.2627,0.2147,0.1847,0.1608,0.9013,0.598,0.4584,0.3204,0.2923,0.0958,0.1446,0.3665,0.2563,0.2075,0.1885,0.1772,0.8841,0.6145,0.4283,0.3045,0.2705,0.0927,0.1062,0.4846,0.268,0.2189,0.1946,0.1821,0.894,0.6171,0.4414,0.2878,0.2544,0.0968,0.1199,0.5846,0.2514,0.2027,0.152,0.1509,0.8748,0.5874,0.3624,0.2331,0.2583,0.0933,0.0948,0.3574,0.253,0.2092,0.1597,0.151,0.8571,0.5668,0.3747,0.2444,0.2775,0.0949,0.1213,0.3558,0.2536,0.209,0.1747,0.1368,0.867,0.5952,0.4145,0.2711,0.3444,0.0948,0.0995,0.0944,0.0929,0.0943,0.1008,0.0923,0.0949,0.0914,0.0939,0.1006,0.0961,0.0985,
248848s,0.0954,0.0936,0.0942,0.0961,0.0962,0.0923,0.0921,0.0989,0.0945,0.0941,0.0928,0.0932,0.0966,0.3537,0.2625,0.2245,0.1917,0.1593,0.9012,0.5984,0.4595,0.3199,0.293,0.0961,0.1431,0.367,0.2557,0.2079,0.1909,0.1824,0.8841,0.6155,0.4292,0.3047,0.2706,0.0926,0.1067,0.4855,0.2683,0.2174,0.1919,0.1803,0.8924,0.6177,0.4396,0.2874,0.254,0.097,0.1196,0.5842,0.2513,0.2031,0.1523,0.1516,0.8757,0.5875,0.3635,0.2336,0.2589,0.0933,0.0947,0.3566,0.2523,0.2086,0.1587,0.1509,0.8582,0.567,0.3745,0.2445,0.2781,0.0948,0.1185,0.356,0.2538,0.2077,0.1738,0.1368,0.8672,0.5943,0.4147,0.2713,0.3451,0.0946,0.1003,0.0951,0.0931,0.0942,0.1009,0.0926,0.0947,0.0913,0.094,0.1004,0.0959,0.0983,
249110s,0.0954,0.0938,0.0944,0.096,0.0966,0.0927,0.0921,0.0986,0.0946,0.0942,0.0928,0.0931,0.0959,0.3535,0.2624,0.219,0.1889,0.1596,0.9008,0.5978,0.4584,0.3199,0.2923,0.0961,0.1485,0.3666,0.2558,0.2091,0.1912,0.1836,0.8843,0.6151,0.4283,0.3046,0.2708,0.0927,0.1067,0.4844,0.268,0.2184,0.1923,0.1812,0.893,0.6169,0.4395,0.2873,0.2543,0.097,0.1204,0.5837,0.2515,0.2001,0.1527,0.1513,0.8756,0.5883,0.3629,0.2333,0.2585,0.0933,0.0945,0.3566,0.2526,0.2081,0.1595,0.1506,0.8579,0.5675,0.3743,0.2443,0.2787,0.0948,0.1221,0.3554,0.2538,0.2074,0.1707,0.1374,0.8681,0.5952,0.4147,0.2716,0.345,0.0947,0.0995,0.0948,0.0928,0.0941,0.101,0.0922,0.0946,0.0913,0.0939,0.1004,0.096,0.0982,
249373s,0.0949,0.094,0.0943,0.0958,0.0964,0.0926,0.0918,0.0989,0.0946,0.094,0.0929,0.0931,0.0955,0.3538,0.2629,0.2216,0.1894,0.1599,0.9016,0.5989,0.4601,0.3213,0.293,0.0957,0.1492,0.3663,0.2555,0.2046,0.1859,0.1769,0.8848,0.6149,0.4294,0.3043,0.2704,0.0929,0.1054,0.4869,0.268,0.2236,0.1986,0.1844,0.894,0.6176,0.4416,0.2887,0.255,0.097,0.1214,0.5856,0.2514,0.2056,0.1528,0.1524,0.8757,0.5872,0.364,0.233,0.2589,0.0931,0.0946,0.357,0.2532,0.2066,0.159,0.1502,0.8583,0.5679,0.3751,0.2448,0.2797,0.0948,0.1167,0.3553,0.2539,0.2164,0.1824,0.1374,0.8681,0.5952,0.4145,0.2712,0.3449,0.0947,0.0993,0.0947,0.0929,0.0944,0.1009,0.0922,0.0948,0.0913,0.0938,0.1005,0.0958,0.0981,
249636s,0.096,0.0934,0.0939,0.0955,0.096,0.0923,0.0919,0.0986,0.0947,0.0941,0.093,0.0932,0.0964,0.3534,0.2628,0.2226,0.1916,0.1608,0.901,0.5988,0.4605,0.3218,0.2938,0.0961,0.1375,0.3666,0.2557,0.2057,0.1905,0.1808,0.8854,0.6147,0.4295,0.3049,0.2706,0.093,0.1057,0.4876,0.2683,0.2253,0.202,0.1901,0.8931,0.6173,0.4418,0.2885,0.2551,0.0972,0.1214,0.5863,0.2528,0.2034,0.1521,0.152,0.8754,0.5873,0.364,0.2333,0.2592,0.0933,0.0945,0.357,0.2533,0.2061,0.1587,0.1505,0.8578,0.5679,0.3756,0.2447,0.2815,0.0949,0.1205,0.3554,0.2539,0.2069,0.1679,0.1366,0.8682,0.5956,0.4153,0.2716,0.346,0.0948,0.0991,0.0948,0.0928,0.0944,0.1009,0.0922,0.0949,0.0918,0.0939,0.1004,0.0961,0.0984,
249898s,0.0953,0.0936,0.0944,0.0957,0.096,0.0922,0.092,0.0989,0.0945,0.094,0.0928,0.0931,0.0958,0.3546,0.2633,0.2201,0.1867,0.1604,0.9015,0.5988,0.4589,0.3206,0.2929,0.0957,0.1412,0.3663,0.2562,0.2076,0.1868,0.1773,0.8854,0.6158,0.4292,0.3049,0.271,0.0928,0.1064,0.489,0.2685,0.2218,0.1972,0.1821,0.8948,0.6181,0.4416,0.2882,0.255,0.0971,0.1231,0.5837,0.2538,0.2002,0.1541,0.1515,0.8759,0.5876,0.3634,0.2333,0.2594,0.0931,0.0951,0.3567,0.2528,0.2026,0.1599,0.151,0.8589,0.5682,0.3744,0.244,0.2778,0.095,0.1251,0.3557,0.2542,0.2105,0.1749,0.1369,0.8679,0.5953,0.4155,0.2717,0.3453,0.0947,0.1,0.0951,0.0931,0.0944,0.101,0.0923,0.0945,0.0916,0.0941,0.1005,0.0959,0.0984,
250161s,0.0954,0.0941,0.0943,0.0961,0.0967,0.0924,0.0921,0.0989,0.0947,0.0941,0.0929,0.0935,0.0966,0.3533,0.2624,0.2153,0.1944,0.1606,0.9011,0.5966,0.4566,0.3205,0.2934,0.0959,0.1423,0.3665,0.256,0.2074,0.1914,0.1841,0.8856,0.6162,0.4297,0.3058,0.2707,0.0927,0.1077,0.4898,0.2682,0.2273,0.2003,0.183,0.8947,0.6163,0.4379,0.2877,0.2546,0.0972,0.1221,0.5859,0.2535,0.2006,0.1544,0.1508,0.8767,0.5889,0.3638,0.2343,0.2596,0.0932,0.0949,0.3567,0.2526,0.2091,0.1589,0.1504,0.8589,0.5665,0.3729,0.2429,0.2817,0.0949,0.12,0.3562,0.254,0.2173,0.1796,0.1378,0.8678,0.5959,0.4156,0.2724,0.3458,0.0947,0.1,0.0961,0.0936,0.095,0.1011,0.0924,0.095,0.0915,0.0941,0.1007,0.096,0.0981,
250423s,0.0951,0.0936,0.0945,0.096,0.0963,0.0924,0.0921,0.0988,0.0947,0.094,0.0929,0.0934,0.0961,0.3534,0.2626,0.2132,0.1855,0.161,0.9013,0.5988,0.4595,0.3209,0.2931,0.0963,0.1437,0.3663,0.2557,0.2078,0.19,0.1803,0.8862,0.6156,0.4293,0.3051,0.2712,0.0927,0.1068,0.4912,0.2679,0.2204,0.1965,0.1835,0.8949,0.6185,0.4417,0.2887,0.255,0.0971,0.1232,0.5847,0.2541,0.2038,0.1535,0.1553,0.8767,0.5876,0.3636,0.2335,0.2599,0.0932,0.0949,0.3568,0.2527,0.2124,0.1609,0.1514,0.8585,0.568,0.3744,0.2448,0.2823,0.095,0.1217,0.3559,0.2541,0.2098,0.1747,0.137,0.8674,0.5956,0.4148,0.2716,0.3462,0.0948,0.1007,0.0955,0.0933,0.0947,0.1009,0.0923,0.0948,0.0914,0.0941,0.1005,0.0959,0.0985,
250685s,0.0955,0.0934,0.0941,0.0957,0.0961,0.0922,0.0919,0.0988,0.0945,0.0939,0.0928,0.0931,0.0963,0.3536,0.2622,0.2139,0.1847,0.1603,0.902,0.5991,0.4613,0.3208,0.2929,0.096,0.1415,0.3663,0.2558,0.209,0.1894,0.1804,0.8866,0.6154,0.4295,0.305,0.2708,0.0925,0.1065,0.4901,0.2682,0.2185,0.1925,0.1809,0.8953,0.6182,0.442,0.2886,0.2546,0.0967,0.1187,0.5851,0.2549,0.2017,0.1523,0.1515,0.8757,0.5886,0.3635,0.2332,0.2599,0.093,0.0947,0.3569,0.2529,0.2094,0.1593,0.1511,0.8591,0.5676,0.3745,0.2442,0.2798,0.095,0.1231,0.3561,0.2535,0.2102,0.1709,0.1375,0.8673,0.5962,0.4149,0.272,0.3465,0.0946,0.0999,0.0959,0.0934,0.0946,0.101,0.0927,0.0945,0.0914,0.0939,0.1004,0.0958,0.0983,
250948s,0.0952,0.0936,0.0944,0.096,0.0963,0.0924,0.0919,0.0987,0.0944,0.0939,0.0927,0.093,0.0964,0.3534,0.2625,0.2223,0.1912,0.1598,0.9018,0.5984,0.4588,0.3205,0.2935,0.096,0.156,0.3663,0.2557,0.2091,0.1905,0.1828,0.8863,0.616,0.4287,0.3055,0.2712,0.0926,0.107,0.4913,0.2677,0.2186,0.1934,0.1816,0.8946,0.6177,0.4413,0.2878,0.2554,0.0967,0.1218,0.5849,0.256,0.2001,0.153,0.1509,0.8759,0.5885,0.3638,0.2335,0.2605,0.0928,0.0944,0.3563,0.2528,0.2131,0.1616,0.1537,0.86,0.5668,0.375,0.2439,0.2822,0.0951,0.1195,0.3563,0.2537,0.2123,0.1776,0.137,0.8673,0.5968,0.4147,0.2719,0.3471,0.0946,0.0984,0.0944,0.0928,0.0945,0.1006,0.0922,0.0947,0.0914,0.0939,0.1003,0.0959,0.098,
251210s,0.0956,0.0944,0.0948,0.0963,0.0966,0.0926,0.0922,0.0992,0.0949,0.0942,0.0929,0.0932,0.0965,0.3536,0.2633,0.212,0.1867,0.1619,0.9015,0.6013,0.4598,0.3215,0.2944,0.096,0.1387,0.3662,0.2559,0.2053,0.1893,0.178,0.886,0.6157,0.429,0.3051,0.2713,0.093,0.1057,0.4931,0.2682,0.2227,0.1982,0.1817,0.8949,0.6185,0.4432,0.2894,0.2558,0.0972,0.1235,0.5874,0.2555,0.206,0.1539,0.1551,0.8766,0.588,0.3634,0.2336,0.2603,0.0932,0.0944,0.3569,0.2531,0.2062,0.1591,0.1506,0.8591,0.5678,0.3755,0.2445,0.2839,0.095,0.1224,0.3557,0.254,0.2124,0.1727,0.1371,0.8678,0.5962,0.4154,0.2722,0.3474,0.0948,0.0989,0.0951,0.0933,0.0947,0.101,0.0924,0.0948,0.0913,0.0938,0.1006,0.096,0.0982,
251473s,0.0948,0.0939,0.0946,0.0961,0.0965,0.0929,0.0922,0.0986,0.0947,0.0941,0.0928,0.093,0.0958,0.3536,0.2623,0.2201,0.1878,0.1605,0.9015,0.5988,0.4601,0.321,0.294,0.0962,0.1458,0.366,0.2558,0.206,0.1886,0.1775,0.8855,0.6159,0.4293,0.3049,0.2712,0.0925,0.1074,0.4932,0.2678,0.2228,0.1994,0.186,0.8942,0.6182,0.4428,0.2896,0.2558,0.0968,0.1213,0.5876,0.254,0.2033,0.1521,0.152,0.8769,0.5888,0.3633,0.2339,0.2607,0.0928,0.0949,0.3565,0.2529,0.21,0.1611,0.1522,0.8597,0.5675,0.3758,0.2447,0.2823,0.0948,0.1199,0.3542,0.2535,0.2139,0.1784,0.1368,0.8682,0.5963,0.4146,0.2719,0.3478,0.0946,0.0989,0.0951,0.093,0.0945,0.1008,0.0923,0.0946,0.0917,0.0938,0.1006,0.096,0.0985,
251736s,0.095,0.0937,0.0946,0.0962,0.0967,0.0925,0.0922,0.0988,0.0947,0.094,0.0927,0.0934,0.0959,0.3534,0.2623,0.2232,0.192,0.1591,0.9016,0.5991,0.4611,0.3216,0.2943,0.0962,0.1447,0.3661,0.2552,0.2066,0.1904,0.1799,0.8852,0.6165,0.4295,0.3055,0.2713,0.0926,0.1063,0.4935,0.2685,0.2211,0.195,0.182,0.8944,0.6177,0.4401,0.2876,0.2556,0.0966,0.1231,0.5889,0.2535,0.2015,0.1518,0.151,0.8763,0.5891,0.3636,0.2336,0.2611,0.0932,0.0944,0.3563,0.2528,0.206,0.158,0.15,0.8594,0.5685,0.3752,0.2444,0.2807,0.0947,0.1234,0.3544,0.2536,0.2101,0.1707,0.1366,0.868,0.5968,0.4149,0.2723,0.3475,0.0946,0.0988,0.0946,0.0928,0.094,0.1011,0.0924,0.095,0.0914,0.094,0.1004,0.096,0.0985,
251998s,0.0947,0.0942,0.0947,0.096,0.0964,0.0924,0.0921,0.0987,0.0947,0.0942,0.093,0.0932,0.0969,0.3529,0.262,0.2107,0.1957,0.16,0.9014,0.5968,0.4569,0.3205,0.2935,0.0959,0.1402,0.3665,0.2557,0.199,0.1862,0.1768,0.8849,0.6167,0.4301,0.3061,0.2715,0.0926,0.1064,0.4951,0.2683,0.2227,0.2019,0.1817,0.8946,0.6173,0.4393,0.2877,0.2554,0.097,0.1224,0.5885,0.2544,0.2004,0.1527,0.1518,0.8767,0.5893,0.364,0.2342,0.2617,0.0932,0.094,0.3562,0.2524,0.2129,0.1585,0.1508,0.8596,0.5664,0.3744,0.2433,0.2829,0.0949,0.1227,0.3551,0.2541,0.213,0.1715,0.1384,0.8696,0.5971,0.4158,0.2731,0.3488,0.0948,0.0989,0.0944,0.0926,0.0943,0.1008,0.0924,0.0947,0.0915,0.0941,0.1006,0.0959,0.0984,
252261s,0.0953,0.0942,0.0946,0.0962,0.0965,0.0928,0.0921,0.0989,0.0946,0.094,0.0929,0.0931,0.0958,0.3533,0.2626,0.2192,0.1965,0.1592,0.9022,0.5998,0.4615,0.3219,0.2946,0.0962,0.1487,0.3659,0.2554,0.2067,0.1907,0.1808,0.8858,0.6154,0.4297,0.3061,0.2715,0.0929,0.1075,0.4954,0.2683,0.2257,0.1996,0.1826,0.8956,0.6192,0.4419,0.2878,0.2555,0.0972,0.1233,0.5886,0.2553,0.2066,0.1529,0.1527,0.876,0.5882,0.3641,0.2338,0.2615,0.093,0.0943,0.3563,0.2531,0.2064,0.1588,0.1511,0.8607,0.5688,0.3751,0.2445,0.283,0.095,0.1194,0.3552,0.2536,0.2127,0.1744,0.1369,0.868,0.5967,0.4154,0.2722,0.3483,0.0948,0.0995,0.0953,0.0933,0.0951,0.101,0.0924,0.0948,0.0914,0.0938,0.1005,0.0959,0.0982,
252523s,0.0952,0.0939,0.0945,0.0962,0.0965,0.0927,0.0922,0.099,0.0946,0.0942,0.0931,0.0932,0.096,0.3535,0.2626,0.2174,0.1894,0.1597,0.9019,0.5994,0.4609,0.3207,0.2937,0.0963,0.1453,0.3666,0.2556,0.2092,0.1903,0.1823,0.8857,0.6163,0.4303,0.3058,0.2717,0.0928,0.1066,0.496,0.2679,0.2189,0.1931,0.1809,0.8948,0.6184,0.4405,0.2884,0.2562,0.0968,0.1223,0.5877,0.2551,0.2017,0.1533,0.1516,0.8768,0.5878,0.3644,0.2339,0.2621,0.093,0.0945,0.3565,0.2525,0.2099,0.1586,0.1505,0.86,0.5681,0.3757,0.2444,0.2826,0.0948,0.1192,0.3556,0.2536,0.2113,0.1732,0.1371,0.8691,0.5972,0.4158,0.2732,0.3492,0.0947,0.1007,0.0956,0.0929,0.0946,0.1011,0.0923,0.0946,0.0915,0.094,0.1006,0.0958,0.0984,
252786s,0.0958,0.0935,0.0944,0.0961,0.0964,0.0923,0.0922,0.0986,0.0944,0.094,0.0928,0.0932,0.0958,0.3533,0.2622,0.2195,0.1909,0.1594,0.9023,0.5988,0.4592,0.3206,0.2939,0.0958,0.1466,0.3663,0.2557,0.2094,0.1894,0.1818,0.8862,0.617,0.4304,0.3057,0.2715,0.0927,0.1069,0.496,0.2675,0.2197,0.1954,0.1839,0.895,0.6185,0.4423,0.2884,0.2557,0.0974,0.1198,0.588,0.2559,0.1987,0.152,0.1509,0.8765,0.5894,0.3643,0.2342,0.262,0.0928,0.0947,0.3567,0.2526,0.209,0.1606,0.1518,0.8597,0.5685,0.3745,0.2435,0.2796,0.0948,0.1178,0.3553,0.2537,0.2073,0.1679,0.1375,0.8691,0.5974,0.4165,0.2728,0.3491,0.0947,0.0996,0.0951,0.0932,0.0943,0.1008,0.092,0.0945,0.0914,0.0939,0.1003,0.0959,0.0981,
253048s,0.0948,0.0939,0.0946,0.096,0.0967,0.0924,0.0921,0.099,0.0948,0.0943,0.093,0.0933,0.0965,0.353,0.2616,0.2225,0.1929,0.1597,0.9023,0.5994,0.46,0.3211,0.295,0.0958,0.1525,0.3665,0.2552,0.2054,0.189,0.1773,0.8872,0.617,0.4311,0.3056,0.2715,0.0927,0.1073,0.4962,0.2676,0.235,0.1991,0.1795,0.8947,0.6165,0.4393,0.2883,0.2575,0.0972,0.123,0.5897,0.2539,0.2107,0.1537,0.1535,0.8784,0.5897,0.3642,0.2342,0.2623,0.0932,0.0958,0.3563,0.2514,0.2049,0.1594,0.1526,0.8596,0.5659,0.3735,0.2429,0.2824,0.0949,0.1233,0.3548,0.2534,0.2094,0.1678,0.1382,0.87,0.5993,0.4173,0.2737,0.3506,0.0947,0.0993,0.0943,0.0928,0.0945,0.1009,0.0922,0.0947,0.0913,0.0941,0.1004,0.096,0.0983,
253310s,0.0954,0.0939,0.0945,0.0959,0.0966,0.0927,0.0921,0.0987,0.0945,0.0943,0.0928,0.093,0.096,0.353,0.2625,0.222,0.1893,0.1597,0.9023,0.6005,0.4616,0.3224,0.2948,0.0961,0.1413,0.3659,0.2554,0.207,0.1912,0.1847,0.8869,0.6157,0.4302,0.3055,0.2715,0.0927,0.1064,0.4979,0.2679,0.2197,0.1956,0.182,0.8957,0.6194,0.4434,0.2888,0.2571,0.0972,0.1215,0.5897,0.2541,0.2048,0.1554,0.1554,0.8776,0.588,0.3645,0.2337,0.2623,0.093,0.0942,0.356,0.2521,0.2056,0.1587,0.1517,0.8602,0.5695,0.376,0.2446,0.2839,0.0955,0.1198,0.3539,0.2536,0.2118,0.1753,0.1369,0.869,0.5973,0.4163,0.2729,0.349,0.0948,0.0986,0.0945,0.0931,0.0948,0.1008,0.0923,0.0952,0.0917,0.094,0.1007,0.0962,0.0983,
253573s,0.0955,0.0939,0.0945,0.0961,0.0963,0.0923,0.092,0.0987,0.0946,0.0942,0.0929,0.0932,0.0961,0.3534,0.2626,0.2134,0.1851,0.1608,0.9025,0.5991,0.4598,0.3211,0.2948,0.096,0.1409,0.3664,0.2555,0.209,0.191,0.1824,0.8875,0.6166,0.43,0.3061,0.2719,0.0927,0.1072,0.4956,0.2676,0.2211,0.1968,0.1821,0.8959,0.6188,0.4434,0.2887,0.2573,0.0975,0.1232,0.5895,0.2537,0.2043,0.1531,0.153,0.8779,0.5887,0.364,0.2338,0.2626,0.0929,0.0948,0.3568,0.252,0.2089,0.1585,0.1508,0.8609,0.5692,0.3763,0.2447,0.2831,0.0952,0.1231,0.3546,0.2538,0.215,0.1812,0.1365,0.87,0.5967,0.4166,0.2727,0.3507,0.0947,0.0988,0.0945,0.0929,0.0945,0.1008,0.0922,0.0948,0.0916,0.0939,0.1006,0.096,0.0984,
253836s,0.0957,0.0935,0.0941,0.0957,0.096,0.0921,0.092,0.0988,0.0944,0.0941,0.0929,0.0932,0.0964,0.3528,0.2621,0.2101,0.189,0.1606,0.9027,0.5999,0.4589,0.3205,0.295,0.0956,0.1416,0.3664,0.2558,0.2068,0.1873,0.1822,0.8868,0.6164,0.4307,0.3063,0.2719,0.0929,0.1072,0.4973,0.2683,0.2218,0.1914,0.179,0.8959,0.6173,0.4398,0.2881,0.256,0.0972,0.122,0.5883,0.2536,0.1992,0.1528,0.1504,0.8782,0.5892,0.3644,0.2345,0.2626,0.0928,0.0946,0.3559,0.2516,0.2127,0.1601,0.1529,0.8604,0.5681,0.3741,0.2438,0.2826,0.0952,0.1188,0.3551,0.2543,0.2086,0.1713,0.138,0.8684,0.5974,0.4166,0.2739,0.3502,0.0947,0.0986,0.0944,0.0924,0.0941,0.1007,0.0922,0.0945,0.0914,0.0939,0.1006,0.0959,0.0981,
254098s,0.0947,0.0934,0.0944,0.0959,0.0964,0.0924,0.0921,0.0987,0.0947,0.0942,0.093,0.0931,0.0957,0.3532,0.2627,0.2207,0.1941,0.1593,0.9034,0.6007,0.4612,0.3216,0.2948,0.0963,0.1447,0.3658,0.2555,0.2066,0.1907,0.1804,0.8864,0.6162,0.4302,0.3055,0.2718,0.0928,0.107,0.4958,0.2679,0.224,0.199,0.1827,0.8954,0.6187,0.4428,0.2888,0.2572,0.0972,0.124,0.5892,0.2514,0.2051,0.1523,0.1523,0.8775,0.5889,0.3633,0.2342,0.2625,0.0932,0.0949,0.3562,0.2527,0.2057,0.1586,0.1502,0.8608,0.5692,0.3772,0.245,0.2815,0.0949,0.1226,0.3541,0.2539,0.215,0.176,0.1377,0.8696,0.5974,0.4162,0.2735,0.3499,0.0949,0.0993,0.0953,0.0939,0.0953,0.1012,0.0926,0.095,0.0917,0.094,0.1006,0.0961,0.098,
254361s,0.0957,0.0937,0.0946,0.096,0.0963,0.0926,0.0923,0.0986,0.0945,0.0941,0.0931,0.0932,0.0962,0.3524,0.2619,0.2141,0.1884,0.1597,0.903,0.6011,0.4607,0.3215,0.2948,0.0963,0.1413,0.3658,0.2554,0.2073,0.1891,0.1811,0.8868,0.6167,0.4308,0.3061,0.2721,0.0927,0.1077,0.4965,0.268,0.2199,0.1968,0.1869,0.8954,0.6191,0.4405,0.2876,0.2568,0.0971,0.1238,0.5905,0.2506,0.2047,0.1526,0.1535,0.8775,0.588,0.3635,0.2342,0.263,0.093,0.0945,0.3562,0.2525,0.2062,0.1586,0.1504,0.861,0.5689,0.3763,0.2441,0.2813,0.0949,0.1195,0.3539,0.2538,0.2093,0.1713,0.1372,0.87,0.5976,0.4167,0.2739,0.3507,0.0946,0.0995,0.095,0.0931,0.0944,0.1008,0.0923,0.0948,0.0913,0.0939,0.1005,0.096,0.0985,
254623s,0.0951,0.0937,0.0944,0.0961,0.0963,0.0923,0.0921,0.0987,0.0946,0.0943,0.0929,0.0935,0.0964,0.3523,0.2621,0.212,0.189,0.1604,0.9032,0.6007,0.4609,0.3217,0.2952,0.0959,0.1442,0.3658,0.2555,0.2058,0.1874,0.1783,0.8877,0.6177,0.4307,0.3062,0.2723,0.0928,0.1074,0.4955,0.2678,0.2176,0.1891,0.1803,0.8972,0.6181,0.441,0.2878,0.2581,0.0971,0.1261,0.5892,0.2502,0.2048,0.1531,0.1547,0.8769,0.5893,0.3641,0.2343,0.2631,0.093,0.0942,0.3558,0.2522,0.2107,0.1579,0.1505,0.8609,0.5688,0.3762,0.2443,0.2817,0.0949,0.117,0.3537,0.254,0.2113,0.1825,0.1369,0.8698,0.5977,0.4167,0.2738,0.3516,0.0948,0.0991,0.0943,0.0923,0.0941,0.1006,0.0922,0.0946,0.0914,0.094,0.1006,0.0958,0.0987,
254886s,0.0955,0.0936,0.0944,0.0959,0.0963,0.0923,0.0921,0.0986,0.0944,0.094,0.0929,0.0932,0.0962,0.3527,0.2619,0.2091,0.1944,0.1602,0.9038,0.5999,0.459,0.3216,0.2945,0.096,0.1393,0.3665,0.255,0.2084,0.1901,0.1803,0.8882,0.6172,0.4314,0.3062,0.2723,0.0929,0.1088,0.4953,0.2674,0.2333,0.1998,0.1837,0.8954,0.6179,0.4401,0.288,0.2572,0.0967,0.1239,0.5889,0.2505,0.2077,0.1533,0.1538,0.878,0.5888,0.3648,0.2344,0.2631,0.0932,0.0948,0.3558,0.2517,0.207,0.1609,0.1557,0.8601,0.567,0.3733,0.2432,0.2871,0.0948,0.1244,0.3545,0.2538,0.2127,0.1728,0.1379,0.8695,0.5986,0.4173,0.2742,0.352,0.0947,0.0992,0.0947,0.0927,0.095,0.1007,0.0923,0.0947,0.0914,0.0939,0.1003,0.0958,0.0983,
255148s,0.0952,0.0936,0.0942,0.0956,0.0961,0.0922,0.092,0.0987,0.0946,0.094,0.093,0.0931,0.0959,0.3535,0.2622,0.2201,0.1885,0.1599,0.9042,0.601,0.4611,0.3224,0.2951,0.096,0.1494,0.3661,0.2552,0.2057,0.1902,0.1826,0.8877,0.6175,0.431,0.3055,0.2723,0.0928,0.1071,0.4953,0.2682,0.2222,0.1975,0.1816,0.8953,0.6193,0.4433,0.2892,0.2577,0.0973,0.1269,0.5876,0.2503,0.201,0.1532,0.1517,0.8772,0.5897,0.3646,0.2343,0.2635,0.0932,0.0939,0.3559,0.2522,0.207,0.1585,0.1508,0.8607,0.5696,0.3776,0.245,0.2837,0.095,0.1267,0.3545,0.2534,0.2068,0.1696,0.1374,0.8706,0.5981,0.4171,0.2736,0.3509,0.0948,0.0992,0.0947,0.0931,0.0944,0.1009,0.0922,0.0947,0.0914,0.0939,0.1005,0.0959,0.0985,
255411s,0.0953,0.0936,0.0944,0.0959,0.0962,0.0926,0.0922,0.0987,0.0945,0.094,0.0928,0.093,0.0966,0.3529,0.2623,0.2153,0.1875,0.1599,0.9043,0.6028,0.4618,0.3215,0.2954,0.0961,0.1409,0.3659,0.2554,0.2047,0.1891,0.1811,0.8872,0.6169,0.4305,0.3062,0.2723,0.0928,0.1071,0.4958,0.2682,0.222,0.1987,0.1855,0.8954,0.6202,0.4427,0.2886,0.2582,0.0968,0.127,0.5883,0.2509,0.2025,0.1525,0.1522,0.878,0.5878,0.3655,0.2337,0.2636,0.0932,0.0949,0.3558,0.2524,0.2072,0.1588,0.151,0.8606,0.5694,0.3752,0.2444,0.2822,0.0949,0.1188,0.3547,0.2537,0.2049,0.1681,0.1372,0.8707,0.5982,0.4173,0.2742,0.3512,0.0947,0.0999,0.0949,0.0934,0.0943,0.101,0.0925,0.0951,0.0914,0.094,0.1005,0.096,0.0983,
255673s,0.0954,0.0938,0.0946,0.096,0.0965,0.0925,0.092,0.0988,0.0947,0.0939,0.0928,0.093,0.0958,0.3529,0.2622,0.2124,0.185,0.1607,0.9041,0.6005,0.4608,0.3211,0.2954,0.096,0.1465,0.3662,0.2555,0.2063,0.1896,0.1822,0.8877,0.6176,0.4302,0.3056,0.2721,0.0926,0.1076,0.4956,0.2677,0.2197,0.1948,0.182,0.8958,0.6202,0.4418,0.2882,0.2571,0.0968,0.126,0.5888,0.2504,0.2,0.1529,0.1518,0.8781,0.5898,0.3641,0.2341,0.2642,0.0931,0.0949,0.3559,0.2525,0.2075,0.1577,0.1505,0.8609,0.5697,0.3767,0.2445,0.2836,0.0951,0.1214,0.3541,0.2538,0.2051,0.1684,0.1372,0.8706,0.5977,0.4174,0.2737,0.352,0.0947,0.0989,0.095,0.0928,0.0942,0.1009,0.0924,0.0948,0.0914,0.094,0.1006,0.0962,0.0979,
255936s,0.0948,0.0941,0.0946,0.0964,0.0967,0.0927,0.0924,0.0989,0.0947,0.0942,0.0929,0.0931,0.0965,0.3526,0.2619,0.21,0.1921,0.1599,0.9038,0.5994,0.4603,0.3223,0.2959,0.0957,0.1454,0.3653,0.2556,0.2076,0.1875,0.1815,0.8876,0.6186,0.4315,0.3068,0.2727,0.093,0.1073,0.4986,0.2677,0.2208,0.1981,0.181,0.8961,0.6185,0.4406,0.2885,0.2579,0.0971,0.1229,0.5898,0.2499,0.206,0.152,0.1534,0.8788,0.5903,0.364,0.2348,0.264,0.093,0.0944,0.3559,0.2519,0.209,0.1597,0.1508,0.8607,0.5681,0.3743,0.2433,0.283,0.0948,0.1219,0.354,0.2536,0.2122,0.168,0.1378,0.8707,0.5993,0.4176,0.2744,0.3527,0.0947,0.0992,0.0945,0.0925,0.0947,0.1005,0.0922,0.0946,0.0915,0.0939,0.1004,0.0958,0.0983,
256198s,0.0957,0.0937,0.0943,0.096,0.0964,0.0924,0.0921,0.0987,0.0947,0.0941,0.0928,0.0932,0.0959,0.3522,0.2625,0.2212,0.1913,0.1599,0.9038,0.6008,0.4633,0.3222,0.2957,0.0963,0.1421,0.3657,0.2555,0.2077,0.1899,0.1801,0.8879,0.6176,0.4301,0.3066,0.2725,0.0928,0.1076,0.4975,0.2679,0.2186,0.1911,0.1798,0.8971,0.619,0.443,0.2885,0.2585,0.0971,0.1229,0.5886,0.2502,0.2012,0.1527,0.1512,0.8774,0.59,0.3635,0.2344,0.2646,0.0931,0.0943,0.3558,0.252,0.2106,0.1587,0.1512,0.8611,0.5695,0.3771,0.2446,0.2858,0.095,0.1195,0.3542,0.2535,0.2113,0.178,0.1369,0.8706,0.5984,0.4171,0.2742,0.3528,0.0947,0.0997,0.0951,0.093,0.0942,0.1009,0.0925,0.0948,0.0915,0.0939,0.1005,0.0959,0.0983,
256460s,0.0949,0.094,0.0945,0.0962,0.0964,0.0927,0.0922,0.099,0.0946,0.0941,0.0929,0.0931,0.0961,0.352,0.2619,0.213,0.1895,0.1599,0.9042,0.6008,0.46,0.3216,0.2959,0.0963,0.143,0.3649,0.2548,0.2069,0.1906,0.1849,0.888,0.6178,0.4307,0.3062,0.2725,0.0926,0.1072,0.4984,0.2674,0.2197,0.197,0.1897,0.8955,0.6197,0.4418,0.2881,0.2575,0.0967,0.1249,0.5888,0.2503,0.2015,0.152,0.151,0.8776,0.5901,0.3638,0.2343,0.2648,0.093,0.0949,0.3556,0.2516,0.2121,0.1597,0.1513,0.8611,0.5683,0.376,0.2442,0.2849,0.095,0.1212,0.354,0.2535,0.2087,0.1703,0.1376,0.8709,0.5991,0.4173,0.2736,0.3528,0.0948,0.0979,0.0949,0.0931,0.0945,0.1009,0.0925,0.095,0.0913,0.094,0.1004,0.0958,0.0983,
256723s,0.0959,0.0941,0.0946,0.0964,0.0968,0.0927,0.0922,0.0992,0.095,0.0943,0.0928,0.0934,0.0964,0.3525,0.2622,0.2142,0.1893,0.1619,0.9042,0.6002,0.4592,0.3221,0.2956,0.096,0.1464,0.3656,0.255,0.205,0.1881,0.1807,0.8892,0.6185,0.4315,0.3072,0.2728,0.093,0.1084,0.4981,0.268,0.2262,0.1994,0.1815,0.8972,0.6188,0.4418,0.289,0.2577,0.097,0.1262,0.5886,0.2501,0.1994,0.1529,0.1504,0.8791,0.5912,0.3649,0.235,0.2649,0.0931,0.0947,0.3558,0.2519,0.2099,0.1587,0.152,0.8616,0.5686,0.3756,0.2437,0.2847,0.0951,0.1229,0.3544,0.2536,0.2139,0.1682,0.1383,0.8714,0.5994,0.4183,0.2749,0.3539,0.095,0.0996,0.0953,0.0926,0.0944,0.1009,0.0922,0.0948,0.0915,0.094,0.1005,0.0959,0.098,
256985s,0.0952,0.0937,0.0947,0.0961,0.0964,0.0925,0.092,0.0987,0.0946,0.0941,0.0929,0.0931,0.0961,0.3526,0.2624,0.2193,0.1966,0.1603,0.9053,0.6006,0.4611,0.3227,0.2956,0.0959,0.1453,0.3655,0.2554,0.2053,0.1834,0.1764,0.8888,0.6176,0.4321,0.3066,0.2727,0.0927,0.1069,0.4982,0.2676,0.2314,0.2009,0.1838,0.8965,0.6193,0.4445,0.2896,0.2595,0.0968,0.1239,0.5891,0.2504,0.2021,0.1535,0.1549,0.8791,0.59,0.3649,0.2344,0.2648,0.0931,0.0947,0.3561,0.2518,0.2117,0.1598,0.152,0.8614,0.5702,0.3776,0.245,0.2855,0.0949,0.124,0.354,0.2537,0.2053,0.168,0.1377,0.8708,0.5991,0.4178,0.2745,0.3533,0.0946,0.0983,0.0947,0.093,0.0945,0.1009,0.0921,0.095,0.0913,0.094,0.1007,0.0959,0.0982,
257248s,0.0953,0.0939,0.0944,0.0961,0.0965,0.0927,0.0923,0.0987,0.0946,0.0941,0.093,0.0932,0.0964,0.3528,0.2624,0.2191,0.1907,0.1596,0.9049,0.6017,0.4616,0.323,0.2962,0.0961,0.1398,0.3654,0.2556,0.2045,0.1902,0.1799,0.8894,0.618,0.4312,0.3063,0.2726,0.0927,0.1063,0.5007,0.2684,0.2218,0.1956,0.1817,0.8974,0.6207,0.4422,0.2891,0.2567,0.0968,0.1265,0.5907,0.2512,0.204,0.1527,0.1534,0.8787,0.5904,0.3646,0.2345,0.2653,0.0934,0.0947,0.3559,0.2522,0.2056,0.1579,0.1503,0.8617,0.5702,0.3776,0.2448,0.2854,0.0951,0.1168,0.3543,0.2537,0.2073,0.1728,0.1371,0.8713,0.5995,0.4179,0.2747,0.353,0.0946,0.0992,0.0947,0.0927,0.0944,0.101,0.0924,0.0948,0.0913,0.0939,0.1005,0.096,0.0982,
257510s,0.095,0.0935,0.0943,0.0962,0.0963,0.0926,0.0921,0.0989,0.0948,0.0942,0.0931,0.0931,0.0959,0.3521,0.2624,0.2172,0.1893,0.1599,0.9048,0.6007,0.4615,0.3226,0.2959,0.0959,0.1422,0.3656,0.2557,0.2067,0.1902,0.1822,0.8891,0.6184,0.4314,0.3067,0.2733,0.093,0.1077,0.5001,0.2679,0.22,0.195,0.182,0.8972,0.6201,0.4449,0.2896,0.257,0.0969,0.1259,0.588,0.251,0.1987,0.153,0.1508,0.8792,0.5905,0.3648,0.2348,0.2656,0.0934,0.0946,0.3555,0.2521,0.2078,0.1592,0.1515,0.862,0.5699,0.3773,0.2446,0.2856,0.0951,0.1229,0.3545,0.2541,0.2073,0.1715,0.1376,0.8714,0.5994,0.4176,0.2748,0.3531,0.0948,0.0996,0.0949,0.093,0.0945,0.1011,0.0924,0.0948,0.0915,0.0941,0.1006,0.0959,0.0987,
257773s,0.0961,0.0939,0.0946,0.0961,0.0964,0.0923,0.0921,0.0987,0.0946,0.0941,0.0927,0.0932,0.0963,0.3522,0.2623,0.2101,0.1936,0.1597,0.905,0.6008,0.46,0.3217,0.2962,0.0961,0.1491,0.3653,0.2554,0.2093,0.1917,0.1836,0.8896,0.6182,0.4318,0.3071,0.2731,0.0925,0.1081,0.5026,0.2676,0.2248,0.1986,0.1832,0.897,0.6198,0.4426,0.2894,0.2572,0.0967,0.1237,0.5912,0.2507,0.2023,0.1528,0.1522,0.8796,0.5915,0.3651,0.2347,0.265,0.0932,0.0949,0.3558,0.2519,0.2119,0.1582,0.1501,0.8629,0.5694,0.376,0.2437,0.2846,0.0951,0.1136,0.354,0.2534,0.2107,0.1673,0.1378,0.8709,0.6002,0.418,0.2753,0.3537,0.0948,0.1006,0.0951,0.0925,0.0946,0.1006,0.0922,0.0946,0.0913,0.094,0.1003,0.0958,0.0981,
258035s,0.0947,0.0939,0.0943,0.0961,0.0963,0.0923,0.0923,0.0988,0.0946,0.0941,0.0929,0.0932,0.0957,0.3525,0.2621,0.2214,0.1887,0.1596,0.905,0.6017,0.4628,0.3232,0.2963,0.0959,0.153,0.3655,0.2555,0.2049,0.19,0.1797,0.8886,0.6174,0.4314,0.3063,0.2732,0.0927,0.1074,0.5034,0.268,0.2226,0.1976,0.1816,0.8982,0.6207,0.4428,0.289,0.2573,0.0967,0.1253,0.5915,0.2507,0.2036,0.1523,0.1516,0.8792,0.5898,0.3654,0.2346,0.2658,0.0931,0.095,0.3558,0.2523,0.2076,0.1594,0.1514,0.863,0.5706,0.3776,0.245,0.2851,0.0953,0.1231,0.3538,0.2541,0.208,0.1715,0.1373,0.8719,0.5991,0.4179,0.2749,0.3537,0.0949,0.098,0.0952,0.0932,0.0945,0.1009,0.0925,0.0947,0.0915,0.094,0.1006,0.096,0.0981,
258298s,0.0957,0.0937,0.0945,0.0961,0.0965,0.0923,0.0922,0.0988,0.0946,0.0941,0.0928,0.0931,0.096,0.3524,0.2621,0.2176,0.1906,0.1597,0.9052,0.6013,0.4617,0.3227,0.2966,0.0959,0.1449,0.3652,0.2554,0.2095,0.1876,0.1803,0.8893,0.6181,0.432,0.307,0.2731,0.0926,0.1068,0.5046,0.2677,0.221,0.1966,0.1884,0.8976,0.6202,0.443,0.2888,0.2579,0.0966,0.1281,0.5921,0.2506,0.2017,0.1532,0.1549,0.8787,0.5911,0.3651,0.2348,0.2658,0.0933,0.0945,0.3556,0.2517,0.2093,0.1583,0.1508,0.8619,0.5703,0.3768,0.2442,0.2841,0.095,0.1154,0.3541,0.2538,0.2065,0.1688,0.138,0.8714,0.5994,0.418,0.2748,0.3538,0.0947,0.0993,0.0952,0.0926,0.0944,0.1008,0.0926,0.0948,0.0914,0.0938,0.1006,0.0958,0.0982,
258560s,0.095,0.0937,0.0942,0.096,0.0962,0.0924,0.0924,0.099,0.0946,0.0942,0.0929,0.0931,0.0963,0.353,0.2622,0.2147,0.1911,0.1599,0.9045,0.6002,0.4601,0.3227,0.2978,0.0955,0.1405,0.3652,0.2555,0.2032,0.1868,0.1789,0.8896,0.6192,0.432,0.3077,0.2737,0.0926,0.1089,0.5044,0.268,0.2287,0.202,0.1839,0.898,0.6201,0.4414,0.2896,0.2572,0.0966,0.1273,0.59,0.2521,0.2104,0.1542,0.1538,0.8798,0.5918,0.3655,0.2349,0.2662,0.0937,0.0942,0.3556,0.2521,0.2118,0.16,0.1551,0.8619,0.5682,0.3742,0.2432,0.2861,0.0947,0.1231,0.3549,0.2537,0.2076,0.1709,0.1377,0.8715,0.6,0.4182,0.2751,0.3544,0.0949,0.0988,0.0948,0.0927,0.0942,0.1008,0.0923,0.0946,0.0914,0.0939,0.1006,0.096,0.0983,
258823s,0.0953,0.0943,0.0946,0.0962,0.0968,0.0926,0.0924,0.0991,0.0949,0.0942,0.0928,0.0935,0.0965,0.3523,0.2621,0.2162,0.1947,0.1597,0.9045,0.6012,0.4607,0.3227,0.2968,0.0958,0.1545,0.3656,0.2553,0.208,0.1909,0.1819,0.8902,0.6195,0.4324,0.3075,0.2733,0.0931,0.107,0.5043,0.2673,0.2296,0.1977,0.1841,0.8977,0.6197,0.4409,0.289,0.2572,0.0968,0.1272,0.5897,0.2514,0.2054,0.1531,0.1519,0.8787,0.5919,0.3652,0.2349,0.2662,0.0934,0.095,0.3559,0.2515,0.2079,0.1596,0.152,0.8622,0.5694,0.3771,0.2445,0.2863,0.0947,0.1181,0.3547,0.2532,0.213,0.1676,0.138,0.8727,0.6007,0.4193,0.2757,0.3553,0.0948,0.099,0.0945,0.0925,0.0945,0.1006,0.0921,0.0945,0.0913,0.094,0.1004,0.0958,0.098,
259085s,0.0948,0.0937,0.0944,0.096,0.0963,0.0925,0.0923,0.0986,0.0946,0.0942,0.093,0.093,0.0959,0.3524,0.2626,0.2153,0.1883,0.1597,0.9052,0.6021,0.4622,0.3235,0.2966,0.0962,0.1422,0.3652,0.2556,0.2056,0.1891,0.1837,0.8891,0.6191,0.4317,0.3069,0.2734,0.0926,0.1066,0.506,0.2682,0.2217,0.1963,0.1851,0.8975,0.6205,0.4428,0.2891,0.2571,0.0968,0.1275,0.5897,0.2523,0.2015,0.1531,0.1519,0.8797,0.591,0.3652,0.2347,0.2667,0.0933,0.0947,0.3557,0.252,0.2093,0.159,0.151,0.8624,0.5711,0.3775,0.2451,0.2855,0.0949,0.1228,0.3542,0.2536,0.2094,0.1766,0.1368,0.8721,0.6,0.4182,0.275,0.3547,0.0948,0.0995,0.0951,0.0933,0.0947,0.101,0.0922,0.0948,0.0912,0.0939,0.1003,0.0961,0.0982,
259348s,0.0953,0.0937,0.0945,0.0956,0.0966,0.0926,0.0922,0.0988,0.0947,0.094,0.0928,0.0932,0.0955,0.3521,0.2624,0.2201,0.1902,0.1594,0.9049,0.6021,0.4619,0.3233,0.2973,0.0962,0.1412,0.3648,0.2556,0.2066,0.1916,0.1876,0.89,0.6187,0.4317,0.3073,0.2733,0.0925,0.1069,0.5057,0.2679,0.222,0.1992,0.1936,0.8976,0.6206,0.444,0.289,0.2572,0.0968,0.1263,0.5905,0.2513,0.2038,0.1543,0.1566,0.879,0.5903,0.3648,0.2347,0.2664,0.0934,0.0951,0.3556,0.2522,0.2103,0.1586,0.1512,0.8638,0.5704,0.3771,0.2446,0.2869,0.095,0.1215,0.3541,0.254,0.2067,0.1671,0.1377,0.873,0.6003,0.418,0.2752,0.3548,0.0946,0.099,0.0947,0.0929,0.0943,0.1008,0.0925,0.0949,0.0914,0.0939,0.1005,0.0959,0.0982,
259610s,0.0952,0.0939,0.0946,0.0962,0.0963,0.0926,0.0921,0.099,0.0945,0.094,0.0928,0.0933,0.096,0.3521,0.2617,0.2146,0.1941,0.1599,0.9048,0.6019,0.4606,0.3225,0.2968,0.0963,0.1438,0.3648,0.2551,0.1966,0.1862,0.1766,0.891,0.6194,0.4325,0.3074,0.2733,0.0927,0.1073,0.5065,0.2676,0.2233,0.1935,0.1781,0.8979,0.6191,0.4403,0.2889,0.2576,0.0966,0.1233,0.5903,0.2506,0.2072,0.1518,0.1517,0.8801,0.591,0.3645,0.2352,0.2672,0.0936,0.0951,0.3553,0.2515,0.2136,0.1592,0.1523,0.8623,0.5688,0.3753,0.2437,0.2873,0.0948,0.1214,0.353,0.2541,0.2107,0.1683,0.1379,0.8728,0.6011,0.4182,0.2752,0.3563,0.0948,0.0989,0.0939,0.0923,0.0942,0.1008,0.0922,0.0947,0.0913,0.0939,0.1006,0.0958,0.0979,
259873s,0.0952,0.0939,0.0943,0.0959,0.0964,0.0925,0.0922,0.0989,0.0947,0.0943,0.093,0.0932,0.0964,0.3521,0.2624,0.2138,0.1936,0.1602,0.905,0.6017,0.4605,0.3229,0.2975,0.0958,0.1414,0.3646,0.2554,0.2055,0.1868,0.1791,0.8908,0.6191,0.4325,0.3074,0.2735,0.0929,0.1057,0.5085,0.2683,0.2233,0.1985,0.1826,0.8991,0.6213,0.4457,0.2913,0.2575,0.0944,0.1256,0.5902,0.2508,0.2066,0.153,0.1528,0.881,0.5913,0.3651,0.2345,0.2673,0.0936,0.0945,0.3554,0.2519,0.2058,0.1582,0.1505,0.8635,0.5704,0.3772,0.2436,0.2842,0.0948,0.1211,0.3536,0.2541,0.2051,0.1698,0.1373,0.8721,0.5988,0.4191,0.2751,0.3549,0.0949,0.0985,0.0947,0.0933,0.095,0.1013,0.0925,0.0949,0.0916,0.094,0.1006,0.0958,0.0987,
260135s,0.0954,0.0937,0.0945,0.0962,0.0965,0.0927,0.0923,0.0989,0.0946,0.0942,0.0928,0.0933,0.0961,0.3526,0.2621,0.2102,0.1883,0.1599,0.9039,0.6026,0.4618,0.3231,0.2968,0.0958,0.1492,0.3652,0.2552,0.2088,0.1905,0.1874,0.8905,0.6187,0.4327,0.307,0.2735,0.0929,0.1068,0.5091,0.2674,0.2197,0.1989,0.1889,0.8985,0.6215,0.4434,0.29,0.2571,0.0942,0.1252,0.5896,0.2509,0.1992,0.1529,0.1513,0.8803,0.5909,0.3656,0.235,0.2672,0.0936,0.0947,0.3554,0.2515,0.2119,0.1586,0.1505,0.8629,0.5704,0.3769,0.2445,0.287,0.0952,0.1177,0.354,0.2536,0.2086,0.1717,0.1374,0.8738,0.6002,0.4189,0.2756,0.3557,0.0947,0.0998,0.0951,0.0927,0.0944,0.1007,0.0924,0.0948,0.0914,0.0939,0.1006,0.096,0.0981,
260398s,0.0957,0.094,0.0944,0.0961,0.0963,0.0924,0.0923,0.0989,0.0946,0.0942,0.093,0.0934,0.0965,0.352,0.2615,0.2145,0.1954,0.1603,0.9048,0.6021,0.4608,0.3234,0.2975,0.096,0.1388,0.3655,0.2553,0.204,0.1874,0.1779,0.8925,0.6192,0.4328,0.3079,0.2736,0.093,0.108,0.5099,0.2671,0.2319,0.1972,0.1842,0.8982,0.6196,0.4406,0.2892,0.2578,0.0942,0.1257,0.5912,0.251,0.2017,0.1519,0.1526,0.8808,0.5913,0.3651,0.2353,0.2679,0.0938,0.0949,0.3555,0.2517,0.21,0.158,0.1502,0.8628,0.569,0.3762,0.2441,0.2847,0.0952,0.1175,0.354,0.253,0.209,0.169,0.1376,0.8737,0.6008,0.4188,0.2761,0.3566,0.0947,0.0991,0.0949,0.0926,0.0943,0.1008,0.0924,0.0949,0.0914,0.094,0.1004,0.0959,0.0983,
260660s,0.0956,0.0937,0.0945,0.096,0.0964,0.0924,0.0925,0.0989,0.0947,0.0941,0.093,0.0933,0.0962,0.3523,0.2624,0.2098,0.1911,0.1605,0.9049,0.602,0.4619,0.3234,0.298,0.096,0.1437,0.3656,0.2555,0.209,0.1896,0.1813,0.8912,0.6192,0.4323,0.3071,0.2739,0.0927,0.1074,0.5099,0.2678,0.2197,0.1922,0.1806,0.8991,0.6209,0.4431,0.2898,0.2576,0.0949,0.1253,0.5908,0.2508,0.2073,0.1539,0.156,0.8808,0.5914,0.3653,0.2348,0.2678,0.0935,0.0953,0.3553,0.2518,0.2132,0.16,0.1513,0.8633,0.5705,0.3768,0.2444,0.2858,0.0953,0.1204,0.3543,0.2539,0.21,0.1699,0.1382,0.8738,0.6013,0.419,0.2758,0.3564,0.0948,0.0991,0.095,0.0927,0.0943,0.1009,0.0925,0.0949,0.0914,0.0939,0.1007,0.0959,0.0982,
260922s,0.095,0.0937,0.0943,0.0957,0.096,0.0923,0.0921,0.0985,0.0946,0.0941,0.0929,0.0931,0.0964,0.3526,0.2627,0.2103,0.186,0.1608,0.9056,0.6022,0.4616,0.3236,0.2971,0.0958,0.146,0.3646,0.2554,0.2048,0.1893,0.183,0.892,0.6181,0.4322,0.3074,0.274,0.0927,0.1063,0.5104,0.2679,0.221,0.1951,0.1854,0.8989,0.6213,0.4455,0.2904,0.2587,0.0949,0.126,0.5863,0.2504,0.2043,0.1537,0.1568,0.8798,0.5909,0.365,0.235,0.2678,0.0934,0.095,0.3546,0.2519,0.2102,0.158,0.1513,0.8634,0.5713,0.3782,0.2447,0.2873,0.0949,0.1194,0.3533,0.2535,0.2078,0.174,0.1368,0.874,0.6004,0.4191,0.2761,0.3562,0.0948,0.0996,0.095,0.0935,0.0946,0.1009,0.0922,0.0948,0.0912,0.0939,0.1004,0.0959,0.0984,
261185s,0.0951,0.0941,0.0945,0.0961,0.0965,0.0928,0.0924,0.0988,0.0947,0.0942,0.093,0.0933,0.0964,0.3519,0.2622,0.2139,0.1901,0.1603,0.906,0.6034,0.4651,0.3243,0.298,0.0962,0.1451,0.3651,0.2548,0.2045,0.1898,0.1856,0.8908,0.6193,0.4325,0.3071,0.2739,0.0929,0.108,0.5112,0.2677,0.2186,0.1916,0.1802,0.8996,0.6214,0.4444,0.2903,0.2576,0.0958,0.1282,0.5868,0.2501,0.2026,0.1527,0.1517,0.8794,0.5903,0.3649,0.2349,0.268,0.0943,0.0953,0.3554,0.2516,0.2144,0.1586,0.1515,0.8627,0.5712,0.376,0.2443,0.2891,0.095,0.1245,0.3533,0.2536,0.2064,0.1728,0.1372,0.8737,0.6006,0.4189,0.2759,0.3565,0.0947,0.0996,0.0954,0.093,0.0946,0.1011,0.0924,0.0952,0.0917,0.0941,0.1008,0.0961,0.0984,
261447s,0.0952,0.094,0.0944,0.0962,0.0966,0.0926,0.092,0.0987,0.0946,0.094,0.0929,0.093,0.0953,0.352,0.2626,0.2209,0.1933,0.1594,0.9058,0.6038,0.4642,0.3248,0.2985,0.0961,0.1489,0.3649,0.2551,0.2034,0.1894,0.184,0.891,0.6188,0.4326,0.3068,0.2736,0.0928,0.1067,0.5128,0.268,0.2233,0.198,0.1813,0.8997,0.6208,0.4469,0.2906,0.2573,0.0941,0.1267,0.5853,0.2511,0.2049,0.1525,0.1529,0.8805,0.5909,0.3658,0.2344,0.2681,0.0939,0.0955,0.3552,0.2524,0.2096,0.1588,0.1521,0.8636,0.5713,0.3773,0.2449,0.2872,0.0949,0.1172,0.3534,0.2536,0.2027,0.1671,0.1379,0.8741,0.6005,0.419,0.2758,0.357,0.0948,0.0985,0.0948,0.0932,0.0946,0.1008,0.0921,0.095,0.0915,0.0939,0.1005,0.0957,0.0981,
261710s,0.0954,0.094,0.0948,0.0962,0.0966,0.0924,0.0923,0.0991,0.095,0.0943,0.0931,0.0934,0.0966,0.3519,0.2621,0.2137,0.1945,0.1616,0.9053,0.6028,0.4614,0.3229,0.2977,0.0959,0.1485,0.365,0.255,0.205,0.1867,0.1806,0.8926,0.6194,0.4328,0.308,0.2739,0.0929,0.1082,0.5129,0.2676,0.2239,0.1987,0.1813,0.8996,0.6199,0.4418,0.2892,0.2574,0.0941,0.1281,0.5855,0.2506,0.1993,0.1542,0.1506,0.8821,0.5925,0.3661,0.2353,0.2684,0.0943,0.0949,0.3552,0.2512,0.2087,0.158,0.1499,0.8632,0.5706,0.3764,0.2442,0.2866,0.0949,0.1197,0.3538,0.2538,0.212,0.1679,0.1378,0.8749,0.601,0.4196,0.2764,0.3571,0.0948,0.0994,0.0947,0.0924,0.0944,0.1004,0.0924,0.0947,0.0915,0.0939,0.1005,0.0958,0.0979,
261972s,0.0958,0.0938,0.0947,0.0959,0.0964,0.0927,0.0924,0.0989,0.0945,0.0941,0.0929,0.0933,0.096,0.3516,0.2621,0.2109,0.1897,0.1595,0.9053,0.6038,0.4637,0.3237,0.2981,0.0959,0.1442,0.3649,0.2549,0.207,0.1924,0.1873,0.8913,0.6192,0.4323,0.3076,0.2737,0.0927,0.1071,0.5125,0.2674,0.2211,0.1974,0.1906,0.8991,0.6213,0.4432,0.2895,0.258,0.094,0.129,0.5846,0.2502,0.1985,0.1515,0.1503,0.8807,0.5916,0.3651,0.2352,0.2689,0.0939,0.094,0.3552,0.2515,0.2089,0.157,0.1502,0.8644,0.5702,0.3775,0.2443,0.2861,0.095,0.1212,0.353,0.2539,0.2099,0.1732,0.1373,0.8739,0.6008,0.4191,0.276,0.3575,0.0946,0.0988,0.0946,0.0926,0.0943,0.1009,0.0925,0.0952,0.0915,0.0937,0.1004,0.0958,0.0982,
262235s,0.0951,0.0939,0.0949,0.0963,0.0964,0.0926,0.0923,0.099,0.0947,0.094,0.0929,0.0933,0.096,0.3514,0.2617,0.2167,0.1921,0.1596,0.9061,0.602,0.4615,0.3236,0.2981,0.096,0.1388,0.3647,0.2549,0.2058,0.1868,0.1812,0.8924,0.62,0.4328,0.3075,0.2741,0.093,0.107,0.5121,0.2678,0.2204,0.1961,0.188,0.8997,0.6217,0.4432,0.2896,0.258,0.094,0.1266,0.582,0.2502,0.197,0.1518,0.1497,0.8804,0.5924,0.3655,0.2352,0.2691,0.0946,0.095,0.355,0.2515,0.2104,0.1576,0.1501,0.8644,0.5703,0.376,0.2437,0.2877,0.0952,0.1241,0.3532,0.2534,0.2093,0.1703,0.1379,0.8743,0.6009,0.4195,0.2767,0.3579,0.0947,0.0991,0.0947,0.0927,0.0944,0.1008,0.0923,0.0948,0.0913,0.0939,0.1004,0.0959,0.0979,
