gene_id	CandidaTFKO5_BG_6h_1	CandidaTFKO5_BG_6h_2	CandidaTFKO5_BG_6h_3	CandidaTFKO5_BG_72h_1	CandidaTFKO5_BG_72h_2	CandidaTFKO5_BG_72h_3	CandidaTFKO5_NDT_6h_1	CandidaTFKO5_NDT_6h_2	CandidaTFKO5_NDT_6h_3	CandidaTFKO5_NDT_72h_1	CandidaTFKO5_NDT_72h_2	CandidaTFKO5_NDT_72h_3	CandidaTFKO5_NRG_6h_1	CandidaTFKO5_NRG_6h_2	CandidaTFKO5_NRG_6h_3	CandidaTFKO5_NRG_72h_1	CandidaTFKO5_NRG_72h_2	CandidaTFKO5_NRG_72h_3	CandidaTFKO5_STP_6h_1	CandidaTFKO5_STP_6h_2	CandidaTFKO5_STP_6h_3	CandidaTFKO5_STP_72h_1	CandidaTFKO5_STP_72h_2	CandidaTFKO5_STP_72h_3
C1_00010W	1583	2769	1390	1820	1159	1782	970	309	275	1163	1988	1323	483	376	462	1584	819	2238	1488	801	1545	582	2105	3582
C1_00020C	2351	5859	2886	3313	1913	2799	3037	5654	4153	1478	2414	1035	1728	538	1046	6480	1741	2940	3060	1115	2735	849	1356	2474
C1_00030C	129	418	156	301	274	214	79	32	10	141	248	62	67	82	167	316	144	49	291	141	63	89	288	389
C1_00040W	1040	2979	1436	1516	1016	1406	1101	113	427	405	702	339	542	270	659	2388	2026	1637	2104	843	1241	277	620	1302
C1_00050C	706	1515	681	897	627	949	926	66	83	358	584	325	390	157	431	2347	1319	1188	1735	464	787	121	475	897
C1_00060W	5057	13945	1897	2733	1676	1954	1283	642	2193	1118	1613	996	1203	930	2290	3413	1548	2247	1903	1155	1706	708	1290	1945
C1_00070W	746	1356	1178	364	280	337	452	1121	275	230	372	174	2427	723	1245	276	212	161	512	497	744	348	255	332
C1_00080C	592	1168	300	565	190	161	89	928	858	170	178	99	364	47	122	59	196	200	227	343	322	357	171	319
C1_00090W	494	1596	214	485	310	212	209	385	54	292	404	249	426	259	149	221	24	186	430	328	224	294	480	784
C1_00100C	1266	4460	967	1903	1610	1654	1309	594	460	1240	2168	654	959	213	835	2116	1690	1311	1630	1122	1202	446	1285	1696
C1_00110W	2274	5985	2038	2310	1196	1481	2053	2539	2826	1218	1945	796	957	588	1070	2248	2025	3046	1765	918	2226	608	1017	2580
C1_00120C	449	1498	623	1228	519	712	580	636	658	565	743	195	425	122	301	1774	330	678	755	559	1081	196	396	836
C1_00130C	12616	23786	6203	8681	4929	7905	4003	700	961	3984	6274	1934	2743	520	3403	12263	4381	6840	4866	4194	8615	1067	3501	6519
C1_00140W	2702	5879	2693	3737	1884	2387	2072	449	1164	1530	2308	840	1479	999	1644	6194	1145	2435	1991	1244	2995	897	1235	1797
C1_00150C	2374	5349	4814	5220	3732	4677	5140	6068	7542	3179	4862	1726	3769	1626	1327	17653	5895	7193	4713	2756	4320	1235	1915	4557
C1_00160C	153	392	543	783	684	957	295	34	65	437	585	206	461	150	367	402	318	310	503	610	836	277	265	906
C1_00170W	422	1080	471	982	509	574	432	133	78	451	575	149	234	413	336	1509	1097	292	457	424	720	381	261	553
C1_00180W	1498	2700	262	131	124	57	106	1220	790	67	174	50	1911	1028	545	17	447	76	332	92	237	199	76	265
C1_00190C	140	297	142	315	314	199	83	31	53	320	407	175	10	148	52	253	264	61	317	203	76	86	253	553
C1_00200C	88	250	126	155	243	80	100	7	103	264	371	314	23	230	37	77	163	126	150	103	133	79	485	757
C1_00210C	256	574	31	63	93	46	64	118	101	61	112	90	122	70	12	111	5	63	37	156	143	248	72	213
C1_00220W	2945	7417	3733	548	348	326	1127	1176	1759	329	435	283	14516	4863	4579	373	366	147	2336	2384	5606	375	637	709
C1_00230C	643	398	254	621	381	411	229	61	36	153	267	118	146	88	53	39	142	216	268	131	448	290	99	374
C1_00240C	14	26	11	45	6	8	5	14	8	17	14	6	0	16	1	27	4	14	3	11	16	39	11	39
C1_00270W	347	576	113	478	352	369	764	56	306	484	1902	1024	1000	526	224	1631	2566	1673	167	163	114	347	704	1026
C1_00280C	0	0	0	0	0	0	0	0	0	0	0	0	0	0	0	0	0	0	0	0	0	0	0	0
C1_00290W	623	1272	667	1080	941	683	342	77	121	680	1204	191	563	455	195	1497	921	1003	510	481	588	176	562	833
C1_00310W	858	2541	947	555	640	644	491	628	129	400	648	115	451	417	440	294	581	260	806	852	1036	482	212	726
C1_00320W	89	164	94	49	85	96	5	23	13	35	82	19	33	3	88	3	37	5	27	106	76	161	15	136
C1_00330C	46	108	22	63	56	54	5	25	32	39	43	31	45	12	33	17	14	4	5	12	68	206	32	81
C1_00340W	83	123	10	97	34	42	2	10	9	36	47	13	15	9	3	4	8	6	10	12	33	154	50	41
C1_00350C	76	57	4	54	31	15	3	22	26	16	26	13	1	5	5	9	31	9	3	8	10	224	30	33
C1_00360W	1644	6620	1143	1722	1616	1857	2017	1596	237	713	1117	536	1220	451	273	1884	1694	1101	1226	1386	2023	227	1011	2359
C1_00370W	107	212	64	81	94	74	53	64	14	46	115	55	20	41	21	24	31	36	48	114	146	54	106	242
C1_00380C	1471	2259	1227	2354	1731	1511	771	75	384	1033	1295	462	854	566	631	1683	132	469	819	1218	1608	421	772	1728
C1_00390W	1075	1879	1541	2047	1310	1557	694	1027	868	1049	1529	622	400	439	1159	3997	757	2053	1627	1292	1180	755	1369	2049
C1_00400W	305	1930	549	1023	520	557	421	494	203	567	1011	311	513	149	93	2044	128	1501	564	391	479	565	267	728
C1_00410C	145	167	124	257	246	138	53	31	55	112	338	146	94	60	37	132	43	127	181	196	327	288	88	207
C1_00420W	313	1120	521	1595	1008	1062	872	202	75	653	907	359	1342	380	623	1105	1136	873	963	608	1013	297	534	1233
C1_00430W	1267	6290	796	1997	1584	1644	2681	113	899	817	1309	266	764	139	653	5312	1360	1645	1376	809	1591	404	481	1065
C1_00440W	198	466	91	276	83	122	49	43	30	81	77	66	245	61	204	144	39	131	191	121	238	176	79	241
C1_00450C	39	337	145	461	198	254	40	19	27	101	135	64	213	109	156	125	32	215	270	166	154	88	69	165
C1_00460W	55	164	71	177	96	150	12	33	36	108	158	30	29	58	238	198	46	100	113	77	111	102	106	104
C1_00470C	102	265	89	122	162	93	9	19	13	79	110	71	3	2	15	4	12	18	20	29	19	155	69	214
C1_00480C	902	2048	1182	2742	1685	1823	1927	125	104	1358	2034	641	874	645	636	3720	126	1454	2260	955	2112	484	978	2178
C1_00490C	1247	1437	123	84	184	46	67	326	318	133	91	74	177	49	51	47	60	62	169	41	120	382	197	206
C1_00500C	1073	1919	503	1089	799	755	161	125	129	427	874	331	291	232	181	180	421	584	341	561	535	256	947	1493
C1_00510W	199	1076	339	892	593	464	240	43	26	326	582	221	198	175	109	164	304	595	356	257	460	185	505	893
C1_00520W	193	468	170	231	170	139	83	16	30	184	213	97	142	40	27	60	90	86	73	57	132	160	188	329
C1_00530C	551	2573	544	927	601	431	94	49	78	354	696	437	143	229	218	321	278	500	725	271	264	320	651	1056
C1_00540C	864	2927	772	1518	777	707	1425	86	517	972	1587	325	204	145	611	2339	98	938	537	661	1089	370	951	1742
C1_00550W	4243	8793	1422	2856	1493	1872	822	181	46	1279	1944	599	463	554	470	1527	815	907	1072	1451	1915	504	1058	1507
C1_00560W	73	232	69	450	309	39	58	18	23	85	85	22	20	6	30	11	7	262	71	96	54	285	37	115
C1_00570C	1424	2152	1249	2539	1644	1543	1218	228	1247	743	1765	327	334	334	783	1896	1081	1149	1336	805	1097	532	471	1309
C1_00580W	1216	3771	1128	1926	1376	1683	2655	1145	590	1113	1493	714	1475	957	660	2903	1153	3298	3309	797	1721	257	1033	2520
C1_00590W	282	1181	96	72	196	82	45	127	1094	132	198	78	900	360	234	946	17	49	114	234	460	297	233	253
C1_00600W	20000	50034	6296	9850	5951	6796	4493	1590	609	4972	9212	2068	2687	1921	2918	14868	3229	4309	4702	4381	7015	1061	4973	7816
C1_00610W	1538	6043	1677	1295	1665	2148	1328	172	332	657	1277	359	1045	840	1316	1551	478	993	2062	1511	2117	434	574	1231
C1_00620W	188	182	584	237	196	219	112	793	69	131	180	99	325	96	534	44	34	79	97	181	433	139	158	182
C1_00630W	164	351	171	279	145	100	76	25	51	140	290	48	18	23	125	289	9	80	216	213	172	296	150	268
C1_00640C	807	2066	119	962	625	568	255	119	131	383	761	221	1293	312	436	989	180	229	277	539	972	547	462	975
C1_00650C	1041	1935	362	337	233	291	192	216	262	171	406	141	94	114	84	68	372	201	211	248	221	547	255	414
C1_00660C	91	271	14	78	24	20	4	74	12	16	26	2	18	6	4	10	16	9	3	21	7	160	50	63
C1_00670C	80	213	80	270	74	21	9	15	15	51	141	55	28	6	24	14	25	73	8	70	64	210	234	267
C1_00680W	24	110	29	236	111	151	112	38	29	93	168	40	32	70	125	5	5	1	64	141	91	256	59	115
C1_00690W	459	378	169	411	471	349	88	29	19	204	608	97	30	25	352	733	69	459	109	238	168	162	284	375
C1_00700W	11	40	1	1	4	3	1	4	1	5	8	8	2	0	0	1	53	0	0	0	0	42	20	11
C1_00710C	252	988	255	163	184	136	75	62	75	72	99	85	1717	340	415	72	122	99	233	137	241	206	94	130
C1_00720W	11	19	0	1	2	0	0	0	3	0	1	0	0	0	0	2	0	1	0	0	0	35	4	1
C1_00730C	42	89	33	17	35	11	5	19	31	30	28	12	154	71	8	5	3	6	6	29	14	179	102	89
C1_00740C	141	210	31	42	35	2	9	169	550	28	46	8	252	520	144	6	2	23	40	94	183	76	41	65
C1_00750C	304	347	183	562	167	115	45	45	54	161	118	53	94	280	78	8	11	39	267	174	297	203	119	388
C1_00760W	32	97	40	102	30	7	3	18	29	28	26	10	11	4	1	3	3	2	10	19	101	95	36	130
C1_00770C	32	47	4	2	3	0	0	15	13	5	0	1	21	5	2	0	2	0	1	1	3	46	8	7
C1_00780C	18	95	9	102	27	28	7	10	21	48	39	23	229	150	101	4	6	3	11	141	1	143	90	70
C1_00790W	7	44	3	7	7	2	1	9	2	5	5	4	0	1	0	2	0	1	2	2	53	124	22	33
C1_00800C	78	169	9	59	47	8	10	8	10	22	18	16	2	7	5	2	77	1	1	44	17	121	12	28
C1_00810W	6	7	1	2	17	1	6	4	3	4	8	10	0	0	0	0	0	1	1	5	0	46	5	16
C1_00820W	1	8	0	0	1	1	0	2	1	1	2	0	2	0	0	2	0	0	0	0	0	10	0	4
C1_00830W	122	393	551	600	467	306	100	58	47	497	1094	297	224	77	154	188	233	125	115	256	272	188	270	384
C1_00840C	303	270	50	173	302	155	31	60	57	143	328	135	411	582	119	74	27	112	114	123	148	252	277	407
C1_00850W	73	59	20	31	12	9	3	9	15	25	29	4	5	17	5	0	68	0	5	17	0	66	3	3
C1_00860W	28	46	12	46	126	4	1	8	9	8	72	74	4	35	19	4	26	40	15	16	0	66	52	43
C1_00870W	393	791	157	484	241	325	329	62	73	262	478	79	63	196	80	358	110	267	249	344	497	289	95	284
C1_00880W	202	271	416	264	243	304	7	38	477	71	355	128	46	70	60	189	372	67	184	137	71	333	110	305
C1_00890W	165	539	434	728	694	285	20	13	19	194	455	164	104	239	209	30	183	68	108	377	319	149	458	911
C1_00900W	22	58	4	11	26	26	0	4	9	7	26	22	1	1	4	3	0	1	0	30	2	46	15	39
C1_00910W	56	313	99	55	69	112	0	9	13	27	75	3	0	62	5	66	0	1	1	49	2	82	34	57
C1_00920W	322	1219	454	972	603	490	62	43	31	391	442	248	84	177	214	147	116	580	328	708	446	381	391	907
C1_00930C	731	2642	977	1918	780	740	621	232	229	604	1372	325	514	234	362	1733	586	243	712	559	1570	1060	678	1028
C1_00940W	48	21	4	23	45	3	3	3	11	6	26	6	2	4	0	1	4	3	2	14	14	42	41	97
C1_00950C	373	775	78	134	198	21	27	133	141	152	95	58	58	35	123	39	20	11	126	116	219	381	73	170
C1_00960C	1439	3036	1462	3554	2058	2277	536	164	126	1100	1892	665	683	769	753	731	608	1816	1385	1758	2312	725	1411	2691
C1_00970W	971	465	224	609	213	369	445	17	8	165	373	163	253	110	140	253	52	272	138	184	131	115	380	643
C1_00980W	130	175	43	125	29	66	77	15	26	30	64	19	66	14	32	40	6	85	10	41	21	107	73	109
C1_00990C	5689	13764	4726	6856	4104	6710	12907	4296	4284	3530	5729	770	4959	1199	1773	35128	11741	9787	13801	3103	5416	1000	1080	2048
C1_01000C	2256	4528	1399	1960	1358	1808	2832	2494	4574	1230	2007	1245	694	460	1059	5565	540	2682	2275	1161	2322	1155	1846	3120
C1_01010W	89	507	216	570	299	372	78	42	34	132	245	51	131	70	66	79	191	172	220	177	179	146	148	369
C1_01020W	27	169	97	213	102	163	48	6	7	68	107	27	52	36	41	37	73	68	90	83	115	60	47	151
C1_01030W	364	1161	493	753	429	507	479	306	365	334	578	163	69	356	54	40	15	270	84	342	233	184	205	496
C1_01040W	178	760	114	180	136	119	268	68	58	108	167	122	96	72	27	173	15	138	141	87	132	111	138	245
C1_01050C	389	1157	186	332	164	167	317	88	65	100	102	107	422	131	137	232	0	128	287	183	345	170	78	185
C1_01060W	536	1051	47	26	80	63	153	148	151	16	22	35	210	78	57	16	51	12	41	48	38	258	25	68
C1_01070C	116	372	176	581	442	584	284	163	86	348	744	189	69	64	154	1625	68	444	281	213	189	220	288	731
C1_01080W	2430	5005	1326	2940	2162	1467	438	93	90	1752	2741	692	412	337	372	633	219	535	931	1362	1275	386	1159	2071
C1_01090C	60	118	31	79	26	21	2	25	11	44	92	35	54	18	4	70	13	2	24	37	57	84	47	54
C1_01100W	3109	6022	2170	4547	3187	2427	834	324	1229	1855	3216	1247	1995	1243	1387	1568	791	2085	2132	2439	2840	995	2584	4116
C1_01110C	244	979	99	134	158	128	138	19	21	324	403	179	342	32	62	49	71	133	332	151	68	229	246	471
C1_01130W	166	983	374	786	654	253	54	27	14	522	575	295	262	515	147	361	488	205	462	569	293	225	746	907
C1_01140C	1476	3397	1077	1831	1063	750	474	145	464	1140	1712	745	1071	742	938	309	1732	742	610	805	916	626	1125	1725
C1_01150C	98	80	10	44	50	13	4	13	16	38	25	1	4	6	2	2	3	6	18	130	6	247	10	47
C1_01160C	8	19	2	2	36	2	2	1	2	0	7	1	2	0	0	0	1	0	1	3	1	78	3	13
C1_01170C	66	126	236	66	158	34	3	17	17	51	88	20	55	3	25	643	11	4	11	25	142	270	22	125
C1_01180C	126	210	48	318	117	195	192	24	20	87	132	24	92	15	21	297	27	60	6	29	36	292	123	248
C1_01190C	573	979	367	917	705	416	49	60	64	208	467	146	361	412	67	69	29	276	274	387	270	229	186	526
C1_01200W	408	1308	470	1372	1184	1144	376	101	133	792	1379	553	364	594	406	1246	832	502	436	857	442	347	950	1689
C1_01210W	6017	14088	2838	4517	2517	1696	3365	4900	5255	2726	4082	1950	1518	1139	1644	9523	5391	4176	3879	2103	1525	446	1785	3829
C1_01220C	156	130	101	253	208	151	206	19	19	135	182	33	62	33	21	467	115	152	188	89	117	177	166	190
C1_01240W	241	1096	379	394	280	169	137	31	29	293	540	147	154	3	83	267	4	194	329	190	380	180	298	264
C1_01250W	1174	1378	1003	900	661	558	85	83	66	558	674	270	425	181	438	559	26	164	357	586	1060	356	557	876
C1_01260C	122	304	32	121	116	136	44	8	4	84	77	49	26	40	49	23	18	22	91	60	83	56	75	140
C1_01270W	376	519	265	647	370	460	161	120	40	295	561	290	464	141	153	1491	433	33	284	291	438	401	344	697
C1_01280C	79	71	50	176	156	82	72	4	0	131	176	49	22	24	24	13	17	5	22	80	73	31	276	322
C1_01290C	2097	2844	2624	5056	2873	5023	4404	1619	2698	3132	4765	2503	1852	831	1173	7340	1697	3783	3867	2063	2967	1301	3701	5095
C1_01300W	536	432	170	349	250	145	6	30	30	232	351	157	100	35	111	143	314	57	52	180	189	171	423	570
C1_01310W	139	265	46	100	67	160	160	9	10	48	129	56	54	37	36	26	5	164	48	98	38	140	54	145
C1_01320W	465	2183	217	343	258	541	94	125	183	150	279	26	345	245	200	705	460	123	126	238	243	295	150	314
C1_01330C	17	41	1	7	10	2	0	5	11	16	19	8	4	26	7	0	1	0	2	3	5	98	27	6
C1_01340C	56	137	17	56	27	10	9	7	24	28	80	6	4	0	3	48	9	3	8	18	21	82	33	76
C1_01350C	490	1361	372	160	124	70	379	985	370	89	174	22	1548	345	433	13	59	46	327	120	410	191	50	81
C1_01360C	2895	9613	3682	3865	2303	2580	1758	1316	1568	1750	2338	524	6633	2494	2723	5263	1173	2154	3372	2034	4267	588	771	1376
C1_01370C	310	609	26	27	51	56	23	161	212	26	81	26	86	50	19	93	2	3	20	49	84	57	67	101
C1_01380C	920	2718	434	1254	619	242	479	21	15	365	801	189	379	238	282	62	147	403	284	695	193	182	553	877
C1_01390C	2234	7547	1719	3031	1869	1953	2434	6610	5195	1789	2782	629	874	641	783	9727	899	3212	2716	1521	1958	642	1213	2076
C1_01400C	478	858	714	1340	709	640	204	39	411	540	754	153	380	151	190	1060	92	341	602	505	562	246	455	576
C1_01420C	1013	1752	1547	2604	1817	1906	1216	110	235	2151	3262	913	1174	484	827	1368	836	1812	803	1164	2036	601	1369	2462
C1_01440C	1132	3171	2005	4565	2596	4934	3289	240	495	1934	3242	1911	1315	808	1090	7697	1685	4440	2626	1957	3264	297	2529	4344
C1_01450W	1590	3200	1875	3000	1821	2374	1681	1430	1496	1326	2529	868	946	646	1798	2951	1753	3516	2150	1800	2160	392	1155	2186
C1_01460W	1358	3366	1280	2057	1715	1362	546	203	55	1672	2401	799	1183	544	870	1914	325	1135	1193	1128	1230	639	1486	2922
C1_01470W	140	283	149	201	242	84	6	39	36	147	217	67	86	33	101	10	30	181	91	122	95	265	121	184
C1_01480C	680	1905	69	19	6	4	31	1448	560	3	5	3	671	269	243	8	6	5	21	31	82	180	7	1
C1_01490W	84	256	10	29	41	25	5	71	82	21	37	31	39	20	2	2	21	17	16	12	15	282	8	29
C1_01500W	10	23	4	40	85	16	6	3	2	45	97	72	3	4	2	13	14	3	5	28	59	32	193	81
C1_01510W	333	240	121	234	362	223	71	10	395	124	145	93	21	152	181	12	18	80	436	103	275	397	93	576
C1_01520C	300	1167	53	254	85	180	31	39	59	71	298	150	229	34	75	29	356	207	146	150	270	302	159	125
C1_01530C	251	717	21	73	101	62	5	78	99	118	130	78	75	29	53	50	10	74	11	37	76	282	98	276
C1_01540W	1449	3113	1217	2266	1806	2199	881	140	250	1301	1968	576	777	564	671	1765	733	1419	1390	1337	1247	348	1296	2333
C1_01550W	348	575	85	326	105	337	68	45	45	133	145	48	162	39	42	56	20	94	130	122	626	360	121	202
C1_01560W	6133	13556	7996	9831	6590	8189	5887	7912	7172	4190	6535	2773	4500	3518	2947	9267	2818	5034	8340	5070	7460	1604	4623	8048
C1_01570C	313	659	190	348	192	128	36	39	39	187	336	142	99	55	213	16	36	52	72	155	137	306	306	452
C1_01580W	285	345	71	348	272	210	104	13	31	244	264	213	15	33	19	158	14	167	114	137	33	128	410	460
C1_01590C	2720	6908	1875	3576	2008	2646	3222	423	383	1700	2812	1170	1630	1238	1063	4728	1710	3436	2143	1228	1982	639	2131	2756
C1_01600W	31	50	3	2	21	2	2	7	6	16	0	0	9	2	1	1	1	1	1	0	2	70	0	6
C1_01610C	71	213	3	55	21	16	26	8	9	28	61	70	77	75	67	3	111	41	45	10	21	77	82	8
C1_01620C	42	68	2	82	12	47	2	10	6	16	8	9	2	1	2	16	4	22	13	21	16	139	37	33
C1_01630W	94	141	117	247	206	257	75	74	111	94	388	257	77	55	37	35	151	55	49	62	56	413	460	348
C1_01640W	44	90	111	58	29	15	4	16	26	31	44	9	8	2	17	7	161	2	7	13	14	207	17	18
C1_01650W	97	180	9	25	22	5	4	37	36	33	78	6	30	13	8	8	11	21	64	8	16	131	44	108
C1_01660C	7	13	1	7	2	1	0	2	0	6	4	3	2	1	2	2	3	0	0	1	3	13	7	20
C1_01670C	67	220	39	68	142	68	6	11	15	150	213	133	70	200	81	67	9	82	122	72	131	264	74	162
C1_01680C	32	37	7	5	1	9	4	13	18	6	9	20	4	11	2	2	0	3	6	1	4	73	19	14
C1_01690C	612	777	187	133	346	286	93	285	573	221	424	151	496	273	339	98	27	341	395	190	384	267	179	380
C1_01700W	430	527	375	594	373	338	178	65	62	293	416	154	164	41	75	231	186	171	82	273	259	253	227	657
C1_01710W	40	60	10	23	8	2	1	15	50	28	40	42	8	15	3	5	17	0	24	13	3	100	45	43
C1_01720C	4	23	0	0	0	1	0	11	3	5	0	0	1	2	0	0	3	1	0	5	0	7	0	0
C1_01730W	20	74	40	128	69	58	35	12	128	49	81	12	21	39	28	21	38	17	47	50	34	42	38	81
C1_01740W	29	78	31	68	54	12	3	28	41	27	70	18	5	4	11	8	23	4	16	11	29	173	40	47
C1_01750W	1053	2407	693	1355	1164	405	94	231	67	1006	1390	550	584	332	364	873	372	354	220	704	511	382	1580	1530
C1_01760W	275	790	282	628	578	695	434	111	210	422	629	234	91	224	130	106	108	172	235	377	173	416	582	632
C1_01770W	27	160	11	233	102	32	4	6	3	135	137	21	7	39	28	2	4	2	18	67	30	59	120	178
C1_01780C	531	1594	416	966	494	611	730	81	117	353	711	135	112	284	316	1103	811	351	978	335	372	386	295	470
C1_01790W	725	1463	779	2673	1226	1824	473	184	140	670	1216	189	714	512	823	2359	308	577	937	934	1347	475	734	698
C1_01800W	32	127	50	158	121	49	12	17	15	48	69	24	27	4	62	202	5	29	16	13	8	97	99	137
C1_01810C	224	286	164	222	195	226	14	789	76	213	164	103	317	188	176	487	340	394	221	85	43	1003	113	355
C1_01820C	76	155	9	114	35	35	9	7	5	26	34	5	0	4	1	63	5	12	137	4	54	123	30	120
C1_01830C	108	288	23	29	31	9	16	46	129	7	14	1	125	11	15	7	25	2	11	19	9	117	22	17
C1_01840C	60	234	13	109	16	11	3	30	41	16	29	7	6	35	18	14	236	4	7	32	4	215	7	11
C1_01850C	23	91	22	19	18	8	1	12	22	22	6	18	5	22	0	9	18	2	21	15	11	119	39	42
C1_01860W	692	724	604	1121	391	966	400	51	404	146	111	40	86	183	191	1074	405	514	729	316	746	194	39	106
C1_01870C	1012	1690	995	1168	648	509	302	735	206	498	756	386	1210	425	503	970	283	403	436	651	1029	483	720	1065
C1_01880C	1878	5785	2077	3574	2381	1748	800	306	434	1570	2133	786	799	554	554	1132	937	1262	989	1441	1823	702	1876	2757
C1_01890C	590	1299	736	1505	1069	1435	1044	931	583	928	1551	543	1427	422	611	3455	748	695	834	725	1857	498	844	1078
C1_01900C	68	557	122	244	89	98	4	18	29	84	125	61	113	40	94	192	0	31	5	91	163	244	101	149
C1_01910W	87	529	115	236	236	161	32	164	34	164	196	36	20	31	216	92	38	59	58	217	105	124	95	196
C1_01920W	2729	8494	2683	9647	6952	5198	2299	3402	3404	3292	5783	1883	2625	1784	1204	4443	4397	4044	1946	3406	3981	686	2922	5697
C1_01930W	1113	3797	1856	180	166	94	279	1208	1243	204	409	227	8596	3501	1965	48	178	522	1038	998	2200	303	466	577
C1_01940C	61	110	25	52	33	21	2	8	11	85	93	80	4	16	12	1	0	3	5	28	54	107	217	202
C1_01950C	54	273	19	99	131	95	12	8	20	121	133	85	7	7	5	129	7	8	35	68	31	31	203	197
C1_01970W	4	13	28	40	25	6	1	2	0	35	22	22	2	3	2	17	0	5	3	28	36	58	41	58
C1_01980W	247	806	246	1489	852	781	229	78	91	661	1338	537	246	62	124	780	430	751	180	346	388	671	787	974
C1_01990W	423	1720	291	1296	872	423	153	35	31	747	1402	648	73	211	143	2124	6790	2019	931	678	594	610	632	831
C1_02000W	496	1893	459	574	427	507	330	55	768	340	439	121	184	195	83	850	965	137	551	277	450	174	202	335
C1_02010C	582	2354	568	1325	965	920	662	30	17	512	665	312	111	86	203	454	310	411	546	591	743	248	515	993
C1_02020W	431	1578	84	230	124	119	190	9	15	72	148	58	53	17	36	42	48	172	166	137	173	78	116	134
C1_02030C	4	105	41	87	111	58	106	5	4	19	31	70	5	14	4	4	254	52	3	140	29	64	23	126
C1_02040C	175	476	56	196	161	108	66	62	87	39	166	62	141	89	339	89	39	25	136	91	194	292	95	144
C1_02050C	770	1729	485	1436	1076	1193	625	507	430	645	1158	184	228	608	206	2045	613	805	586	700	949	432	366	762
C1_02060W	313	567	445	928	801	684	517	132	65	674	956	489	545	597	488	574	411	518	381	554	818	98	975	1048
C1_02070W	52	94	36	118	112	32	202	341	403	137	85	15	2	140	28	13	44	24	36	72	462	306	36	185
C1_02080W	163	357	114	244	208	202	30	188	19	175	173	115	129	42	137	30	89	129	123	143	169	250	219	235
C1_02090C	36	96	112	24	50	54	1	17	8	57	53	44	15	7	5	4	3	19	4	83	95	137	105	152
C1_02100W	14	36	14	55	39	7	10	13	1	23	64	20	287	2	11	8	3	2	2	38	16	162	9	66
C1_02110C	1555	1626	1191	3029	1534	2131	1210	882	1303	1136	1950	700	763	234	459	3119	1477	1097	3368	2755	2559	1278	1733	1488
C1_02120C	310	542	213	409	199	113	53	35	38	138	464	123	466	622	152	179	38	91	77	186	334	247	664	357
C1_02130C	85	251	132	168	129	123	104	85	333	106	208	95	170	94	63	29	186	335	408	117	291	280	222	329
C1_02140C	32	92	18	52	48	45	2	4	6	40	72	33	7	19	23	6	1	12	2	20	17	58	67	131
C1_02150W	546	1047	476	1239	677	574	275	152	175	366	801	267	494	285	524	1744	1360	405	1597	1407	2113	378	846	1045
C1_02160W	24	19	4	67	0	1	0	0	7	0	17	4	0	4	2	5	1	1	3	24	1	58	8	39
C1_02170C	18	51	3	75	65	23	3	4	6	28	60	26	4	23	10	4	24	7	18	42	5	126	122	183
C1_02180W	83	212	5	80	83	6	1	17	31	15	32	7	16	2	1	3	5	36	54	31	12	155	22	34
C1_02190W	2	6	0	3	36	0	1	1	1	7	7	16	3	0	0	0	0	0	0	1	2	45	8	46
C1_02200C	5	13	9	3	11	13	0	4	2	6	6	1	4	3	0	4	0	0	3	0	0	28	16	6
C1_02210W	158	224	114	200	166	69	25	28	38	189	233	70	256	98	16	10	67	8	95	174	265	126	118	78
C1_02220C	70	88	126	7	97	17	0	3	4	4	31	5	147	57	24	0	4	0	19	45	34	54	32	13
C1_02230W	208	389	53	154	163	197	21	17	34	111	159	5	54	83	66	56	337	129	75	118	42	124	52	72
C1_02240W	738	1860	382	1001	775	1036	419	177	159	501	893	302	449	368	525	739	54	625	913	576	1024	472	559	790
C1_02250W	120	180	475	10	2	0	10	8	10	1	5	7	1120	959	198	3	35	4	43	46	208	43	5	8
C1_02260C	123	272	31	118	153	44	9	75	32	120	112	61	6	46	2	8	1	11	40	107	39	123	35	139
C1_02270C	14	119	1	13	5	88	0	14	5	7	10	4	3	5	6	2	8	6	1	10	14	107	6	22
C1_02280C	31	73	2	10	7	7	1	6	4	13	69	3	4	5	1	3	1	0	1	2	0	132	22	13
C1_02290C	13	50	4	11	4	3	0	11	10	6	2	19	2	5	1	2	4	4	2	5	11	71	3	6
C1_02300W	1	9	0	0	0	0	0	2	1	0	0	0	0	0	0	0	0	0	0	0	0	9	0	0
C1_02310C	11	8	0	0	0	1	0	2	3	0	1	1	2	1	0	0	0	0	0	12	1	30	4	1
C1_02320C	166	198	54	255	140	79	8	21	27	64	123	62	94	62	26	10	23	4	5	78	12	139	157	207
C1_02330C	145	255	10	0	0	2	5	42	83	1	2	0	45	47	5	0	0	0	4	0	9	32	2	0
C1_02340C	15	41	6	9	36	7	1	9	7	3	31	1	0	1	8	20	0	4	19	6	7	64	13	13
C1_02350W	50	79	56	144	131	42	4	4	2	47	96	9	8	11	15	5	4	29	13	183	77	95	39	80
C1_02360C	91	91	11	37	75	135	16	5	7	90	112	50	6	27	19	5	4	6	49	58	27	172	83	198
C1_02370C	157	234	53	8	86	48	13	55	107	53	62	22	31	104	61	3	3	0	17	42	34	118	101	72
C1_02380C	19	15	38	122	128	35	33	0	9	63	118	9	40	97	4	57	1	31	11	47	3	29	50	63
C1_02390W	40	137	44	160	138	30	8	20	24	114	186	160	53	372	23	45	49	25	55	69	70	180	359	238
C1_02400C	15	21	1	7	8	2	2	2	2	7	3	2	28	3	1	2	2	2	0	5	1	88	1	25
C1_02410C	32	24	1	0	1	3	0	2	13	1	2	0	1	54	0	2	0	0	0	3	1	48	1	36
C1_02420C	3688	10026	5708	4104	3242	2715	1538	721	1089	1107	2518	554	14735	5857	5498	1772	1133	1600	2658	4077	6578	759	1575	2572
C1_02430C	82	212	23	19	8	3	6	30	35	8	17	3	119	137	135	5	3	0	15	16	126	182	7	25
C1_02440C	20	117	14	16	48	4	12	6	5	45	58	15	13	9	11	2	2	1	10	41	11	35	31	50
C1_02450C	67	114	46	61	63	25	0	1	3	113	191	42	2	66	6	8	120	29	15	43	5	9	39	102
C1_02460W	1118	2089	153	325	191	124	193	402	488	81	143	21	973	582	534	59	214	162	270	269	326	216	86	150
C1_02470W	30	240	16	70	93	46	34	5	5	262	323	175	38	9	35	29	6	7	38	53	10	19	245	576
C1_02480W	176	304	10	34	41	4	4	39	50	56	59	18	22	14	15	1	1	0	4	37	14	38	34	42
C1_02490C	24	109	62	32	68	39	4	4	5	68	83	31	60	20	36	4	54	17	25	76	39	78	74	84
C1_02500W	13	27	1	3	5	8	1	2	1	10	4	1	0	4	2	3	0	50	1	13	3	29	20	20
C1_02510W	737	679	64	141	172	32	8	8	12	118	168	147	9	68	116	30	11	21	26	72	33	63	239	293
C1_02520W	82	356	414	643	378	308	299	420	838	370	423	176	34	62	46	1907	48	298	96	184	328	434	216	288
C1_02530C	63	533	234	617	562	184	362	424	189	269	490	92	19	157	12	58	354	758	38	147	328	363	94	353
C1_02540C	9	12	2	4	7	0	0	2	1	0	0	0	2	0	0	1	0	0	0	3	1	24	0	6
C1_02560W	31	74	9	51	60	12	8	3	25	36	51	14	4	0	3	15	6	8	2	18	6	28	39	43
C1_02570C	197	363	120	136	154	294	46	47	21	103	206	42	131	0	18	112	31	306	315	103	36	168	101	284
C1_02580W	121	171	117	265	256	237	252	110	228	124	325	118	148	44	238	101	46	205	100	162	246	328	111	267
C1_02590C	543	1111	285	146	126	106	298	89	185	43	95	18	117	212	34	7	5	15	123	97	63	220	36	66
C1_02600W	239	934	282	896	630	386	149	19	24	476	821	165	369	81	196	449	186	196	182	398	494	192	341	543
C1_02610W	1430	5353	1771	4031	2599	3359	846	841	368	1475	2536	691	771	951	701	2790	854	1691	1751	1804	1856	735	1353	2927
C1_02620C	781	851	652	687	414	682	63	225	136	339	682	168	329	253	426	449	55	264	156	438	561	169	225	555
C1_02630C	306	254	230	242	261	237	21	32	27	120	184	85	21	122	127	44	13	52	146	254	32	376	144	162
C1_02640C	41	95	2	0	13	3	4	35	27	1	1	0	5	7	2	1	4	3	6	2	7	86	1	4
C1_02650W	80	142	5	8	1	4	4	37	35	18	25	9	18	24	7	1	8	3	3	16	6	58	20	34
C1_02660C	1952	3359	790	1434	963	1178	715	79	27	938	1207	465	242	776	710	1089	1366	933	804	618	916	259	796	1277
C1_02670C	312	1090	133	418	319	338	132	15	13	408	538	174	42	257	106	231	152	368	127	286	231	255	378	607
C1_02680C	71	59	14	116	80	65	13	8	13	165	213	205	12	14	76	130	42	248	7	45	61	330	351	279
C1_02690C	37	59	23	77	37	61	4	11	10	32	83	18	9	7	1	48	52	4	26	28	62	105	49	37
C1_02700C	81	181	7	15	22	3	2	33	41	3	12	10	16	35	5	2	11	3	23	13	18	143	14	17
C1_02710W	199	442	26	75	107	9	34	60	77	43	47	16	36	28	21	9	4	2	18	45	22	237	50	79
C1_02720W	60	204	34	143	70	44	92	12	22	58	93	29	9	3	44	280	3	28	4	63	29	143	53	98
C1_02730W	13	79	9	41	45	32	0	23	12	16	41	25	3	14	70	6	5	1	0	41	10	146	21	42
C1_02740C	154	283	127	541	183	242	37	38	16	271	238	110	20	29	150	23	96	78	194	237	244	220	237	448
C1_02750C	906	3335	967	1677	1457	1177	393	399	122	798	1088	386	1195	922	801	1133	468	1034	700	986	2015	448	856	1399
C1_02760W	752	1330	594	712	341	492	161	270	464	284	411	136	438	113	301	662	302	625	373	316	467	223	109	440
C1_02770W	79	154	1	17	36	17	1	23	30	2	53	0	63	55	30	0	2	11	10	1	36	75	0	8
C1_02780W	550	1227	61	473	88	193	140	133	147	77	135	67	507	210	147	114	1	25	168	73	231	126	54	137
C1_02790W	328	674	121	361	343	556	114	62	138	268	417	196	481	240	249	321	43	167	246	291	140	284	244	507
C1_02800W	143	80	138	290	217	222	59	20	36	178	160	38	124	8	47	216	5	56	120	111	68	64	60	115
C1_02810W	742	1430	781	1387	750	749	118	116	208	525	827	273	226	218	114	748	451	410	226	635	323	713	512	779
C1_02820W	2830	6890	2432	2029	1233	1244	594	3081	964	854	1858	343	2460	1716	948	157	241	356	851	1902	2544	647	1042	1717
C1_02830W	1418	3713	1296	2152	1480	1420	880	312	574	1337	2276	996	508	652	343	1731	900	1603	894	913	905	409	1533	2168
C1_02840W	153	160	58	128	100	11	26	14	12	140	157	112	85	202	125	29	33	128	4	123	75	152	263	218
C1_02850W	66	155	5	2	2	3	7	18	24	9	12	0	9	7	20	8	0	69	3	6	51	230	7	26
C1_02860C	37	91	24	14	30	32	23	8	71	28	22	17	152	37	6	1	296	2	30	15	4	92	50	62
C1_02870W	20	50	1	6	1	8	12	8	6	10	11	1	19	2	61	42	4	0	1	2	12	94	12	26
C1_02880C	160	285	6	62	19	13	6	48	68	25	63	11	217	12	66	4	4	236	99	36	67	163	11	56
C1_02890C	187	404	250	250	301	216	160	38	37	104	145	70	228	91	52	567	250	94	363	113	281	78	118	395
C1_02900C	170	300	326	374	391	421	146	23	112	171	467	25	113	70	278	42	78	220	456	405	292	207	118	348
C1_02910C	55	169	94	112	172	280	60	24	15	127	262	23	16	64	9	18	13	22	14	34	162	226	92	106
C1_02920W	645	918	770	900	711	716	440	296	154	683	1118	201	256	292	282	1198	395	728	802	463	1249	213	472	1066
C1_02930C	658	1684	1102	2124	1389	1684	900	1103	41	1054	1533	493	550	468	613	835	1470	1472	1044	1141	1480	396	985	2143
C1_02940C	1247	3418	3238	4917	3184	4941	1475	155	31	1470	2105	654	1106	952	835	3748	491	2942	2816	2124	4040	247	1056	2440
C1_02950W	188	750	494	1159	895	994	210	21	6	458	674	238	215	345	168	517	126	516	395	584	773	91	416	749
C1_02960C	1452	3479	620	652	431	441	85	83	124	314	698	198	158	275	283	226	266	345	425	343	385	325	373	577
C1_02970W	1629	2421	976	1728	1076	1285	438	274	657	817	1424	499	2099	1552	705	1946	341	817	847	879	1267	276	778	1622
C1_02980W	4148	6664	2168	2652	1556	2180	1378	1033	449	1328	1902	540	1372	779	862	1813	2250	1498	1617	1454	2140	585	616	2049
C1_02990C	217	361	92	334	72	76	38	287	149	75	248	98	40	103	25	441	76	69	38	96	355	347	115	266
C1_03000W	180	785	139	228	351	293	214	32	23	160	479	60	178	54	80	52	239	96	352	298	87	359	141	157
C1_03010W	294	507	43	2	8	3	73	161	153	2	13	0	174	77	38	3	4	2	6	14	7	83	10	2
C1_03020C	1181	2258	125	106	105	7	185	1556	573	28	46	6	1794	211	237	13	25	68	165	106	284	104	33	73
C1_03030W	339	759	44	44	45	73	18	354	306	44	96	11	597	248	97	21	5	204	53	17	41	83	40	62
C1_03040W	40	179	4	113	41	45	29	28	16	54	147	17	6	52	153	210	2	102	2	55	82	128	58	111
C1_03050W	936	2090	682	1614	812	1391	934	805	633	564	1235	196	350	546	212	1332	181	702	653	577	884	553	441	1124
C1_03060C	323	918	251	540	332	416	421	33	41	251	358	102	182	235	66	60	206	174	235	192	409	159	128	539
C1_03070C	3086	6578	2794	5858	4190	4095	1334	507	1969	1677	3098	678	1494	881	1804	4880	615	2097	3312	2798	2955	561	1088	2708
C1_03080C	74	195	91	219	238	65	51	9	7	175	238	67	11	84	21	15	15	91	48	118	42	85	104	278
C1_03090W	1912	5439	1982	754	290	400	1177	4079	3569	126	233	106	18139	3559	4276	286	408	304	1494	739	1941	249	264	263
C1_03100W	2404	3180	2255	3272	2116	2194	386	223	319	1613	3008	904	988	531	1347	1426	574	1722	986	1672	2839	853	1312	2393
C1_03110W	560	1736	118	129	54	38	203	406	300	68	126	39	824	300	230	50	57	58	127	86	300	150	128	185
C1_03120W	150	258	4	18	12	8	1	34	55	15	63	13	17	4	1	9	12	2	5	46	11	231	22	45
C1_03130C	937	4548	1086	1133	611	639	584	844	879	477	739	186	5982	1179	912	301	232	426	2179	1216	1547	295	454	800
C1_03140W	58	97	5	75	113	48	5	7	5	43	57	6	1	43	22	26	0	2	35	63	42	48	60	39
C1_03150C	342	481	237	89	78	85	96	600	55	66	53	13	266	197	200	127	5	10	73	190	240	70	90	65
C1_03160C	88	183	64	61	69	16	13	28	31	13	30	17	12	15	13	260	7	1	30	23	14	128	53	82
C1_03170C	141	334	79	348	140	165	42	23	116	198	294	84	68	17	86	176	138	34	44	84	139	160	138	258
C1_03180W	75	170	33	253	138	325	77	21	5	158	194	120	84	26	124	213	36	88	80	97	157	117	137	272
C1_03190C	2124	5328	549	17	15	23	154	1455	1961	13	22	0	1369	781	838	24	17	9	669	287	826	240	8	20
C1_03200C	2687	6879	1645	2235	1148	1000	337	209	121	1447	2332	748	319	976	562	1342	540	1111	737	906	962	823	1326	1958
C1_03210C	209	551	117	63	151	53	70	75	95	73	162	31	79	53	191	349	8	36	36	132	192	301	66	162
C1_03220C	2061	5712	2033	108	49	46	612	705	1883	20	55	19	6435	1391	1839	93	282	13	1569	886	1862	300	70	171
C1_03230C	16	81	6	19	72	5	96	11	11	13	43	8	17	16	146	3	6	17	3	70	1	187	32	33
C1_03240W	192	359	264	257	253	315	171	28	32	169	346	132	83	249	39	48	43	103	146	137	272	90	182	287
C1_03250C	223	1318	569	722	512	665	467	307	285	290	538	83	318	154	189	685	366	409	518	387	582	237	164	386
C1_03260W	4290	10545	1836	2960	1750	1853	1037	1056	293	1754	2796	1085	919	1007	660	1442	719	3348	1927	1908	1605	550	1876	2877
C1_03270W	2346	4007	988	1369	990	1055	717	144	1388	1088	1458	481	615	676	651	1469	548	2055	1258	1102	1023	368	1010	1659
C1_03280W	875	1168	404	1236	898	1590	430	599	215	507	583	209	584	268	429	1043	1092	546	336	619	902	221	390	911
C1_03290W	750	3179	1289	1813	1182	542	718	62	179	794	1198	334	491	486	536	162	193	212	513	875	1097	369	626	1109
C1_03300C	864	2111	660	870	571	538	420	53	675	402	517	308	667	537	98	192	113	422	858	510	654	332	455	741
C1_03310W	261	156	37	105	117	110	29	27	28	60	142	27	296	54	22	10	22	13	206	91	144	158	108	52
C1_03320C	169	98	26	151	87	50	8	42	30	71	132	88	105	244	30	231	270	47	116	167	160	238	116	124
C1_03330C	99	614	62	278	137	74	7	22	31	111	88	34	43	3	35	7	19	52	5	121	135	317	109	154
C1_03340C	89	403	17	19	28	6	12	24	37	28	36	21	45	66	32	4	5	8	4	23	138	189	42	59
C1_03350C	495	983	237	671	320	305	278	44	46	186	499	104	195	297	331	72	57	349	236	106	155	385	358	796
C1_03360W	7983	22465	5305	7228	4843	6670	4023	1520	2322	3547	5846	1290	3933	1848	3472	9054	4570	6201	4952	4058	5998	1236	1834	5352
C1_03370W	603	1165	343	181	153	76	131	498	326	94	256	120	1222	517	457	56	336	271	458	160	291	412	215	167
C1_03380W	2747	5447	2549	4399	2763	3177	1769	545	958	1227	2158	679	1572	937	842	4675	638	1733	3037	1782	2654	589	763	1196
C1_03390W	565	1207	473	436	310	468	366	50	223	372	430	93	239	73	56	524	581	676	596	394	220	209	263	426
C1_03400W	652	777	398	302	475	180	234	91	87	287	493	87	156	40	197	70	153	32	451	258	522	286	183	318
C1_03410W	23	61	5	60	18	2	0	5	2	22	35	26	11	2	2	0	3	2	0	23	1	47	47	98
C1_03420W	5	47	0	7	2	15	1	3	5	8	3	6	7	0	12	0	0	0	1	3	0	38	13	22
C1_03430W	229	478	224	330	188	246	25	34	42	287	427	180	81	60	161	208	107	308	117	171	310	283	325	611
C1_03440C	2034	11262	2900	4161	2186	3093	2377	5013	4616	1779	3103	1227	1286	824	1727	7820	1920	3315	2806	1908	2417	1012	1579	2774
C1_03450C	1567	4607	1513	1636	1175	1403	771	1774	1003	674	1317	284	1508	777	907	2341	505	974	940	591	1144	595	561	1133
C1_03460C	320	2301	828	1544	537	1055	136	607	81	535	1124	260	115	79	313	229	160	292	995	524	394	579	370	1126
C1_03470C	24	92	16	120	99	26	220	19	16	121	99	17	7	25	103	390	44	10	44	54	19	166	28	208
C1_03480C	76	158	21	107	116	36	26	33	69	42	88	60	22	27	6	405	369	26	79	139	119	354	78	124
C1_03490W	367	1236	113	118	159	51	16	37	62	17	114	44	38	45	24	12	12	18	149	22	21	147	61	166
C1_03500W	118	309	18	14	30	5	8	97	105	5	38	10	52	47	24	12	49	11	21	37	23	302	15	13
C1_03510C	1643	3926	1087	11	12	5	551	1689	1263	7	20	13	3171	780	1200	7	251	6	653	524	744	198	19	13
C1_03520W	349	856	167	504	311	308	13	77	55	195	356	28	247	136	78	356	92	213	297	161	202	219	37	298
C1_03530W	2118	4266	1277	2372	1698	1318	624	58	234	799	1288	409	436	670	605	391	617	517	815	1416	1352	204	381	1266
C1_03540C	957	1315	662	1155	653	831	325	40	80	520	799	353	109	348	332	632	687	360	338	476	467	154	469	916
C1_03550C	2303	6034	2384	3094	1822	2406	1330	2740	1020	1499	2034	770	3395	1911	1376	4156	2935	2113	1544	2013	1861	458	921	1844
C1_03560C	562	1342	799	1391	1212	1748	1230	918	993	975	1708	364	526	143	128	3598	499	1462	1154	1076	1463	349	486	901
C1_03570C	73	118	34	64	56	12	17	1	4	41	67	9	11	1	41	72	33	27	64	26	29	19	29	83
C1_03580W	85	344	47	147	249	197	89	25	6	257	372	121	101	37	45	84	70	89	100	160	101	29	168	266
C1_03600W	354	470	446	582	399	507	224	219	61	414	510	153	211	99	253	395	90	241	325	224	177	117	202	405
C1_03610C	21	108	8	89	25	92	84	24	15	74	52	35	1	3	83	11	24	110	34	20	9	169	108	93
C1_03620C	51	122	2	2	3	6	4	22	39	2	8	2	11	19	16	0	1	4	3	3	5	44	0	5
C1_03630W	48	196	28	97	153	61	11	12	10	138	230	101	56	14	15	10	5	7	20	46	41	312	156	301
C1_03640C	46	388	5	61	80	14	12	19	5	69	91	45	9	3	7	6	4	7	0	28	15	123	90	154
C1_03650C	59	138	8	70	45	6	10	20	26	31	65	4	16	6	3	33	2	65	20	38	12	118	9	29
C1_03660W	10	48	0	13	5	1	3	7	16	16	14	2	3	0	0	1	1	2	3	3	6	57	1	5
C1_03670C	61	112	34	24	6	10	2	13	14	9	37	3	16	16	23	529	4	1	6	10	3	156	23	42
C1_03680W	1989	3767	2010	1930	1318	1262	464	163	510	915	1811	349	1024	580	567	2250	213	421	1503	1432	2315	465	669	1715
C1_03690W	182	1057	286	850	382	611	282	94	119	351	616	134	72	63	183	1134	178	388	600	398	286	216	238	464
C1_03700C	56	262	104	136	73	11	7	1	0	53	100	25	29	22	77	1	2	41	7	76	33	33	82	135
C1_03710C	5104	11147	6423	8503	6233	9033	5163	3542	3573	3647	5009	1357	3958	2337	2967	11869	4817	7283	6656	4107	5457	945	2071	4826
C1_03720C	84	193	100	107	94	76	9	74	77	57	95	47	342	297	86	529	15	76	177	103	206	204	53	81
C1_03730C	496	1709	549	801	669	809	528	103	70	496	786	151	235	295	219	173	288	715	199	510	680	190	300	499
C1_03740W	648	2646	576	2018	1114	1095	1076	396	1089	877	1502	628	353	368	572	1648	1317	980	883	890	886	555	1442	2446
C1_03750W	902	1625	11	110	105	29	6	22	29	116	76	60	27	8	27	2	1	4	24	102	17	75	239	299
C1_03760C	304	833	317	611	369	97	40	47	216	298	336	175	278	60	42	97	169	57	92	292	81	154	479	1021
C1_03770W	789	3827	692	1021	560	222	504	58	134	379	738	96	271	287	168	19	345	68	315	409	108	314	229	417
C1_03780C	1553	3363	1849	2406	1417	2319	717	290	670	1252	2397	1153	542	903	314	1800	3028	2646	2203	1212	3141	592	1138	1528
C1_03790C	25	66	5	39	43	29	41	4	18	50	69	13	67	53	0	26	11	0	5	10	13	102	43	117
C1_03800W	2	51	1	5	11	2	0	0	1	11	34	10	1	0	0	0	2	2	2	13	0	23	19	32
C1_03810C	27	135	26	37	58	9	1	13	12	57	78	16	0	18	8	59	61	54	19	31	49	75	32	75
C1_03820W	110	84	20	6	41	11	15	5	14	52	51	19	8	8	91	11	0	2	9	37	11	46	44	128
C1_03830C	6	7	1	3	48	21	0	1	0	20	21	4	10	6	1	1	0	0	7	57	2	54	25	21
C1_03840W	8	5	4	5	3	0	3	0	2	8	8	0	0	1	0	1	2	2	0	5	1	9	12	12
C1_03860C	1396	3510	207	873	627	363	109	164	46	629	698	206	518	448	342	20	45	172	198	671	214	311	514	1044
C1_03870C	68	149	40	81	78	32	41	74	35	123	110	17	32	108	6	25	60	62	43	56	40	111	48	51
C1_03880C	9	13	0	1	0	0	1	4	3	0	0	0	0	2	0	2	1	3	0	4	0	50	1	0
C1_03890W	19	49	0	3	2	1	1	4	5	0	1	0	0	0	0	8	1	3	0	3	1	111	5	5
C1_03900W	7	5	2	0	8	3	0	0	0	4	4	1	0	3	3	0	0	0	0	0	0	27	0	5
C1_03910C	28	37	0	2	19	0	0	5	3	3	6	12	1	0	0	3	0	0	0	2	1	44	22	33
C1_03920C	16	31	92	24	34	5	14	1	4	6	38	0	10	107	2	4	0	0	1	31	15	57	12	40
C1_03930W	55	19	2	5	1	5	1	8	5	26	40	3	6	1	2	2	2	0	3	0	17	59	17	2
C1_03940W	30	49	8	7	2	0	3	9	12	1	17	1	52	237	50	1	4	3	14	12	5	24	38	7
C1_03950C	2	7	0	0	0	0	0	0	0	0	0	0	0	0	0	0	0	0	0	1	0	12	2	1
C1_03960C	29	52	4	36	0	1	3	5	8	1	14	6	6	42	4	5	3	3	2	16	5	61	12	4
C1_03970W	13	7	4	1	2	0	70	2	0	1	17	0	0	0	0	0	0	2	1	0	2	37	3	0
C1_03980W	6	7	0	6	7	0	0	2	2	6	11	5	0	2	0	3	1	1	0	6	1	11	22	10
C1_03990W	40	55	13	27	37	3	3	2	13	22	41	26	8	2	7	3	1	0	0	9	6	31	33	52
C1_04000C	25	61	0	1	0	2	2	5	3	4	3	2	2	2	0	1	0	2	2	4	4	81	4	5
C1_04010C	54	504	61	170	109	14	30	25	17	51	100	52	97	55	24	7	3	9	28	122	85	183	74	124
C1_04020C	844	1133	319	1136	405	748	225	142	121	544	1046	416	542	176	542	430	141	458	771	537	748	291	617	1231
C1_04030W	617	1139	463	1453	652	923	422	60	107	470	762	335	182	125	167	340	147	237	387	417	534	255	411	878
C1_04040C	335	628	167	382	157	221	196	86	50	127	186	102	105	11	4	101	22	113	78	94	162	158	73	215
C1_04050C	42	219	9	50	45	6	11	4	4	29	35	54	1	0	64	10	48	32	3	17	45	110	122	88
C1_04060W	269	80	112	220	186	94	41	75	18	106	266	35	54	61	8	98	18	257	20	91	104	176	104	146
C1_04070C	10	11	0	3	4	0	0	2	0	2	2	5	0	1	0	0	0	0	0	1	0	21	2	28
C1_04080W	13	34	6	4	2	4	0	2	1	23	18	9	4	12	1	14	0	13	2	7	6	57	16	36
C1_04090C	67	49	13	15	8	5	6	6	3	33	61	35	8	16	22	4	2	9	4	12	1	127	53	47
C1_04100C	827	1892	74	107	32	69	55	424	449	13	105	40	214	116	71	88	243	87	170	67	205	827	22	34
C1_04110W	3	16	0	69	13	1	3	1	0	2	36	15	0	2	4	3	13	2	2	10	16	29	30	14
C1_04120C	2	20	0	1	0	2	1	1	1	0	0	1	1	0	0	1	0	0	0	1	1	37	1	0
C1_04130W	30	123	26	34	84	13	5	6	13	14	38	6	17	8	30	26	7	12	1	12	10	124	27	84
C1_04140W	95	227	7	9	13	11	2	18	42	10	20	12	45	12	15	5	26	28	4	3	7	150	2	3
C1_04150C	0	3	0	1	0	0	1	4	1	1	2	5	0	0	0	0	1	0	0	0	1	25	1	1
C1_04160C	9	18	0	0	0	0	1	5	6	0	1	0	0	0	5	2	0	0	11	1	0	46	0	3
C1_04170C	178	484	120	113	68	62	106	69	71	31	70	9	80	21	26	83	26	19	99	26	84	74	29	64
C1_04180W	180	418	23	1	2	1	5	98	105	1	5	0	45	30	8	1	9	1	18	3	24	85	0	2
C1_04190C	22	36	13	10	3	3	0	1	7	3	23	1	4	8	1	1	5	0	2	17	1	55	17	51
C1_04200C	92	257	9	3	6	3	3	40	46	0	2	14	23	47	34	11	4	2	7	8	16	77	13	14
C1_04210C	158	456	115	50	33	46	25	65	58	70	81	30	167	300	107	13	120	6	69	70	138	178	87	109
C1_04220C	110	306	8	58	48	8	2	7	19	13	12	11	79	3	13	106	1	1	6	51	64	114	77	37
C1_04230W	69	151	4	2	4	5	2	16	35	3	1	2	13	9	7	2	3	0	6	5	4	133	2	4
C1_04240C	148	414	14	0	9	0	6	79	110	2	1	0	36	18	5	0	0	4	11	15	23	47	6	10
C1_04250C	102	49	8	43	84	39	42	12	3	35	82	12	3	25	4	2	185	81	2	13	3	88	47	67
C1_04260W	647	1257	171	133	77	23	55	173	325	44	71	40	249	61	83	6	8	21	228	154	189	81	36	67
C1_04270C	92	98	30	67	84	59	85	4	11	54	50	21	11	34	100	285	215	2	17	15	89	71	68	142
C1_04280C	3	12	0	1	6	0	0	3	3	4	5	1	3	1	0	1	1	0	0	2	0	32	18	15
C1_04290C	2140	4342	1314	1452	986	859	2349	602	2125	1058	1672	380	6840	2778	2810	2650	1615	878	2309	950	1622	313	505	1791
C1_04300C	3281	7587	2055	1271	1016	1392	1352	1179	1284	556	837	279	2746	661	1181	212	958	990	1733	1121	1111	353	563	1060
C1_04310C	13	98	10	21	41	5	0	2	0	50	24	15	0	12	2	2	24	2	4	9	1	48	28	77
C1_04320W	65	92	41	74	66	19	2	19	30	13	65	7	29	5	1	4	7	18	6	14	11	67	38	46
C1_04330W	111	363	64	31	56	15	17	26	9	19	103	48	71	15	6	16	829	149	9	8	12	259	57	83
C1_04340C	24	56	2	8	13	1	0	1	2	10	12	5	4	5	4	0	3	0	0	3	15	77	7	29
C1_04350C	2442	5397	2573	4079	3155	2625	1056	97	61	2050	3064	779	1364	439	411	578	815	2374	954	1723	1919	565	1073	2423
C1_04360C	49	170	39	9	18	5	59	36	53	7	25	9	31	14	23	19	42	12	11	13	13	167	18	19
C1_04370C	25	83	4	7	24	1	3	11	13	9	11	7	6	3	8	3	2	0	0	4	0	104	11	22
C1_04380W	133	297	178	350	226	199	151	371	52	335	481	276	118	36	82	319	124	240	55	142	134	283	240	444
C1_04390C	418	1028	1256	2111	681	1278	303	930	89	643	1060	308	366	376	138	154	978	751	267	808	1141	366	625	1231
C1_04400C	2309	5537	2775	1047	448	851	1478	1374	1282	217	574	65	13053	3153	4209	753	431	757	4815	1963	5199	530	295	620
C1_04410C	37	91	27	31	46	20	2	25	16	39	81	6	10	7	10	5	0	54	0	5	79	89	13	69
C1_04420C	93	202	12	17	2	3	6	48	58	10	33	0	78	26	19	5	1	3	7	11	33	148	3	28
C1_04430C	17	75	9	10	8	10	4	16	26	17	18	3	6	1	2	5	1	4	4	13	8	68	24	44
C1_04440W	0	0	0	0	0	0	0	0	0	0	0	0	0	0	0	0	0	0	0	0	0	0	0	0
C1_04450C	348	701	158	149	117	230	11	93	95	155	160	54	58	35	26	22	5	35	23	77	319	137	219	382
C1_04460C	90	218	47	167	146	304	151	251	57	114	149	107	79	29	26	1081	274	183	403	138	124	170	140	239
C1_04470C	36	202	9	22	15	41	6	11	6	17	19	9	90	38	12	113	7	2	1	15	12	77	28	37
C1_04480C	657	3358	487	1492	1262	1125	721	167	130	1047	1619	261	703	483	310	1342	460	1068	1027	716	977	595	520	1249
C1_04490W	461	548	529	2270	1236	1785	951	66	184	642	1220	210	528	502	129	937	449	252	1118	563	1005	434	386	658
C1_04500W	1042	3017	607	953	531	382	134	181	1014	400	868	146	199	174	340	2318	1184	331	382	747	1139	571	344	825
C1_04510W	2435	5564	2505	4931	3592	3297	2954	147	544	2444	3745	1315	1989	1483	1956	2758	1548	3167	4793	3564	3537	274	2158	5246
C1_04520C	315	677	339	1089	639	712	172	428	230	482	618	351	139	196	461	711	273	245	227	496	667	249	524	1032
C1_04530C	27	438	72	252	194	160	43	26	85	138	143	132	58	19	31	15	202	17	7	235	40	199	93	127
C1_04540C	124	111	12	58	52	47	21	22	23	27	35	23	14	4	5	3	8	4	2	51	8	284	10	114
C1_04550W	26	52	11	64	53	22	17	4	0	38	51	15	7	3	7	1	29	10	4	12	12	46	23	54
C1_04560W	311	1586	802	1310	969	869	234	216	204	810	1330	301	321	365	650	840	497	343	845	657	809	215	688	1165
C1_04570C	188	700	157	644	477	84	32	13	59	159	417	190	368	145	222	15	52	150	133	292	398	184	305	498
C1_04580C	156	297	185	133	238	139	38	25	25	156	204	31	12	21	209	5	68	11	22	110	119	103	91	150
C1_04590W	30	84	4	1	5	1	4	54	67	4	3	1	16	5	1	2	3	0	7	1	3	46	5	65
C1_04600C	112	421	136	409	254	62	8	19	29	153	205	63	261	20	139	14	19	29	116	229	479	159	189	346
C1_04610W	5689	11537	6199	4512	3445	1879	2617	2694	4441	2309	4464	1147	20718	5998	8813	1472	1871	1108	3405	4107	7890	927	2463	6305
C1_04620W	63	183	14	115	35	72	33	39	54	63	73	55	22	17	44	15	6	27	13	21	151	222	31	41
C1_04630C	431	849	473	1190	540	870	326	89	549	429	759	191	320	131	144	141	761	383	394	636	492	464	381	651
C1_04640W	361	543	274	390	504	313	156	136	177	430	798	533	392	184	332	428	94	110	308	518	382	268	693	1467
C1_04650W	337	649	665	1064	926	1566	539	52	73	621	1124	214	901	331	472	1111	658	1623	414	625	532	311	317	674
C1_04660W	4176	4840	3588	6464	3878	4630	2347	325	1216	3020	4845	906	1495	739	2061	3698	2585	3082	3087	2173	5147	1027	1353	2668
C1_04670W	266	567	241	508	379	256	61	26	20	452	896	216	159	60	108	77	97	184	31	344	182	105	354	678
C1_04680W	3727	6594	679	210	132	37	164	1226	1404	118	143	51	1147	520	232	69	49	22	734	326	923	286	86	171
C1_04690C	136	112	24	61	102	94	4	4	3	126	175	51	1	18	86	3	4	4	1	42	59	171	81	217
C1_04700C	197	547	469	616	554	351	119	34	136	311	659	85	505	383	266	655	212	97	557	466	352	157	199	598
C1_04710C	7	15	4	2	3	3	0	0	0	7	14	0	0	3	0	0	0	2	1	0	0	41	7	3
C1_04720W	6	30	1	1	11	3	1	7	4	0	3	0	2	3	0	1	1	0	0	0	0	12	2	4
C1_04730C	61	138	46	67	82	20	10	23	24	25	67	18	18	12	10	2	1	6	121	14	2	168	32	37
C1_04740W	153	357	75	456	302	49	6	62	70	193	288	107	43	14	218	11	54	131	62	107	129	90	284	461
C1_04750W	169	831	128	214	153	157	16	21	31	256	353	139	25	35	127	86	816	109	256	78	117	197	222	305
C1_04760C	1377	3326	522	2136	1604	1428	286	136	110	1531	2012	404	334	587	527	667	670	483	589	1056	665	409	1028	2540
C1_04770C	1199	2695	1221	86	128	12	690	603	519	33	110	19	5307	4024	1492	26	4	20	764	900	1322	83	72	28
C1_04780C	110	260	74	214	148	137	38	17	126	89	202	77	109	30	58	39	24	55	42	80	50	182	57	177
C1_04790W	811	1302	734	1518	1161	1072	958	284	508	739	1193	176	298	232	261	1696	794	891	828	742	846	110	271	437
C1_04800C	2456	7277	1502	3545	2392	2032	1066	166	306	1563	2698	868	560	565	419	2041	2302	1512	1590	1396	1133	382	1524	2509
C1_04810W	1114	3592	1395	1578	1035	1319	1004	170	1022	595	893	485	421	321	600	2378	1001	476	1352	1008	1261	683	774	1510
C1_04820C	43	212	76	71	41	35	54	14	55	91	120	119	27	11	73	77	4	25	43	37	22	90	260	267
C1_04830W	131	499	29	125	122	113	10	65	215	71	106	36	120	115	114	156	387	57	70	116	140	249	95	178
C1_04840C	24	83	4	10	44	55	1	8	9	21	102	9	18	6	13	4	0	3	3	7	8	76	21	75
C1_04850C	46	57	21	67	15	23	1	9	11	28	22	7	15	15	12	7	1	2	3	18	2	43	50	41
C1_04860W	200	749	373	572	344	217	152	41	53	302	391	165	310	184	130	824	292	744	238	307	439	286	333	516
C1_04870W	434	2358	609	1349	570	612	359	119	120	382	1059	191	309	486	400	272	230	496	414	466	420	197	249	557
C1_04880C	10	29	1	14	19	4	0	6	7	12	9	1	0	2	37	0	0	1	1	4	10	18	16	35
C1_04890W	444	1406	159	856	704	430	268	262	137	222	185	68	487	413	410	397	606	424	377	97	268	169	268	365
C1_04900W	701	1187	644	1451	1224	969	352	44	83	487	675	240	175	174	269	468	638	393	585	982	1038	318	591	1491
C1_04910C	278	488	167	471	479	299	127	38	39	234	256	126	74	68	133	230	317	84	148	365	266	75	263	354
C1_04930C	32	37	0	2	13	2	0	8	5	3	9	13	2	0	10	1	0	0	7	4	0	55	4	38
C1_04940C	59	98	33	23	19	82	10	17	26	2	27	19	5	0	116	60	19	24	18	9	95	120	61	19
C1_04950C	291	543	194	251	210	193	8	32	49	17	139	64	408	525	48	40	638	10	204	77	255	196	107	104
C1_04960C	110	276	8	35	45	17	14	5	7	64	117	20	4	12	9	1	4	19	3	34	8	93	81	64
C1_04970W	88	226	20	10	47	5	0	35	67	25	41	23	74	71	70	1	0	1	6	36	73	199	8	27
C1_04980C	61	169	18	20	37	2	5	18	24	16	42	5	63	31	25	3	4	1	4	22	57	168	12	31
C1_04990C	34	117	18	24	4	40	5	11	19	10	28	4	32	25	6	10	1	1	1	8	13	200	40	20
C1_05000W	166	354	67	20	19	2	12	15	19	10	12	8	219	26	6	2	3	3	1	6	6	116	7	17
C1_05010C	43	89	14	6	5	5	3	9	18	4	9	9	16	20	2	0	1	0	7	8	6	47	12	7
C1_05020C	54	71	15	16	40	50	1	12	23	87	74	34	12	55	6	6	8	11	5	77	8	177	99	90
C1_05030C	118	78	159	152	255	264	223	194	24	192	199	101	29	32	23	314	284	68	95	137	90	79	154	219
C1_05050C	67	391	183	222	296	99	36	16	23	176	291	130	184	64	157	17	63	278	213	141	81	364	308	388
C1_05060W	38	82	10	38	36	75	0	37	7	42	60	9	11	2	76	81	2	21	2	20	65	100	34	32
C1_05070C	269	1027	762	2830	2264	2571	529	80	15	1372	2123	1171	480	421	445	244	514	1265	1299	1216	1590	290	1784	3310
C1_05080W	392	988	938	1547	991	1605	793	1039	1227	541	987	207	470	169	631	2337	50	1381	1288	644	907	1077	314	864
C1_05090W	28	43	3	24	13	5	1	7	21	11	10	0	6	1	8	7	4	1	10	11	6	166	12	21
C1_05100W	6	38	3	18	12	7	3	5	7	12	23	4	2	7	0	3	5	1	4	11	6	74	8	22
C1_05110C	498	942	174	121	165	73	33	215	221	61	106	7	151	121	76	94	5	33	30	64	190	172	29	66
C1_05120W	148	231	147	851	792	780	184	36	22	380	642	231	96	246	91	1327	20	334	265	253	123	236	383	794
C1_05130W	6	13	0	15	6	3	0	0	1	1	2	7	1	0	0	1	0	0	0	0	0	41	14	25
C1_05140W	429	729	402	222	271	121	299	219	355	153	187	63	1788	258	376	20	29	235	379	564	754	238	198	151
C1_05150C	4	51	1	13	12	26	0	8	9	11	19	6	0	11	5	48	9	13	5	10	3	36	6	20
C1_05160C	443	368	165	278	263	205	176	74	266	101	215	118	268	154	148	536	1520	188	684	318	588	282	171	300
C1_05170C	161	1011	101	216	31	47	46	68	162	89	90	42	237	47	23	12	18	70	59	72	191	283	37	85
C1_05180C	4	15	4	1	0	3	2	2	7	8	4	3	6	4	17	0	0	0	1	0	1	15	18	8
C1_05190C	5	10	0	7	2	0	1	1	0	21	10	8	1	2	0	1	0	0	1	0	3	19	47	28
C1_05200C	103	282	336	420	208	434	98	67	106	132	345	177	477	64	61	531	600	87	417	194	234	296	207	201
C1_05210C	49	101	47	27	84	82	8	21	25	100	23	11	39	151	8	6	150	6	46	26	60	205	91	26
C1_05220C	72	52	131	5	4	20	43	0	5	18	25	17	1	7	8	1	2	0	2	40	30	50	43	59
C1_05230W	15	14	13	15	8	1	2	1	7	11	31	17	0	5	0	15	9	6	0	7	0	37	50	75
C1_05240C	256	1270	328	846	327	469	258	136	551	390	634	206	369	133	103	495	264	214	243	347	297	322	250	447
C1_05250W	0	0	0	0	0	0	0	0	0	0	0	0	0	0	0	0	0	0	0	0	0	0	0	0
C1_05260C	3411	9591	2700	5407	2603	3564	4484	1580	3738	2180	3349	798	903	1051	726	4110	2338	3589	4648	1568	3228	523	1657	2808
C1_05270C	207	612	83	238	133	76	100	15	29	83	186	33	61	33	48	15	10	32	68	97	53	93	71	163
C1_05280W	182	683	156	327	299	125	57	52	57	137	229	64	54	127	30	11	281	105	73	167	141	207	140	332
C1_05290W	812	1220	318	453	320	439	261	243	222	332	570	227	437	221	186	1203	215	328	636	390	410	367	292	606
C1_05300C	915	1883	658	1036	734	794	422	317	244	429	555	274	931	452	560	126	803	319	699	921	1081	348	647	1073
C1_05310W	261	308	245	218	107	202	74	25	31	64	186	88	27	30	173	261	21	107	240	79	354	70	115	206
C1_05320C	1440	2705	888	1521	1312	1036	630	400	361	1087	1630	888	1073	461	625	2352	734	717	1408	1073	1450	401	1165	1639
C1_05330C	380	827	198	329	202	397	202	26	45	195	354	153	120	82	109	91	254	10	217	151	181	342	334	435
C1_05340C	2858	7510	3879	7296	3995	4123	2105	1576	4001	2460	4793	1584	3133	2155	2838	11266	5228	4842	4455	2184	4716	705	2354	4240
C1_05350W	2525	4166	2355	5842	3400	3348	3729	357	781	2713	4062	1394	2092	812	749	5782	3661	2985	2871	1884	2895	309	2348	3310
C1_05360C	3034	5156	2830	5156	2894	3409	3320	896	717	1995	3280	1134	2641	596	1312	6074	3222	2894	3116	2270	2812	659	1797	3572
C1_05370C	8929	21616	9303	13538	8208	9859	8961	4426	8883	6333	9310	1204	4457	2292	4255	17378	6653	10328	12789	7447	9007	699	2071	4591
C1_05380C	1484	4800	1688	4836	3134	3605	1127	227	260	1943	3149	976	741	962	1275	3313	811	2079	1608	2619	3100	890	1797	4392
C1_05390C	279	604	209	346	180	153	30	19	56	92	168	87	84	36	22	211	224	76	85	25	138	269	98	195
C1_05400C	130	268	108	87	131	54	254	484	641	128	125	109	62	52	16	13	3	82	102	129	179	397	71	102
C1_05410C	898	1624	1168	1695	880	1934	1574	1679	457	732	1436	609	3088	566	1466	4790	825	2365	2927	886	3034	276	827	1391
C1_05420W	103	252	131	414	227	454	208	18	24	231	465	174	130	43	77	603	517	388	329	198	394	173	225	471
C1_05430W	581	1908	519	754	423	666	700	328	718	335	452	135	253	193	275	436	366	608	259	327	669	424	220	648
C1_05440C	2091	4880	947	1363	1160	801	192	41	34	1203	1545	580	158	590	299	211	354	324	154	898	422	228	987	1477
C1_05450W	0	0	0	0	0	0	0	0	0	0	0	0	0	0	0	0	0	0	0	0	0	0	0	0
C1_05460W	865	1647	792	885	730	715	263	506	164	495	870	254	469	524	636	933	152	418	281	807	860	698	449	1012
C1_05470W	279	513	278	228	163	282	106	23	52	64	215	22	13	21	29	130	222	11	281	222	398	127	86	141
C1_05480C	26	98	28	37	6	3	3	7	58	37	132	23	24	0	2	1045	156	32	26	12	14	183	46	80
C1_05490C	47	328	15	123	8	38	3	16	17	12	59	6	9	4	3	4	36	5	1	8	3	109	6	14
C1_05500W	70	191	188	288	246	87	83	32	84	115	199	40	43	77	49	74	9	192	120	153	131	195	78	223
C1_05510C	12	19	0	0	9	2	0	2	1	1	1	0	2	9	1	2	4	0	0	1	2	10	1	7
C1_05520W	137	828	340	620	184	333	310	412	474	257	449	267	135	60	106	267	137	302	168	258	238	188	114	309
C1_05530C	81	178	84	172	49	45	39	17	24	42	82	18	55	135	9	7	3	39	3	36	102	140	58	62
C1_05540C	37	103	4	3	39	5	3	11	19	20	21	8	10	4	112	7	4	2	2	5	31	167	29	15
C1_05550C	0	1	0	0	1	1	0	0	0	0	2	0	0	1	3	0	0	0	0	0	0	2	6	3
C1_05560W	170	363	8	9	10	29	6	67	90	9	17	2	30	11	7	2	1	3	4	5	7	115	13	11
C1_05570W	10	14	4	5	14	16	1	0	0	3	11	4	1	3	0	1	2	1	2	3	1	42	5	13
C1_05580W	1	18	28	18	22	15	22	1	0	23	30	12	3	20	19	3	1	28	7	18	16	29	21	28
C1_05590W	23	332	82	291	242	210	97	7	3	129	233	45	52	120	113	66	15	145	132	98	168	60	105	112
C1_05600W	18975	33493	6245	6920	6187	4426	2504	2246	2136	3930	6198	1964	1816	2444	2437	8607	4676	2793	2578	4380	4809	1000	3691	8477
C1_05610W	408	505	206	308	296	217	40	45	77	198	515	151	212	60	36	627	132	159	53	164	323	351	372	580
C1_05620C	60	227	17	55	51	93	4	2	24	51	157	12	12	10	13	5	12	4	3	36	65	128	115	115
C1_05630C	494	1255	657	1206	535	1073	974	461	2120	401	645	177	2204	928	655	1004	291	369	966	604	721	492	256	739
C1_05640C	273	571	468	689	357	471	211	80	118	448	348	116	191	17	321	177	215	298	480	211	446	238	270	420
C1_05650W	68	259	30	156	61	66	16	16	397	77	38	15	17	4	41	214	102	109	7	25	59	111	34	103
C1_05660C	548	2137	260	987	540	504	13	785	67	285	538	80	231	183	329	15	59	116	157	591	729	437	390	804
C1_05670W	265	634	66	110	105	118	63	75	74	104	248	80	97	88	310	45	41	15	186	108	174	197	146	343
C1_05680C	194	446	9	15	27	9	5	76	92	8	21	4	36	26	24	8	4	4	7	20	15	88	6	49
C1_05690C	35	281	10	50	134	127	130	9	13	32	120	52	9	26	15	354	68	118	8	59	80	135	75	97
C1_05700W	716	1878	578	878	833	261	334	211	568	695	1607	327	581	322	297	161	1418	453	338	506	535	392	677	760
C1_05710C	8570	17191	7673	16128	9686	13723	11451	5577	3888	6782	12215	2870	4630	2869	3757	18883	9182	15762	15628	6837	12455	3617	4456	10809
C1_05720W	972	2058	174	20	58	7	33	424	384	26	54	38	333	227	259	6	4	5	56	60	194	193	50	75
C1_05730W	2	3	0	1	0	0	0	0	0	0	2	2	0	1	1	0	0	0	0	0	0	7	1	3
C1_05740C	17	99	4	98	80	7	1	10	9	52	66	41	3	3	7	4	343	4	6	25	1	151	36	72
C1_05750C	1374	2282	1193	2827	2084	2231	1641	303	127	1494	1933	403	663	829	644	2447	1067	1485	1295	1462	1619	516	627	1123
C1_05760C	778	1194	1188	1463	1445	1758	1206	359	486	802	1392	269	632	247	352	3155	556	1104	1156	749	1030	201	319	853
C1_05770C	400	1289	299	459	365	367	175	180	227	395	675	98	559	158	202	51	60	310	684	421	815	264	294	552
C1_05780W	571	1002	192	332	301	230	343	51	43	157	299	110	206	97	95	20	476	80	44	200	269	477	348	820
C1_05790W	50	25	2	2	6	1	1	5	7	2	21	13	39	11	0	0	9	1	1	3	0	16	7	43
C1_05800C	188	179	47	195	210	30	165	35	45	126	119	60	53	31	68	67	142	192	117	84	171	70	44	122
C1_05810W	161	410	65	278	277	99	426	12	13	143	203	76	27	69	43	10	10	172	278	127	362	27	58	221
C1_05820C	109	469	42	134	178	62	27	10	8	68	196	26	4	15	14	4	28	81	238	83	10	130	45	172
C1_05830W	17	38	78	31	84	4	0	1	3	65	20	18	2	4	6	3	4	0	10	5	29	119	46	105
C1_05840W	69	224	57	90	52	19	2	25	27	49	48	19	9	24	10	7	11	6	5	35	149	172	31	166
C1_05850W	139	169	100	227	108	118	46	26	38	68	163	49	16	33	45	8	45	96	251	172	55	205	71	251
C1_05860W	257	286	81	184	118	79	15	7	7	73	132	53	1	16	45	11	18	184	146	158	94	107	82	207
C1_05870W	147	402	65	153	110	35	1	7	9	115	156	37	7	29	56	11	6	41	39	166	75	98	68	292
C1_05880W	125	308	105	250	131	109	45	195	18	68	129	35	12	3	69	178	9	58	103	74	192	129	113	191
C1_05890W	28	36	131	59	77	21	38	13	14	69	136	31	22	38	17	15	65	172	2	33	95	106	44	72
C1_05900W	1947	2239	2218	3069	2239	2492	2787	922	2404	2370	3858	1867	1640	622	1261	6069	1299	4772	1793	1849	2569	1237	3082	4492
C1_05910W	80	225	24	89	184	106	5	30	28	69	76	12	225	65	19	77	20	35	22	58	104	190	60	80
C1_05920W	72	363	48	218	182	60	88	15	20	160	337	129	157	277	159	11	198	56	65	133	30	175	313	504
C1_05930C	605	1344	927	1771	1666	1434	927	794	1081	1633	2779	487	896	516	361	1804	1082	1391	1496	983	839	301	861	1761
C1_05940W	79	237	161	151	58	126	107	39	75	84	91	16	213	71	19	13	260	84	123	64	117	175	50	69
C1_05950C	77	95	3	9	0	2	1	12	18	17	1	0	5	7	5	4	0	0	2	18	8	63	1	2
C1_05960W	459	887	21	13	74	1	9	85	127	20	7	5	338	77	36	5	1	3	18	50	82	141	23	97
C1_05970W	104	1288	100	125	163	208	137	29	21	340	329	302	8	19	9	14	2	17	16	109	59	200	324	362
C1_05980W	98	866	203	312	274	179	53	13	11	192	331	153	89	56	55	34	242	236	108	123	157	204	245	315
C1_05990C	39	171	43	85	62	56	2	11	10	33	72	16	19	13	29	3	4	5	6	21	8	73	66	41
C1_06000W	148	262	436	492	309	413	56	12	13	227	378	138	109	102	362	25	402	89	221	213	200	207	159	409
C1_06010W	37	120	2	4	12	1	23	8	11	1	5	0	10	27	6	3	9	1	9	9	8	59	3	7
C1_06020W	145	214	35	253	152	55	127	37	23	112	181	43	19	33	17	5	28	32	118	69	18	168	152	327
C1_06030C	3	13	0	0	2	0	0	6	0	0	2	0	3	1	0	0	0	0	0	0	0	17	1	4
C1_06040W	18	38	29	40	57	6	9	1	6	33	99	20	3	80	30	2	95	10	10	10	5	54	26	83
C1_06050C	25	94	23	5	1	5	12	30	27	10	15	3	18	44	20	3	1	2	9	8	4	39	9	10
C1_06060C	19	23	0	4	9	0	0	6	9	5	0	1	4	5	0	0	1	0	0	2	2	26	3	16
C1_06070W	23	29	0	0	9	1	0	3	8	4	2	2	2	3	4	0	0	0	1	2	2	32	7	13
C1_06080C	43	39	3	3	3	0	3	9	13	7	6	3	18	1	15	1	0	1	4	2	2	36	9	22
C1_06090C	374	265	147	593	462	195	126	48	61	252	543	254	285	231	49	167	287	55	110	267	174	297	429	521
C1_06100C	267	643	37	3	3	7	17	70	111	4	4	0	90	74	65	5	11	4	15	37	70	186	8	9
C1_06110C	47	152	12	66	104	24	1	13	3	46	77	60	50	24	31	8	8	6	25	49	25	99	67	140
C1_06120C	7	9	0	11	5	0	0	0	0	0	0	0	0	0	0	0	1	1	0	0	0	18	2	8
C1_06130C	82	216	44	144	31	8	6	21	30	12	30	8	361	64	23	6	30	6	14	74	26	121	110	63
C1_06140C	2	19	0	0	0	0	0	2	3	2	0	2	1	5	1	0	0	0	0	0	1	41	3	2
C1_06150W	30	44	34	129	36	33	5	0	4	56	53	23	4	0	2	16	27	26	5	27	43	57	47	54
C1_06160W	27	96	36	305	11	62	2	1	1	55	44	11	3	0	0	2	33	17	11	30	79	115	40	118
C1_06180W	27	46	21	67	33	9	12	16	5	40	51	16	37	9	30	3	4	7	10	18	21	41	45	36
C1_06190C	0	0	0	0	0	0	0	0	0	0	0	0	0	0	0	0	0	0	0	0	0	0	0	0
C1_06200W	630	655	253	357	214	119	38	231	27	155	168	129	448	257	187	531	103	55	92	214	271	198	256	525
C1_06210W	24	22	13	123	105	28	2	2	1	28	68	9	5	11	11	3	2	0	34	55	15	22	18	135
C1_06220C	0	18	2	2	4	1	0	0	3	13	15	8	0	1	0	0	1	1	0	4	3	41	5	17
C1_06230C	53	189	38	95	89	150	2	11	33	33	137	30	8	45	21	10	242	17	54	21	18	179	138	151
C1_06250W	41	149	9	180	62	9	8	24	14	34	50	8	20	2	111	12	285	34	4	48	10	126	8	115
C1_06260W	41	271	160	119	214	68	24	20	20	244	208	87	4	24	62	72	107	54	95	192	36	199	174	218
C1_06270W	286	440	227	544	700	308	73	26	33	305	372	128	119	290	241	77	187	98	71	439	128	238	341	844
C1_06280C	30	81	19	32	57	46	3	12	3	37	61	2	339	313	93	34	13	19	7	45	170	195	21	11
C1_06290C	62	215	28	40	100	37	2	3	2	30	36	53	1	106	0	1	1	14	1	38	7	29	23	111
C1_06300W	7	10	3	9	6	6	0	1	1	3	8	1	0	0	9	1	0	2	1	2	0	9	1	8
C1_06310W	5	6	2	3	12	9	0	0	0	3	3	0	0	1	7	0	0	1	3	0	0	5	1	12
C1_06320W	41	97	10	52	27	28	11	22	20	47	97	26	12	8	25	5	179	20	1	106	35	136	50	66
C1_06330W	0	1	0	0	0	0	0	0	1	0	0	0	1	0	0	0	0	0	0	3	0	7	2	0
C1_06340W	13	27	9	17	24	54	4	7	7	14	24	13	8	2	26	4	4	0	2	21	8	87	24	22
C1_06350W	88	549	143	188	384	270	72	49	55	194	272	78	75	103	15	49	152	252	80	73	93	211	238	299
C1_06360W	10	41	2	11	3	0	2	3	7	3	5	2	1	2	1	3	1	11	0	22	0	87	3	13
C1_06370C	26	251	52	179	266	92	79	6	7	127	299	100	55	14	148	136	19	21	21	69	80	40	117	231
C1_06380C	3	22	0	2	21	3	0	3	2	10	7	2	0	0	5	0	0	1	1	4	1	20	7	1
C1_06390W	16	4	1	3	0	0	0	0	0	2	0	0	2	11	0	2	3	0	0	0	1	23	1	0
C1_06400C	485	1389	437	1033	662	931	651	65	121	506	557	222	308	133	286	559	184	118	761	436	680	359	297	359
C1_06410W	96	73	15	39	13	6	0	6	6	12	32	0	0	4	1	1	4	39	0	58	102	121	2	31
C1_06420C	154	567	358	688	435	325	233	177	55	374	826	253	1013	148	107	112	159	536	124	484	337	228	390	620
C1_06430C	1220	3076	497	1659	1399	692	417	20	9	498	674	202	354	431	263	17	486	199	281	706	636	115	321	1181
C1_06440C	415	1278	123	428	292	244	114	12	31	164	276	89	147	284	118	289	153	244	383	117	215	155	218	256
C1_06450C	290	624	111	119	55	60	59	225	220	50	70	13	162	192	56	125	81	79	37	39	21	194	27	88
C1_06460C	153	396	8	21	1	1	17	137	142	14	29	10	81	35	17	6	4	2	9	7	21	72	16	17
C1_06470W	67	157	4	3	5	0	1	38	29	0	3	3	21	36	8	0	4	1	15	5	1	57	4	8
C1_06480C	57	115	53	6	6	4	4	29	29	3	16	8	98	91	50	3	17	102	7	12	22	89	36	18
C1_06490C	4	18	0	3	1	0	0	1	2	2	6	6	0	3	0	0	0	0	0	0	0	11	8	9
C1_06500W	275	202	363	710	427	404	202	42	34	232	343	119	291	75	87	253	106	239	117	196	242	85	178	308
C1_06510C	330	454	758	1310	1126	875	238	41	97	657	1228	225	250	141	484	390	190	564	221	452	432	191	548	757
C1_06520C	193	392	102	164	195	194	19	33	42	154	205	184	220	67	174	71	206	115	222	123	130	446	321	357
C1_06530C	1179	1284	877	1159	763	562	579	82	532	708	1204	395	756	265	356	1005	168	594	701	666	1271	683	721	1477
C1_06540C	13	50	2	23	33	45	5	13	14	38	51	29	43	1	2	6	0	20	4	10	19	86	55	75
C1_06550W	4108	10362	3561	6698	4414	5527	2621	5373	2966	2417	3680	1385	3257	1568	2448	9708	5030	4146	5127	3314	2776	1200	1607	4135
C1_06560W	68	127	83	223	111	223	123	57	28	103	216	47	27	130	26	112	18	218	78	167	186	202	162	116
C1_06570W	227	296	374	280	343	383	81	23	20	204	299	83	32	68	87	440	50	477	317	314	540	200	145	208
C1_06580W	809	1933	249	392	180	127	167	445	410	189	272	81	417	586	95	29	14	53	177	149	135	278	184	301
C1_06590C	673	2204	551	2441	1117	1316	317	58	34	669	1344	199	1164	271	573	347	111	678	567	511	1062	223	539	875
C1_06600W	793	1428	491	329	370	384	564	693	186	180	460	135	1909	319	784	399	510	560	381	444	268	384	160	441
C1_06610C	289	429	238	256	482	477	53	32	29	266	344	87	164	462	68	46	13	447	144	279	475	285	166	505
C1_06620C	11	5	0	10	0	1	75	2	2	4	9	1	0	0	0	2	7	4	0	2	0	52	0	5
C1_06630W	981	2804	1299	2761	2576	2460	1367	721	995	1322	2188	491	1346	1298	691	3817	1221	1154	1556	1586	1991	300	1099	2399
C1_06640C	2	19	2	15	8	0	0	1	6	3	6	0	6	1	0	2	1	1	4	22	2	24	13	14
C1_06650W	115	343	70	47	40	31	20	86	151	79	58	14	11	22	14	17	301	32	25	114	9	115	74	125
C1_06660W	176	361	37	42	34	6	54	38	46	47	52	19	50	62	63	10	10	17	6	94	170	303	61	144
C1_06670W	622	1305	999	2051	898	1645	981	206	289	419	881	206	487	546	403	3089	1517	827	1388	733	1793	331	147	555
C1_06680W	1110	1650	859	2110	1333	2188	912	58	37	858	1552	1281	397	522	244	1866	1144	899	830	1294	1835	283	1748	3641
C1_06690W	113	210	75	111	120	124	1	19	21	56	60	63	266	221	46	78	26	66	109	78	188	166	30	102
C1_06700W	86	344	112	190	75	123	4	26	30	130	94	42	217	56	78	495	7	196	15	33	100	138	69	135
C1_06710W	72	213	93	184	144	91	19	11	19	287	267	87	35	274	181	16	16	55	91	170	111	137	194	266
C1_06720C	150	1006	326	323	252	363	151	675	20	207	466	118	462	222	27	25	48	141	289	196	420	195	138	269
C1_06730W	155	257	36	71	105	89	204	57	75	71	113	71	34	33	96	34	129	14	76	58	111	165	41	115
C1_06740C	50	25	3	19	3	3	1	8	10	17	5	7	0	0	0	7	3	1	2	3	1	121	3	11
C1_06750W	44	297	52	112	66	42	18	6	7	38	102	15	69	7	46	6	33	8	4	28	47	94	34	83
C1_06760C	517	824	285	845	538	433	290	198	15	403	710	201	291	122	185	861	241	332	83	294	241	226	466	712
C1_06770W	4131	9757	10217	16665	12994	19430	12156	21937	21062	8030	12067	1983	7083	4362	3594	29624	8556	13561	16959	7817	13985	788	2554	3462
C1_06780W	556	1338	503	568	485	439	217	93	102	335	558	116	340	187	354	108	168	198	830	430	972	448	207	524
C1_06790C	153	149	6	86	84	24	177	13	13	19	32	24	8	54	100	8	4	0	23	28	4	111	45	77
C1_06800W	256	569	88	243	275	215	59	8	19	122	259	94	2	60	34	218	161	184	107	128	93	135	189	275
C1_06810W	2472	3835	3271	1865	1595	1866	2356	4372	2731	1436	4253	1773	3484	1039	1366	8669	9071	4681	4340	2513	3361	1540	1202	1481
C1_06820W	46	128	18	238	261	281	3	54	29	129	228	26	58	47	29	28	8	30	445	95	22	224	44	134
C1_06830W	9	7	0	30	12	10	1	0	0	5	21	15	0	1	0	0	0	1	0	14	0	17	7	22
C1_06840C	19	62	19	85	73	26	2	8	7	24	59	31	2	27	29	35	1	6	1	13	6	40	32	72
C1_06850W	1024	2600	913	859	431	562	617	2187	1098	372	744	194	2231	725	972	1785	902	484	662	448	1148	380	360	398
C1_06860W	93	744	331	920	607	645	150	24	355	485	784	189	501	148	196	599	611	452	312	382	552	174	424	717
C1_06870C	12	29	3	25	32	0	1	31	62	4	16	19	110	0	1	4	68	1	2	13	65	50	6	28
C1_06880C	601	1144	345	1399	705	570	249	39	7	403	757	170	295	180	67	71	149	228	196	468	488	266	356	807
C1_06890C	751	1161	391	631	404	170	330	155	159	321	590	172	189	74	123	101	144	248	178	252	268	106	265	566
C1_06900C	457	920	598	525	372	545	187	131	247	351	566	83	292	154	124	1191	13	500	180	354	301	140	280	627
C1_06910C	1175	2241	1964	3011	2558	3587	2598	887	572	2076	3353	851	1948	626	1416	5177	2449	2560	4384	2048	3063	678	1340	2896
C1_06920C	1551	3069	1372	1692	1092	1405	1268	2261	527	1103	1724	547	423	239	623	3603	1200	2152	998	826	1982	522	986	1805
C1_06930W	8073	15946	9010	9524	5252	7398	7138	4404	5781	4079	6183	1993	8781	4084	4365	8244	2582	6539	7631	5234	8416	1167	2923	5416
C1_06940C	10340	17313	4812	6613	3842	5079	3633	3573	2417	2715	3578	844	1579	1483	2218	4636	953	3681	3394	2987	3636	746	1494	2850
C1_06950C	42	58	12	7	41	8	5	7	10	10	9	4	18	12	20	5	1	0	3	19	2	66	16	36
C1_06960W	135	639	784	1054	631	934	449	78	48	312	362	66	663	285	73	257	371	622	391	647	539	197	122	242
C1_06970C	1198	2199	691	586	643	635	622	80	78	541	597	375	351	101	414	286	553	472	445	662	1359	436	889	1779
C1_06980C	6215	18665	4002	4830	3388	3427	3532	453	2732	1663	2030	1297	2253	930	1387	5436	4168	3554	4499	1948	5491	922	1823	4530
C1_06990C	91	71	28	112	64	31	5	6	4	31	70	29	1	4	12	3	2	32	6	45	61	72	34	193
C1_07000W	2284	6235	4599	6816	4773	6414	4205	1358	538	2934	5862	1704	1518	1412	1890	10771	1988	4003	4746	2522	3460	1160	2035	3923
C1_07010W	141	116	135	112	49	47	31	17	30	29	85	15	568	35	94	5	12	2	96	104	80	187	87	73
C1_07020C	406	1151	409	1345	636	1194	883	192	144	679	557	142	845	782	220	789	631	740	388	317	876	467	205	772
C1_07030C	1557	3605	656	1159	671	265	568	254	50	560	787	261	1525	775	781	124	1402	273	241	533	525	371	801	1117
C1_07040C	149	79	97	270	168	79	12	8	4	97	167	64	21	1	41	838	4	36	47	103	41	184	170	443
C1_07050C	140	441	81	262	229	87	53	453	38	156	170	63	105	127	197	22	7	47	81	120	61	275	230	560
C1_07060C	7	52	4	12	41	30	4	12	13	11	5	3	28	11	0	2	0	5	3	7	8	74	1	36
C1_07070C	3377	5135	2404	969	649	292	1483	2699	894	342	591	189	6549	1638	1723	729	271	404	2561	2047	4507	396	513	567
C1_07080W	43	114	70	58	139	60	37	23	27	64	111	90	72	2	35	28	19	12	64	46	15	244	229	180
C1_07090C	192	504	153	423	292	377	46	32	68	133	186	90	80	128	90	33	22	98	86	269	415	270	180	335
C1_07100C	99	301	221	628	543	260	151	119	48	358	558	248	120	406	108	399	144	130	207	253	145	79	454	890
C1_07110W	7487	18916	2368	6122	4142	3801	1677	1058	615	3339	4400	1628	1053	910	1374	2554	1352	1872	2194	2987	2873	1024	2545	5246
C1_07120W	1781	5201	1709	2084	1519	1089	914	551	98	1083	1256	364	1144	447	1497	1978	1057	670	572	1148	1753	466	548	1187
C1_07130C	1044	1294	1114	2617	1526	1879	1361	288	623	911	1790	497	607	557	201	2007	413	1281	1533	889	1332	1135	781	1347
C1_07140C	779	1911	942	1658	913	1242	1307	148	91	445	1236	324	928	152	556	4355	1480	2014	812	842	835	596	419	1308
C1_07150W	4	89	13	14	12	1	2	2	3	14	15	7	0	0	9	4	1	0	2	7	6	31	8	17
C1_07160C	7	133	10	47	8	22	1	24	29	12	24	16	12	6	4	38	113	53	26	12	9	1059	16	12
C1_07170C	2363	6327	2233	3662	2063	3685	3487	2346	1402	2141	3765	1258	880	1263	691	8284	4953	3949	3535	1956	3927	944	1792	3883
C1_07180W	350	1146	361	1550	800	562	392	92	92	728	1336	404	118	360	281	132	63	198	523	635	538	271	800	1229
C1_07190W	1174	2563	1172	2052	1083	1024	507	735	185	713	1337	475	592	201	530	1478	450	666	838	685	1611	686	931	1334
C1_07200W	364	449	536	831	805	977	346	95	71	621	969	184	182	56	315	1400	411	1039	367	615	1118	274	518	738
C1_07210C	545	1916	879	1112	792	486	830	342	757	618	968	280	299	401	695	207	189	525	311	581	1214	465	617	755
C1_07220W	10	325	16	100	39	152	26	62	7	45	84	51	28	0	3	41	129	130	103	37	18	245	68	93
C1_07230W	118	432	64	83	37	6	9	80	87	10	19	3	546	113	289	4	1	4	15	80	69	114	15	15
C1_07240W	459	837	137	249	143	467	12	244	130	82	112	47	26	77	21	16	49	11	248	120	155	182	85	285
C1_07250C	5138	7704	4225	5572	3760	5085	4502	617	141	2819	4168	3262	2920	915	2397	7423	4266	5005	4820	3397	4158	595	4050	6571
C1_07260C	455	1298	657	1276	584	608	878	34	90	385	638	164	379	153	270	1579	201	612	694	319	891	354	210	609
C1_07270W	157	478	90	271	194	129	73	39	39	105	256	70	259	215	89	22	25	198	69	174	249	294	153	252
C1_07280C	25	85	14	101	134	66	35	4	3	62	142	29	51	128	64	13	12	115	29	55	72	22	76	87
C1_07290W	74	231	79	275	278	169	125	4	3	114	333	87	112	282	126	116	14	329	94	145	218	55	147	239
C1_07310C	69	12	7	55	4	2	0	3	3	8	19	6	0	1	1	8	4	1	0	7	10	50	21	18
C1_07320W	5	6	40	22	2	0	0	2	0	8	2	2	0	1	2	2	0	0	1	4	1	25	2	6
C1_07330W	1423	2348	1886	3644	2216	2082	772	839	496	1005	1806	1076	1237	727	594	2074	3545	3329	2104	1222	2602	731	2604	2760
C1_07340W	535	1247	309	610	362	214	151	132	130	262	408	27	213	133	231	221	116	84	321	213	428	435	169	270
C1_07350C	52	63	6	26	2	27	0	5	18	13	58	0	5	4	32	44	6	113	4	6	3	83	1	3
C1_07360W	1710	3586	1464	3036	2134	2370	1846	955	1800	1471	2608	1235	733	569	1541	3203	3095	2911	2461	1614	1872	812	1503	2383
C1_07370C	930	1686	652	790	620	554	359	161	168	410	617	180	857	481	489	649	21	324	906	274	1225	468	458	533
C1_07380C	728	1157	203	889	721	626	557	105	108	407	647	75	251	192	257	57	158	215	407	250	469	414	128	335
C1_07390W	32	122	22	21	20	50	1	8	13	32	72	24	14	32	6	22	7	17	22	86	2	184	120	171
C1_07400C	33	154	55	47	89	62	54	8	125	124	167	60	23	50	10	16	125	10	67	108	46	190	226	191
C1_07410C	106	247	6	12	5	34	2	58	60	43	38	26	22	15	4	1	11	4	18	17	9	109	32	21
C1_07420C	57	81	9	126	109	55	28	7	2	88	91	72	20	128	20	63	51	32	37	44	28	117	111	291
C1_07430W	47	158	14	43	12	5	3	8	29	15	58	6	5	6	8	13	171	107	5	13	17	178	11	43
C1_07440W	1152	5634	1270	1861	1576	1162	951	287	456	623	1033	316	465	488	708	2253	888	929	1439	650	834	685	661	1600
C1_07450W	36	109	34	97	141	28	4	6	8	65	90	36	10	36	16	2	35	25	26	58	34	25	88	103
C1_07460C	652	1299	655	1309	1141	458	258	31	73	598	789	356	253	267	224	58	138	445	390	749	535	268	560	1094
C1_07470C	740	3383	467	1106	1205	1206	418	68	46	908	1038	298	266	192	238	1156	168	968	462	886	451	266	608	1328
C1_07480C	489	665	409	670	533	563	287	117	239	293	460	108	294	536	156	556	199	330	677	231	455	180	170	388
C1_07490C	35	320	28	14	35	16	6	2	60	27	33	12	32	10	16	11	2	24	22	44	85	139	26	45
C1_07500C	17	98	4	3	0	1	2	7	25	1	3	0	13	4	0	4	0	3	1	3	2	78	1	3
C1_07510W	25	26	9	26	19	1	2	2	6	2	7	6	1	12	1	2	0	5	0	2	3	47	3	4
C1_07520C	519	920	573	396	563	288	339	310	134	303	458	187	821	285	497	295	174	274	352	344	599	276	378	946
C1_07530W	36	82	38	94	110	34	4	12	12	56	83	43	14	46	16	6	36	22	23	50	34	44	68	77
C1_07540C	4313	8124	3922	3699	2462	4945	3028	4991	3948	1240	2368	879	1836	857	1677	3112	2432	2763	2984	2303	4499	1265	964	1487
C1_07550W	1290	3627	604	1493	868	1322	1330	175	170	769	1331	434	32	382	202	1534	883	805	589	531	788	192	599	1085
C1_07560W	153	144	8	50	102	33	2	67	3	85	60	41	59	8	67	2	38	17	14	48	96	109	90	104
C1_07570C	14	27	32	72	104	93	61	14	0	68	43	6	69	77	2	79	5	14	45	88	59	113	27	30
C1_07580C	899	998	1178	1769	1324	1641	777	385	809	901	2031	713	260	455	362	2057	1012	734	1339	865	1030	347	825	1295
C1_07590C	21	54	26	45	3	2	7	3	11	4	16	1	16	10	13	1	3	0	1	5	6	116	13	56
C1_07600W	80	215	52	100	131	167	25	55	59	96	111	37	25	15	18	78	8	26	39	44	23	84	29	132
C1_07610C	6	7	1	16	7	0	0	2	0	10	12	0	0	13	21	0	0	0	1	1	0	34	4	2
C1_07620C	23	31	5	3	2	24	0	5	4	1	11	0	4	2	4	1	1	0	0	2	0	84	2	2
C1_07630W	29	35	2	2	2	3	1	9	12	4	4	1	27	6	2	7	2	1	2	3	2	50	21	26
C1_07640C	12	11	2	2	23	1	0	6	1	7	25	8	1	1	4	2	2	12	0	0	2	32	20	17
C1_07650W	322	695	255	724	244	396	221	48	16	228	395	177	697	397	351	1513	32	217	389	225	223	162	280	486
C1_07660W	0	2	0	2	0	1	0	0	0	1	6	0	0	0	0	0	0	0	0	0	0	36	2	6
C1_07670W	3	5	1	1	19	0	0	0	1	0	4	1	0	3	0	0	1	0	0	1	0	25	6	6
C1_07680W	15	45	5	11	7	5	1	10	10	2	5	2	1	3	2	2	3	2	7	7	1	97	6	13
C1_07690C	22	43	7	6	2	0	1	7	8	6	5	1	60	61	20	5	0	0	1	16	3	60	12	16
C1_07700C	29	88	5	22	5	6	2	20	27	10	9	0	48	37	57	2	0	3	7	1	18	121	7	24
C1_07710C	185	378	105	157	147	112	138	38	9	149	114	55	28	19	38	221	212	12	87	123	13	91	75	125
C1_07770W	227	720	214	380	339	455	117	63	144	242	418	137	324	171	94	113	63	182	109	233	355	101	348	410
C1_07780W	3705	6923	1222	3810	2671	2429	668	96	81	1314	1968	745	544	529	1112	757	1038	890	1289	1465	1435	315	917	2239
C1_07790C	16	163	25	100	79	74	25	2	6	42	87	21	31	26	36	48	19	49	30	70	16	72	59	186
C1_07800W	308	1145	193	862	459	647	369	47	23	701	702	225	245	126	244	304	674	429	290	239	196	256	424	644
C1_07810C	540	420	191	724	415	422	357	29	269	362	531	190	95	26	100	282	342	280	413	347	737	347	358	591
C1_07820W	45	120	56	168	107	27	5	7	8	133	167	68	26	14	11	4	22	4	7	103	46	104	156	318
C1_07830C	79	32	35	140	58	22	21	5	7	102	100	34	6	43	36	17	3	3	20	63	39	63	61	103
C1_07840W	191	228	91	199	169	114	46	35	31	183	198	66	37	67	46	23	17	8	78	110	124	125	129	269
C1_07850C	70	234	47	178	228	109	28	13	4	171	229	117	22	81	41	4	151	129	23	72	83	115	230	357
C1_07860W	23	33	22	30	38	13	2	2	1	40	63	8	1	12	1	6	6	2	4	52	5	73	29	53
C1_07870C	276	765	246	349	155	212	86	103	115	270	271	69	208	45	67	904	53	123	67	93	87	401	148	195
C1_07880C	511	672	127	72	127	70	227	46	84	46	188	94	636	457	75	6	12	7	99	257	140	131	101	121
C1_07890C	32	258	81	109	153	112	6	16	24	70	76	59	127	71	119	6	43	3	18	84	35	214	107	150
C1_07900W	82	146	7	4	7	2	2	66	63	1	3	1	17	55	0	1	0	1	5	2	5	44	1	1
C1_07910C	28	67	9	48	34	6	7	9	13	45	118	46	27	42	36	3	2	16	8	46	18	98	87	166
C1_07920W	5	14	1	2	3	1	0	6	4	2	12	1	0	6	0	0	2	2	0	0	2	10	3	2
C1_07930C	24	76	4	57	38	3	3	5	5	34	58	35	18	26	30	1	8	2	3	15	7	33	33	63
C1_07940W	0	25	0	3	1	0	0	3	0	1	0	0	0	0	0	0	0	0	1	0	3	12	0	0
C1_07950C	4	1	0	1	11	3	0	0	2	0	2	0	0	1	0	1	0	1	0	1	0	23	0	2
C1_07960W	17	17	1	2	0	0	2	0	1	3	1	0	1	2	0	0	0	22	0	1	0	21	3	3
C1_07970C	411	1736	316	589	879	611	166	117	209	659	1175	212	339	332	193	415	553	758	295	381	444	289	540	677
C1_07980C	59	47	1	82	128	23	2	6	10	14	52	42	3	2	1	1	43	60	54	7	5	134	66	59
C1_07990C	68	287	62	58	37	58	22	151	37	49	109	13	28	18	15	26	17	153	11	22	27	117	37	57
C1_08000W	1230	3114	1692	3362	2232	2212	2271	1876	649	1513	1916	681	1895	872	1124	2970	925	1516	2151	1884	2882	640	1080	2144
C1_08010W	203	489	150	68	89	100	4	67	69	49	83	47	119	26	44	31	0	8	37	42	61	150	44	77
C1_08020W	234	1066	331	400	278	267	113	27	21	146	241	97	182	52	244	123	109	33	156	188	245	278	162	403
C1_08030W	439	658	233	374	278	486	196	416	370	87	163	66	631	349	502	1127	82	170	291	165	207	177	103	171
C1_08040W	37	61	26	70	41	37	6	19	18	22	38	18	17	17	17	2	144	5	15	43	93	109	38	106
C1_08050W	82	149	24	51	39	52	10	50	75	55	55	19	133	7	11	74	20	2	23	6	12	94	56	86
C1_08060W	56	156	47	109	107	70	56	36	33	84	165	60	16	15	9	8	3	83	75	60	64	58	100	211
C1_08070W	11528	27224	8480	6889	6114	6499	5484	3939	3053	4299	7778	2347	6957	2354	3817	7658	8956	6564	17111	8840	15288	1769	4270	7470
C1_08080C	1185	1681	753	1793	1305	640	497	25	24	978	1196	364	461	74	511	429	276	483	750	660	1054	94	566	1172
C1_08090C	4941	12404	4638	7687	4461	5565	3660	1638	682	3022	4553	1437	3933	1837	3645	6445	1452	3310	4279	2851	5083	979	2322	5560
C1_08100W	1248	2315	771	1506	1132	1813	2094	372	594	1055	1724	737	147	304	513	2683	828	1253	980	779	990	389	908	2024
C1_08110W	3058	3959	1901	2653	1868	1207	1491	443	125	1954	3417	1041	1082	479	1111	2966	1834	2417	1645	1318	1477	773	1951	2717
C1_08120W	8119	22282	6176	7278	4382	6935	10140	7467	6407	3981	6309	2078	3816	2052	2687	14352	7303	11906	11146	3686	9326	899	2232	5807
C1_08130C	3067	7254	2367	3917	2557	2571	2240	619	973	2312	2698	1337	1364	479	1046	5179	1504	2467	3127	1644	2260	520	2074	3243
C1_08140W	125	753	487	415	284	213	231	156	881	360	431	224	337	112	668	884	103	436	226	274	416	562	415	469
C1_08150C	23	157	48	47	85	63	6	10	2	65	104	50	15	7	44	162	2	14	9	25	3	59	92	83
C1_08160W	371	888	56	231	122	44	47	18	18	48	173	35	13	49	10	8	5	55	17	72	11	137	103	155
C1_08170C	169	398	12	344	143	225	22	29	210	65	156	28	49	350	52	56	112	5	11	59	22	279	84	189
C1_08180C	1844	5003	2242	3698	2088	2558	1650	1128	1205	1637	2769	865	2617	899	1599	4342	2758	1655	2702	1565	3020	1144	1217	2159
C1_08190C	845	1880	309	1099	926	406	533	55	65	775	1341	405	250	394	431	270	131	527	447	580	610	412	526	907
C1_08200W	195	137	65	284	127	235	16	21	13	152	188	20	3	14	70	11	476	12	217	37	118	183	82	226
C1_08210C	3278	9908	3239	6368	3198	5432	2005	1062	748	2649	4594	1823	5037	1341	1920	5750	2305	5245	4889	2405	5168	1490	2662	5625
C1_08220W	2796	6035	3092	8980	5397	6885	3120	2923	1720	3794	5877	759	2294	2451	2219	14394	4524	6784	3997	2426	4551	728	1485	2991
C1_08230C	1413	2448	913	1739	1158	1120	480	182	1032	1134	1303	564	514	375	599	1998	796	1063	365	775	1542	481	1088	1900
C1_08240C	147	1098	499	430	475	637	338	44	54	474	419	261	82	101	303	1063	437	492	235	234	449	199	423	621
C1_08260C	409	944	480	828	802	67	17	12	11	603	809	274	114	72	128	4	38	13	86	437	215	94	458	1079
C1_08270C	4692	7590	5066	7369	3897	2617	3502	2988	4808	3530	5300	1770	3199	1755	2635	5296	4849	3856	2829	3376	4467	998	2687	5487
C1_08290C	223	206	55	181	179	103	7	7	14	215	142	46	9	25	21	70	331	6	139	81	50	275	97	172
C1_08300W	1193	3705	916	2061	1159	2082	756	308	528	820	1799	212	1028	255	396	4487	1128	772	1197	1041	894	490	408	782
C1_08310W	1521	944	1331	3359	1588	1607	653	104	93	1331	1689	460	97	528	621	1678	1180	1693	1170	893	1398	418	1074	2066
C1_08320W	8148	17348	8586	4649	2305	3134	3335	5350	5198	1569	2993	742	18694	6730	9267	5472	3751	3139	6102	3880	9926	537	1028	1885
C1_08330C	1942	3787	1202	2047	867	1327	657	205	1101	807	1342	358	1218	384	922	2075	1223	1201	1298	956	1254	480	693	1120
C1_08340C	70	292	59	62	80	115	52	35	32	73	95	58	9	28	80	10	38	158	20	179	30	173	110	193
C1_08350C	236	614	21	122	65	56	22	526	508	18	30	18	102	67	32	48	202	44	93	33	39	1651	50	65
C1_08360C	3297	8011	2709	738	387	333	1881	7424	4996	413	385	208	14152	5530	4524	294	226	329	2750	1469	4358	542	551	642
C1_08370W	409	1493	380	973	473	378	140	184	220	185	704	313	975	400	653	240	681	499	743	650	645	622	530	567
C1_08380W	1783	4611	1549	166	90	100	907	1085	1249	47	117	61	11258	2578	2852	271	265	48	1133	764	1870	202	172	163
C1_08390C	662	2717	1248	2339	936	1107	1232	2642	236	1402	2227	373	1792	203	235	3920	2043	1783	1415	646	740	465	578	891
C1_08400C	507	611	145	690	493	478	228	187	117	281	487	164	556	141	83	475	22	554	165	361	520	576	224	285
C1_08410C	185	330	112	114	87	29	234	129	98	78	164	25	668	89	48	11	19	58	24	131	197	222	41	144
C1_08420W	316	314	69	169	63	67	280	54	31	83	71	18	140	176	57	11	6	13	26	65	175	319	61	247
C1_08430W	348	986	184	459	422	243	105	76	62	552	791	516	209	354	101	281	225	238	162	366	330	242	969	886
C1_08440C	66	357	72	282	214	143	53	8	7	248	444	282	102	138	55	167	131	76	99	209	128	130	444	511
C1_08450C	162	242	20	71	52	21	9	44	62	48	86	90	108	47	36	21	69	2	72	52	108	127	152	137
C1_08460C	1234	3891	2594	3038	2182	2946	1040	500	1228	1348	2253	820	4592	1137	2013	3177	1715	1716	2538	1730	2457	852	1353	3378
C1_08470W	62	103	185	93	93	118	11	11	12	46	147	12	18	62	28	85	5	31	28	59	144	75	36	180
C1_08480C	226	359	69	210	238	217	40	19	15	128	186	13	32	129	112	100	6	85	11	125	240	73	73	206
C1_08490W	695	1516	551	560	538	760	954	49	56	602	701	143	585	152	636	1766	231	262	468	433	531	241	286	797
C1_08500C	37293	83251	18861	411	405	378	8315	29862	27556	280	447	187	84438	22067	30721	750	182	143	10628	7650	20055	1054	433	443
C1_08510W	23	315	16	83	24	12	4	16	10	11	49	5	14	16	1	5	12	12	8	59	14	174	40	93
C1_08520C	325	1829	784	1016	808	930	868	45	20	583	706	719	1060	260	196	858	452	983	494	441	892	218	949	1621
C1_08530W	160	446	293	443	266	191	104	26	26	238	293	192	277	63	114	68	305	135	107	196	195	240	342	518
C1_08540C	999	1523	337	219	281	153	24	347	88	123	146	121	1617	140	123	16	473	25	203	294	245	448	130	159
C1_08550C	114	218	21	8	9	50	4	49	49	18	5	5	34	23	15	2	2	3	2	5	5	119	8	17
C1_08560W	139	308	33	178	172	66	68	64	106	87	166	61	251	238	314	11	30	117	99	41	97	199	76	64
C1_08570C	14	20	8	5	95	7	3	22	9	47	56	18	343	127	8	0	31	3	8	27	6	43	65	31
C1_08580C	456	352	488	443	291	107	48	742	76	183	479	206	462	248	609	40	481	312	123	134	481	279	299	520
C1_08590C	2538	7571	1784	3289	1888	2384	1515	2192	1724	1555	2435	639	3474	2157	2167	3254	793	2516	2599	1549	2657	849	1210	2993
C1_08600C	440	716	167	411	300	199	222	65	90	248	384	119	99	87	191	202	15	22	70	184	606	344	205	395
C1_08610C	488	1052	84	108	97	71	13	266	285	85	188	70	157	60	22	13	113	27	28	83	58	406	235	381
C1_08620W	306	1150	406	801	640	411	493	347	308	654	986	222	463	191	740	534	148	725	380	362	633	298	731	980
C1_08630W	809	2917	363	914	1330	1045	204	25	67	580	594	202	330	331	567	340	507	335	279	1271	355	214	668	1273
C1_08640W	3316	7011	1649	2661	1549	1460	1256	103	120	1501	2527	1221	951	523	968	1135	1376	2137	1276	890	1737	454	1675	3057
C1_08650C	3453	8062	1284	2912	2602	1327	884	51	56	3315	4960	2705	848	679	850	436	1396	1539	1449	1338	1708	234	4577	5654
C1_08660C	373	1636	230	257	330	116	112	13	10	216	344	95	87	162	114	17	37	43	169	333	322	98	82	227
C1_08670W	601	2733	1240	1576	1137	1251	462	89	318	832	1519	704	281	395	394	1161	1177	825	747	848	1211	501	1078	1681
C1_08680C	1022	1557	793	1106	676	770	836	428	560	608	692	122	422	22	141	770	799	480	550	412	447	280	313	441
C1_08690W	12	33	11	10	4	3	3	15	9	26	13	5	4	2	6	3	33	1	20	27	21	47	20	66
C1_08700W	2218	5853	2829	4533	2799	4197	2912	921	832	1518	2531	510	1548	614	1191	5942	3146	3256	2674	1523	3301	724	921	1489
C1_08710W	106	331	252	313	199	271	241	97	127	151	401	30	213	51	90	200	25	41	292	167	216	59	77	191
C1_08730W	611	1143	394	705	415	253	283	43	251	226	522	188	117	400	114	154	440	296	144	411	522	148	359	1054
C1_08740C	1253	3395	2213	2162	1004	1302	569	658	1916	843	1549	639	2421	1676	1936	588	543	471	2476	1233	2172	598	839	1997
C1_08750W	307	1331	369	882	536	306	104	18	23	318	617	132	21	92	222	257	34	308	232	416	461	211	148	787
C1_08760W	37	114	7	151	106	23	23	15	9	83	69	54	5	8	28	16	12	23	6	95	136	129	45	166
C1_08770W	195	143	82	297	125	82	107	29	35	67	88	40	24	12	98	22	9	31	39	67	269	151	80	145
C1_08780W	1209	3311	929	2424	1865	1634	531	84	163	1854	2888	592	648	391	442	1927	854	1151	981	1177	1346	368	980	2029
C1_08790W	2859	6954	3042	3800	2432	2033	1207	956	1413	1382	2530	645	5784	2287	1793	2164	1167	2191	5204	4548	6662	499	1507	3481
C1_08800W	246	455	349	753	451	381	44	40	56	352	472	239	460	114	91	56	198	194	148	360	471	241	439	709
C1_08810C	148	354	13	58	59	81	13	13	22	75	89	30	199	14	45	8	95	15	32	40	25	162	68	142
C1_08820C	13	27	0	1	11	2	0	6	4	23	1	4	1	3	0	4	38	17	0	8	6	80	11	12
C1_08830C	72	554	110	235	189	93	14	9	8	90	78	30	56	49	10	71	76	57	32	124	35	105	142	293
C1_08840W	164	962	299	626	308	167	7	22	12	177	491	143	54	76	162	180	211	43	65	335	130	169	381	601
C1_08850C	100	205	148	281	249	198	29	184	60	189	283	175	21	34	60	71	22	220	150	187	153	254	315	403
C1_08860C	937	2555	1234	1552	1121	1273	361	1416	123	736	1225	190	563	606	260	766	1317	362	828	818	1347	308	468	880
C1_08870C	608	1183	357	1832	697	720	196	122	25	369	714	178	330	93	575	1003	483	225	565	488	547	237	338	862
C1_08880W	166	872	131	535	568	105	24	26	48	273	403	187	102	174	134	28	199	23	50	420	178	97	270	729
C1_08890C	22	123	30	129	143	13	15	0	0	54	65	33	21	23	28	1	4	3	14	95	45	18	46	171
C1_08900W	1278	3027	1314	2013	1597	1791	1021	659	1141	1499	2509	809	1023	515	510	4080	1289	1070	1337	1793	1876	269	1025	2156
C1_08910C	74	91	23	144	84	23	3	3	6	97	103	44	5	109	20	6	9	3	9	66	29	78	73	198
C1_08920W	33	81	17	110	78	8	0	4	5	53	92	29	13	22	46	4	66	1	0	25	25	47	36	126
C1_08930C	21	45	3	3	4	3	2	4	8	2	6	1	7	2	1	11	0	2	2	1	0	47	5	20
C1_08940C	905	2536	1388	1943	1804	1797	951	167	131	1158	2118	464	1436	295	1093	3091	715	2150	2446	1430	2202	481	1135	1786
C1_08950W	654	981	409	837	735	693	93	182	219	576	825	188	285	311	142	498	283	393	350	437	337	475	335	516
C1_08960W	31	67	2	3	2	1	1	12	25	2	10	9	26	61	17	1	6	0	2	1	3	21	4	3
C1_08970W	7	21	0	2	0	0	0	6	8	0	0	0	1	4	0	4	0	0	0	2	1	31	0	3
C1_08980C	148	377	27	1	34	2	10	70	74	8	7	2	167	128	44	9	2	1	39	43	31	76	5	10
C1_08990C	695	1571	256	724	468	267	307	39	52	300	694	176	311	159	182	362	28	744	505	551	213	346	377	478
C1_09000W	136	295	65	219	247	138	127	41	94	234	227	72	33	43	34	166	49	107	73	48	30	198	170	275
C1_09010W	31	167	9	66	42	37	5	13	8	57	47	26	5	4	29	8	20	15	4	41	3	100	100	85
C1_09020W	41	64	0	5	13	3	0	8	14	9	20	3	12	6	5	5	0	1	5	8	10	63	4	20
C1_09030C	138	254	6	1	3	12	25	37	37	1	14	1	59	155	4	2	2	0	26	27	64	88	16	2
C1_09040C	7	16	0	3	3	2	2	4	0	13	2	16	1	8	0	1	0	1	0	10	0	50	3	23
C1_09050W	22	40	21	2	25	47	0	7	9	12	10	2	4	2	3	342	1	4	56	1	4	194	21	8
C1_09060C	3	29	0	1	2	0	0	4	3	3	3	0	4	5	4	0	0	0	2	0	2	17	13	3
C1_09070W	48	34	6	27	28	9	4	8	3	22	36	22	40	4	12	3	0	21	3	21	48	67	67	83
C1_09080C	138	734	535	418	384	269	122	946	889	238	388	370	4130	3650	1471	168	102	144	173	278	477	239	531	818
C1_09090C	79	128	71	86	77	28	42	26	87	26	139	16	42	11	32	4	311	12	25	27	12	237	96	63
C1_09100W	180	359	165	477	408	626	110	378	56	165	485	147	46	16	108	320	13	112	55	191	263	80	355	375
C1_09110W	26	49	8	59	73	23	3	3	0	39	52	22	2	8	17	14	4	9	1	11	17	43	52	36
C1_09120W	148	801	229	464	563	349	199	263	35	333	427	251	63	212	80	95	129	170	151	316	110	177	472	858
C1_09130W	169	829	126	647	285	492	111	16	12	343	532	166	467	144	249	713	53	336	351	275	215	222	449	368
C1_09140C	27	114	32	10	21	4	4	14	30	24	17	26	9	57	22	5	7	8	4	13	6	144	15	21
C1_09150W	25	49	6	9	0	21	26	11	13	11	22	15	2	1	1	17	105	23	14	19	9	255	24	27
C1_09160W	159	219	298	769	551	939	135	42	22	177	357	150	453	374	57	1228	121	441	776	217	850	158	123	557
C1_09170W	1444	2071	1138	2497	1618	2132	1125	539	110	1061	1481	470	1339	440	597	1105	1120	800	1945	1706	1220	319	863	1311
C1_09180W	2575	5635	1745	4060	2184	2980	1882	1332	2866	1492	2197	544	626	619	444	2661	2117	1607	1524	1528	1919	509	1085	1605
C1_09190C	1695	3211	587	408	376	351	141	397	525	224	471	107	1524	298	410	35	197	282	206	430	582	359	175	667
C1_09200W	898	2348	703	786	889	608	147	49	99	849	1395	542	147	500	312	883	738	340	233	555	574	426	1539	1530
C1_09210C	341	361	303	601	599	458	102	29	20	364	719	431	123	41	50	36	375	403	78	313	310	543	882	1153
C1_09220W	144	601	103	247	295	297	268	206	170	175	150	91	256	156	80	93	13	20	192	128	441	162	116	274
C1_09230C	148	303	222	527	359	332	37	65	11	395	467	143	68	78	40	101	33	206	118	155	212	183	306	553
C1_09240C	166	232	182	329	288	264	27	18	15	349	570	105	37	158	76	235	23	295	56	194	301	209	389	472
C1_09250W	1843	6211	1384	2093	1582	1387	884	428	335	1360	1847	938	1585	208	1145	2804	1027	790	1500	1053	1624	899	1850	3584
C1_09260C	739	1318	337	779	575	271	304	320	51	468	721	507	71	58	385	139	118	452	181	270	320	259	836	1448
C1_09270W	496	1181	179	960	652	286	515	205	463	392	515	234	23	248	94	219	67	552	248	286	384	221	277	480
C1_09280W	2599	2929	2169	3509	1768	3097	3634	2221	3467	1374	2754	390	861	263	829	2577	3910	6030	3183	1328	2397	433	786	1415
C1_09290C	765	1544	835	695	285	419	660	1380	1356	311	358	250	2030	873	795	165	452	402	766	770	2228	426	422	731
C1_09300C	966	1254	560	695	787	513	825	50	9	610	620	309	220	115	360	494	632	336	523	339	418	196	405	981
C1_09310C	72	135	106	148	131	87	14	15	28	98	204	41	395	36	23	13	85	113	171	158	17	217	217	334
C1_09320C	148	379	471	698	325	181	24	30	62	277	372	248	447	142	52	980	185	350	223	453	341	325	630	838
C1_09330W	2	10	0	19	26	1	0	0	0	9	3	10	0	1	0	0	0	0	5	13	4	30	19	82
C1_09340C	105	514	216	399	202	388	195	45	39	143	253	61	328	236	189	107	21	269	192	171	235	354	169	317
C1_09350W	27	67	11	17	14	5	3	6	16	10	16	4	5	3	11	4	1	2	0	13	4	65	39	42
C1_09360C	492	1649	835	1316	859	723	501	176	346	520	990	541	678	207	411	355	912	360	303	758	683	445	1094	1899
C1_09370W	251	344	100	294	314	185	7	55	21	123	209	48	16	39	6	1096	123	235	96	193	77	507	58	226
C1_09380W	359	1130	376	1211	953	875	304	43	24	586	909	280	413	387	148	352	498	249	201	359	658	269	591	1152
C1_09390W	404	968	555	2122	1374	1547	1159	347	231	1130	1468	331	598	558	623	1159	346	1055	823	968	1373	241	517	1355
C1_09400C	454	811	583	975	965	709	358	131	77	789	1202	677	77	143	345	1573	897	768	506	607	679	426	967	1440
C1_09410W	1934	4159	3702	7920	5846	5903	2828	320	790	4631	7074	1131	689	1134	1129	8847	3771	5295	2447	2315	2981	129	1256	2052
C1_09420W	448	2646	528	1562	760	1172	401	79	136	615	1167	248	356	106	260	1261	240	670	789	782	1271	573	368	785
C1_09430W	398	1217	363	987	377	685	217	260	48	470	1028	589	376	284	162	95	769	894	181	566	763	326	729	1192
C1_09440W	95	201	213	303	173	150	42	10	5	232	261	62	36	38	128	109	164	301	123	146	66	148	117	340
C1_09450C	271	552	321	896	763	560	168	51	47	475	702	131	633	384	145	238	57	131	261	478	366	459	295	825
C1_09460W	1418	2427	1192	3330	2806	3008	2446	132	217	1526	2530	632	1976	393	677	6642	1576	1199	2306	1915	2205	389	996	1969
C1_09470C	814	1857	383	802	437	471	648	33	41	404	465	183	303	104	138	406	679	316	497	395	464	207	227	728
C1_09480W	607	884	145	292	233	105	571	149	24	214	268	122	31	54	62	24	425	156	199	162	194	72	135	401
C1_09490C	1293	2506	670	1140	869	371	1223	228	1651	622	1318	240	568	437	278	440	362	467	429	616	786	1072	486	1182
C1_09500W	58	33	10	101	66	3	0	1	4	30	37	7	1	0	1	1	0	0	0	16	3	31	39	113
C1_09510W	488	1932	406	1141	491	332	539	26	25	400	683	153	174	82	137	783	252	163	349	451	434	263	298	921
C1_09520C	4217	7590	4960	10958	7183	7839	4616	801	864	4244	6642	3697	4698	3135	3159	12540	6468	6659	7000	5166	6489	574	4251	10654
C1_09530W	38	167	27	47	60	39	4	17	19	48	70	34	8	21	3	12	3	4	3	17	27	116	75	95
C1_09540W	538	153	519	69	262	182	279	110	42	146	145	52	353	54	298	31	22	437	78	178	139	355	138	287
C1_09550W	4	39	19	15	4	5	7	2	11	10	10	7	0	0	0	1	0	53	18	24	0	22	14	41
C1_09560C	3	5	24	3	2	0	0	2	0	1	1	1	0	0	0	0	0	0	8	2	2	25	4	2
C1_09570W	156	385	104	287	190	141	15	68	38	157	182	102	311	154	34	301	132	64	101	208	164	258	170	268
C1_09580C	175	193	103	314	204	260	655	22	64	381	200	92	25	156	123	1456	147	338	325	133	171	357	153	267
C1_09590C	1000	2693	792	1251	1314	2094	1236	111	26	889	1752	728	1332	250	721	3976	1127	2000	1853	636	1274	341	959	2041
C1_09600C	213	485	173	140	52	90	18	17	29	171	178	28	16	10	2	9	4	6	30	170	224	209	125	295
C1_09610W	107	355	24	31	42	11	8	61	54	31	100	17	180	49	43	3	10	5	32	85	135	149	80	87
C1_09620C	87	181	41	98	69	5	3	5	8	15	67	23	22	1	17	2	3	3	1	51	6	55	30	126
C1_09630W	251	772	408	372	257	405	276	394	184	299	216	400	1673	627	412	426	393	631	103	429	713	320	557	862
C1_09640W	334	847	48	15	66	13	20	248	274	24	72	31	303	123	64	6	7	11	41	38	67	219	63	60
C1_09650W	690	1395	578	965	786	1027	827	327	112	906	1389	670	159	222	104	1268	593	359	901	733	788	442	846	1655
C1_09660W	21272	56730	11552	14247	8982	12690	13890	4745	5365	7277	12392	4191	5186	5156	5289	28365	15165	19418	16081	8265	12761	1260	5537	12560
C1_09670C	174	553	198	424	366	248	65	33	30	328	505	198	80	54	88	77	91	167	292	354	161	60	403	361
C1_09680W	535	1482	1314	776	449	394	211	172	370	483	800	213	4714	1560	1394	375	352	282	582	1067	1409	381	383	700
C1_09690W	910	940	408	468	236	144	755	369	1052	150	451	239	847	633	977	966	1527	570	696	670	2234	391	319	328
C1_09700W	33	84	23	22	5	5	3	3	5	16	7	9	1	0	6	2	2	10	0	4	8	73	21	28
C1_09710C	2169	4763	1371	2451	1354	1634	1616	637	716	1072	2020	660	899	938	320	2723	686	1061	2024	1174	2142	791	782	1851
C1_09720W	1387	2516	416	780	394	282	286	637	383	343	486	230	1199	622	259	1433	454	932	515	275	398	309	346	750
C1_09730W	1079	3171	1024	436	689	625	385	651	64	760	1481	823	479	388	220	1553	369	1021	449	577	592	357	1033	1465
C1_09740C	92	199	101	30	107	20	16	4	3	90	145	46	41	83	2	1	1	18	14	73	48	46	129	183
C1_09750W	512	971	714	553	640	497	907	1613	452	472	566	254	148	16	436	3264	1332	843	947	274	806	377	223	834
C1_09760C	878	2698	478	467	429	512	205	108	36	439	562	242	100	54	64	313	88	401	214	347	326	336	427	951
C1_09770W	217	659	169	233	175	154	77	32	54	174	315	98	41	25	69	163	86	193	74	148	127	91	134	314
C1_09780C	395	682	377	621	590	800	387	303	114	494	939	212	228	360	309	417	543	823	473	560	722	480	450	735
C1_09790C	2612	4557	2090	4555	3144	3041	2388	6881	3248	2393	4350	1731	1440	741	859	5538	2088	2677	2946	1616	3038	838	1878	2358
C1_09800C	90	221	10	150	166	147	10	35	41	66	137	71	35	50	30	9	123	20	45	77	97	106	202	307
C1_09810W	108	247	282	440	268	249	207	63	209	252	393	134	52	84	37	670	271	324	236	170	315	172	246	315
C1_09820C	0	0	0	0	0	0	0	0	0	0	0	0	0	0	0	0	0	0	0	0	0	0	0	0
C1_09830W	1452	1576	839	1127	830	704	334	218	429	669	1223	180	443	367	371	1684	520	589	710	643	1074	591	482	625
C1_09840C	2543	5748	1858	3477	1806	2393	3567	1007	1035	1393	2836	646	1023	993	1011	6188	3714	2579	3458	1484	1518	232	912	2054
C1_09850C	205	790	88	146	95	74	57	181	258	67	98	22	183	106	45	49	30	23	68	74	70	245	92	149
C1_09860C	299	1172	1116	1699	920	1375	1297	429	691	623	1111	397	1206	248	277	3922	616	1193	1985	560	945	251	612	1556
C1_09870W	372	689	462	567	648	794	625	72	61	465	686	146	213	6	461	942	221	1259	480	305	1004	468	208	398
C1_09880C	28	67	2	7	20	3	1	12	13	8	21	1	2	3	2	5	0	3	1	25	5	90	8	14
C1_09890C	116	9	5	53	42	34	24	4	5	4	11	1	5	0	0	3	0	40	2	18	85	77	6	4
C1_09900W	665	1887	578	840	484	525	1107	1316	698	426	782	165	496	153	136	1305	678	325	158	302	531	970	190	413
C1_09910C	113	449	43	176	108	30	5	10	17	101	150	75	0	6	36	5	28	3	5	130	133	99	130	265
C1_09920W	1028	4518	1528	3647	2844	3234	1171	78	57	1944	3300	704	1896	1452	1069	1725	1284	780	1604	2323	1569	498	1078	2584
C1_09930W	11	9	8	22	29	20	59	6	0	23	77	4	3	1	26	2	12	2	2	8	16	51	28	41
C1_09940W	2	2	1	5	1	0	12	3	2	2	16	2	2	5	0	0	4	0	0	0	0	12	0	3
C1_09950C	88	52	9	38	45	19	1	4	4	5	30	4	13	25	1	1	1	1	7	17	56	58	24	37
C1_09960W	527	1057	221	679	470	351	90	30	29	616	870	203	20	233	29	133	22	505	324	276	363	72	324	412
C1_09970C	691	1751	628	910	649	660	113	40	33	637	1040	312	142	278	416	802	22	315	207	529	274	339	819	844
C1_09980C	15	48	9	26	68	15	6	10	10	9	44	21	13	31	9	7	1	5	7	4	3	95	54	97
C1_09990W	87	142	74	94	17	3	0	4	9	9	13	5	6	10	11	2	0	0	5	16	40	79	12	83
C1_10000C	104	253	44	169	83	46	274	58	78	158	150	74	225	118	21	26	105	45	140	74	99	318	111	161
C1_10010C	822	2377	824	1452	1504	1004	469	420	66	618	1043	445	1048	174	234	728	210	231	479	773	1002	529	777	1430
C1_10020W	217	737	226	1369	661	1296	224	312	60	371	585	63	587	96	34	1335	663	293	571	423	1364	184	104	198
C1_10030W	43	101	34	137	65	57	3	15	134	98	135	22	78	88	17	8	5	9	20	84	179	172	69	244
C1_10040W	198	502	60	79	86	107	45	100	109	13	125	42	227	48	43	19	25	12	61	131	125	342	62	116
C1_10050W	16	17	2	17	32	5	1	0	4	11	52	14	0	3	2	12	1	11	10	10	23	37	30	32
C1_10060C	47	178	94	157	116	71	2	9	8	88	100	44	0	10	1	23	42	11	4	65	8	91	99	234
C1_10070C	221	357	280	625	389	480	55	262	60	241	660	95	392	59	90	265	370	299	231	378	372	153	152	265
C1_10080W	534	2373	189	523	362	352	47	31	68	287	518	142	82	157	156	166	143	165	152	163	354	155	367	454
C1_10090C	2489	7422	3487	5905	4056	5644	6391	4918	3717	2722	4249	1097	1885	1036	1223	9030	3022	3580	4065	3226	4135	615	1615	4265
C1_10100C	112	252	80	135	211	113	53	61	52	91	195	55	67	63	46	6	48	20	73	114	35	88	193	211
C1_10110W	787	945	754	1224	1007	1005	600	151	111	588	858	152	236	316	128	1227	382	617	514	646	593	421	332	504
C1_10120C	173	223	199	187	182	173	95	146	504	119	179	14	37	14	18	24	96	184	9	68	72	158	64	141
C1_10130W	28	20	19	19	5	1	1	2	5	5	7	5	1	1	0	0	4	1	12	10	10	38	20	23
C1_10140C	2161	8526	784	1237	827	535	98	137	58	670	547	228	357	184	208	575	229	181	221	395	560	290	431	971
C1_10150W	970	3806	787	2268	2184	1797	1277	636	384	1753	2530	1018	896	369	542	2577	1247	2719	1978	1288	1817	482	1232	2169
C1_10160W	291	698	264	180	92	159	83	298	290	34	81	39	820	626	372	883	176	225	129	168	209	227	62	88
C1_10170W	12	18	0	10	15	5	0	0	1	13	6	5	8	10	2	103	30	51	5	8	5	123	37	42
C1_10180C	60	167	8	141	121	101	4	12	29	58	170	98	27	6	24	314	82	78	8	43	22	212	158	159
C1_10190W	29	65	4	64	17	5	1	10	11	32	8	15	2	3	111	1	0	4	0	2	0	68	34	43
C1_10200C	140	255	207	956	901	714	276	31	21	500	658	149	659	176	205	307	49	266	327	578	457	252	229	561
C1_10210C	246	222	68	84	11	17	168	43	51	9	25	15	458	163	175	13	9	1	20	85	299	255	30	18
C1_10220C	37	43	6	57	38	13	0	6	3	31	15	12	3	17	14	5	42	4	0	60	1	67	21	61
C1_10230C	348	443	247	412	119	138	41	53	71	198	295	89	328	166	115	21	34	37	54	160	123	1004	101	348
C1_10240C	749	1489	705	962	876	499	155	37	10	714	1267	380	205	94	389	162	558	484	300	514	589	103	788	1526
C1_10250C	1489	3556	1263	2105	1307	997	769	52	170	815	1413	309	494	150	702	356	1077	1117	479	819	990	154	808	2189
C1_10260C	62	176	145	259	84	184	14	34	46	137	243	61	126	2	184	185	63	67	166	81	40	100	82	152
C1_10270C	215	285	15	29	81	5	75	59	78	86	71	11	148	158	46	168	5	8	26	77	17	125	24	157
C1_10280C	165	378	65	21	34	19	4	41	32	59	87	9	85	73	38	4	6	5	22	125	57	117	21	92
C1_10290W	452	1243	328	796	445	485	194	351	141	376	664	202	2051	733	569	892	193	495	1320	1153	2601	358	408	757
C1_10300W	47	165	15	20	31	35	170	15	19	24	71	31	35	48	6	2	20	21	10	10	25	97	34	61
C1_10310W	18	64	1	55	16	0	5	6	14	41	23	23	6	7	3	1	5	1	20	40	19	64	66	65
C1_10320W	9	9	15	0	0	1	0	3	6	0	2	0	4	5	0	0	0	0	4	0	2	42	1	1
C1_10330C	27	91	5	160	48	43	2	16	2	55	111	34	59	30	64	2	16	66	55	17	13	42	75	164
C1_10340W	160	221	146	429	243	154	242	10	18	312	529	119	279	57	246	163	71	59	131	246	117	119	258	145
C1_10350C	1855	4705	1539	2740	1391	1698	1489	293	118	1199	1548	358	1390	806	1224	1939	585	595	1676	1212	2312	512	482	875
C1_10360C	126	396	46	41	18	9	16	107	79	15	23	2	253	130	146	9	23	7	77	43	91	319	9	25
C1_10370W	50	13	8	30	38	10	1	8	3	23	36	6	27	3	3	1	8	0	6	23	23	27	17	26
C1_10380C	417	1638	1073	2222	1306	963	403	538	49	560	991	367	819	171	622	332	309	1081	1034	1358	1453	308	533	1047
C1_10390C	223	405	11	1	1	1	13	131	167	0	2	0	58	32	11	1	1	2	11	1	16	41	0	6
C1_10400C	224	810	843	6	37	2	387	1036	579	5	49	1	216	16	368	7	3	2	1275	384	1136	92	9	27
C1_10410W	77	60	193	118	55	94	238	36	10	94	172	45	101	29	36	222	11	10	16	70	62	124	88	303
C1_10420C	1508	5031	1286	3013	2010	1645	1756	777	1070	1619	2746	910	1885	510	1035	2229	725	1934	1553	1548	2184	515	1810	3248
C1_10430W	3875	9243	2462	4630	3547	3756	1818	190	153	2850	4533	1519	1553	1096	1036	4566	2514	4528	2974	1833	2435	489	2878	5343
C1_10440W	120	253	112	501	202	481	417	34	47	182	299	63	142	50	171	655	30	56	434	141	333	311	127	474
C1_10450W	300	713	261	341	184	180	123	87	178	168	371	75	149	56	179	23	235	119	280	131	155	236	173	356
C1_10460W	197	503	29	80	78	109	55	46	49	101	106	137	124	123	14	462	29	42	155	127	141	246	175	374
C1_10470W	51	261	15	91	156	53	8	265	72	27	83	14	96	16	27	8	213	74	79	33	84	138	65	62
C1_10480W	83	410	70	106	129	107	70	31	37	35	68	7	71	9	62	42	2	41	43	43	184	279	55	76
C1_10490W	205	702	619	282	275	264	31	144	154	167	238	109	737	193	490	83	35	116	254	143	735	224	277	509
C1_10500W	175	621	218	391	259	350	12	71	78	186	302	94	86	166	272	18	42	76	41	130	120	164	196	319
C1_10510W	479	925	506	551	270	293	369	107	165	195	327	92	119	612	164	203	173	81	206	306	271	111	213	454
C1_10520W	36	139	65	140	84	26	21	91	7	134	129	64	7	14	87	26	5	21	45	75	23	164	132	323
C1_10530W	91	165	8	96	18	22	6	19	17	30	23	17	7	12	57	1	1	3	6	23	9	78	42	61
C1_10540C	76	453	167	94	79	119	11	24	26	72	81	98	23	77	72	4	10	6	130	26	6	242	40	186
C1_10550C	236	717	406	498	432	415	160	325	204	191	460	146	2590	961	671	259	205	413	2316	2008	5163	312	405	612
C1_10560C	229	405	195	188	361	226	162	148	19	159	246	149	325	141	94	1180	11	228	455	153	112	224	208	425
C1_10570C	23	27	9	50	9	11	3	4	2	14	54	15	0	8	20	7	2	2	1	18	3	182	13	21
C1_10580C	4	9	0	1	2	2	1	5	5	0	0	0	1	2	0	1	0	2	0	0	1	43	1	1
C1_10590W	5	10	1	4	10	0	0	2	0	0	1	3	0	2	2	0	0	1	0	0	0	12	1	19
C1_10600C	39	19	0	46	38	14	1	4	0	51	16	7	1	13	0	1	1	15	1	21	20	16	24	36
C1_10610W	281	635	103	156	233	327	57	34	38	324	248	110	56	101	27	251	45	13	138	91	457	239	223	315
C1_10620W	27	110	7	21	9	7	2	20	24	7	5	0	1	23	7	4	0	4	1	6	6	165	1	4
C1_10630C	9	65	11	46	15	6	18	173	12	10	36	4	121	46	57	2	15	2	25	21	78	100	15	15
C1_10640C	21	32	13	120	22	6	16	14	3	6	24	12	6	5	12	4	16	3	1	37	8	66	25	15
C1_10650W	18	25	2	6	2	0	0	3	8	2	2	0	9	1	4	2	0	0	3	1	1	89	0	10
C1_10660W	105	187	9	7	9	4	4	88	63	0	7	10	170	23	7	9	31	7	11	1	19	141	20	12
C1_10670C	184	153	233	630	308	440	146	28	28	88	148	59	37	93	58	894	102	27	140	108	123	407	143	240
C1_10680C	1175	3422	1112	1440	1424	2464	1940	232	251	948	1622	1406	1830	685	680	5028	2283	1555	1692	748	1692	1007	1559	3115
C1_10690W	125	320	149	234	270	109	69	10	14	181	214	64	34	189	40	135	102	165	4	98	179	136	117	216
C1_10700C	174	1018	145	192	259	155	25	96	69	153	298	48	123	111	171	31	28	139	34	234	212	142	79	284
C1_10710C	361	723	221	486	579	715	223	171	57	482	462	128	46	93	122	2518	81	155	409	410	522	253	271	568
C1_10720C	325	676	231	421	184	181	201	338	83	76	131	27	291	90	26	13	204	234	157	137	35	202	63	148
C1_10730W	1120	1949	711	1195	482	420	278	35	80	400	711	148	107	294	413	107	492	665	149	503	622	291	398	376
C1_10740C	4344	9501	8152	3663	2478	2683	5381	11112	8888	2165	4871	1962	12681	4884	5963	7743	1847	5613	13456	5309	13930	3503	2274	1787
C1_10750C	155	243	203	294	271	150	68	15	21	268	497	187	74	26	186	110	65	103	83	294	162	76	421	334
C1_10760W	538	1972	832	891	730	717	798	70	181	635	933	420	725	374	289	1652	737	345	658	516	773	383	941	826
C1_10770W	282	493	80	110	83	233	54	14	5	40	98	74	4	4	3	179	9	2	2	60	20	116	148	201
C1_10780C	130	307	16	7	12	10	12	85	113	9	16	3	30	11	6	10	5	3	23	6	18	142	32	33
C1_10790W	3744	10039	2445	1329	712	845	833	1084	1353	633	901	246	5765	2555	3524	223	1109	657	2465	1948	3731	530	387	672
C1_10800C	490	1453	605	714	674	704	358	260	753	535	784	113	954	346	395	851	567	971	439	612	846	236	336	723
C1_10810W	11	9	0	4	9	1	1	0	1	4	10	7	4	0	0	0	1	16	0	4	49	61	0	71
C1_10820C	205	524	27	15	11	16	70	107	195	5	22	9	220	189	47	4	15	1	51	80	138	136	2	17
C1_10830W	33	91	2	3	35	45	0	13	20	2	4	2	12	12	4	1	2	0	5	1	0	64	6	3
C1_10840C	118	284	107	111	84	119	26	155	68	80	153	37	311	201	277	303	69	274	20	144	126	271	188	143
C1_10850W	12	60	5	13	39	3	2	8	12	12	21	10	19	2	1	2	0	2	4	8	1	111	15	18
C1_10860C	81	141	168	246	137	169	96	11	170	38	117	13	193	3	4	5	4	139	109	91	60	128	13	60
C1_10870W	420	952	26	4	9	2	14	226	259	5	7	6	144	39	42	2	3	0	13	7	21	99	6	15
C1_10880W	23	63	219	40	88	30	15	13	16	96	137	62	8	6	190	5	9	7	10	25	7	151	63	138
C1_10890C	54	150	97	54	76	7	6	10	18	56	70	38	11	15	34	13	1	4	7	46	41	87	41	117
C1_10900C	62	56	99	73	83	19	8	9	3	51	50	12	1	11	78	10	3	8	5	37	95	39	18	56
C1_10910C	45	91	18	21	9	9	5	102	23	16	21	14	6	2	3	8	32	5	1	8	5	240	26	55
C1_10920W	184	795	242	444	291	112	86	29	505	241	268	65	27	162	78	452	17	430	71	180	282	234	117	270
C1_10930C	206	513	147	219	317	464	347	42	28	215	212	59	71	58	81	392	244	24	375	194	160	222	197	397
C1_10940C	125	227	53	186	279	101	22	352	56	226	291	108	422	163	117	10	51	12	76	74	74	74	196	311
C1_10950C	463	893	500	645	421	410	208	112	21	385	494	112	191	89	143	539	255	225	252	336	277	258	406	531
C1_10960W	30	296	10	34	16	2	17	5	0	21	45	7	2	27	2	7	14	16	0	2	11	85	27	31
C1_10970W	1078	1741	882	1876	1007	1618	346	52	196	634	1097	184	360	208	215	363	215	1589	960	952	1200	426	327	817
C1_10980W	11	106	7	4	53	10	1	10	10	8	25	34	2	3	1	1	10	3	4	24	4	108	22	63
C1_10990C	757	2526	549	549	433	357	676	244	170	381	553	266	777	341	313	153	162	152	752	305	521	585	439	749
C1_11000C	970	2434	2260	2621	1418	3516	3164	3324	4381	813	1083	206	1990	935	947	4774	1257	1976	4674	1770	2248	226	368	603
C1_11010C	98	846	331	343	479	340	348	34	41	375	580	146	258	259	69	703	494	135	265	437	500	445	258	647
C1_11020W	409	424	172	408	212	330	293	21	15	172	247	66	21	38	39	58	292	89	283	143	259	225	225	509
C1_11030W	348	686	59	102	77	29	148	86	126	54	83	9	90	35	21	39	16	34	60	75	49	136	26	90
C1_11040W	431	791	93	61	76	36	3	109	128	84	91	30	79	27	38	17	117	62	41	55	52	54	47	148
C1_11050W	23	451	77	40	58	133	1	11	15	142	206	142	4	11	7	7	198	258	79	56	12	208	201	254
C1_11060C	995	2456	873	211	169	240	436	647	657	150	253	102	3688	1204	1105	63	352	45	459	300	865	152	142	215
C1_11070W	95	145	50	377	244	139	138	20	32	181	380	182	37	258	222	19	24	280	55	127	129	239	404	647
C1_11080W	56	222	11	71	20	8	17	260	51	19	90	32	63	53	19	9	17	10	21	32	10	124	82	84
C1_11090C	1035	1899	1113	1948	1292	1836	971	746	665	1716	2845	1149	618	483	1404	3341	1277	1840	1824	1216	1283	586	1634	2245
C1_11100W	11	65	7	1	15	4	4	3	9	27	36	2	0	2	1	0	119	9	55	3	58	47	28	57
C1_11110C	9	21	0	5	0	6	0	1	13	2	10	4	2	3	0	0	141	0	1	2	0	22	3	6
C1_11120C	80	196	10	10	3	2	5	40	130	13	4	3	95	28	92	3	3	2	28	21	16	115	7	18
C1_11130W	30	45	8	9	19	23	42	10	12	31	19	11	2	0	1	333	0	17	1	44	1	143	10	22
C1_11140W	61	175	48	77	90	106	5	45	42	42	72	20	17	13	4	59	1	2	8	30	11	191	42	60
C1_11150W	90	127	7	27	59	12	1	7	14	43	42	10	10	4	5	3	2	6	14	27	3	106	25	110
C1_11160C	6	25	1	11	5	0	0	0	1	10	4	7	0	0	1	3	2	0	0	1	0	48	2	6
C1_11170W	118	339	92	64	142	46	22	126	65	25	84	8	203	76	69	2	8	3	73	84	400	165	10	98
C1_11180C	0	0	0	0	0	0	1	0	1	0	0	0	0	11	0	0	0	0	0	0	0	2	1	2
C1_11190W	54	124	31	18	46	18	4	11	28	20	13	8	52	25	2	5	8	7	15	8	11	200	15	60
C1_11200W	10656	25566	9251	9878	4601	5996	4333	3760	4018	3761	8502	3145	17430	6030	5932	5510	4149	5551	13641	8129	18025	2576	4160	4167
C1_11210C	1725	7548	1610	3108	1728	2156	2003	314	554	1919	2310	1020	2873	321	976	4584	2480	1062	1608	1362	2619	734	1332	2908
C1_11220C	209	496	265	221	186	300	88	50	32	125	217	88	226	60	71	21	56	104	297	174	189	257	206	383
C1_11230W	13	27	2	5	3	2	1	1	11	4	2	1	0	1	2	0	1	0	4	0	2	133	7	0
C1_11240C	94	268	7	23	35	6	17	50	42	8	42	10	31	19	4	195	3	41	6	2	12	183	34	13
C1_11250W	798	1787	1500	2339	1458	2917	2593	3535	1834	1299	1925	310	896	1481	627	4376	1653	2084	2829	1192	1711	401	362	931
C1_11260C	62	108	88	190	124	142	152	3	48	89	201	52	80	72	45	254	75	82	224	98	61	19	76	88
C1_11270W	845	1822	271	140	197	148	109	709	908	152	155	78	205	62	196	42	31	153	808	152	807	212	41	195
C1_11280W	832	1080	726	981	589	1170	641	105	149	762	1526	473	146	204	1059	627	170	418	433	490	732	345	990	1246
C1_11290W	666	313	264	577	293	409	386	24	9	228	426	125	97	165	298	86	105	110	173	197	467	198	349	523
C1_11300C	650	1041	300	662	443	912	490	44	283	370	402	86	466	244	888	789	43	155	367	486	622	284	186	559
C1_11310C	162	285	77	197	247	221	17	48	93	116	285	107	783	184	134	96	373	100	127	109	392	392	207	277
C1_11320C	29	107	4	15	28	32	10	16	27	23	21	21	3	6	0	183	41	19	13	1	3	1135	25	50
C1_11330C	142	602	35	137	122	98	69	54	63	84	204	100	125	92	27	73	107	88	74	59	93	110	183	341
C1_11340W	178	1031	534	1525	926	787	311	80	26	849	1368	457	84	112	345	196	439	706	356	622	708	268	867	1117
C1_11350C	132	578	176	301	136	69	9	47	27	114	184	78	158	149	184	748	5	103	61	171	77	264	82	223
C1_11360W	269	611	27	57	83	50	19	145	182	39	43	9	103	39	30	11	6	4	14	18	58	84	25	37
C1_11370C	64	419	74	103	39	76	4	10	11	68	92	11	39	66	9	7	178	9	8	44	95	197	48	50
C1_11380W	48	434	89	178	49	52	1	13	12	99	87	28	3	8	21	14	18	2	38	39	47	118	72	105
C1_11390W	33	17	9	11	21	13	0	0	1	5	9	2	1	0	0	2	1	3	0	2	21	59	3	20
C1_11400C	1281	3921	1609	936	571	740	1007	133	115	382	850	219	2717	3225	1139	478	166	462	476	555	1539	472	243	630
C1_11410C	2	4	0	0	13	9	0	0	0	5	4	0	0	1	0	0	1	0	2	2	0	26	1	3
C1_11420W	136	261	246	1088	635	484	390	270	218	388	645	64	79	322	114	1610	236	602	481	310	257	98	114	319
C1_11430W	230	716	273	1579	1152	1188	852	1966	1775	801	1553	356	1084	238	280	2455	594	1319	1530	497	885	352	556	849
C1_11440C	86	102	19	141	46	44	32	26	26	41	24	18	40	9	2	3	7	2	9	33	16	247	36	65
C1_11450C	733	1623	283	28	23	13	377	419	1062	40	34	25	2224	460	473	14	3	3	197	143	441	252	28	48
C1_11470C	162	321	23	66	123	31	16	11	5	31	114	37	27	10	11	27	4	5	1	84	30	77	116	107
C1_11480W	482	625	819	1278	1107	1064	478	277	254	662	1020	306	2947	1489	1072	772	459	939	510	420	1159	421	452	932
C1_11490C	462	418	128	818	358	175	80	28	26	231	424	208	101	174	338	51	28	58	96	241	154	350	323	590
C1_11500C	140	643	233	202	229	339	26	35	26	106	113	28	89	44	36	560	48	39	236	287	234	211	112	188
C1_11510C	422	1900	405	938	728	551	154	45	303	555	1052	302	235	112	191	451	387	491	313	523	713	264	569	1127
C1_11520C	156	367	11	112	134	72	57	10	9	41	79	26	141	15	41	19	44	66	94	33	41	125	107	205
C1_11530C	266	586	124	613	180	225	439	18	17	144	267	131	116	55	25	950	30	157	93	133	300	362	238	262
C1_11540C	2643	8629	3932	6500	4123	6218	2575	413	357	2917	5112	950	1729	1137	1412	4404	3500	3883	3786	3563	6258	1047	1609	1950
C1_11550W	249	403	168	49	68	69	264	230	301	61	87	37	13	7	36	716	11	26	4	110	12	156	18	76
C1_11560C	289	472	307	380	334	458	47	104	104	225	317	112	53	332	237	87	370	411	393	272	267	138	208	367
C1_11570W	88	154	35	110	97	131	13	16	13	68	94	30	23	27	8	179	3	18	133	54	32	111	88	110
C1_11580W	186	384	41	170	185	90	94	138	115	141	200	103	34	30	36	176	19	49	113	102	44	215	250	334
C1_11590W	4634	9735	4100	5341	3609	3973	2663	586	1965	2665	4285	1619	3419	1186	2139	2182	3179	2618	2177	2525	3785	1800	1722	3840
C1_11600W	129	69	43	50	99	12	4	23	24	10	17	20	56	103	28	4	0	1	0	51	3	106	42	75
C1_11610C	247	589	348	188	318	189	11	20	12	180	208	52	25	49	284	157	467	251	30	83	248	209	208	359
C1_11620W	274	849	235	143	210	43	133	16	13	165	322	83	152	16	67	27	229	55	7	118	32	113	190	368
C1_11630C	108	507	78	222	197	56	168	7	16	73	136	50	8	14	84	97	62	11	93	89	16	175	136	183
C1_11640C	774	1754	1007	1678	896	784	1144	679	858	424	860	423	335	168	260	2733	967	554	794	850	634	201	392	1550
C1_11650W	351	951	242	7	10	2	17	195	226	16	25	6	265	52	26	2	2	1	42	31	64	155	15	19
C1_11660W	3236	10745	2730	1661	1387	1888	1005	1020	900	825	1478	1111	3991	1436	2180	3364	1865	1519	2944	2414	3669	483	1276	3076
C1_11670W	286	741	28	35	49	49	16	138	167	10	57	14	151	146	69	39	114	46	77	29	97	868	54	40
C1_11680C	12	8	0	18	1	1	0	1	2	0	1	0	3	2	0	2	2	0	0	4	3	28	2	5
C1_11690W	269	1188	118	514	253	394	354	74	98	100	228	56	30	130	43	603	309	411	276	302	95	260	136	237
C1_11700C	395	805	42	1	3	16	22	354	141	9	27	2	277	48	110	1	46	2	34	15	61	137	14	36
C1_11710C	44	143	54	253	145	59	13	10	11	83	86	41	13	81	56	31	15	187	45	87	57	140	153	182
C1_11720W	654	1694	1097	1836	1466	1568	1341	508	1253	1673	2567	697	1233	639	1113	1703	1066	1874	1190	960	1768	178	1232	2770
C1_11730W	1207	4122	1770	3185	2395	2055	1290	233	235	1377	2670	550	3090	789	1664	1813	1065	2351	1549	1390	3092	475	1524	3794
C1_11740W	34	68	21	16	14	8	3	8	6	41	108	26	21	5	8	260	9	1	1	27	4	107	80	183
C1_11750W	45	57	31	105	71	112	5	13	7	23	21	8	92	72	22	12	4	14	1	26	11	155	31	25
C1_11760C	27	49	19	12	4	0	3	13	17	3	21	0	5	8	0	1	0	1	0	14	4	42	2	11
C1_11770C	402	767	576	856	373	180	132	735	1328	280	238	165	1416	689	104	265	87	118	237	484	362	345	305	394
C1_11780W	14	3	2	7	4	0	0	3	6	9	7	0	0	0	1	1	1	0	1	1	0	5	6	15
C1_11790W	7	24	45	74	107	8	25	16	2	71	59	8	7	52	1	8	1	13	0	6	13	40	32	52
C1_11800C	0	23	0	0	0	0	0	0	3	2	2	1	0	1	6	0	0	0	0	0	0	7	1	6
C1_11810W	431	2206	643	1086	882	792	315	38	20	490	1139	614	483	333	343	708	70	653	259	577	400	240	915	914
C1_11820W	9	19	2	12	21	4	0	2	0	17	17	17	0	2	5	0	0	0	6	7	1	33	81	37
C1_11830W	3	27	2	4	37	4	0	0	1	25	28	24	7	2	3	0	2	6	4	10	3	35	72	71
C1_11850W	3971	5939	2856	4030	3058	2701	1213	122	405	1204	3092	762	1274	526	1531	1592	3899	4223	4282	2227	3558	419	1280	1833
C1_11860W	830	2346	487	635	267	307	423	281	291	278	397	107	1644	712	789	69	966	181	155	270	583	455	138	356
C1_11870W	337	431	99	82	34	84	205	151	29	63	144	34	1069	292	317	15	314	59	55	180	360	223	37	143
C1_11880W	22	191	20	88	179	29	5	8	7	56	79	13	63	11	5	3	6	4	22	55	24	41	62	69
C1_11890W	98	451	60	282	223	118	25	10	22	159	165	70	25	36	30	12	16	9	11	120	68	111	167	314
C1_11900C	100	313	182	284	140	72	117	15	14	112	171	135	31	13	16	13	18	13	81	85	174	260	217	305
C1_11910W	0	10	0	9	6	4	0	0	0	5	1	1	3	6	0	0	0	0	0	2	16	33	11	42
C1_11920W	186	282	204	286	168	225	102	46	68	107	227	46	71	117	47	9	249	39	251	89	205	131	100	129
C1_11930W	1550	3306	1500	1243	1302	1372	208	429	509	759	1411	629	1936	624	442	439	667	828	639	803	789	506	920	1548
C1_11940C	96	319	36	58	37	2	5	17	4	50	96	8	4	82	14	2	3	4	5	14	10	129	67	46
C1_11950W	25	276	21	35	32	15	5	7	8	29	27	7	7	6	3	4	2	118	27	32	13	95	32	80
C1_11960C	45	98	40	71	62	31	10	17	12	38	93	13	10	9	8	13	9	50	37	64	34	46	41	97
C1_11970C	620	1342	401	619	357	498	410	101	83	440	752	73	124	63	244	807	385	384	270	402	591	141	139	538
C1_11980W	17	71	21	100	61	47	4	1	6	33	75	7	16	43	6	1	1	3	2	73	6	41	42	77
C1_11990W	90	219	22	36	38	44	43	24	16	48	145	22	13	2	6	9	11	61	62	43	143	95	55	122
C1_12000C	42	60	8	90	63	18	9	6	5	72	98	43	2	13	11	3	18	0	14	74	32	72	124	178
C1_12010C	1119	2244	626	1910	1481	1094	174	62	27	896	1547	498	1348	959	1098	660	801	584	585	948	1239	442	840	1726
C1_12020W	19	31	1	70	3	13	3	4	11	8	3	3	1	1	1	14	10	1	4	9	15	114	4	4
C1_12030W	260	1155	252	132	73	123	77	426	178	184	147	84	1455	666	577	23	12	280	285	239	488	179	80	387
C1_12040W	5	19	1	8	1	0	0	0	4	6	2	3	0	0	0	0	0	0	0	5	0	39	1	6
C1_12050W	1352	2070	1150	2470	2030	2209	1064	1899	1069	681	1208	386	751	465	799	1849	1242	1104	1145	1085	1379	465	853	2091
C1_12060C	45	119	316	264	162	138	22	12	8	112	145	42	24	4	58	452	115	176	64	68	69	90	133	393
C1_12070C	13	58	36	12	12	3	0	11	5	6	26	5	6	2	19	119	7	25	5	2	86	141	8	30
C1_12080W	44	70	11	66	110	12	103	21	20	14	59	13	17	17	19	145	27	1	20	32	11	229	14	45
C1_12090C	12	36	1	39	2	5	0	1	2	22	13	3	0	43	3	0	82	0	1	3	1	111	3	25
C1_12100C	513	1511	350	1149	708	813	626	124	114	402	454	369	199	191	271	605	1615	519	577	537	811	472	491	1027
C1_12110C	31	154	19	17	13	19	0	5	3	55	88	20	0	5	1	2	41	0	0	13	0	35	57	80
C1_12120W	52	499	336	272	91	114	112	26	31	142	343	88	88	112	252	27	51	441	205	299	271	256	148	647
C1_12130C	893	2447	405	963	712	687	286	44	32	442	697	181	171	27	232	895	275	236	350	403	331	563	525	665
C1_12140W	1284	3671	386	1143	701	804	290	22	214	290	595	163	285	31	311	1463	435	316	448	258	351	87	365	551
C1_12150C	22	135	17	48	140	60	2	5	8	80	88	21	5	0	8	191	3	4	54	58	7	88	68	106
C1_12160W	37	211	8	29	102	2	124	16	13	53	50	27	10	8	12	0	3	27	6	11	26	87	21	97
C1_12170C	152	197	434	299	424	377	27	28	74	364	670	145	241	58	64	28	56	279	76	276	237	156	249	632
C1_12180C	54	228	29	41	90	80	8	13	17	90	146	15	112	22	27	7	9	27	19	123	34	157	105	218
C1_12190W	419	622	151	405	438	135	44	44	19	166	280	34	171	212	254	16	25	193	166	96	89	181	237	315
C1_12200W	344	676	191	605	417	305	113	29	68	233	252	89	142	42	95	435	73	197	61	234	225	187	212	658
C1_12210W	30	121	13	43	33	1	3	20	20	27	49	37	24	19	11	2	1	5	5	43	1	94	71	77
C1_12220W	5	11	0	3	0	0	2	3	4	2	1	1	3	1	2	0	1	0	0	4	11	62	10	5
C1_12230W	1790	2468	1161	2126	1852	1559	1702	637	1397	1291	1818	949	1322	400	424	3178	2230	1533	1465	1127	1800	1570	1500	2523
C1_12240C	46	90	20	50	152	61	0	7	17	61	83	22	12	34	38	11	4	5	19	15	39	110	42	104
C1_12250C	225	559	555	777	469	360	22	309	78	203	429	138	266	272	186	31	558	118	107	259	392	312	327	1022
C1_12260W	207	315	118	434	271	188	58	7	11	272	375	115	29	8	220	13	10	76	69	148	213	92	223	470
C1_12270W	145	84	78	173	91	83	118	8	12	83	115	42	19	18	117	5	5	11	4	98	108	105	99	201
C1_12280C	1	4	0	1	0	0	0	0	0	0	2	0	1	0	0	0	0	0	0	0	0	16	0	0
C1_12290C	91	317	76	370	187	153	59	181	69	140	400	112	223	131	39	272	393	94	43	120	117	284	214	263
C1_12300W	3	108	3	46	11	59	34	2	0	27	15	5	0	35	0	3	1	9	1	3	11	44	20	24
C1_12310C	5	9	2	4	3	15	3	2	4	10	9	1	3	1	0	0	0	0	0	0	1	57	7	16
C1_12320C	31	66	5	9	27	2	4	8	23	17	27	2	12	11	3	3	20	15	24	8	18	39	11	53
C1_12330W	23	209	5	51	89	126	32	4	3	148	162	10	1	6	0	128	15	120	71	29	9	84	100	288
C1_12340C	212	393	105	170	69	3	42	8	20	131	265	103	247	45	27	0	13	28	12	45	14	71	301	427
C1_12350W	131	458	82	410	183	70	105	15	10	145	223	80	5	20	46	28	4	82	21	130	111	280	145	138
C1_12360C	269	564	35	111	90	36	8	76	121	38	40	5	79	39	74	2	5	47	24	42	34	104	53	95
C1_12370W	7	25	3	67	20	6	0	2	4	19	29	36	1	4	55	1	0	3	0	48	10	52	63	80
C1_12380C	382	967	294	1239	637	612	266	51	17	514	809	345	444	134	305	177	317	472	442	525	355	149	544	847
C1_12390C	190	420	23	150	85	78	8	58	91	42	64	51	71	71	35	170	0	12	18	69	15	49	82	155
C1_12400C	38	135	5	23	1	11	32	25	32	6	6	5	22	75	46	0	5	1	2	13	37	28	3	27
C1_12410C	335	1303	164	340	282	276	71	78	104	175	411	82	60	181	106	211	22	122	156	228	254	305	110	322
C1_12420C	11	23	3	8	4	4	1	7	6	23	13	1	1	2	1	2	0	1	0	4	12	52	20	35
C1_12430W	1552	4214	1368	2120	1449	1718	786	97	132	1219	1548	424	443	941	633	1009	511	1263	765	1271	1224	447	910	1390
C1_12440W	4	18	0	1	21	3	1	5	3	3	17	9	0	4	0	3	3	3	0	12	1	38	13	27
C1_12450C	818	4353	1037	2323	1313	951	1121	194	626	834	1219	261	569	562	809	980	197	958	792	972	1274	757	737	1485
C1_12460C	2	10	0	2	1	2	0	0	2	9	0	2	1	1	0	0	0	1	1	0	2	51	8	5
C1_12470W	37	96	55	77	30	32	48	4	52	17	34	9	8	18	8	4	4	13	23	29	42	91	27	92
C1_12480W	6	1	0	4	0	0	0	0	1	1	1	0	2	0	0	1	0	0	0	5	0	7	4	1
C1_12490W	664	2282	556	468	390	105	104	535	192	339	547	173	356	568	73	12	42	106	147	613	309	364	318	532
C1_12500C	1	24	0	15	6	3	0	0	1	9	8	0	0	2	0	1	0	1	0	4	0	14	9	22
C1_12510W	347	690	238	461	403	149	130	88	31	287	512	103	45	104	39	73	49	41	56	219	232	259	338	576
C1_12520W	19	29	7	45	18	4	6	3	8	21	26	7	7	50	70	2	2	4	4	20	40	78	35	75
C1_12530C	11	26	4	3	3	6	2	3	13	0	18	3	3	5	0	2	1	0	0	4	3	88	1	15
C1_12540W	3	4	2	0	0	1	0	0	1	0	0	1	1	25	5	0	1	0	2	0	0	15	2	4
C1_12550C	98	180	21	243	32	72	3	23	23	17	49	6	16	37	77	11	11	156	20	80	15	321	17	144
C1_12560C	90	117	23	74	60	110	6	43	21	37	112	14	3	40	2	25	5	38	15	63	101	160	11	83
C1_12570C	46	42	1	62	18	22	1	15	17	14	30	30	10	22	2	2	24	5	3	10	9	233	53	60
C1_12580W	10	57	79	31	29	3	1	10	6	0	5	2	1	11	2	2	10	4	6	0	1	87	23	54
C1_12590W	24	48	3	0	1	2	2	17	24	0	2	0	34	3	3	0	1	0	0	1	4	39	5	6
C1_12600C	21	43	2	56	4	1	0	4	5	11	38	4	3	4	0	32	2	0	1	17	5	125	8	51
C1_12610W	13	41	1	47	47	20	3	2	7	23	36	29	22	22	3	113	3	2	0	31	38	65	43	61
C1_12620W	263	576	190	376	147	221	49	103	134	121	192	63	219	215	53	215	55	60	258	285	222	470	269	402
C1_12630C	42	11	0	2	0	6	1	5	13	7	4	3	1	0	0	1	0	0	1	3	0	57	6	7
C1_12640W	2	0	1	2	2	0	0	1	0	2	2	0	0	1	0	0	1	0	0	0	0	4	5	3
C1_12650C	6	15	4	5	2	0	1	3	7	0	2	0	2	4	0	1	4	0	0	0	0	29	1	0
C1_12660W	24	21	5	3	7	0	1	6	2	1	1	3	0	4	1	0	0	3	1	0	0	48	1	1
C1_12670C	120	23	50	44	87	31	95	1	3	41	60	37	0	0	112	1	2	8	0	33	5	69	12	86
C1_12680W	113	94	149	236	158	137	12	10	24	158	240	63	142	73	46	14	8	98	13	95	71	173	138	336
C1_12690C	6	10	0	2	1	0	0	0	1	6	5	1	0	29	0	0	1	0	0	1	1	26	8	10
C1_12700W	645	1194	886	2094	1601	1571	850	543	770	923	1315	365	627	456	435	1475	318	1040	914	974	1316	254	594	1499
C1_12710C	32	74	0	23	27	33	6	10	9	8	33	23	3	25	5	9	6	0	20	4	11	99	32	41
C1_12720C	50	230	68	234	120	73	31	87	150	165	174	40	7	0	97	4	151	25	18	79	109	112	116	235
C1_12730W	19	14	1	0	5	0	0	2	2	0	4	0	2	2	0	2	1	0	0	0	0	31	1	1
C1_12740W	30	110	22	3	15	1	1	9	24	5	1	2	5	5	3	2	0	2	0	6	3	129	14	7
C1_12750C	6	38	0	3	3	1	0	1	9	2	2	0	5	115	66	2	1	0	1	2	2	64	22	14
C1_12760W	9	14	0	6	2	2	0	3	2	0	1	3	1	6	0	2	2	3	1	1	0	94	8	12
C1_12770W	151	383	74	6	33	4	36	46	76	4	16	1	104	51	16	5	2	0	13	11	15	191	4	42
C1_12780W	48	103	7	1	36	1	2	7	22	9	29	3	20	6	10	9	0	4	33	10	53	62	7	6
C1_12790C	46	84	4	11	9	6	6	25	32	11	39	7	9	110	1	3	4	9	3	30	3	89	4	33
C1_12800W	9	38	1	29	42	11	2	0	3	38	34	33	5	42	55	1	1	1	3	16	2	25	73	48
C1_12810W	22	65	7	12	8	7	1	14	17	19	63	23	3	25	16	0	1	5	1	27	2	158	50	102
C1_12820C	16	24	5	2	1	0	1	4	7	4	4	6	7	12	0	0	1	0	1	1	1	49	12	3
C1_12830C	89	212	135	67	104	16	23	25	15	67	132	35	178	118	55	14	52	12	79	132	336	168	167	170
C1_12840W	1	20	0	0	0	3	0	2	1	1	1	0	0	0	0	1	0	0	0	5	0	8	0	1
C1_12850W	138	379	57	56	20	84	18	243	213	25	81	19	145	35	122	415	171	79	115	46	108	423	35	36
C1_12860C	214	613	414	410	181	252	367	12	23	167	350	82	56	106	230	248	274	164	246	298	223	145	151	581
C1_12870C	234	669	122	386	211	242	178	8	12	112	196	65	88	82	66	131	131	72	147	97	109	88	92	256
C1_12880C	491	927	383	547	408	383	70	30	59	315	494	159	143	157	118	135	36	101	173	358	189	215	303	579
C1_12890W	375	2054	132	404	569	398	116	27	14	360	424	61	282	5	20	28	87	180	395	514	797	164	158	563
C1_12900W	1580	3375	953	3330	2143	2356	1408	73	54	1321	2048	508	670	694	523	1871	751	653	853	1106	1164	350	850	1903
C1_12910W	12	7	0	1	1	11	0	3	3	0	1	0	0	0	2	0	0	0	0	2	0	9	0	1
C1_12920C	21	45	12	45	21	16	7	5	6	21	44	7	26	114	33	7	1	15	6	15	3	59	19	52
C1_12930C	21	56	48	151	15	8	11	2	11	35	27	6	4	39	2	0	1	25	1	25	42	145	7	58
C1_12940C	4	4	0	5	0	2	0	1	3	5	1	0	0	0	0	0	0	0	0	0	1	21	0	2
C1_12950W	115	263	335	268	308	292	102	22	12	189	213	36	15	220	148	1082	18	316	19	174	251	281	134	348
C1_12960C	939	2040	478	572	319	385	67	169	162	400	493	201	172	178	174	135	501	204	495	308	326	728	553	780
C1_12970C	958	1630	474	1624	969	838	318	57	62	658	1358	351	460	409	268	268	445	435	518	673	472	404	791	1039
C1_12980W	2	11	0	16	3	1	3	2	4	6	3	3	0	0	0	2	1	3	0	0	1	19	0	27
C1_12990W	9	21	0	0	4	0	0	1	5	0	0	3	0	10	44	1	2	1	0	0	0	11	1	7
C1_13000W	5	3	0	0	2	0	0	2	1	0	1	0	1	4	19	0	0	1	0	0	1	4	3	1
C1_13010W	1031	1958	954	1751	1449	1796	958	445	487	1573	2513	484	1689	801	1083	6122	1484	1827	1936	1271	1423	462	910	1353
C1_13020C	233	936	124	105	40	80	9	17	16	101	126	62	48	79	161	14	48	10	54	142	88	70	156	361
C1_13030C	430	2479	562	1152	649	1054	404	1042	79	445	627	283	507	350	262	731	504	456	594	384	467	368	605	836
C1_13040C	4	17	8	4	9	0	2	3	3	0	1	0	2	2	0	0	0	0	0	3	0	14	10	13
C1_13050W	233	762	100	38	8	2	41	211	232	24	55	6	220	208	65	0	1	2	18	12	23	39	28	22
C1_13060C	2327	2814	1358	1299	938	1080	363	239	178	864	952	258	749	143	948	1100	1035	1016	612	1019	1506	573	466	1037
C1_13070C	439	1032	373	715	490	653	612	107	348	580	478	361	366	379	107	890	539	229	537	487	467	270	333	778
C1_13080W	134	148	19	146	250	206	244	6	13	135	200	58	5	1	35	67	107	367	11	75	17	197	33	237
C1_13090W	9	14	3	4	11	4	0	3	4	12	14	3	2	0	0	0	0	2	1	7	0	49	15	36
C1_13100W	0	2	0	19	3	15	0	0	2	0	4	1	1	0	1	1	19	1	0	0	0	34	8	3
C1_13110C	1800	3450	1892	4473	3234	2895	1462	1465	1113	3313	4742	2079	1777	1074	1088	4041	1431	2575	2365	2007	3573	558	2518	3540
C1_13120C	1405	3434	1060	2165	1300	565	172	690	158	914	1578	433	1058	1081	390	391	222	218	516	1167	1139	376	971	1935
C1_13130C	24	152	37	156	83	83	23	15	6	121	145	20	22	28	45	8	34	104	128	31	20	174	37	168
C1_13140C	292	542	40	39	23	10	13	133	155	9	33	12	40	166	11	15	34	10	109	25	32	281	59	21
C1_13150W	146	204	39	131	124	13	6	36	4	117	125	44	7	124	2	75	4	148	38	75	124	118	120	126
C1_13160W	400	718	117	162	114	89	126	252	195	107	87	45	237	252	96	58	178	7	113	174	221	250	78	197
C1_13170C	1392	3303	1117	2473	1450	2362	1284	770	866	1062	2100	440	2629	707	1510	2574	1193	1486	991	1389	1606	635	928	2178
C1_13180W	24	15	12	18	4	1	191	5	6	4	32	4	2	0	7	1	0	18	37	6	0	97	26	15
C1_13190W	210	384	38	93	44	30	7	158	200	22	40	20	56	80	28	35	33	14	67	25	37	317	39	52
C1_13200C	88	124	64	240	193	95	92	9	345	119	231	65	24	47	33	175	6	32	238	89	185	180	192	174
C1_13210C	43	68	20	11	22	0	5	6	9	14	23	11	1	4	11	1	4	3	2	35	4	51	41	50
C1_13220C	119	257	137	153	108	55	195	26	21	75	170	72	112	244	91	20	36	18	68	135	86	184	110	132
C1_13240W	83	267	35	27	50	23	9	59	75	62	108	32	72	85	21	20	123	89	37	57	180	135	65	50
C1_13250W	105	175	8	30	17	21	46	37	42	7	42	9	17	6	5	20	103	9	13	10	11	497	45	16
C1_13260W	40	118	4	1	0	2	0	19	18	0	6	1	7	10	9	1	1	0	2	1	2	41	0	1
C1_13270W	35	127	7	2	4	0	1	15	52	7	6	1	8	26	3	0	5	1	18	3	10	69	11	7
C1_13280C	133	353	56	174	33	80	44	79	66	17	81	21	46	56	11	12	30	20	54	31	55	277	38	49
C1_13290W	1	8	0	6	4	0	0	0	2	5	5	2	0	1	1	3	1	0	1	0	0	35	13	1
C1_13300C	666	1065	494	571	507	412	531	245	192	328	424	199	486	92	183	128	101	348	376	243	433	298	336	432
C1_13310W	23	81	4	25	29	33	0	6	8	47	51	0	49	12	8	3	0	0	1	25	4	63	20	39
C1_13320C	160	356	96	71	63	107	66	113	39	11	32	16	486	95	33	7	19	3	120	68	45	261	18	19
C1_13330C	27	69	33	49	6	2	2	18	36	1	6	12	25	5	0	3	52	0	43	2	44	171	5	7
C1_13350W	800	1213	320	1264	789	878	588	1214	901	397	473	157	869	395	480	339	465	520	304	595	224	286	489	634
C1_13360C	4	5	0	1	0	0	0	1	1	0	0	0	0	1	0	0	0	0	0	6	0	30	2	5
C1_13370W	2	2	1	1	0	0	0	1	3	0	1	0	3	2	0	1	1	0	0	0	0	33	2	6
C1_13380W	6	20	0	8	3	17	0	2	2	5	35	7	0	0	1	0	1	3	1	8	0	58	14	14
C1_13390W	12	30	1	9	8	6	1	7	5	4	4	0	2	2	1	20	1	24	2	3	2	88	3	3
C1_13400C	209	399	230	478	219	149	146	68	25	190	396	85	336	103	148	26	216	143	54	223	174	186	239	418
C1_13410W	14	24	13	2	23	5	3	4	1	9	32	4	24	1	3	3	7	4	5	4	10	33	10	41
C1_13420C	423	1276	495	1204	1164	825	355	219	186	791	1134	401	278	467	444	961	398	658	400	716	664	399	810	1356
C1_13430C	32	90	12	30	72	91	0	9	8	68	59	13	146	14	6	5	10	13	4	15	19	184	35	103
C1_13440C	191	1205	98	502	190	225	43	40	608	215	340	122	15	11	91	55	156	177	193	100	103	618	158	249
C1_13450W	682	1499	626	1910	1226	795	429	636	85	950	1579	398	234	377	618	2043	537	785	523	749	418	419	862	2002
C1_13460W	11	34	0	5	20	3	0	8	5	2	10	8	0	0	3	0	1	11	2	2	4	39	2	17
C1_13470W	38	555	23	135	171	16	7	61	24	63	136	68	65	16	5	5	22	44	6	94	38	164	103	140
C1_13480W	4631	11083	1325	270	98	38	490	1218	1472	39	119	58	3773	1511	1821	78	337	117	1683	1082	2196	456	212	120
C1_13490C	13	57	2	8	34	2	4	1	3	33	33	4	31	164	5	1	1	2	106	8	37	83	45	23
C1_13500C	16	122	10	11	13	1	0	13	1	9	1	2	3	0	8	1	3	3	3	2	0	52	7	4
C1_13510C	137	235	21	104	132	60	6	5	2	49	133	18	14	35	8	6	15	22	26	51	51	86	57	101
C1_13520C	12	50	2	101	75	53	8	1	2	21	25	8	1	55	0	159	28	34	14	14	7	35	6	37
C1_13530W	20	87	11	35	39	46	18	15	29	48	44	12	9	45	18	24	4	3	1	6	15	104	41	32
C1_13540W	13	26	10	38	97	44	28	8	5	81	52	17	1	11	40	31	2	8	5	88	77	58	40	113
C1_13550C	89	248	170	549	354	197	230	21	14	173	261	161	30	23	29	21	249	227	229	83	317	113	144	281
C1_13560W	409	1482	131	338	171	227	72	20	14	184	345	101	38	208	55	101	34	79	51	135	152	116	179	421
C1_13570W	7609	25750	3893	5160	4439	3728	2333	2498	994	4857	7301	4403	2151	2391	1643	8075	2485	5779	3189	2497	3049	689	7532	9092
C1_13580W	191	463	254	345	357	292	45	95	39	179	232	153	121	445	124	379	140	43	252	268	144	251	270	345
C1_13590W	15	44	3	52	31	100	11	0	8	15	35	1	10	2	1	4	137	4	6	42	0	121	27	24
C1_13600W	7	11	5	7	21	26	1	1	4	1	25	6	1	1	0	7	81	0	7	18	2	55	13	26
C1_13610C	87	314	192	281	405	155	549	136	61	160	440	95	338	106	256	70	26	222	67	181	76	324	155	253
C1_13620W	531	1376	295	241	338	123	31	61	50	238	355	87	975	735	166	56	61	242	215	360	591	218	147	276
C1_13630W	519	1387	86	285	377	142	150	25	32	265	418	91	94	72	59	44	85	100	229	339	170	201	274	330
C1_13640W	164	269	118	268	115	45	4	34	21	59	155	66	315	40	82	3	4	154	83	110	69	181	102	159
C1_13650C	123	240	23	58	84	6	1	15	18	21	74	32	11	4	24	1	22	54	7	46	50	55	75	50
C1_13660W	80	212	44	275	141	219	62	17	16	154	206	86	245	30	81	420	51	31	207	200	190	239	211	247
C1_13670W	85	143	40	238	91	133	28	25	57	41	66	5	28	34	45	105	37	14	29	63	32	176	19	59
C1_13680C	118	240	6	4	0	1	0	55	54	0	0	0	35	21	8	6	4	8	7	5	10	66	1	30
C1_13690C	54	84	5	23	20	5	2	25	36	12	9	0	15	6	3	6	2	1	5	5	5	78	1	3
C1_13700W	3549	7947	2418	222	246	465	1141	1803	1517	237	605	181	10369	3535	4410	917	281	79	1589	1447	2131	282	371	517
C1_13710C	4	5	2	11	10	4	0	0	5	0	0	0	0	0	0	2	0	0	2	2	1	2	0	1
C1_13720W	37	85	4	61	26	20	10	17	18	45	42	18	14	3	20	3	5	13	2	40	26	149	63	39
C1_13730C	18	231	14	30	97	2	2	9	10	47	45	46	5	1	5	10	9	12	5	9	28	109	105	113
C1_13740W	62	97	33	140	10	1	4	4	15	14	17	15	54	16	4	11	2	1	4	36	5	188	5	39
C1_13750C	24	22	11	81	24	5	152	3	1	4	13	1	6	21	0	1	0	10	0	17	6	12	23	26
C1_13760W	100	228	61	179	106	61	30	32	42	107	165	114	75	23	18	24	52	10	49	57	76	278	169	316
C1_13770C	72	89	58	93	22	13	9	15	17	48	72	21	5	108	3	22	5	33	7	12	78	161	48	44
C1_13780W	1349	2294	942	1529	1222	720	94	612	1375	786	1287	536	2386	1035	717	878	1004	1073	500	1087	1564	624	967	1735
C1_13790C	7	36	0	15	4	2	1	5	9	3	4	0	3	0	2	0	0	1	0	0	1	43	2	1
C1_13800C	42	519	46	198	69	35	10	5	10	147	162	65	10	11	20	42	9	68	17	38	16	269	237	222
C1_13810W	228	264	23	159	192	79	4	45	55	35	165	47	74	169	11	285	31	19	18	29	64	326	71	136
C1_13820C	328	297	50	120	101	18	5	19	10	111	153	31	78	23	33	9	3	5	1	33	25	286	27	163
C1_13830C	156	571	297	436	110	435	277	92	142	65	107	29	1470	266	92	177	7	148	476	159	335	228	53	145
C1_13840W	741	1742	865	1655	738	1071	806	238	227	809	740	351	306	128	567	2389	37	554	931	567	857	301	325	782
C1_13850C	723	1931	466	558	714	457	319	473	322	529	619	259	34	172	119	597	502	937	469	308	465	225	247	600
C1_13860C	5459	13055	3506	333	236	97	1131	3741	3066	175	312	146	12987	5428	4261	912	37	744	4513	2195	7174	418	253	244
C1_13870W	202	191	27	75	96	98	22	10	4	42	52	20	181	73	28	99	8	36	32	59	64	102	54	75
C1_13880C	622	1077	725	1505	727	590	318	165	616	451	1015	189	368	211	342	131	1937	734	374	404	642	586	418	718
C1_13890C	22	242	66	85	64	6	15	4	4	88	78	22	1	17	5	9	16	53	53	69	15	29	54	50
C1_13900C	1603	1623	294	714	641	205	171	54	45	518	634	365	414	126	80	44	95	230	339	512	466	290	630	938
C1_13910C	197	854	292	1273	822	601	105	48	26	808	1116	210	398	513	305	139	46	372	153	676	420	191	507	1011
C1_13920W	266	1049	263	340	367	168	142	41	37	304	410	142	76	91	94	28	36	58	66	275	170	255	326	540
C1_13930W	1135	2817	1805	2877	2015	1797	1252	4028	987	1528	2302	753	1039	520	686	2087	1584	1533	1255	1509	1603	683	945	1666
C1_13940W	517	1377	433	103	117	70	349	413	564	119	316	42	1458	785	619	17	12	305	184	397	719	276	184	157
C1_13950C	25	32	13	32	115	18	2	8	4	79	104	35	1	9	6	1	1	7	1	23	6	50	114	98
C1_13960W	95	667	105	304	205	107	3	38	23	139	167	62	84	154	75	96	3	73	9	189	34	185	232	411
C1_13970C	153	431	346	776	455	555	518	1864	1174	256	524	52	172	72	246	1814	266	268	844	172	546	252	97	111
C1_13980C	85	308	70	185	172	290	61	20	28	202	326	93	29	67	14	172	31	215	94	224	199	308	174	538
C1_13990W	53	153	14	43	22	9	3	4	9	8	15	3	3	21	1	7	1	5	2	7	14	111	12	44
C1_14000C	136	506	168	237	53	47	265	34	30	65	112	120	87	31	228	25	20	132	249	166	213	276	65	200
C1_14010W	35	296	156	174	101	162	159	26	13	161	168	32	99	5	155	364	25	144	118	70	117	152	65	142
C1_14020W	47	367	171	188	128	144	80	8	4	111	170	45	71	2	106	516	5	128	109	47	74	75	73	168
C1_14030W	1388	3295	836	576	414	409	395	383	42	501	546	127	231	80	108	315	496	439	141	556	395	167	191	721
C1_14040W	354	419	251	484	449	736	31	62	48	309	598	219	49	96	36	89	958	407	125	181	281	286	353	578
C1_14050C	1410	3685	1067	2121	1383	1965	513	244	80	1329	2353	759	1210	416	355	2804	804	1607	1503	658	1369	504	1171	2458
C1_14060W	4660	11992	9763	11158	7048	10510	16540	12257	10371	4421	5769	1700	8377	2433	4797	24511	8762	9058	19339	5601	14153	597	2260	5651
C1_14080W	1300	4391	824	1264	798	889	271	72	499	842	1162	342	222	658	1116	2171	550	1308	353	713	903	955	628	1537
C1_14090W	125	525	20	87	76	36	45	26	46	60	86	69	16	12	77	5	10	4	18	15	47	82	121	312
C1_14100W	89	481	131	433	313	167	97	25	429	65	80	84	59	31	142	7	64	14	85	143	164	109	121	281
C1_14110C	3813	9978	5759	548	467	598	1610	4294	1861	279	374	118	24656	5650	9508	1244	630	706	2961	1797	3826	330	239	540
C1_14120C	188	430	147	50	75	28	50	53	63	130	57	30	75	97	1	172	39	235	49	217	237	177	90	166
C1_14130W	376	633	165	80	45	73	69	336	246	183	107	76	283	123	118	238	12	346	318	356	612	402	194	302
C1_14140C	2474	7607	2679	3635	2693	3421	3586	692	785	1828	2644	981	2262	536	1629	5949	1266	2776	2733	1800	3625	817	1568	3442
C1_14150C	74	223	30	138	129	68	41	17	13	177	229	70	16	40	9	66	9	38	47	93	140	97	133	180
C1_14160W	230	968	577	684	646	477	295	46	967	428	765	350	409	253	242	555	40	337	574	435	520	332	645	853
C1_14170W	605	766	644	693	712	604	147	842	123	382	781	449	713	677	687	505	138	355	682	700	761	292	658	1067
C1_14180W	96	136	64	318	133	307	99	230	143	221	374	63	211	70	111	280	211	169	185	172	206	263	136	263
C1_14190C	35	83	5	66	26	36	2	38	23	23	26	20	15	3	11	24	142	12	10	8	18	193	29	43
C1_14200W	340	429	234	414	477	318	322	113	18	391	658	328	164	149	398	344	193	423	384	207	159	130	361	576
C1_14210C	3118	6525	3304	3560	2920	3488	2160	1023	1055	2138	3409	1120	1573	1143	1243	7674	1621	2705	3461	1405	3853	665	1158	2742
C1_14220C	4893	9909	10416	14049	10222	13206	10432	7006	11280	5710	7777	1676	4424	3087	3917	34487	11453	15474	13092	5641	9630	795	2679	7741
C1_14230C	105	684	110	214	258	154	74	30	41	131	290	67	38	18	51	204	43	197	29	95	348	513	105	207
C1_14240W	387	803	322	413	234	299	51	83	375	146	267	33	283	52	182	18	5	354	239	133	310	287	67	275
C1_14250C	1073	3553	1090	1920	1635	1640	1127	777	650	1326	2410	586	937	462	883	1631	1221	1423	976	828	1229	664	1043	2125
C1_14260C	744	1855	1231	2093	1326	1285	2076	578	71	1047	1232	409	228	120	490	3019	1914	667	1615	912	1640	266	480	1106
C1_14270W	11	138	2	52	23	22	1	6	6	28	40	20	5	17	2	2	40	0	1	42	12	132	36	189
C1_14280C	204	494	23	52	10	6	6	63	91	18	25	4	122	138	25	4	17	6	105	48	60	163	9	33
C1_14290C	6880	23911	4057	3816	1893	2123	3727	1457	1608	1574	2008	525	7531	1908	1576	6797	4252	4512	6684	2876	3399	913	981	1423
C1_14300C	1510	2920	914	1502	685	968	335	1070	596	558	996	272	2028	716	945	625	443	600	975	977	2092	641	455	956
C1_14310W	110	285	71	165	281	201	22	24	34	186	341	135	85	90	54	187	24	93	93	130	329	154	124	290
C1_14320C	183	522	202	174	170	141	76	637	354	90	59	39	426	210	128	330	8	49	48	187	193	118	82	250
C1_14330W	442	2711	1469	1436	730	1845	893	549	291	781	792	349	674	432	433	2650	660	923	1379	572	783	413	658	1318
C1_14340C	1018	2273	763	2195	1022	883	304	1097	2535	814	2639	916	2036	1050	947	3529	2273	1460	1354	863	1966	1107	2174	1392
C1_14350W	100	218	46	82	76	44	91	26	37	96	117	109	11	10	34	8	26	76	19	24	19	178	128	162
C1_14360C	806	2758	1641	973	731	952	1852	3118	1094	724	981	411	2844	980	1894	1040	1153	1251	2200	984	2354	456	745	1207
C1_14370W	49	107	89	283	170	220	187	6	28	185	270	83	50	24	21	78	93	158	34	114	90	49	214	293
C1_14380C	1770	3202	1697	2104	1295	2414	2322	2926	7699	824	1530	423	1533	704	706	3118	3166	2127	2335	985	2105	962	836	2376
C1_14390W	297	872	703	1384	1116	1433	1480	436	60	536	595	249	542	282	373	2648	2040	961	1377	478	954	82	418	1174
C1_14400C	4746	8127	4393	4807	3914	5828	5564	2250	2195	2864	4176	1330	2742	1181	2115	14801	5688	3537	5950	2726	4699	766	1933	4996
C1_14410W	293	875	262	164	143	113	51	28	29	172	255	91	31	53	27	505	163	186	112	188	140	89	223	334
C1_14420W	1728	4616	1304	1543	892	1127	737	212	351	950	1338	774	1083	512	614	2464	687	1290	1509	952	1360	519	1108	1655
C1_14430C	1310	3936	725	1285	908	1042	1367	97	214	867	1269	669	317	429	583	1223	356	960	787	677	922	279	1066	1526
C1_14440C	5141	10295	5721	2912	2549	3993	4816	9126	11113	1611	2943	979	7089	2113	3563	9644	1817	6243	5880	3032	8200	874	2085	3850
C1_14450C	2819	6449	4074	4074	2620	3102	2896	827	1191	1698	2683	1659	2607	671	1743	6110	2806	5900	4591	2074	3822	955	2489	5006
C1_14460W	2003	3704	776	1631	1013	1055	1522	552	720	1261	2055	989	633	630	1013	1978	989	2027	1515	698	1196	729	2155	2824
C1_14470W	1696	6373	3212	4702	2705	4229	5089	3971	6067	2346	2562	774	3019	1111	1734	11409	3488	4748	6946	2253	4094	560	1615	2715
C1_14480W	582	2318	1036	1429	644	1433	1687	1584	1850	551	680	188	938	284	410	2570	1008	1594	1709	651	1492	220	527	1096
C1_14490C	3686	8117	2411	1786	1479	1984	3935	3935	4541	1159	1196	271	964	837	845	5002	2774	2659	2771	1075	1690	893	650	1703
C1_14500C	441	1545	492	615	361	424	465	252	183	235	431	90	227	170	359	218	253	252	655	282	617	373	238	386
C1_14520W	5514	13700	6357	9279	4685	6291	6850	5604	8642	3512	6250	1784	2081	2076	2813	12550	5301	7987	10202	3299	7398	1438	2800	6047
C1_14530W	600	1264	259	444	370	150	31	56	389	285	563	156	38	192	161	12	44	77	131	357	141	104	385	639
C1_14550C	436	1204	404	764	375	373	275	50	82	312	469	122	143	143	114	1988	71	344	317	320	490	289	280	702
C1_14560C	3010	8552	4904	7596	5445	6679	4780	2955	3002	3878	7037	1863	2475	1822	2926	6461	5919	5488	4227	3734	6479	583	3656	7161
C1_14570C	1391	3187	1584	4152	2790	2526	1185	921	1406	2570	4403	782	972	655	971	2435	1307	2243	2342	1588	1846	840	1369	2071
C1_14580C	377	585	736	1451	894	1108	352	155	111	768	1580	153	479	129	503	1011	519	488	407	477	842	138	310	722
C1_14590C	62	110	62	118	127	57	27	17	15	39	84	10	212	24	28	61	30	12	25	58	63	69	45	121
C1_14630C	1	2	0	0	0	0	0	0	0	1	1	0	1	1	0	0	0	1	0	0	0	1	1	2
C2_00010W	61	288	54	141	131	19	7	19	12	48	95	19	13	38	39	2	10	10	26	76	70	100	69	186
C2_00030W	1194	2389	558	1360	508	381	1579	302	464	395	617	247	1125	457	732	3235	1179	609	996	689	1859	755	369	1009
C2_00040C	9	10	18	22	37	32	22	10	7	9	35	11	19	0	2	7	11	38	28	8	20	44	21	17
C2_00050C	1166	1414	1352	772	642	1049	1333	2315	1212	590	809	385	464	226	485	4028	380	1278	935	579	699	409	538	349
C2_00060C	2721	6622	1709	1951	1255	1924	2465	3606	4353	1531	1730	726	736	719	1136	5916	2653	2059	1224	879	1231	1776	1125	607
C2_00070C	6568	13831	3338	5853	3247	4631	3200	681	219	2493	4312	667	1642	653	2248	6415	3094	3713	4795	2341	5197	1289	2033	1822
C2_00080C	1200	2355	564	497	519	400	255	277	137	623	779	294	46	78	248	738	43	418	626	237	610	1040	597	603
C2_00090W	121	531	112	136	111	56	237	21	20	168	208	89	274	30	68	21	7	39	49	97	79	133	151	207
C2_00100C	929	2667	573	1011	984	582	367	310	422	608	806	204	594	82	536	319	186	417	530	563	961	268	366	837
C2_00110W	1469	2316	1679	2838	2202	2433	2010	352	856	1703	2675	557	1205	489	834	632	824	2252	1643	1004	1648	327	747	1711
C2_00120C	3951	4867	3513	4581	3206	4649	3121	2646	1395	2507	3986	1380	5523	1618	2236	4900	3738	3576	3735	2659	4755	986	2183	2900
C2_00130W	703	1623	109	219	128	30	105	281	303	87	126	82	16	84	69	332	70	19	77	121	146	114	97	119
C2_00140W	1668	5686	819	920	728	451	2	16	2	2	10	1	3135	849	1217	1437	221	516	1347	679	1990	401	543	494
C2_00150W	543	642	472	1090	483	625	715	534	190	750	1032	442	174	259	198	156	916	278	380	376	624	361	504	405
C2_00160C	692	1625	854	1528	628	1584	1437	1681	1845	581	830	203	417	581	245	2511	1300	740	982	488	1087	288	357	572
C2_00170C	2388	6705	2084	4068	1965	2342	3125	449	895	2521	4867	1407	1799	326	2097	6403	2839	3812	3704	1880	2383	932	1899	3325
C2_00180C	177	1339	161	488	244	184	572	53	62	221	207	145	39	19	288	138	32	128	218	240	222	264	293	368
C2_00190C	957	2044	1305	2582	1155	1559	305	68	51	1086	1605	377	546	274	729	218	298	819	879	784	790	346	700	1391
C2_00200W	304	929	555	947	380	532	269	45	18	386	721	187	199	123	324	124	95	448	485	259	366	300	228	531
C2_00210W	109	285	8	21	20	6	13	88	97	35	34	39	82	57	17	9	7	10	32	21	18	99	44	51
C2_00220C	158	441	240	389	216	288	31	38	24	245	344	112	26	14	160	80	44	32	296	111	211	294	131	213
C2_00230W	133	389	362	599	331	305	47	37	82	414	653	260	159	134	479	102	91	302	433	317	533	293	244	807
C2_00240C	65	195	55	187	75	297	180	42	41	109	157	140	47	10	13	108	68	407	6	58	21	226	168	318
C2_00250W	710	1432	165	104	87	56	65	412	549	17	50	23	213	37	16	36	68	93	244	71	68	1221	38	47
C2_00260C	283	430	226	103	94	108	85	74	50	73	110	87	189	9	47	16	6	153	109	109	75	273	107	149
C2_00270C	2967	7285	1989	2743	1599	1450	5245	4163	5095	1409	2374	363	1080	310	1354	3955	4290	3696	3666	1735	1538	465	285	1242
C2_00280C	259	1281	219	423	201	358	244	25	73	160	394	34	144	105	202	214	335	218	244	204	142	133	94	220
C2_00290W	218	248	274	488	175	308	272	75	44	242	296	28	147	30	154	45	35	87	232	139	173	134	111	357
C2_00300C	121	176	136	369	121	126	59	15	15	100	174	29	37	18	3	111	26	27	161	80	36	54	89	214
C2_00310W	0	0	0	0	0	0	0	0	0	0	0	0	0	0	0	0	0	0	0	0	0	0	0	0
C2_00320W	55	206	25	102	75	67	15	23	33	100	96	56	13	6	234	7	12	21	18	37	12	97	107	235
C2_00330C	2330	2971	1430	2649	1644	2403	2113	3343	302	1560	2548	328	1105	551	1079	2546	1316	1648	2014	1464	1952	595	898	1390
C2_00340C	1102	2992	273	522	217	333	289	838	632	228	334	92	335	99	130	616	635	65	230	164	372	270	129	225
C2_00350W	1307	3207	2095	4564	2291	3279	1430	948	1622	2323	3112	699	1413	588	1183	3963	928	3484	2137	2212	3057	648	1083	2941
C2_00360C	862	4166	604	1351	800	804	850	114	192	822	1542	495	439	393	528	1003	172	1063	890	646	413	441	686	1267
C2_00370W	912	4433	1046	2348	1472	1440	540	312	157	1188	1660	820	830	919	550	511	1205	800	632	1090	1181	668	1398	2280
C2_00380C	486	911	499	822	533	377	495	198	638	648	950	135	862	295	260	1027	159	915	340	387	710	364	233	699
C2_00390C	162	292	217	298	134	83	259	272	70	80	208	22	56	50	31	21	34	16	358	71	108	222	90	277
C2_00400C	33	107	14	24	29	33	6	10	14	28	77	14	18	4	66	8	3	0	6	10	9	96	23	33
C2_00410C	11731	18909	7206	15428	8792	11490	5995	2119	1817	3780	6936	1223	5262	2319	4828	15326	4370	9577	8357	5602	10424	1092	2247	3603
C2_00420W	182	709	342	578	213	507	91	35	52	238	440	309	68	264	342	1004	306	459	80	351	330	215	546	523
C2_00430C	381	867	437	851	268	118	28	81	66	464	734	258	27	92	641	71	240	77	31	408	469	194	291	930
C2_00440W	9008	23847	3536	5653	4122	2788	1830	620	783	2530	3746	1256	562	1881	2716	184	1642	1663	1197	3403	2912	394	1781	4896
C2_00450C	6145	14853	2687	3960	2614	1802	669	594	1659	1872	3085	994	1373	758	1756	1070	1142	1277	1319	1997	3212	600	1692	3304
C2_00460W	71	121	40	156	75	76	8	10	8	126	114	74	4	12	22	84	11	42	43	71	75	162	106	260
C2_00470W	209	380	449	740	316	315	137	50	251	307	353	109	215	116	153	307	52	385	221	171	488	662	203	425
C2_00480C	23	38	11	31	20	30	13	12	18	4	16	4	14	25	4	12	1	12	14	25	7	160	12	16
C2_00490W	257	434	136	454	398	392	58	65	54	312	329	146	474	282	169	255	272	205	496	164	504	258	279	526
C2_00500W	2717	2845	1276	3275	2048	2182	2066	562	1588	1588	3220	838	1988	518	942	4116	1817	2321	2082	1416	1459	707	1615	3268
C2_00510W	477	1299	198	660	549	578	260	38	13	367	476	229	288	151	115	794	347	196	78	272	385	186	409	635
C2_00520W	1240	1524	716	704	453	477	421	470	1058	672	1284	417	629	561	151	1191	595	436	531	460	520	317	696	856
C2_00530W	26	24	1	0	5	4	2	3	3	9	21	15	0	3	0	0	2	1	2	5	7	44	16	39
C2_00540W	603	1408	624	1346	949	1050	1272	367	354	679	1396	515	501	609	305	1698	301	854	1094	735	574	648	664	947
C2_00550W	945	1062	583	829	674	732	824	117	490	493	948	313	745	494	606	1921	489	929	354	290	751	436	487	645
C2_00560W	31	85	10	37	87	71	9	6	3	48	54	20	0	6	3	18	4	22	11	50	37	84	51	77
C2_00570W	213	207	43	225	109	88	18	485	33	164	128	72	46	177	13	123	950	49	10	32	102	283	325	440
C2_00580C	289	586	325	574	325	153	139	1247	63	292	516	36	392	33	214	87	69	187	18	236	288	288	190	150
C2_00590W	120	1523	452	818	821	1160	346	88	127	768	1156	599	217	394	378	1262	153	412	356	567	550	163	989	1132
C2_00600C	24	145	3	7	2	2	2	6	15	13	12	3	2	0	13	5	5	1	39	10	5	90	4	13
C2_00610C	23	63	1	4	5	5	1	19	12	35	14	21	3	3	1	2	1	0	8	4	3	25	8	13
C2_00620C	210	213	85	258	134	210	204	12	15	169	353	46	54	27	103	19	173	139	111	130	16	99	35	158
C2_00630C	13	63	62	12	3	9	1	6	13	12	32	4	1	2	2	2	1	1	3	7	2	144	1	40
C2_00640W	1071	3560	374	1483	821	537	441	68	25	694	771	390	482	212	1046	932	826	141	500	471	1012	492	978	1673
C2_00650W	1975	2178	748	4058	2527	1530	328	141	108	2006	2092	1159	246	367	689	615	1301	2080	887	1137	1463	702	1931	3969
C2_00660C	54	295	15	69	47	57	0	11	13	44	38	40	7	42	11	7	7	4	28	39	21	137	76	99
C2_00670C	20	171	1	104	18	37	39	6	3	26	56	14	1	1	1	3	1	46	56	29	28	60	30	56
C2_00680C	129	495	190	484	300	368	493	55	722	227	272	43	123	315	127	872	172	130	282	171	73	216	136	360
C2_00690W	22	31	0	87	25	19	3	13	7	11	27	14	26	2	1	0	48	2	2	4	3	116	39	145
C2_00700W	1421	2975	1793	4200	2939	3672	1331	231	164	1959	3353	1034	1710	703	867	3324	1856	1227	2184	2275	2090	512	1642	2851
C2_00710W	1020	3021	635	1792	1114	767	282	72	28	535	762	94	136	340	248	760	400	515	473	765	434	211	271	581
C2_00720C	1958	5460	772	2294	1563	2121	1822	200	117	669	862	190	399	664	483	3766	918	1039	2047	1188	1471	266	324	712
C2_00730C	7246	16925	3012	4493	2944	2507	570	995	191	1962	3007	1033	1179	405	652	695	953	924	1190	2375	1498	636	2835	4046
C2_00740C	120	396	91	585	236	68	95	81	29	108	226	57	884	299	191	17	30	208	250	165	252	299	150	205
C2_00750W	1107	2445	1640	4864	3734	952	342	151	142	2023	3554	1614	528	1342	802	145	302	587	817	2634	1795	170	2616	5828
C2_00760C	126	223	197	403	254	185	74	83	92	193	311	168	95	206	82	69	253	90	290	179	95	136	235	354
C2_00770W	255	500	325	738	521	473	139	35	19	344	432	163	118	190	58	816	525	297	380	339	441	170	338	722
C2_00780W	828	2113	1218	2096	1256	1387	872	113	457	931	1320	267	316	535	488	1815	1075	1115	1078	988	803	350	512	1295
C2_00790C	950	1313	503	846	1300	715	328	52	53	307	813	184	187	110	244	832	169	188	415	752	443	136	319	1070
C2_00800C	83	270	43	276	202	62	5	99	18	173	210	102	47	27	331	489	43	59	51	104	174	315	307	509
C2_00810C	92	288	124	211	118	116	19	13	29	158	232	119	105	4	7	84	9	77	83	96	33	194	377	477
C2_00820W	724	1889	559	629	543	329	538	27	125	547	887	424	459	110	274	608	520	1072	496	562	383	237	725	1136
C2_00830C	2902	6209	707	894	592	357	328	492	737	480	712	159	327	347	341	677	624	431	583	433	486	377	256	476
C2_00840W	100	920	387	577	284	142	164	82	23	306	337	181	161	31	62	29	370	309	118	159	59	343	620	628
C2_00850W	644	855	318	538	176	135	164	53	311	216	306	82	80	67	64	149	139	41	350	170	228	232	290	384
C2_00860C	64	133	10	35	165	35	4	3	4	100	98	28	8	124	1	7	7	20	21	80	23	127	100	155
C2_00870W	5	14	2	11	9	0	0	3	3	4	12	3	0	2	1	2	0	0	0	2	2	16	16	11
C2_00880W	169	153	4	14	58	24	8	6	6	47	53	8	16	3	0	7	1	3	31	41	6	112	30	9
C2_00890W	289	238	78	64	137	144	10	7	3	100	57	52	2	1	0	10	23	4	86	95	17	122	50	62
C2_00900W	23	25	4	16	15	2	1	3	7	19	12	5	2	0	0	1	4	2	2	7	0	61	25	50
C2_00910W	15	71	16	73	9	4	1	14	8	10	17	0	3	2	1	0	4	4	1	0	1	112	5	25
C2_00920W	169	402	303	379	261	320	332	1100	1369	96	143	21	34	97	102	613	54	70	224	183	364	87	26	188
C2_00930C	167	207	169	177	163	130	106	548	624	83	135	12	8	95	57	389	16	43	70	110	239	69	18	89
C2_00940W	100	195	9	122	44	33	11	87	104	18	20	3	25	11	8	75	17	16	19	9	88	168	19	13
C2_00950C	98	436	66	153	135	210	97	29	64	152	331	84	420	31	199	100	60	21	89	120	177	156	128	308
C2_00960C	166	189	135	248	175	230	104	27	129	188	182	97	21	22	88	153	16	228	81	282	179	91	114	391
C2_00970C	926	2102	1166	1173	974	842	341	567	160	537	917	264	303	237	250	440	159	311	692	609	1088	402	678	957
C2_00980W	20	40	77	11	23	58	27	6	4	21	15	0	1	2	25	1	2	0	2	4	36	50	19	29
C2_00990W	9	20	4	18	4	0	2	2	3	4	11	4	1	3	0	1	0	5	2	1	9	79	18	24
C2_01000W	3044	7646	1560	1078	783	482	1801	4143	6401	612	979	368	3224	1185	857	1022	123	768	3960	2788	4043	357	573	1208
C2_01010W	828	3401	1241	2935	1783	1685	1180	372	361	1067	2198	720	2572	1113	612	5129	3012	2692	1513	1466	1990	1082	1611	1370
C2_01020W	871	1601	951	1400	467	1063	482	1391	638	232	1160	1021	2503	305	1161	1781	3413	1191	7249	3374	6120	2524	3267	1941
C2_01030W	138	264	64	158	98	20	26	32	35	78	114	24	37	34	25	5	6	2	3	95	76	113	71	124
C2_01040W	122	136	87	162	138	30	11	8	7	105	157	28	7	31	20	0	6	4	13	107	46	44	49	130
C2_01050W	186	177	112	194	140	63	9	8	9	110	123	40	9	40	9	2	9	53	51	77	66	46	36	114
C2_01060C	241	199	200	364	424	289	127	59	124	123	273	47	2	52	77	68	75	190	165	164	89	85	66	144
C2_01070W	100	198	34	124	123	102	18	29	22	109	90	42	51	123	20	126	57	17	6	152	161	202	165	146
C2_01080C	1	7	0	0	2	0	1	0	0	3	0	1	0	1	1	0	0	0	0	0	0	21	10	2
C2_01090C	65	274	10	13	10	1	2	19	32	8	15	2	36	5	10	0	0	0	0	6	9	57	24	18
C2_01110C	1841	4459	1028	2607	1157	505	485	163	454	636	1068	343	945	703	642	53	696	491	558	1288	3011	365	554	1032
C2_01120W	1394	2925	798	1100	825	1308	249	374	440	245	513	206	1640	538	527	272	878	691	904	775	1259	371	267	531
C2_01130W	75	182	14	38	109	11	7	48	20	51	70	65	44	9	106	205	52	6	20	89	13	323	56	87
C2_01140C	6	11	1	21	4	2	1	38	5	14	14	1	3	0	0	1	0	1	1	3	1	47	12	9
C2_01150W	124	89	1	58	8	7	2	6	18	16	40	5	4	5	2	1	2	1	1	13	1	100	7	80
C2_01160W	61	204	17	289	103	51	13	10	15	68	133	29	89	14	8	4	161	82	16	71	18	111	25	103
C2_01170C	93	404	109	245	74	129	3	25	14	110	256	59	69	99	8	6	4	7	44	62	94	223	186	235
C2_01180W	11	25	2	9	20	36	12	12	31	3	35	12	22	8	21	9	2	0	0	2	4	28	7	12
C2_01190C	114	71	56	98	80	104	50	5	18	70	226	29	23	9	75	17	133	9	88	95	14	50	85	84
C2_01200C	359	915	234	440	544	436	165	121	240	351	845	198	203	184	570	73	231	300	227	286	576	522	360	425
C2_01210C	182	694	371	182	238	171	136	56	128	271	229	76	131	186	336	119	73	276	104	185	345	498	159	387
C2_01220W	84	210	12	45	22	60	5	29	142	45	31	19	76	135	30	5	3	77	18	33	44	167	26	42
C2_01230W	8	15	6	23	39	6	7	3	5	28	43	10	2	1	6	0	5	2	4	15	9	26	8	34
C2_01240C	70	127	134	244	398	101	6	11	7	116	137	74	3	192	18	18	24	9	7	95	33	115	153	253
C2_01250W	59	43	1	18	0	10	2	12	11	4	2	1	5	3	10	1	0	0	4	0	5	53	8	6
C2_01260W	99	192	69	99	122	64	5	10	6	27	49	9	3	38	15	43	5	1	82	64	87	110	30	43
C2_01270W	11	53	8	6	99	23	8	8	9	21	13	0	0	71	6	0	3	0	1	4	0	91	41	150
C2_01290C	9	25	34	35	21	32	24	0	4	3	19	0	1	10	7	3	3	2	5	2	2	30	6	106
C2_01300C	73	82	27	39	16	3	16	11	12	8	60	7	15	126	5	1	3	35	5	29	17	73	43	71
C2_01310W	45	212	82	31	53	33	6	39	15	92	68	50	68	108	40	7	6	12	33	44	47	111	112	113
C2_01320W	15	34	0	2	1	1	1	5	2	0	1	0	1	4	0	0	0	0	2	1	1	22	0	4
C2_01330C	120	342	54	147	111	151	37	10	6	44	110	25	25	7	3	29	7	46	90	117	35	119	23	161
C2_01340W	119	218	4	7	8	34	6	23	30	26	33	12	18	54	5	2	2	44	9	6	28	176	18	26
C2_01350C	26	87	2	40	25	12	1	20	23	7	55	7	10	7	2	6	1	3	2	12	6	151	18	62
C2_01360C	2732	5638	2256	3632	3266	3692	2350	3178	2830	1762	2846	649	1147	1176	926	2648	1462	2511	2597	1953	2388	656	884	1258
C2_01370C	71	297	34	205	43	28	5	15	22	59	83	26	41	34	22	45	5	6	13	30	44	157	33	126
C2_01380W	1074	3211	1139	901	1007	929	678	169	458	501	755	215	475	299	321	354	232	679	755	670	1558	242	311	803
C2_01390W	757	932	410	901	348	218	421	64	161	348	417	121	343	98	410	815	236	220	569	383	203	335	313	505
C2_01400C	228	135	189	421	156	199	84	19	11	90	142	92	8	42	12	678	135	165	32	185	110	222	126	80
C2_01410C	151	426	68	153	150	80	73	67	64	142	161	79	277	54	34	8	32	16	257	105	280	215	101	210
C2_01420C	64	104	24	322	140	70	9	14	18	126	179	74	8	29	11	42	14	272	58	118	66	174	89	262
C2_01430W	32	90	24	2	2	15	2	26	15	1	5	2	10	3	8	7	0	12	11	6	4	122	6	3
C2_01440C	23	16	2	11	10	13	5	7	8	4	10	1	6	1	0	3	3	6	5	0	11	75	3	4
C2_01450C	123	57	3	67	26	44	14	11	18	12	24	4	8	2	2	10	7	8	12	1	14	122	22	46
C2_01460C	670	971	466	990	1263	676	454	126	57	1150	1254	387	378	343	135	1023	157	579	270	495	271	241	616	1359
C2_01470W	1403	5340	1483	2267	1910	1151	1001	177	279	899	1892	552	372	325	506	1564	717	636	950	1162	690	1540	1320	1880
C2_01480W	5708	10372	5601	6269	4253	5346	6798	8175	14060	2988	4691	1508	3737	2702	4116	17922	7208	6476	9138	3164	5284	7872	3131	5323
C2_01490C	1716	5684	1412	3877	1886	2645	816	175	886	1740	2317	924	1592	844	812	1606	341	1683	870	1929	1243	355	1622	3363
C2_01500W	86	201	256	285	156	211	79	43	44	116	217	86	98	129	63	72	349	120	125	146	142	51	158	213
C2_01510C	169	643	296	604	547	547	133	263	36	326	556	223	304	190	123	775	306	125	274	347	378	80	599	803
C2_01520W	510	1743	737	2093	1222	1991	469	114	644	1491	2071	495	569	233	536	1595	616	1610	984	965	1489	316	1078	1710
C2_01530C	1935	4164	2301	4206	2357	3647	2139	512	1678	2061	2784	827	4251	1509	1230	4515	565	2047	2677	2061	3089	557	1442	2538
C2_01540W	534	619	458	1137	730	1087	235	41	49	365	618	488	350	369	166	580	113	690	572	403	634	272	773	1162
C2_01550W	908	2128	603	1427	675	586	395	112	137	968	1347	1149	355	109	123	406	157	734	472	613	532	597	1595	1914
C2_01560W	643	633	855	564	724	801	641	543	1333	468	503	144	422	119	107	1515	191	614	266	605	253	342	298	367
C2_01570W	19	30	9	27	37	10	0	0	1	34	29	16	0	3	3	0	1	1	1	48	16	50	32	20
C2_01580W	16	21	0	4	2	1	0	0	5	3	10	13	1	1	0	0	0	0	2	2	0	43	5	1
C2_01590W	185	372	15	108	17	44	19	93	100	81	130	23	52	31	8	14	17	14	56	14	33	154	78	89
C2_01600C	648	612	107	352	286	365	107	106	170	208	370	113	1038	89	325	696	32	143	480	211	674	303	238	554
C2_01610C	636	1188	63	42	18	7	152	311	339	23	38	11	223	118	41	3	5	4	73	19	33	88	45	56
C2_01620W	557	631	336	551	549	173	571	183	1142	208	389	88	84	322	190	10	27	308	129	297	265	163	147	237
C2_01630W	105	43	109	168	125	35	6	7	3	100	135	15	1	72	22	6	10	8	3	48	22	142	63	84
C2_01640W	2730	4038	3465	4819	2815	3641	1191	1985	857	2010	3155	947	2329	891	2339	2211	1372	1569	2707	2577	4062	904	1476	2847
C2_01650W	199	147	170	235	269	76	12	36	24	127	179	82	19	43	21	136	10	110	56	158	168	171	120	248
C2_01660C	107	178	115	198	213	100	14	46	63	127	193	68	43	69	46	198	50	100	68	161	123	178	115	170
C2_01670C	266	1050	312	753	810	427	227	134	82	451	654	158	212	186	200	391	16	174	182	404	393	294	299	553
C2_01680C	1505	3986	695	1698	1295	1449	1083	108	267	811	1399	405	1206	235	592	559	208	629	375	872	1607	501	679	975
C2_01690W	120	374	57	13	3	6	27	100	93	7	23	4	57	91	53	2	3	7	13	7	28	98	1	10
C2_01700C	738	3968	1568	3276	1878	2727	960	539	899	1214	2085	618	777	513	798	2887	839	879	1620	1208	2294	617	1234	2431
C2_01710W	6	6	3	0	0	0	8	6	9	2	10	0	2	1	0	0	1	1	0	1	1	34	2	0
C2_01720C	5	10	1	3	1	0	1	4	5	3	0	2	1	0	0	0	0	0	0	3	0	26	8	3
C2_01730W	4	11	0	4	3	0	0	0	0	2	4	0	0	0	0	0	0	0	0	1	0	8	2	0
C2_01740C	6	9	0	1	0	0	0	3	5	2	3	0	0	2	1	0	0	1	2	0	0	9	1	1
C2_01750C	36	80	41	66	30	50	151	164	264	91	188	17	6	6	3	135	270	171	51	18	23	91	64	56
C2_01760C	0	7	0	1	0	3	0	0	1	4	1	1	0	5	5	1	0	1	1	0	0	27	1	1
C2_01770C	1	8	6	32	1	2	0	4	6	0	10	1	0	0	0	0	0	3	2	0	0	21	2	0
C2_01780W	6023	17411	7339	12426	6877	7242	6442	9127	4606	3262	6058	1976	18113	5548	6764	12049	6303	7175	8651	5771	10982	1275	2787	3928
C2_01800W	8	67	126	70	103	160	48	8	225	60	31	2	419	78	8	7	63	1	132	126	4	84	9	42
C2_01820C	8	44	3	3	20	3	14	3	2	27	15	4	10	0	0	4	2	1	2	1	96	67	24	17
C2_01830W	6	16	0	0	5	0	0	1	1	0	1	0	3	1	0	2	1	0	1	0	1	49	8	1
C2_01840C	619	1728	666	1919	1297	1638	618	48	49	1062	1490	433	958	263	623	869	785	725	695	997	1020	302	764	1191
C2_01850W	150	450	21	90	66	4	4	56	129	39	24	9	96	9	10	5	6	5	10	23	17	176	56	34
C2_01860C	5	19	0	0	0	0	0	1	3	0	0	0	1	0	1	0	0	0	0	5	0	24	1	0
C2_01870C	14	40	3	21	8	2	0	4	5	5	4	1	5	1	2	1	1	0	0	2	31	38	3	2
C2_01880C	18	75	14	53	39	16	6	10	10	6	34	13	0	10	4	2	1	54	37	10	12	63	10	23
C2_01890W	596	1350	656	1890	1670	999	504	89	57	929	1590	718	207	545	373	1535	602	1030	495	877	630	460	1147	2052
C2_01900C	31	47	0	3	1	3	3	5	6	0	2	0	6	0	2	2	2	0	65	3	3	98	4	9
C2_01910W	28	25	0	8	9	2	2	2	4	5	8	5	2	1	0	1	0	0	2	1	0	52	21	27
C2_01920C	78	219	7	141	13	4	4	32	16	39	18	25	18	20	4	21	38	2	17	36	6	109	29	105
C2_01930C	5	20	0	0	1	0	0	3	1	1	0	1	2	6	0	1	1	0	0	7	1	12	2	0
C2_01940C	10	27	1	16	4	10	0	3	0	12	20	6	1	0	0	6	1	1	1	6	2	80	26	30
C2_01950C	16	23	0	1	0	1	39	4	2	2	0	2	7	4	0	1	1	0	2	5	6	56	0	5
C2_01960C	15	30	3	3	6	5	2	4	4	10	21	12	11	5	8	1	0	0	0	15	10	48	9	21
C2_01970C	85	272	43	73	63	51	9	26	41	106	119	55	60	29	12	11	82	39	12	31	13	150	63	263
C2_01980C	162	649	312	640	436	318	34	35	39	233	463	72	157	302	164	151	83	268	244	431	397	187	259	496
C2_01990C	831	2539	1720	3539	2189	2096	853	182	565	1704	3093	587	889	566	781	3279	660	1789	1524	1567	1196	826	1194	2291
C2_02000W	71	170	12	26	8	5	3	40	19	18	15	1	21	27	10	2	3	1	6	41	27	117	6	23
C2_02010C	30	409	33	24	25	49	12	6	5	43	81	9	4	5	4	3	1	16	78	51	62	132	27	66
C2_02020W	687	2490	1349	2021	1956	1504	587	875	310	889	1401	549	895	458	887	2226	1119	654	717	1197	1393	705	758	1986
C2_02030W	390	2961	643	382	259	382	274	946	240	229	634	44	691	338	392	242	965	333	218	341	222	153	144	205
C2_02040W	535	795	509	1288	831	1153	473	270	263	483	973	235	163	307	328	1292	34	627	936	645	672	637	385	710
C2_02050C	191	755	230	182	189	77	147	55	156	72	119	29	201	77	73	26	193	70	136	90	186	337	59	410
C2_02060C	450	2412	328	739	534	860	458	49	35	473	844	195	320	193	125	1697	203	235	478	625	629	269	551	657
C2_02070W	189	239	191	548	275	284	173	22	24	426	727	415	21	53	100	182	81	183	278	226	190	167	629	894
C2_02080W	1	0	0	0	1	2	0	0	2	6	1	1	0	1	0	0	0	0	0	1	0	22	6	2
C2_02090W	251	433	11	56	10	16	18	16	48	21	64	19	81	58	12	3	15	8	13	19	14	130	63	80
C2_02100W	2307	5224	3664	5204	3192	5123	3312	3322	3127	2483	3215	1127	1818	1345	1782	5944	1239	4129	4204	2930	4315	1403	1520	3959
C2_02110C	11	16	4	2	0	3	0	2	8	3	7	0	3	0	0	0	1	0	0	2	0	44	12	0
C2_02120W	19	42	18	8	9	2	0	2	7	18	5	1	147	17	17	1	0	4	0	2	6	82	28	65
C2_02130C	22	19	3	10	15	2	0	2	1	15	14	6	2	6	3	0	0	2	0	3	0	78	8	41
C2_02140C	2	3	0	2	13	1	0	0	1	11	6	0	0	0	0	0	0	0	0	2	0	13	2	4
C2_02150C	179	328	91	162	118	117	24	22	20	101	159	61	32	25	32	26	7	17	5	94	13	143	93	112
C2_02160W	7	27	0	4	2	0	0	3	4	4	2	0	1	0	2	3	0	0	1	0	1	45	9	3
C2_02170W	14	28	2	1	4	3	0	5	7	6	28	6	3	4	6	0	64	0	21	10	12	94	13	12
C2_02180W	27	65	30	83	52	35	2	10	18	67	92	33	16	1	2	1	25	3	5	54	21	150	81	36
C2_02190C	44	99	35	21	1	2	0	25	23	1	46	2	44	9	26	7	2	3	16	26	14	125	12	9
C2_02200W	37	112	5	23	25	2	11	30	20	14	10	45	19	18	4	3	3	1	1	8	7	123	26	10
C2_02210C	11	27	3	2	12	0	5	9	2	4	1	0	0	1	0	0	4	0	3	2	0	48	0	4
C2_02220C	58	263	79	295	497	208	167	20	12	163	262	65	71	323	93	433	215	169	103	179	214	96	120	224
C2_02230C	22	38	30	18	57	9	1	2	3	31	10	13	1	0	1	1	1	4	2	4	15	213	29	32
C2_02240C	202	135	44	387	117	84	95	22	18	110	251	60	40	8	30	176	10	27	51	177	156	205	128	240
C2_02250C	272	664	513	865	621	704	273	426	821	418	494	123	297	164	245	780	69	274	255	501	693	272	309	289
C2_02260W	304	628	69	236	132	244	213	40	30	183	156	13	72	12	37	36	3	28	39	105	81	172	48	151
C2_02270C	42	141	6	39	33	15	3	3	5	61	16	3	1	1	7	4	2	0	6	23	0	47	13	47
C2_02280W	74	91	7	5	6	1	2	5	14	1	11	0	3	11	0	0	8	1	1	4	3	94	6	28
C2_02290C	164	22	3	3	2	2	0	0	3	4	8	1	1	1	0	4	0	0	1	1	5	60	9	3
C2_02300W	21	83	3	9	24	9	5	14	9	45	39	23	3	43	1	2	2	8	1	9	0	151	7	17
C2_02310W	19	105	5	3	17	12	4	23	23	3	16	13	10	4	1	1	1	6	5	7	1	83	10	30
C2_02320C	179	462	72	36	23	34	15	104	129	17	41	16	89	43	40	30	2	9	28	16	41	107	21	40
C2_02330W	28	85	41	71	31	70	5	2	0	39	73	19	18	28	11	38	4	14	16	25	57	43	51	64
C2_02340C	904	1853	618	1478	940	737	556	80	67	915	1387	519	369	222	216	553	648	421	379	629	661	436	1185	1781
C2_02350C	2422	6102	1236	2926	2111	2479	1688	269	157	1503	2298	1168	198	213	769	3870	1526	1839	1973	1734	1895	639	1116	2305
C2_02360C	45	304	129	452	302	388	37	15	12	112	202	29	19	86	66	122	21	113	104	157	126	109	73	248
C2_02370C	406	672	398	846	387	958	479	213	300	286	425	85	535	295	549	553	60	225	379	319	666	198	147	534
C2_02380W	1043	1016	527	728	778	775	761	417	78	379	721	314	669	243	260	1134	812	374	502	518	808	247	352	810
C2_02390W	152	265	36	104	173	4	19	33	63	73	158	31	38	36	11	4	22	10	41	61	14	145	123	183
C2_02400W	409	2315	778	1928	1405	1303	1313	66	40	799	925	690	481	721	444	825	1214	1772	1564	233	860	355	1156	1577
C2_02410W	468	991	113	83	135	55	25	269	476	103	168	44	134	33	92	76	17	151	180	52	220	229	30	118
C2_02420C	661	1032	1320	1410	843	1029	414	470	179	606	1081	270	456	393	472	893	276	626	773	816	697	534	230	790
C2_02430W	7567	15352	3717	6481	5053	4461	1529	709	1509	3892	5298	1902	1711	1616	1972	7478	1918	3575	3282	3194	4637	903	2559	4189
C2_02440W	481	2120	488	1327	1326	726	276	158	47	325	741	132	79	385	80	556	1104	427	475	601	385	313	353	614
C2_02450C	552	1197	320	918	869	327	228	55	143	454	780	329	268	555	264	576	114	182	287	443	649	625	647	946
C2_02460W	858	1845	891	1068	835	693	424	649	137	826	783	282	310	156	181	702	369	393	525	467	546	399	439	746
C2_02470C	5	39	3	3	10	2	0	1	4	17	6	1	2	0	7	2	1	6	1	2	0	124	21	16
C2_02480W	5	56	11	6	3	1	0	0	2	4	13	2	0	0	8	0	0	1	1	0	4	46	6	11
C2_02490C	1476	4054	3003	3930	3084	3455	2269	744	182	2443	4047	730	1286	1158	674	4951	935	3346	3429	2453	3480	844	1084	2980
C2_02500W	150	191	102	248	68	43	31	25	17	60	151	13	104	75	18	222	13	63	184	87	187	255	73	171
C2_02510W	61	116	12	38	147	26	9	13	141	53	75	57	21	65	75	8	18	27	2	44	24	112	165	182
C2_02520W	96	203	4	18	12	40	4	15	149	49	11	10	15	10	1	4	6	1	6	17	5	228	33	109
C2_02530W	179	133	150	90	94	113	1	22	18	37	101	41	34	73	43	17	6	18	48	54	82	193	55	58
C2_02540W	93	259	37	207	100	106	16	7	26	118	185	89	22	17	21	18	53	44	39	91	94	262	212	266
C2_02550C	395	440	250	219	267	178	102	69	40	330	537	234	175	38	248	531	188	135	104	214	219	259	276	298
C2_02560W	0	45	15	3	8	7	0	4	6	15	17	9	2	1	7	0	26	2	6	1	0	59	33	7
C2_02570W	442	2108	128	1529	444	652	478	678	467	370	411	103	802	13	332	294	50	938	522	285	148	251	275	278
C2_02580W	500	1317	229	310	248	239	111	38	27	81	316	72	260	27	162	36	56	202	609	137	129	276	158	209
C2_02590W	465	658	178	198	290	185	206	106	933	239	219	132	658	374	450	522	12	39	88	210	353	143	461	692
C2_02600C	183	420	153	358	246	371	109	43	42	307	339	148	61	91	40	273	26	136	73	196	131	178	329	680
C2_02610C	1044	3105	863	2549	1832	1046	267	63	62	846	1057	643	524	744	151	133	1328	749	520	1000	1917	258	545	3419
C2_02620W	51	310	72	92	64	28	14	11	17	50	90	30	11	20	147	243	1	4	166	52	29	97	43	205
C2_02630W	440	578	198	514	453	285	124	28	26	346	393	129	146	202	277	377	84	75	243	240	395	173	208	599
C2_02640C	201	398	135	227	171	73	150	27	15	75	144	51	43	63	47	90	29	79	32	101	96	400	49	203
C2_02650C	0	0	0	0	0	0	0	0	0	0	0	0	0	0	0	0	0	0	0	0	0	0	0	0
C2_02660W	1457	2397	95	369	183	418	63	27	14	208	288	120	260	48	80	54	554	150	181	228	215	213	249	422
C2_02670C	14	23	5	31	2	1	6	12	5	23	21	18	6	1	0	2	0	2	1	11	3	118	42	45
C2_02680W	27	80	69	25	19	52	6	18	10	67	54	16	9	4	5	15	11	15	5	6	22	170	21	55
C2_02690W	118	718	155	328	228	70	22	18	20	164	362	72	23	57	143	3	47	9	14	200	272	157	189	378
C2_02700C	111	156	217	587	417	22	31	15	21	267	504	116	25	110	203	12	14	53	6	290	167	200	338	644
C2_02710C	103	270	172	439	194	114	23	17	12	223	210	59	14	16	39	11	27	111	16	70	126	107	212	357
C2_02720W	1240	2400	735	1145	812	773	95	574	63	540	788	482	277	379	244	608	497	617	502	471	535	646	606	1199
C2_02730W	759	2312	434	997	557	1121	491	699	274	267	628	63	378	52	148	347	2130	346	876	207	514	482	212	308
C2_02740C	238	698	78	187	149	75	45	125	31	73	116	86	66	86	44	43	315	126	135	70	122	135	142	162
C2_02750C	106	566	137	355	331	278	240	18	13	201	389	119	69	40	64	91	285	246	218	96	76	262	353	519
C2_02760W	390	1794	408	805	467	447	42	51	55	260	513	122	360	130	329	58	222	234	181	357	670	443	314	890
C2_02770W	594	1229	417	774	417	450	199	932	78	229	319	84	849	216	151	556	348	211	323	392	642	282	153	486
C2_02780C	16	46	125	286	66	41	7	10	9	51	36	24	28	158	12	6	5	5	4	28	70	125	70	172
C2_02790C	12060	28077	2888	3481	2734	2423	3155	1832	1786	2478	3402	1152	1402	640	1465	5984	3656	3306	2772	1823	2460	344	1496	3556
C2_02800W	65	159	21	47	19	43	2	11	14	13	27	35	12	3	82	5	6	2	16	12	3	84	90	91
C2_02810C	117	91	3	93	28	57	2	15	16	43	45	47	39	7	5	8	0	8	14	16	6	122	156	99
C2_02820C	169	212	96	282	251	348	43	25	28	299	448	186	512	84	17	645	35	31	91	160	184	328	206	423
C2_02830C	366	762	40	182	147	182	350	137	96	89	121	46	153	90	24	32	12	44	38	218	212	307	65	105
C2_02840C	217	322	150	366	310	197	88	37	17	198	311	83	68	86	120	54	22	30	50	226	182	296	211	391
C2_02850W	27323	63333	8129	8903	6854	6651	10171	7304	8514	7538	11320	3350	3350	1761	4514	18119	12673	10892	8887	5379	7970	978	5088	9619
C2_02860W	607	864	221	334	260	116	240	219	222	95	446	212	2198	766	398	76	698	101	224	126	486	504	733	307
C2_02870W	31	103	5	24	76	4	1	4	12	35	31	3	20	6	0	18	1	6	8	27	8	62	29	45
C2_02880C	57	151	11	145	50	22	3	4	7	14	52	8	13	9	15	3	0	2	0	33	10	166	43	42
C2_02890W	372	733	170	407	456	389	169	654	71	247	372	127	183	97	140	129	127	55	155	279	244	345	387	653
C2_02900W	66	108	92	190	233	79	18	0	0	180	163	51	32	59	16	27	1	54	68	84	48	16	207	99
C2_02910W	10	9	19	3	2	9	0	6	4	9	15	6	0	1	1	0	29	2	2	6	2	23	16	18
C2_02920W	68	159	76	23	17	7	9	28	45	31	38	20	45	34	14	6	14	16	13	30	138	147	53	37
C2_02930C	5364	7945	2707	1634	1335	1826	653	1176	1404	979	1562	327	3264	2907	1833	1389	1635	1402	1570	1359	1791	253	546	1085
C2_02940W	3355	7618	4825	5320	3546	4523	4820	5712	5103	1962	2560	280	2691	721	1807	12447	4181	4971	4575	1652	3409	510	561	1314
C2_02950W	246	490	189	369	269	106	171	26	20	130	272	87	68	67	48	146	55	113	43	144	113	748	95	358
C2_02960C	606	725	707	934	581	334	105	105	32	322	634	112	30	203	447	53	18	73	113	331	308	204	399	995
C2_02970C	2290	3070	2529	1790	1205	1510	954	918	955	880	1417	834	4669	1730	2281	3872	2736	1576	5117	3038	6820	1155	1234	1948
C2_02980C	1921	3955	1563	1847	906	1002	572	142	158	615	1398	420	894	215	1509	2786	1727	1318	1889	1147	1455	442	632	1267
C2_02990C	2535	5558	3796	5883	3583	4349	1376	515	189	2913	4803	1902	1007	1185	1461	4619	2760	3278	2818	2978	4032	940	2849	4945
C2_03000C	108	973	184	373	366	266	61	243	194	251	297	202	164	148	18	79	33	111	144	240	211	388	221	296
C2_03010C	4599	10187	2600	463	252	391	1866	2145	2212	290	512	228	15871	4974	7137	609	1070	455	1323	1069	2945	287	478	387
C2_03020C	5137	14852	5290	8099	5507	6505	3168	908	1030	3033	5835	1374	9653	2662	5502	8065	5448	7220	6580	4305	7280	649	1828	4828
C2_03030W	1008	1525	809	2419	1809	1707	598	200	168	1207	1734	291	1140	584	320	777	368	928	439	1376	1709	373	662	1800
C2_03040W	228	866	263	999	529	860	322	112	64	510	746	519	187	86	70	268	36	436	251	464	242	358	998	1409
C2_03050W	827	1699	1404	3025	1702	3062	1628	721	1534	1293	2561	1118	634	383	1261	4598	1917	2551	1929	1208	1753	467	1841	2640
C2_03060W	1290	3688	1411	2424	1527	2987	1895	576	624	1491	1789	810	1435	557	447	3636	1681	1664	1192	1042	1499	428	1018	1311
C2_03070C	100	242	106	92	230	45	23	17	20	144	239	114	23	41	16	13	11	63	18	99	32	262	321	371
C2_03080W	1693	4303	2241	4102	2138	2447	3963	5345	4551	1956	2440	499	3013	1188	1595	11348	1878	1638	2276	1760	3011	466	689	1115
C2_03090C	1241	1990	568	1177	746	434	783	111	36	504	660	265	334	332	519	191	712	562	299	365	227	192	320	551
C2_03100W	6187	16005	6210	1650	1134	1276	1827	3261	3590	750	1031	708	27499	7013	9874	788	834	1591	4256	3108	8653	920	1132	2389
C2_03110W	33	92	6	4	62	9	2	6	9	9	12	9	7	4	3	17	6	2	49	25	4	94	31	25
C2_03120W	2427	9099	3339	4803	3004	3356	1838	188	193	2813	4673	1744	439	923	1579	4276	2067	2606	2851	1661	2323	548	2824	4349
C2_03130W	182	535	138	222	212	111	13	11	7	157	189	43	50	45	23	54	34	41	49	83	86	92	103	174
C2_03140C	504	606	598	797	606	816	206	114	79	528	795	226	309	236	271	192	423	449	228	319	538	370	330	690
C2_03150C	311	223	55	338	215	99	15	25	33	147	275	39	6	63	23	26	6	35	53	177	329	229	144	164
C2_03160C	2095	4104	1284	866	731	1068	793	1675	1236	640	983	264	10568	2977	4660	1562	370	497	881	714	987	480	513	787
C2_03170W	100	144	37	107	71	43	4	15	12	87	165	48	41	61	36	3	2	9	4	52	21	67	126	177
C2_03180C	3959	8407	5180	4333	2907	3656	3053	4994	5500	2558	4053	1445	10645	4231	5416	2425	852	2281	5402	3955	7261	1625	2181	4268
C2_03200W	86	736	80	475	364	188	171	13	41	262	360	66	99	40	128	114	44	188	61	229	86	157	236	395
C2_03210W	32	55	8	27	32	5	1	17	19	22	17	12	12	7	17	0	2	7	12	13	7	47	24	57
C2_03220C	188	432	93	141	166	66	50	264	327	59	150	68	195	136	40	6	31	19	1	4	0	4	0	0
C2_03230C	55	178	15	46	26	8	3	33	16	63	49	9	25	6	17	6	2	18	15	57	23	73	53	115
C2_03240C	17449	40267	11136	15797	9673	11454	12041	10598	9975	5718	9581	2103	11244	5450	7167	23067	7199	11624	19975	7982	11538	2096	3562	7907
C2_03250W	121	544	177	369	222	236	296	22	28	110	251	188	273	155	89	34	41	72	220	182	429	117	291	335
C2_03260W	45	229	38	92	125	104	48	8	14	30	32	49	24	50	12	9	4	11	36	15	62	84	87	184
C2_03270W	13433	30594	4087	280	210	192	2518	11899	10850	95	250	198	32377	9175	10495	768	514	58	4062	2136	7196	747	288	249
C2_03280W	1109	2419	1618	2175	1634	2458	2510	228	509	1308	2258	391	1510	756	833	4984	317	1915	2280	1381	1907	499	579	1258
C2_03290W	48	61	7	31	67	28	3	9	16	22	44	16	45	146	8	4	5	0	3	119	26	118	53	137
C2_03300W	168	661	320	490	374	499	208	155	140	147	364	104	302	87	222	1221	412	292	290	269	489	1581	168	414
C2_03310C	65	178	65	132	38	146	5	38	21	102	71	32	25	35	52	2	6	87	34	100	158	78	48	199
C2_03320W	6376	18599	5833	7376	4436	4470	3358	3479	5092	3577	7164	3019	4280	4065	3269	4651	4107	4992	3785	4804	4306	1803	4653	7178
C2_03330C	549	1338	1203	1408	1338	745	973	123	209	847	1619	778	1382	609	579	623	420	1670	1101	892	1488	314	1052	1506
C2_03340W	767	1738	369	770	560	269	46	90	45	549	607	127	256	210	313	160	52	174	107	364	570	376	204	628
C2_03350W	711	1317	477	1296	783	536	857	110	328	963	1321	507	218	117	887	2144	1852	406	678	596	955	798	620	1179
C2_03360W	6172	15730	3813	4828	3546	3656	1889	316	151	2487	3851	1585	2639	1602	2005	2512	1233	3747	5279	2666	4714	603	2343	5256
C2_03370W	644	3461	1300	2610	2019	1781	941	110	61	1215	1932	985	860	643	296	948	1000	1896	1095	1418	1571	351	1578	2392
C2_03380W	6796	14341	4925	7897	4653	6174	5575	3221	3028	3554	5225	1615	2821	1653	3115	13030	6493	7162	6424	3399	6163	3229	2138	4790
C2_03390C	13530	22148	6518	9364	6013	6405	4605	2706	1548	5829	7772	3202	1706	1722	3220	10276	5655	5758	5631	4380	5871	1648	4460	7684
C2_03400C	590	1403	211	1353	827	623	213	204	79	643	1445	486	155	274	167	1022	152	536	384	425	199	301	745	1164
C2_03410W	1138	2923	748	1677	1312	1330	277	255	84	1099	1377	324	634	491	1407	1903	1695	1504	1332	1379	938	541	528	1071
C2_03420C	425	711	258	232	286	228	17	23	28	94	310	73	116	46	127	570	300	57	376	157	157	268	114	266
C2_03430W	947	2019	1073	1098	941	1420	510	356	472	238	516	209	642	321	345	2759	1475	514	1261	386	805	252	156	233
C2_03440W	111	458	55	184	151	157	114	2065	656	68	199	114	210	63	52	31	1058	232	63	169	420	216	124	85
C2_03450W	164	680	131	614	278	188	96	36	17	367	374	161	135	62	57	160	28	156	145	275	284	203	345	687
C2_03460C	498	826	505	1037	312	349	510	48	145	314	479	296	83	192	162	733	121	259	999	356	278	268	270	792
C2_03470C	180	491	36	16	7	12	6	137	148	5	23	1	217	87	128	11	24	8	20	12	144	240	22	41
C2_03480C	12	20	6	4	11	3	1	6	5	8	29	4	1	58	1	1	8	4	3	4	0	75	3	11
C2_03490C	995	3103	1799	3309	1893	2065	2221	528	541	1443	2289	332	620	773	1172	2436	1518	1236	2082	1496	2232	325	475	995
C2_03500W	723	2201	595	2553	1246	1435	1001	340	262	1367	1977	819	683	312	559	2905	1156	1107	997	1092	1405	556	1356	1995
C2_03520C	784	2024	920	878	832	578	259	609	611	294	883	350	2095	879	1218	1134	689	321	736	499	1578	561	755	639
C2_03530W	292	517	509	919	996	910	353	715	1185	559	1070	269	348	508	518	1312	191	671	498	569	644	192	616	850
C2_03540W	1551	1423	1241	1213	1080	735	951	243	194	790	1366	269	330	305	699	1908	799	914	718	601	918	393	563	874
C2_03550C	1082	1730	338	551	387	279	216	71	45	258	254	122	162	106	156	415	109	135	91	234	298	364	236	376
C2_03560C	66	196	16	39	8	20	10	27	26	45	50	5	24	38	38	84	5	0	3	14	10	129	2	49
C2_03570C	18	165	96	178	51	116	4	25	17	12	41	15	94	13	19	43	163	2	15	57	12	159	25	12
C2_03580W	22	29	12	3	18	2	1	0	1	12	37	20	0	0	1	1	1	5	2	15	7	4	11	13
C2_03590C	196	319	108	27	67	13	19	17	9	60	149	41	4	4	5	7	4	39	11	59	46	100	50	94
C2_03600W	2770	7986	2468	4569	2284	4652	2597	1519	1617	1942	3434	1803	1121	1210	810	5797	1091	2115	3569	2154	3089	645	3168	2933
C2_03610W	21	272	155	100	17	67	2	25	26	48	61	4	3	3	103	2	10	17	34	26	12	271	73	55
C2_03620W	159	188	80	274	130	208	143	111	38	104	244	133	170	8	102	305	95	222	162	87	90	241	166	340
C2_03630W	22	162	6	60	42	6	0	52	5	11	79	43	1	1	3	8	19	1	4	47	58	132	130	104
C2_03640W	75	658	158	380	139	99	19	20	44	101	278	108	230	81	101	256	472	170	99	108	246	258	193	202
C2_03660W	5	10	1	11	11	2	0	6	2	5	2	2	0	1	2	1	0	0	0	2	0	15	7	16
C2_03670W	334	437	64	261	276	73	5	44	9	119	156	31	7	11	105	2	47	96	21	68	21	173	80	109
C2_03680W	493	1081	389	2793	1329	2217	968	87	22	721	1321	710	269	135	502	3563	1124	1681	1484	721	1267	298	1059	2008
C2_03690C	129	498	205	657	439	250	61	40	32	813	1154	378	245	188	121	604	211	197	137	247	134	228	719	1110
C2_03700W	142	956	149	320	155	60	4	13	20	153	204	57	5	78	128	10	2	40	37	225	80	116	115	262
C2_03710W	104	172	116	69	81	23	9	5	6	42	188	87	34	3	2	3	1	10	13	29	67	136	125	119
C2_03720W	16	78	2	6	7	0	0	1	1	9	21	1	0	0	0	2	1	1	0	0	0	21	11	2
C2_03730W	1	2	0	11	1	1	0	1	0	0	3	0	3	2	0	1	0	0	0	0	1	7	7	2
C2_03740W	5	0	0	14	7	1	1	5	0	2	8	0	0	2	0	1	0	1	0	0	0	31	11	6
C2_03750W	149	328	113	392	265	33	67	55	43	162	181	64	207	46	103	13	112	129	22	181	66	85	236	350
C2_03760C	1076	2695	2272	3738	2708	2290	1272	207	656	2109	3172	1609	1199	784	1738	1503	1183	1608	1633	2382	2157	956	3206	5046
C2_03770C	371	1269	874	1244	1176	891	750	899	719	507	965	157	203	339	283	887	587	623	726	704	437	332	420	881
C2_03780C	2139	5949	1942	4318	2797	2380	1559	156	73	1327	1870	486	1240	831	437	1448	946	1397	1476	1911	3127	330	701	1729
C2_03790C	168	417	22	54	23	42	14	150	131	39	58	16	174	22	16	22	39	36	37	8	49	407	16	19
C2_03800C	806	1091	656	1092	711	847	544	87	385	485	731	162	210	265	115	158	1069	262	323	237	728	333	289	684
C2_03810C	873	1622	564	141	199	45	283	387	458	144	210	109	1507	583	819	188	90	192	233	227	427	123	199	275
C2_03820C	895	1824	394	12	18	29	132	861	688	5	9	10	1672	583	712	4	472	3	41	71	111	151	50	18
C2_03830W	99	78	56	12	8	18	5	2	15	18	38	8	17	3	58	9	6	8	7	8	20	209	41	53
C2_03840C	79	92	11	24	18	6	1	6	3	24	37	21	6	4	3	0	4	5	1	7	11	70	41	71
C2_03850W	2	4	0	0	5	2	0	3	1	4	1	1	0	0	0	1	1	0	2	2	0	23	1	2
C2_03860W	3	8	0	1	6	1	0	2	0	0	2	1	0	1	0	1	1	0	2	2	0	15	0	3
C2_03870W	32	38	12	15	11	15	2	2	8	12	27	2	13	110	0	2	6	0	1	25	22	53	17	26
C2_03880C	19	11	4	9	31	1	6	3	2	5	41	5	20	2	3	0	3	3	0	19	16	14	44	57
C2_03890W	24	43	15	28	34	10	1	5	3	43	37	8	8	0	1	3	7	4	2	34	7	59	70	56
C2_03900C	404	1070	471	1496	670	962	801	643	726	474	837	185	837	204	147	694	133	643	1207	679	762	384	428	577
C2_03910C	77	164	77	155	133	84	26	9	11	95	111	112	16	180	108	187	180	34	71	61	96	178	273	276
C2_03920C	799	1012	483	1129	968	659	351	69	138	1007	1231	478	661	399	117	884	611	455	498	754	477	351	860	1013
C2_03930C	36	123	3	73	57	11	5	15	5	24	66	5	3	0	75	4	1	56	1	31	6	95	65	44
C2_03940C	77	175	169	215	144	65	208	54	51	135	215	37	72	33	81	6	444	233	58	134	120	337	131	130
C2_03950W	46	119	92	286	364	301	22	12	10	214	422	122	31	18	66	30	40	86	212	101	113	115	395	458
C2_03960W	192	397	24	9	17	19	17	114	139	6	34	18	70	41	11	13	2	26	22	6	11	51	47	45
C2_03970W	55	56	2	3	25	2	49	3	6	3	6	2	6	2	0	3	2	2	3	11	3	69	14	44
C2_03980C	39	71	62	16	100	9	1	10	13	17	156	1	13	45	5	4	0	1	102	27	13	102	14	25
C2_03990W	86	55	5	63	7	6	2	9	13	29	16	6	9	1	6	1	1	3	16	2	84	135	14	15
C2_04000C	11	26	2	16	10	3	1	0	1	25	41	1	2	0	2	0	1	5	1	5	22	86	14	42
C2_04010C	333	661	155	116	103	104	128	105	157	24	64	9	203	46	279	23	402	20	274	201	174	476	40	88
C2_04020C	218	417	384	1136	752	718	55	46	33	310	377	253	93	59	61	144	234	244	334	320	344	206	523	1276
C2_04030C	46	113	5	9	1	0	3	30	33	6	4	1	9	8	3	0	1	2	1	0	8	44	15	5
C2_04040C	1826	5304	898	1879	1416	1682	1023	124	488	987	1660	672	915	244	400	1874	789	1321	366	709	962	780	1251	2356
C2_04050C	690	2015	333	1005	568	348	369	155	132	730	1018	267	1964	770	462	210	234	220	304	526	437	592	488	824
C2_04060C	865	2034	643	1507	1130	903	394	67	309	761	1349	504	657	141	328	459	1520	707	356	654	930	527	865	1815
C2_04070C	51	368	81	59	47	53	7	4	5	51	37	33	33	9	26	22	4	7	51	22	66	17	51	226
C2_04080W	98	280	40	57	102	25	7	23	35	56	159	16	27	34	30	7	5	54	8	60	31	198	48	115
C2_04090W	659	724	383	428	567	618	283	137	23	202	489	45	138	294	145	716	86	334	284	515	567	171	129	270
C2_04100W	213	176	94	293	293	111	2	13	9	51	133	23	26	11	37	16	44	37	16	206	55	75	95	78
C2_04110W	684	865	435	786	379	711	458	47	33	253	475	166	38	106	23	151	21	83	388	181	588	502	384	849
C2_04120C	162	117	100	184	125	161	6	17	17	127	121	70	10	59	76	17	3	46	30	93	71	220	223	399
C2_04130W	2700	3210	1386	3155	2947	2534	1029	186	409	1953	2669	1191	993	690	621	4451	1693	2323	1305	1281	2189	374	1344	2375
C2_04140W	3160	8311	1158	2099	938	693	934	189	425	610	1062	371	869	580	883	3227	863	1063	1193	924	1212	338	364	1545
C2_04150C	27	88	2	5	1	0	1	28	25	5	5	0	4	7	2	1	0	0	2	2	1	61	0	2
C2_04160W	52	91	15	60	68	42	32	16	22	23	93	18	11	4	31	9	5	7	5	25	18	136	12	63
C2_04170C	136	343	43	87	87	65	37	102	101	30	69	20	59	80	223	15	105	24	20	47	56	255	36	109
C2_04180C	124	425	37	145	166	82	7	13	17	72	100	28	3	13	72	21	101	67	18	42	16	188	48	271
C2_04190C	152	336	75	42	19	18	30	113	81	41	84	27	145	45	65	447	59	108	40	93	48	299	26	68
C2_04200W	183	721	475	1130	758	767	360	175	95	541	884	269	308	57	170	212	220	565	369	555	428	407	438	916
C2_04210W	210	155	163	146	142	169	245	29	24	147	223	55	65	54	95	22	36	80	49	128	205	316	91	288
C2_04220C	186	653	48	32	48	43	73	81	138	63	43	105	77	18	4	15	4	19	57	76	17	170	90	196
C2_04230W	192	674	79	225	35	58	26	83	59	32	105	40	32	26	72	8	18	104	83	45	107	197	22	83
C2_04240C	247	1137	592	706	768	779	145	512	50	250	705	115	476	90	262	1344	24	791	740	325	433	193	81	81
C2_04250W	146	599	102	298	422	132	56	11	94	233	485	116	175	202	135	102	171	78	93	212	169	141	188	270
C2_04260W	46	64	44	123	51	46	14	16	6	39	135	64	26	56	11	150	3	6	56	53	13	92	58	152
C2_04270W	12	8	18	8	1	5	0	3	1	9	7	1	2	14	4	1	0	31	39	3	2	30	17	4
C2_04280W	637	1221	824	1584	1027	810	997	45	81	920	1456	318	266	203	143	103	357	755	633	570	481	332	287	545
C2_04290W	0	6	1	0	0	0	0	2	0	0	1	0	0	0	0	0	0	1	0	1	0	17	1	1
C2_04300C	25	87	5	74	5	13	3	8	9	16	12	11	58	42	33	3	2	7	9	27	4	105	35	37
C2_04310W	1498	3595	109	2	7	3	32	441	406	7	5	3	306	98	61	9	7	5	132	56	95	211	2	12
C2_04320W	10	21	0	0	0	3	0	3	1	1	0	3	1	1	0	0	1	3	0	2	0	43	8	3
C2_04330C	46	72	8	26	52	14	6	21	20	6	19	10	41	26	3	207	67	5	5	39	23	186	18	53
C2_04340C	51	43	3	65	35	19	28	6	5	43	81	11	7	7	3	7	12	15	35	38	13	61	36	94
C2_04350C	51	99	122	135	204	132	34	16	82	158	160	41	80	23	79	24	6	123	93	67	93	139	191	252
C2_04360W	424	489	523	916	776	993	269	68	65	1372	1841	434	189	316	449	1100	115	380	212	595	881	358	943	1043
C2_04370W	26	54	1	3	10	3	0	8	14	9	11	1	11	21	1	2	1	6	3	12	3	30	4	14
C2_04380C	30	65	2	20	3	1	3	9	9	7	28	1	36	4	3	3	1	2	3	2	1	121	16	14
C2_04390W	469	497	204	606	465	429	167	68	58	295	541	79	82	78	250	730	149	167	282	244	220	143	115	274
C2_04400W	169	324	92	266	267	40	35	42	304	159	131	95	25	85	30	178	39	148	93	84	106	148	137	412
C2_04410W	5034	9831	3969	6246	4142	4472	1994	1529	1434	3500	4532	1395	1616	834	1202	3145	1786	2555	2465	3347	3970	520	1948	5224
C2_04420W	337	744	225	440	449	231	21	15	10	280	384	127	30	137	276	14	79	63	17	147	227	284	280	592
C2_04430W	55	14	2	15	6	20	0	1	0	4	6	0	0	0	0	1	2	0	0	3	15	30	2	10
C2_04440W	44	22	2	20	17	22	0	2	2	11	13	1	5	2	3	6	2	42	5	2	6	134	12	21
C2_04450W	18	75	1	19	40	15	9	2	4	24	26	30	11	9	0	6	6	2	5	16	3	138	12	16
C2_04460W	547	1407	436	561	305	56	159	190	131	222	548	148	616	378	210	14	18	124	30	323	334	174	206	221
C2_04470W	23	54	25	17	29	15	2	6	13	12	25	2	7	0	5	4	2	2	2	51	5	108	21	64
C2_04480W	141	37	49	30	27	5	1	12	13	5	16	30	15	14	2	4	32	7	2	11	43	175	18	20
C2_04490W	404	1036	236	652	510	699	464	366	85	215	325	119	301	152	161	626	318	199	491	294	646	121	171	353
C2_04500W	2864	5044	1582	3364	2058	2564	1337	469	388	1599	2504	783	1466	587	919	1768	234	1811	2556	1957	2310	924	1569	2974
C2_04510W	44	73	50	42	89	38	5	8	10	41	42	24	4	67	8	9	2	8	16	50	20	78	24	82
C2_04520C	7	30	2	30	7	0	35	2	2	6	8	0	8	2	0	2	1	10	1	2	0	28	4	21
C2_04530W	18	15	4	0	1	3	0	4	4	0	1	0	0	1	1	0	1	0	0	2	1	54	0	2
C2_04540C	31	54	15	2	10	14	2	6	16	28	8	0	24	19	4	0	4	0	0	10	1	57	9	12
C2_04550C	302	896	334	815	747	516	78	173	84	377	573	485	847	561	646	524	187	238	242	349	754	368	834	913
C2_04560W	11	57	7	32	9	2	3	5	13	7	26	11	5	5	1	4	3	32	1	7	44	93	30	23
C2_04570W	46	73	31	128	47	133	28	24	16	127	90	113	18	11	59	95	61	119	69	51	17	179	127	261
C2_04580W	43	94	9	7	3	2	3	18	20	6	7	2	80	53	3	4	0	0	5	14	3	41	13	21
C2_04590C	23	91	6	6	18	6	2	20	24	28	19	14	19	12	12	4	11	2	23	3	5	41	7	25
C2_04600C	713	1370	130	141	30	8	38	283	316	29	34	32	830	386	201	244	24	3	36	82	105	108	39	45
C2_04610C	1	8	3	21	22	1	0	1	0	2	11	0	0	0	0	0	0	0	0	0	0	16	9	6
C2_04620W	165	380	10	35	46	30	4	60	67	28	92	7	20	14	3	8	41	12	10	12	8	330	19	41
C2_04640C	12	22	2	11	35	1	1	2	7	5	13	4	1	2	0	0	0	4	2	11	30	69	22	20
C2_04650C	24	34	67	301	126	201	26	72	27	19	77	7	38	88	31	40	6	41	68	48	26	61	15	16
C2_04660C	51	138	8	83	22	15	8	31	30	33	35	4	22	35	67	1	11	4	4	16	53	99	29	120
C2_04670W	14	84	7	35	10	3	2	4	7	7	14	0	4	6	0	2	5	1	1	2	1	78	9	19
C2_04680W	108	81	95	32	34	40	31	13	29	64	91	41	2	77	1	3	0	6	12	12	118	95	74	45
C2_04690C	35	43	7	42	42	24	114	7	4	78	85	3	28	16	6	10	2	5	4	43	4	89	26	33
C2_04700C	0	5	1	0	0	0	0	0	0	1	3	1	0	0	0	1	1	0	0	0	0	23	0	0
C2_04710C	47	154	19	25	6	4	29	23	26	10	18	1	14	23	0	43	2	30	1	25	5	133	25	44
C2_04720C	349	2539	623	2243	1371	1634	159	121	115	611	1010	231	750	562	772	535	189	385	327	1019	1244	340	572	1406
C2_04730W	24	32	1	13	2	0	0	1	5	5	4	1	0	9	1	30	0	3	3	0	0	20	14	18
C2_04740C	5	4	0	1	0	0	0	0	0	0	2	1	0	0	0	3	1	0	0	0	0	5	10	9
C2_04750W	24	38	16	25	5	0	0	2	2	1	0	2	42	98	6	0	0	1	2	22	3	81	25	37
C2_04760W	77	300	133	290	319	113	43	44	35	239	407	97	174	54	105	97	42	40	94	151	53	227	138	378
C2_04770W	8	26	2	1	6	1	34	4	8	2	7	6	2	1	4	14	0	2	2	36	1	67	7	15
C2_04780W	170	245	150	100	55	164	17	38	55	50	75	11	71	120	29	186	206	23	32	80	47	240	34	76
C2_04790C	16	66	0	2	24	9	2	8	13	10	8	2	23	4	17	1	0	1	6	17	27	121	4	27
C2_04800C	98	530	142	326	282	166	21	77	140	300	417	30	29	42	21	271	114	47	52	218	166	104	115	260
C2_04810W	77	64	138	271	111	75	6	16	18	82	133	10	92	2	14	82	4	16	26	146	55	86	45	183
C2_04820W	31	99	3	41	13	3	0	11	11	26	47	9	6	7	6	2	1	1	0	2	15	103	5	36
C2_04830W	4	29	2	2	5	1	0	5	15	4	5	0	6	6	2	7	0	0	0	2	0	62	5	3
C2_04850C	91	268	47	44	30	31	9	33	52	33	103	41	12	14	4	5	5	8	9	70	7	227	15	42
C2_04860W	7	14	7	0	0	0	1	19	12	13	5	9	0	1	0	0	1	2	0	22	2	88	10	51
C2_04870C	686	2120	598	903	442	936	69	1013	750	354	570	267	532	361	147	1336	1362	935	896	579	462	637	344	1047
C2_04880C	44	48	24	30	2	2	0	12	24	2	8	15	7	0	0	257	4	1	7	7	2	113	2	5
C2_04890C	1	4	0	0	0	1	1	7	2	0	0	0	1	0	1	1	0	1	2	0	0	18	1	1
C2_04910W	11	80	55	80	42	6	0	2	3	29	66	31	0	3	20	0	5	13	7	34	11	36	62	84
C2_04920W	24	104	34	101	42	40	0	2	2	24	16	8	7	6	34	3	0	18	8	31	15	24	13	47
C2_04930C	2307	5148	2004	3829	2841	3553	2649	907	462	1761	2905	404	1257	621	1737	8848	1251	3147	2070	1650	2606	558	455	1080
C2_04940C	375	527	193	505	446	543	364	50	44	453	359	139	41	238	251	632	339	93	238	356	233	284	190	372
C2_04950C	174	496	121	55	44	10	80	59	76	19	14	8	478	105	107	13	24	7	87	67	201	201	40	98
C2_04960C	59	190	17	76	32	15	1	4	7	17	19	21	4	1	0	2	0	2	1	23	2	30	11	25
C2_04970W	42	52	1	14	5	1	6	5	6	11	8	4	49	5	25	3	24	5	4	6	55	99	8	21
C2_04980C	15	19	1	32	17	9	0	4	9	13	34	5	2	1	0	0	0	0	1	0	15	27	5	7
C2_04990W	15	55	7	55	30	12	7	3	1	18	26	27	1	2	7	1	5	7	0	13	0	38	64	107
C2_05000C	157	378	292	376	338	337	546	23	25	299	391	267	32	136	127	1035	98	248	533	133	269	167	325	471
C2_05010W	122	215	142	199	107	125	317	5	1	258	298	163	8	118	63	342	16	86	300	69	202	27	280	318
C2_05020W	287	1027	85	451	206	386	394	188	202	189	426	170	47	22	125	893	398	339	510	98	127	90	183	347
C2_05030C	369	1431	96	412	273	318	380	148	218	198	520	129	53	13	93	857	473	792	959	144	203	158	138	331
C2_05040C	51	192	24	50	94	5	2	15	14	78	108	56	15	7	2	16	9	8	10	65	19	139	99	226
C2_05050C	347	640	202	837	583	392	234	46	26	597	1087	337	221	355	319	273	861	276	186	498	705	242	405	663
C2_05060C	38	147	33	68	109	60	38	12	52	119	81	31	7	7	21	2	340	17	19	58	31	61	115	167
C2_05070W	157	166	201	373	234	222	93	97	49	273	344	106	122	52	201	811	93	322	179	251	127	283	179	409
C2_05080C	16	126	25	35	20	8	22	4	12	28	91	21	3	30	2	1	13	1	14	9	52	141	31	147
C2_05090W	50	196	447	248	117	377	265	279	376	108	61	20	5	100	16	662	7	105	234	170	297	403	40	204
C2_05100C	146	237	17	95	37	70	5	136	48	82	105	66	30	23	13	7	18	516	7	120	18	158	55	106
C2_05110W	131	653	53	42	100	108	136	43	52	92	182	38	227	13	55	24	13	3	111	170	15	172	219	239
C2_05120C	6	41	14	25	24	2	1	4	1	44	11	16	0	0	12	0	0	1	1	45	7	70	77	47
C2_05130W	48	119	18	60	19	6	6	31	37	34	30	4	116	9	9	8	9	53	15	7	68	220	28	61
C2_05140W	728	2096	1115	1951	1822	1868	802	105	100	1341	2574	611	817	787	662	4008	1221	1716	1528	827	2212	571	1160	1895
C2_05150W	52	119	23	12	105	6	4	13	20	44	84	8	25	2	1	4	5	47	7	20	44	132	49	60
C2_05160C	109	976	171	197	280	284	33	30	160	254	343	189	22	45	13	56	42	258	137	245	225	395	263	465
C2_05170W	59	242	123	83	72	73	22	36	24	45	99	61	38	16	11	108	21	4	15	32	83	161	51	118
C2_05180W	1643	3840	150	142	32	104	23	41	81	29	50	16	498	149	90	142	260	80	288	120	315	3398	41	53
C2_05190W	233	483	102	147	178	107	35	241	36	131	213	76	197	91	73	149	23	42	79	159	130	138	130	131
C2_05200C	600	1505	541	1407	820	808	110	50	108	489	718	190	191	230	442	526	112	440	698	694	750	223	422	879
C2_05210W	94	151	33	81	79	69	129	3	3	54	91	17	7	139	23	4	36	19	5	72	24	39	68	136
C2_05220C	179	380	151	513	299	226	95	21	26	212	431	216	160	147	89	109	14	69	223	228	179	241	356	507
C2_05230C	184	92	64	182	163	80	21	13	10	99	236	65	49	29	64	194	8	21	25	114	69	74	150	174
C2_05240C	2	12	5	26	31	1	2	1	3	17	13	4	25	10	31	0	1	0	1	20	10	19	15	33
C2_05250C	112	280	18	5	59	2	6	39	37	22	7	11	57	83	81	2	1	1	5	8	30	120	7	40
C2_05260W	754	3263	929	1258	966	817	546	249	344	585	1097	255	405	140	195	1395	225	332	767	448	766	495	563	792
C2_05270W	104	508	68	113	132	141	32	22	25	131	433	50	102	98	79	49	48	21	154	137	240	238	124	61
C2_05280C	33	104	24	121	72	11	3	3	7	76	114	33	2	10	5	6	3	10	1	34	3	75	36	92
C2_05290C	86	225	35	202	119	38	1	10	19	93	147	24	27	23	12	3	5	1	6	60	8	67	46	148
C2_05300C	286	463	326	876	785	786	267	69	73	671	1123	138	222	128	177	397	210	305	316	466	378	150	502	790
C2_05310C	5	24	9	72	54	67	8	1	13	26	53	9	2	6	9	29	17	11	8	31	12	9	25	35
C2_05320W	68	143	79	87	157	142	4	16	14	29	104	42	73	46	17	93	9	12	71	51	45	197	61	55
C2_05330C	810	1786	1395	3557	1955	2135	518	231	247	1237	2475	663	675	517	383	2246	617	1117	639	913	1852	402	1241	1980
C2_05340C	118	389	238	351	285	173	142	26	19	395	538	230	193	167	42	131	243	157	58	277	97	166	456	678
C2_05350C	13	150	26	59	77	27	9	9	7	44	98	35	1	27	23	4	3	42	19	42	60	65	94	123
C2_05360C	444	964	103	410	385	263	113	38	12	83	170	84	123	184	41	55	88	66	98	377	171	105	148	340
C2_05370C	1539	2472	1505	2277	1323	1535	1281	1287	1423	673	1141	284	1285	577	898	1583	507	1549	1231	671	688	327	390	977
C2_05380W	159	89	30	87	154	28	2	13	24	78	77	15	55	76	10	32	3	16	27	62	73	153	60	107
C2_05390C	31	0	0	5	0	0	0	0	0	0	3	7	0	3	0	0	0	0	0	0	0	12	6	6
C2_05400W	8	8	3	1	0	3	0	0	1	1	7	1	2	4	1	0	1	0	0	0	0	22	4	7
C2_05410W	259	480	55	55	85	6	42	194	182	28	94	37	321	297	286	10	334	7	14	21	43	67	40	52
C2_05420C	0	8	0	0	5	0	0	0	0	14	8	4	1	0	0	0	0	0	0	1	0	9	13	6
C2_05430C	9	13	1	2	1	1	1	2	1	2	0	0	0	0	0	0	0	2	1	1	0	23	5	1
C2_05440W	36	82	9	28	59	61	0	9	17	33	37	42	15	7	17	1	48	3	6	25	10	177	7	31
C2_05450C	58	162	32	215	51	46	0	2	9	34	50	13	1	5	51	3	3	1	11	25	33	28	48	66
C2_05460W	41407	97527	31694	3110	2267	3355	14230	43388	23856	1521	2808	681	161051	48066	54508	11303	1996	2018	21213	11298	27063	651	634	2332
C2_05470W	382	813	249	664	572	218	32	55	38	344	547	171	54	54	90	76	37	180	51	402	233	195	620	1249
C2_05480C	76	170	21	87	78	21	6	7	2	77	124	30	14	12	22	2	1	110	3	46	39	73	182	274
C2_05490W	48	161	21	55	69	3	17	3	7	89	105	48	6	5	22	5	1	66	1	36	42	71	274	344
C2_05500W	864	3789	270	349	281	142	44	111	67	200	208	95	71	32	32	14	17	40	178	226	88	209	175	361
C2_05510C	177	906	93	140	171	29	18	5	4	173	142	42	55	13	12	6	2	14	104	133	19	223	119	316
C2_05520W	266	975	118	494	229	393	318	73	40	114	209	47	147	49	84	383	576	42	105	169	359	96	100	347
C2_05530C	1254	3752	905	2685	944	1571	2222	241	656	1119	1722	184	950	547	1476	4199	1512	1825	1693	779	1355	356	362	989
C2_05540C	89	760	412	504	637	755	104	90	83	514	633	224	118	323	38	1384	143	483	381	358	468	205	366	533
C2_05550W	51	182	194	423	519	416	113	10	12	269	594	22	214	139	112	33	167	184	130	197	254	55	154	286
C2_05560W	77	523	130	127	120	170	41	27	28	154	239	85	118	28	51	201	8	228	117	110	159	150	119	185
C2_05570C	124	428	209	538	446	441	212	494	95	172	340	15	198	175	216	462	152	254	191	265	180	115	79	115
C2_05580W	4252	16585	5003	6556	4268	5584	4650	2899	4728	2871	4526	1189	9041	4424	3513	5263	3797	4757	6539	3163	8046	797	1636	4101
C2_05590C	49	69	4	7	6	8	6	8	9	4	35	6	1	10	1	7	18	2	43	8	3	131	13	19
C2_05600W	8	11	12	4	15	40	0	1	1	3	55	6	18	1	16	1	3	4	10	16	51	14	27	50
C2_05610C	2027	4589	2050	2162	1232	280	1550	321	404	769	969	123	1909	713	586	40	555	150	420	970	2186	216	303	721
C2_05620W	13	23	7	8	35	8	1	6	3	32	15	9	1	1	1	20	0	5	0	19	8	43	37	46
C2_05630C	3	19	6	5	20	7	0	1	0	0	3	0	0	0	0	12	1	0	2	12	1	26	5	10
C2_05640W	1335	1282	1547	1494	1245	711	1272	685	993	883	1750	893	958	499	566	1561	680	1249	899	811	1376	474	1179	1538
C2_05650W	1722	3632	1319	2033	1787	2264	1237	1079	472	1264	1976	441	1058	707	901	1766	116	1218	874	1717	1673	374	781	1565
C2_05660W	4615	11158	6695	2296	1284	1455	3222	2693	3950	658	1430	504	13600	6112	4632	710	1792	1931	7004	5714	12398	798	1403	1395
C2_05670C	49	130	162	210	104	102	39	6	16	113	328	59	189	14	25	16	216	20	58	193	55	71	197	363
C2_05680W	148	1382	496	365	450	297	149	74	57	342	481	49	493	147	200	909	44	167	292	374	644	300	213	368
C2_05690C	55	84	4	18	40	8	0	27	25	50	24	11	41	16	15	11	23	10	89	31	11	153	66	36
C2_05700W	721	1932	234	86	192	224	289	1282	449	183	233	71	1259	441	224	826	140	412	351	164	202	350	78	55
C2_05710C	366	720	66	152	197	92	131	182	462	130	205	147	654	143	31	292	47	218	56	147	233	131	274	385
C2_05720C	409	1065	211	329	217	186	54	119	241	155	236	192	499	455	118	138	196	33	92	192	172	292	223	357
C2_05730C	555	1009	546	1067	1055	877	147	63	32	965	1192	731	269	422	213	640	162	167	206	357	412	260	1508	2382
C2_05740W	2575	5894	3334	3684	2319	2726	2310	536	1261	2328	3644	2568	778	1469	1573	4716	2570	4254	2387	1433	2327	1041	3113	5154
C2_05750W	290	842	381	1260	803	802	729	347	360	310	615	108	247	197	289	755	352	624	466	422	555	110	170	561
C2_05760C	300	692	270	858	650	462	49	40	24	257	465	72	112	152	227	189	26	159	160	295	389	59	152	464
C2_05770W	4049	8456	2043	4581	3227	2667	1382	394	215	1609	2210	1016	512	729	958	3565	958	1851	2177	2411	2016	371	1283	3590
C2_05780C	261	591	460	2205	1286	1959	204	154	34	1105	1934	522	237	466	377	1064	345	1288	659	629	1067	331	1230	1731
C2_05790C	952	1768	972	939	660	797	294	94	108	640	818	277	941	620	255	419	300	431	787	640	649	460	388	734
C2_05800C	1039	1616	726	946	1112	1165	249	46	26	364	465	96	131	142	566	40	27	206	426	624	789	173	182	372
C2_05810W	282	946	315	389	171	455	1407	1288	1731	243	317	31	2342	810	743	423	282	931	1754	648	861	383	154	370
C2_05820W	869	2143	320	466	363	338	67	55	36	295	416	87	209	471	192	372	91	85	212	333	288	170	506	576
C2_05830C	696	947	972	1621	1095	1725	615	82	23	942	1251	462	572	334	419	1230	945	803	358	1010	749	273	720	1608
C2_05840W	4696	13156	6402	14726	9844	14089	4064	762	293	6151	10455	5313	3775	2811	2082	11769	4447	10655	6490	7112	8527	439	5947	14986
C2_05850C	853	1733	893	2635	1904	2482	541	345	172	1130	1827	1006	563	538	377	1144	572	1521	912	1245	1081	291	1051	2951
C2_05860C	201	476	201	370	115	222	91	36	38	151	223	87	283	37	89	164	84	29	12	175	203	271	26	247
C2_05870W	64	152	11	139	65	35	13	4	5	25	52	2	4	53	2	13	1	7	20	48	67	7	24	32
C2_05880W	0	1	0	1	0	0	0	0	0	1	0	0	0	0	0	0	0	0	0	0	0	0	0	0
C2_05890C	1046	2401	341	976	460	278	610	126	96	215	273	46	384	446	265	232	14	107	612	326	1006	318	100	259
C2_05900W	156	219	109	339	230	34	18	26	48	212	223	61	23	72	8	153	155	209	171	55	75	176	109	286
C2_05910W	1085	1589	887	1506	1096	1112	908	84	211	605	1426	578	701	437	929	1327	1014	449	1903	889	1286	448	771	1309
C2_05920C	188	399	31	81	107	94	23	102	101	70	114	50	134	29	31	126	254	29	78	62	86	145	100	129
C2_05930W	53	180	4	6	6	6	4	48	48	2	15	2	18	14	3	3	7	3	9	9	6	74	4	16
C2_05940C	87	189	87	25	40	10	2	5	11	34	72	21	54	183	11	7	78	4	12	66	21	208	63	137
C2_05950C	198	846	145	248	234	196	83	25	157	159	366	70	121	21	62	32	65	243	70	227	72	354	228	408
C2_05960C	346	893	422	746	612	128	164	18	6	516	779	238	200	95	311	25	229	141	21	372	277	149	385	978
C2_05970C	358	872	750	1875	1102	1661	907	545	747	520	1032	136	104	68	199	2551	348	707	1122	415	1534	300	200	180
C2_05980C	231	203	71	64	77	33	74	125	29	85	68	7	167	23	10	27	175	26	113	57	15	234	52	112
C2_05990C	65	189	126	309	122	136	281	406	158	153	256	117	15	201	86	533	91	116	131	54	135	186	137	327
C2_06000W	728	1906	865	1123	761	1256	535	190	78	522	1119	336	176	227	206	1345	479	344	593	545	602	256	580	1201
C2_06010W	1256	2469	1953	4670	3359	3996	1110	519	898	1860	3401	1177	1478	1525	1194	2150	1677	1729	1604	2236	2403	855	2293	3949
C2_06020W	170	336	96	359	139	62	17	88	78	47	208	19	18	38	50	158	24	105	222	41	143	230	62	74
C2_06030W	214	345	185	430	253	396	143	27	10	296	520	113	234	80	223	332	117	352	269	255	137	94	171	386
C2_06040C	1123	2541	1550	3807	2381	2351	1575	122	164	2708	3995	1139	1467	706	887	2299	1597	3533	2124	2005	1412	183	1570	3546
C2_06050C	17	21	3	17	19	1	3	6	6	8	15	19	1	0	3	0	0	0	1	3	13	43	57	27
C2_06060C	19	8	6	21	28	1	1	3	2	28	16	3	3	0	3	0	0	2	2	19	0	42	40	34
C2_06070W	632	2037	527	1090	949	752	114	59	34	544	1126	374	469	268	192	355	263	283	336	871	647	409	716	1676
C2_06080C	1468	3100	586	886	926	1097	768	445	570	992	1205	401	416	715	274	956	687	402	1042	1226	874	166	541	1159
C2_06090W	444	821	344	727	462	401	50	37	27	209	547	91	92	36	379	487	173	92	140	422	174	476	160	309
C2_06100W	366	894	152	181	128	126	49	185	375	102	151	30	1165	253	810	57	33	24	299	359	215	551	114	190
C2_06110W	149	1087	296	615	471	278	270	21	26	170	325	68	112	52	44	307	18	95	117	143	143	188	117	393
C2_06120C	558	876	335	624	428	577	336	29	42	434	741	250	470	72	230	934	175	627	166	202	205	202	402	838
C2_06130W	1068	2276	805	805	738	146	75	27	25	531	809	300	143	161	294	413	147	237	109	771	311	293	740	1682
C2_06140C	3892	7319	2337	4531	2942	2414	1907	556	888	2120	3376	1124	425	698	1366	3182	697	2188	1083	3261	2392	458	2384	5453
C2_06150C	696	1309	645	620	614	413	196	178	69	316	808	302	226	156	408	540	600	370	743	581	342	230	649	961
C2_06160W	50	363	31	53	42	47	3	10	22	87	126	137	86	4	1	19	26	15	3	59	9	165	124	219
C2_06170C	2108	4762	3633	5692	3472	5065	2547	324	1095	2254	3493	1268	4290	1951	1625	4174	1836	3141	3141	2814	3614	851	2212	4478
C2_06180C	65	41	0	26	12	159	3	5	3	48	66	7	0	0	9	13	1	2	1	4	162	169	7	88
C2_06190W	777	1697	358	1380	460	413	275	468	419	298	391	136	816	508	499	56	243	378	608	438	1073	301	314	786
C2_06200C	1811	5022	1407	2060	1415	1274	917	80	61	830	1267	403	176	319	315	2521	683	548	986	806	1028	403	660	1368
C2_06210C	398	1309	580	874	328	254	124	164	156	231	371	184	475	247	350	1068	45	106	501	317	410	188	233	633
C2_06220C	62	432	59	247	86	38	31	41	47	88	201	62	51	45	54	269	19	51	89	48	160	197	113	222
C2_06230W	2339	3963	4679	9621	5325	6377	2944	722	1111	4326	6337	1002	1859	1209	2184	6496	3182	4014	4026	3295	3716	997	1763	2972
C2_06240W	9	4	0	2	20	0	0	2	24	12	8	4	0	8	2	0	16	0	1	5	1	25	36	60
C2_06250C	93	191	79	154	47	99	29	73	34	131	63	10	128	178	101	27	4	21	21	71	81	239	108	118
C2_06260W	3	29	1	0	1	1	1	2	1	5	6	0	1	0	0	0	0	0	1	2	4	22	23	12
C2_06270W	15	33	4	9	0	2	4	2	2	8	1	1	1	0	0	2	0	1	2	1	2	113	20	17
C2_06280C	6	9	0	0	2	0	1	0	0	10	6	8	0	0	1	1	1	3	0	0	2	47	11	9
C2_06290C	95	238	7	30	17	5	5	90	98	38	56	32	33	16	13	7	13	10	13	13	16	94	39	44
C2_06300W	28	14	27	18	44	5	1	10	4	23	15	1	4	8	7	0	133	3	2	15	46	50	20	14
C2_06310C	568	1327	151	23	24	26	14	158	180	15	29	1	96	41	26	2	4	4	103	29	49	147	14	27
C2_06320W	597	3072	784	449	695	454	381	676	572	628	976	343	2372	827	296	555	441	135	363	342	1176	549	656	1054
C2_06330C	407	2016	1194	2263	2245	2414	632	628	134	1474	2050	730	743	795	492	2053	865	1044	1046	1227	1106	398	1514	2055
C2_06340W	90	104	24	138	89	59	2	9	17	53	75	3	3	1	35	1084	42	5	23	48	88	253	30	106
C2_06350C	13	24	0	23	71	7	7	4	2	42	53	12	0	29	6	8	2	5	1	18	6	64	51	51
C2_06360C	3	19	1	10	18	2	0	1	3	3	46	3	1	2	2	0	0	3	0	5	1	74	8	17
C2_06370C	21	11	13	51	33	9	6	4	1	20	80	5	7	24	4	31	5	3	17	23	6	18	30	26
C2_06390C	333	809	575	927	631	937	744	318	593	665	1129	193	729	412	691	1995	167	690	1055	652	449	234	332	516
C2_06400C	1	0	0	4	0	2	0	0	0	3	0	5	0	0	1	1	0	0	0	9	1	0	7	15
C2_06410W	0	0	0	0	0	0	0	0	0	0	0	0	0	0	0	1	0	0	0	0	0	0	1	1
C2_06420C	250	496	322	167	70	40	170	126	532	23	42	20	1427	462	106	10	111	81	253	375	242	292	57	135
C2_06430C	26	73	100	159	205	204	28	27	28	103	69	26	89	22	14	6	6	48	27	87	100	49	96	105
C2_06440C	330	323	178	208	399	238	82	17	20	235	281	196	28	21	76	53	51	119	236	137	99	161	220	445
C2_06450C	72	329	323	671	270	243	264	27	36	252	429	150	173	235	189	189	75	363	360	345	424	254	266	387
C2_06460W	361	1092	423	867	715	551	662	38	42	454	568	95	1327	786	585	347	243	298	565	604	461	193	242	614
C2_06470W	188	726	264	431	366	299	119	603	61	240	349	114	161	124	190	492	99	246	406	379	316	170	318	346
C2_06480W	234	1253	227	533	581	490	217	22	13	544	721	128	239	141	213	739	272	227	451	374	396	98	300	362
C2_06490W	227	854	387	606	596	469	114	38	67	382	626	154	309	122	236	349	190	336	191	545	885	143	502	665
C2_06500W	10	73	14	17	62	23	59	2	0	17	12	14	0	22	0	4	46	10	59	20	69	36	20	36
C2_06510W	583	1535	416	716	456	81	70	43	355	361	274	179	373	30	132	14	160	43	18	455	84	225	210	248
C2_06520C	726	1973	679	856	886	199	378	12	23	634	1036	268	49	263	233	61	69	24	180	777	231	154	372	709
C2_06530W	59	160	83	482	336	165	81	2	13	258	273	115	302	238	117	269	182	109	64	220	91	43	127	224
C2_06540C	1092	2613	643	3101	1644	1682	359	116	522	1139	2060	682	1782	781	604	1463	888	787	500	1342	1267	411	1156	2293
C2_06550W	101	80	47	206	87	101	4	11	5	26	73	4	1	12	9	8	113	3	50	44	22	95	30	27
C2_06560W	0	7	0	0	0	0	0	0	0	1	4	0	0	1	0	2	0	0	0	1	0	8	0	1
C2_06570C	283	580	20	3	2	5	7	210	264	6	13	0	149	56	19	1	0	1	27	12	34	47	2	17
C2_06590C	27	73	31	225	158	164	118	43	39	115	86	56	184	107	28	72	2	10	199	53	124	128	48	208
C2_06600W	78	192	75	448	341	101	27	86	53	129	327	181	60	80	28	39	134	55	57	47	33	347	260	298
C2_06610C	47	63	4	21	5	0	6	19	19	23	46	5	19	27	2	5	9	1	5	17	2	21	29	23
C2_06620W	8	39	35	57	57	58	5	7	7	81	123	40	12	4	15	4	3	29	19	38	51	33	128	134
C2_06630C	90	199	15	1	1	2	9	159	163	0	0	0	42	16	6	4	0	0	28	7	26	66	0	0
C2_06640C	123	362	78	31	53	36	10	49	78	31	31	7	99	31	107	4	0	28	158	68	19	218	8	46
C2_06650C	4	43	1	12	8	0	0	4	5	2	9	2	2	15	5	1	0	24	0	11	0	27	11	21
C2_06660W	2	3	0	0	0	0	0	0	0	0	4	0	0	0	0	0	0	0	0	0	1	10	0	0
C2_06670C	29	42	0	2	9	2	2	12	8	2	16	7	3	7	7	0	0	28	3	3	1	78	9	6
C2_06680W	13	115	6	120	32	43	3	18	26	10	56	16	72	67	7	27	126	57	18	2	12	282	57	24
C2_06690C	3	11	0	0	0	2	0	1	2	2	0	0	0	0	1	0	0	0	2	0	0	12	4	0
C2_06700W	299	690	179	488	355	134	144	16	17	125	175	100	33	55	43	15	123	76	31	208	24	133	139	150
C2_06710W	167	149	25	8	11	40	1	1	1	6	18	1	1	4	0	2	0	3	5	2	2	83	7	27
C2_06720W	190	372	21	79	32	24	27	10	105	63	48	8	129	21	89	4	3	12	26	20	28	80	23	117
C2_06730W	499	1062	31	6	5	1	15	250	274	11	28	8	148	76	25	4	18	1	45	33	116	253	8	6
C2_06740W	75	180	56	101	140	119	157	20	33	97	67	41	17	9	34	8	179	195	8	96	52	172	99	120
C2_06750C	3	7	0	0	2	1	0	5	2	0	6	2	2	0	0	1	0	0	3	0	0	20	2	9
C2_06760C	2	34	4	40	53	3	2	6	2	19	20	20	1	1	2	1	2	1	45	1	3	50	15	18
C2_06770W	8	17	9	6	4	0	1	0	0	7	5	5	1	0	0	0	0	0	2	2	1	32	8	12
C2_06780C	190	182	77	352	137	305	310	437	29	233	316	281	200	19	22	170	433	474	141	178	185	200	427	714
C2_06790W	2	8	1	2	5	0	0	2	1	0	2	0	1	1	0	0	0	0	0	0	0	5	3	6
C2_06800C	31	18	3	26	2	1	10	7	6	18	16	10	8	5	0	3	3	2	1	20	26	54	21	52
C2_06810C	257	479	22	62	70	76	13	123	129	121	155	46	81	151	55	13	112	114	9	31	33	73	155	135
C2_06820C	139	372	89	189	201	156	30	49	44	197	233	91	46	101	117	35	83	61	69	120	66	98	222	267
C2_06830C	220	255	48	285	177	107	144	147	54	163	238	56	153	40	150	19	483	24	27	79	231	419	204	213
C2_06840W	2	10	0	1	5	5	0	1	0	5	5	1	0	0	0	1	2	0	2	0	5	48	2	24
C2_06850W	10	16	1	1	1	6	1	5	3	3	3	2	0	0	0	1	0	0	0	1	0	25	1	0
C2_06860W	132	204	108	500	372	194	228	15	440	221	253	118	282	133	36	92	31	176	219	311	168	212	294	333
C2_06870C	349	961	128	245	154	49	81	210	127	160	262	63	309	337	161	25	43	183	148	178	229	90	89	355
C2_06880C	230	289	77	305	311	253	8	123	66	275	272	99	53	9	51	29	205	329	109	153	111	263	134	290
C2_06890C	622	880	524	150	81	120	191	450	118	94	135	55	1432	750	678	228	28	86	448	350	403	170	90	159
C2_06910W	93	102	6	68	12	9	5	24	8	45	135	35	84	0	6	2	63	6	9	39	3	64	48	111
C2_06920C	51	218	65	147	80	28	6	12	23	114	176	31	46	79	7	9	55	5	12	72	9	240	93	223
C2_06930C	174	629	644	1152	681	611	548	118	512	763	1005	197	147	109	632	991	458	716	231	497	375	269	443	531
C2_06940C	579	1434	616	363	118	181	165	100	121	175	331	175	1518	845	311	31	53	175	156	247	459	419	309	555
C2_06950C	20	50	1	2	3	2	1	9	8	5	5	0	3	0	0	0	1	0	3	2	2	106	1	8
C2_06960W	65	409	110	125	48	98	98	67	138	84	152	30	326	39	42	19	196	104	163	57	20	126	67	169
C2_06970W	25	118	50	130	79	13	2	1	4	57	61	22	10	7	0	5	3	19	1	17	3	97	64	92
C2_06980W	760	716	238	412	321	476	101	20	62	427	670	192	109	91	57	766	284	165	178	334	498	241	498	1412
C2_06990W	1306	3602	1783	2128	1929	1178	1211	112	531	1226	1647	281	607	379	899	387	1351	1064	949	978	1742	344	357	971
C2_07000W	53	244	25	55	139	119	27	7	12	71	116	21	16	9	3	6	186	185	18	37	131	99	76	177
C2_07010W	335	1081	176	750	481	346	52	73	101	163	393	159	242	51	154	123	102	232	164	162	127	180	320	870
C2_07020C	222	807	458	1119	1006	724	263	29	16	407	824	443	294	143	441	195	127	320	522	364	91	199	516	1491
C2_07030C	81	390	80	114	82	34	79	19	13	35	95	48	20	22	79	25	2	11	11	49	54	98	65	113
C2_07040W	143	212	224	332	402	221	25	12	17	304	333	124	58	45	61	43	267	247	337	127	93	176	213	487
C2_07060W	102	168	20	65	64	62	7	18	15	37	33	26	27	38	12	38	8	6	73	82	46	158	56	98
C2_07070W	627	1716	380	367	559	284	362	245	109	309	456	151	98	163	646	172	563	85	442	509	264	378	214	549
C2_07080C	93	614	92	190	278	80	25	6	8	217	222	76	13	120	69	9	110	14	24	160	94	38	206	225
C2_07090C	482	1623	332	908	340	652	113	58	34	417	325	232	312	81	227	499	1040	280	358	135	288	326	226	441
C2_07100W	186	284	33	55	123	10	6	37	39	109	82	55	159	47	29	7	4	18	14	30	161	370	25	99
C2_07110C	234	1211	673	524	505	808	446	61	67	382	534	133	146	237	73	204	470	761	122	155	905	469	451	817
C2_07120W	342	909	268	1208	662	832	117	68	654	721	857	181	167	154	232	1400	1137	986	491	315	573	189	431	512
C2_07130C	1198	3264	1362	1905	1571	1249	711	830	495	1248	1788	697	2227	965	615	587	436	757	1011	958	1391	802	1242	1637
C2_07140W	126	308	37	105	53	24	6	42	56	15	29	43	59	23	46	3	12	28	65	25	62	73	78	110
C2_07160W	73	131	89	17	12	29	2	17	21	31	24	18	15	7	25	45	6	47	69	24	8	179	30	78
C2_07170C	1144	4923	2336	3200	2072	2429	1901	362	636	2189	3197	1455	1016	945	1027	2334	1251	2125	2512	2217	2120	800	2654	4976
C2_07180W	2092	3215	966	3122	1376	42	902	30	19	1198	1555	481	980	336	436	20	1042	1064	645	1298	1313	290	595	1152
C2_07190C	45	169	8	3	4	1	3	30	26	1	1	0	13	5	2	2	4	3	6	3	8	112	2	24
C2_07200W	45	57	2	15	3	1	0	11	11	3	4	8	7	7	0	9	2	2	4	4	3	39	17	21
C2_07210C	267	362	168	71	27	46	84	82	102	29	133	11	435	97	190	100	4	97	106	37	164	262	31	71
C2_07220W	167	483	116	215	187	78	186	42	44	146	165	68	68	41	36	76	6	35	30	44	151	168	99	85
C2_07230C	4442	12421	1893	3320	1596	1440	799	103	68	1781	2176	816	1027	517	450	856	521	980	803	1284	1273	537	1399	2538
C2_07240C	3972	7738	6285	8730	5286	10063	8361	8077	10609	3504	5545	1746	2916	1055	2908	25306	6035	7792	8653	3290	8541	3444	2115	4124
C2_07250C	83	318	171	500	499	370	141	10	16	561	823	374	175	129	116	240	85	153	211	312	183	181	617	960
C2_07260C	1355	2929	730	1205	1090	1187	539	417	197	1132	1564	693	499	619	504	1002	675	492	736	900	573	276	986	1668
C2_07270W	510	1632	291	647	457	398	268	903	56	211	441	226	427	89	156	71	253	167	276	314	356	211	259	617
C2_07280W	321	1669	265	740	399	450	320	35	22	246	423	133	86	16	155	255	292	700	874	317	228	219	262	406
C2_07290W	665	1555	440	422	245	163	147	152	137	232	346	74	491	449	596	61	63	259	295	365	437	210	155	400
C2_07300C	14	42	1	26	13	7	2	1	3	13	33	19	4	5	0	0	100	1	0	0	0	55	10	55
C2_07310W	1331	4661	2428	2597	1705	2223	862	269	357	1472	2458	943	672	629	1310	1156	2369	1930	1144	1038	1912	628	1651	2737
C2_07320W	1109	1889	1590	1236	665	650	368	938	1089	651	1090	721	4673	1968	2026	1718	630	566	1313	1082	2388	397	940	1684
C2_07330W	6136	14617	5708	13441	8710	11211	6120	2083	4494	6541	11314	2081	5757	2342	3735	14988	4797	9517	7230	5213	7928	1721	3550	6519
C2_07340W	240	815	374	886	975	549	94	27	18	361	511	203	186	56	322	100	40	140	133	330	382	265	383	893
C2_07350W	494	2173	254	1238	662	570	495	61	112	517	826	279	126	464	656	385	380	606	450	585	323	446	347	1055
C2_07360W	447	1047	22	84	96	120	38	38	47	87	100	49	130	58	20	41	5	118	167	92	28	304	85	287
C2_07370W	69	183	155	245	166	59	0	9	14	80	117	104	5	258	35	9	11	170	27	51	92	243	96	180
C2_07380W	2178	3281	746	1813	1207	1354	421	331	354	754	1159	442	1467	735	1027	873	426	529	540	851	1680	431	638	2095
C2_07390C	384	1521	531	866	737	617	584	439	637	562	838	264	546	357	125	916	220	707	972	470	973	329	399	763
C2_07400C	1130	2904	295	122	165	34	42	328	427	72	104	52	396	217	97	28	42	85	289	129	423	307	145	237
C2_07410W	319	493	523	822	602	969	492	133	31	326	350	125	505	118	376	1443	886	699	1275	517	1482	319	266	464
C2_07420W	402	813	197	423	250	53	55	43	50	118	131	77	179	65	299	14	6	19	19	246	177	159	154	353
C2_07430C	118	635	248	770	560	262	105	26	31	351	502	343	335	114	124	702	712	209	336	342	118	444	600	832
C2_07440C	1069	1910	1643	2830	1926	2132	1746	1958	2450	1506	2265	1060	1053	660	981	4602	1654	1658	1299	1232	2190	491	1297	2230
C2_07450C	3878	13972	2096	3492	2915	2806	2856	432	472	2276	2594	1165	1840	1360	672	3889	1586	2373	2281	2032	2032	450	1840	3398
C2_07460W	746	1547	382	1446	1002	998	280	132	279	487	776	363	162	258	121	999	383	701	457	490	702	444	523	1064
C2_07470W	2375	6083	1233	3167	2421	1958	854	1024	833	1450	2598	1111	1968	791	850	2547	1379	1275	1511	1077	2048	695	1444	2850
C2_07480W	859	2163	729	1202	852	1032	716	3901	327	534	1082	230	721	233	423	2281	1760	1494	958	546	1232	342	550	1096
C2_07490W	154	585	70	166	63	7	36	37	48	24	112	17	559	233	185	61	6	9	95	63	208	192	62	130
C2_07500C	40	117	11	223	54	73	8	10	9	42	44	15	6	18	9	5	4	11	10	6	23	95	21	76
C2_07510W	61	336	50	72	43	74	5	17	7	26	37	6	85	4	1	7	4	3	9	44	16	141	16	37
C2_07520C	263	1463	512	1161	550	897	109	73	26	350	628	98	858	269	299	577	50	653	208	217	370	210	229	638
C2_07530C	484	1703	192	431	490	186	39	11	16	523	685	161	19	22	31	92	39	167	102	210	76	185	243	387
C2_07540W	35	88	8	70	50	25	0	21	19	31	31	32	5	2	4	9	8	20	3	13	2	78	61	76
C2_07550W	89	278	124	139	102	11	21	98	1340	96	133	58	342	99	97	16	45	237	57	55	236	142	65	97
C2_07560W	5830	10510	5663	9023	5077	7297	3036	2948	4015	3832	5893	1763	4390	2426	2832	13248	5575	6108	5881	3776	6597	1271	2408	4969
C2_07570W	725	1850	114	124	11	92	154	539	1259	15	52	39	1106	643	389	9	44	1	155	69	63	186	170	161
C2_07580W	49	116	62	224	92	151	95	15	23	133	175	91	38	4	22	1074	54	162	17	106	53	228	203	305
C2_07590W	148	267	25	30	20	19	3	52	41	29	40	30	31	6	12	9	0	3	5	16	5	49	58	94
C2_07600C	1480	3315	2186	2473	1314	3733	780	237	211	1503	2970	1481	522	450	696	1537	547	1699	2189	990	2144	897	2643	3006
C2_07610C	119	465	162	268	133	54	31	28	35	140	124	34	327	217	44	36	19	11	18	67	137	253	118	110
C2_07620W	129	58	49	138	50	303	0	3	4	65	52	1	8	49	5	72	2	98	142	38	44	159	21	26
C2_07630C	543	1065	29	21	28	25	12	200	230	2	36	0	99	53	34	23	11	22	62	18	36	325	5	16
C2_07640W	958	1970	258	1048	440	502	489	251	65	418	662	182	39	164	78	458	729	285	299	380	532	296	488	767
C2_07650C	204	196	79	272	170	86	45	45	199	100	161	29	117	101	51	108	17	165	34	110	75	168	48	150
C2_07660W	958	1916	437	1067	582	426	462	51	35	475	794	258	122	151	288	171	130	319	391	556	712	489	515	1036
C2_07670C	1419	4054	1194	2578	1290	2745	1263	750	103	1021	1548	373	1090	307	477	2937	251	1414	497	762	1328	325	631	1201
C2_07680W	362	455	196	351	359	167	40	25	22	253	430	205	463	119	178	27	337	133	54	178	327	185	362	769
C2_07690W	38	21	0	23	83	3	0	4	4	36	73	22	35	1	7	2	6	4	2	28	21	127	71	71
C2_07700C	4	10	7	12	6	3	3	1	2	4	17	12	19	0	1	0	1	2	11	3	0	24	1	5
C2_07710W	24	63	7	45	8	7	1	2	11	22	29	9	0	12	3	1	14	4	12	17	6	31	6	12
C2_07720C	1650	2953	2272	3056	1973	2648	1920	753	1080	1537	2862	754	2546	1508	1502	5400	2091	1928	1153	1493	2262	460	1150	2117
C2_07730W	1845	4078	710	2146	1634	1753	827	2180	346	1038	1822	409	2669	1335	1106	2443	459	1531	1100	1243	916	478	598	1547
C2_07740W	923	4322	1412	2948	2151	1904	1140	267	370	1850	2098	817	1153	1141	397	4564	488	1835	1580	1497	930	761	1045	2048
C2_07750W	110	340	47	162	136	56	11	23	28	103	95	38	39	179	69	74	85	106	123	133	237	121	86	188
C2_07760W	216	619	76	417	100	184	34	114	51	192	363	93	123	30	175	77	29	236	69	115	106	181	177	409
C2_07770C	9	3	16	105	24	86	12	4	3	38	79	43	6	0	36	76	6	6	8	30	8	10	76	76
C2_07780W	6	29	19	34	17	32	0	3	2	24	31	6	0	4	7	10	9	22	16	10	8	24	11	18
C2_07790C	11	48	35	76	23	69	6	11	18	37	39	16	6	2	2	8	30	22	38	38	16	114	10	41
C2_07800W	23	32	2	78	11	18	0	3	0	3	22	10	0	2	0	0	0	0	1	26	4	14	18	39
C2_07810W	173	402	135	498	260	74	296	107	31	70	214	82	89	46	111	9	4	28	29	341	311	174	66	236
C2_07820C	643	1379	869	1985	1371	955	218	55	24	427	770	77	409	306	370	53	73	303	423	1172	997	165	227	679
C2_07830W	2367	4170	1660	2320	2396	3842	1750	599	1052	1190	2100	524	1166	426	991	7743	1200	3255	2778	1365	3290	441	770	1921
C2_07840W	36	151	50	133	159	75	9	31	14	116	211	63	11	9	22	51	25	10	11	66	41	165	105	228
C2_07850C	14	15	6	9	6	5	0	1	1	16	16	3	0	1	1	5	0	31	0	5	9	31	9	14
C2_07860W	22	48	15	7	24	5	3	8	3	20	34	10	3	5	1	1	1	19	5	16	10	62	21	38
C2_07870C	0	0	0	0	0	0	0	0	0	0	0	0	0	0	0	0	0	0	0	0	0	0	0	0
C2_07880W	154	240	67	244	209	134	147	26	17	126	194	99	59	33	93	8	11	129	81	135	62	135	162	340
C2_07890W	71	181	47	133	120	41	15	72	15	34	165	48	80	49	44	8	63	34	11	60	127	278	75	180
C2_07900W	1088	1692	1296	898	680	1270	487	1979	3454	554	1480	648	1616	501	835	3293	6011	705	2396	1717	2465	531	922	828
C2_07910C	19	8	0	0	0	0	0	1	1	8	2	0	2	0	1	0	0	0	0	0	0	21	12	33
C2_07920W	335	316	103	141	318	254	23	31	18	137	240	102	29	38	46	109	474	84	72	102	60	114	228	245
C2_07930C	2081	6336	2032	2366	1612	1784	2800	2489	1264	1342	1745	748	1731	751	928	2472	2255	1762	2732	1480	2831	1107	1147	709
C2_07940C	344	591	164	116	156	57	15	14	29	165	253	53	165	101	59	133	10	105	53	162	232	229	165	121
C2_07950W	283	683	276	279	198	181	41	38	36	171	289	100	16	14	26	11	37	66	104	202	139	214	157	251
C2_07960C	428	755	169	301	282	252	106	20	22	182	280	71	10	28	159	8	5	173	90	215	203	220	154	437
C2_07970W	108	92	71	193	114	139	36	3	6	91	145	55	67	48	70	460	149	28	94	108	144	36	93	172
C2_07980W	986	1862	643	1372	920	901	893	466	409	829	1259	417	276	556	288	2082	814	787	615	859	522	200	442	785
C2_07990W	219	336	184	276	195	192	169	37	126	152	270	42	80	86	45	383	211	136	125	137	93	27	80	145
C2_08000C	429	1055	352	537	147	330	97	71	114	152	204	73	583	376	492	12	90	10	80	165	575	245	212	367
C2_08010W	2680	5731	2318	5635	3502	3956	1699	850	709	2624	4121	1199	2378	892	1307	2002	1473	1735	2722	2475	3752	1037	2414	3589
C2_08020C	390	1105	248	431	302	447	259	21	11	361	657	123	207	110	213	60	443	206	447	397	470	116	200	429
C2_08030W	2	9	5	7	10	1	1	3	0	14	12	5	15	9	3	2	2	1	3	5	0	2	11	11
C2_08040C	323	658	56	89	84	14	52	209	237	38	49	15	335	75	85	8	3	33	12	16	30	61	77	90
C2_08050C	1564	3688	1280	3394	3141	2853	1716	807	1086	2587	3548	1481	1133	836	1087	5661	1525	2140	2894	1806	1712	536	1958	3323
C2_08055W	348	588	47	119	79	88	33	115	120	21	74	49	65	22	33	39	69	129	143	49	70	460	48	138
C2_08060W	25	59	11	135	82	32	4	7	10	31	120	72	3	27	40	8	15	98	32	64	189	67	70	130
C2_08070C	257	487	166	294	233	141	192	28	39	140	325	216	229	272	114	17	72	136	67	128	415	220	302	453
C2_08080C	20	54	68	87	34	17	21	13	7	58	83	35	11	6	70	14	18	3	11	12	49	88	48	153
C2_08090W	15	15	11	8	45	36	0	4	6	8	53	11	0	6	6	32	0	52	17	19	3	39	6	24
C2_08100W	422	657	329	424	365	596	97	79	64	347	769	155	1103	362	29	803	636	442	444	392	307	296	213	163
C2_08110W	545	975	433	827	500	872	438	131	60	356	631	125	217	213	203	936	408	187	494	408	738	283	308	784
C2_08120W	191	693	103	406	368	348	398	575	142	226	312	69	122	179	82	626	161	273	511	354	390	228	204	422
C2_08130W	107	421	34	2	20	1	6	13	27	11	7	3	59	35	18	5	2	44	22	32	65	71	13	20
C2_08140C	970	3057	1578	845	678	1125	746	488	269	843	1023	453	1713	779	393	1126	578	889	1738	1761	3232	534	841	1142
C2_08150W	10	13	1	0	2	3	0	0	2	0	0	0	5	0	0	0	3	0	1	3	1	30	1	2
C2_08160C	204	428	77	10	4	5	11	96	91	4	14	7	199	359	89	1	2	0	58	46	118	71	17	10
C2_08170W	296	967	88	85	214	130	41	9	93	264	471	115	72	23	90	715	238	120	169	227	87	80	112	191
C2_08180C	13	31	1	4	23	1	3	12	22	2	16	2	1	2	0	0	2	1	0	5	1	112	3	4
C2_08190W	37	68	4	2	3	0	2	23	20	2	1	0	11	7	1	5	0	2	1	9	6	65	0	6
C2_08200W	63	138	105	134	301	197	138	34	82	176	211	96	125	41	2	588	161	114	140	155	77	60	33	88
C2_08210C	10	14	6	4	14	0	0	0	0	26	20	4	1	0	0	0	3	2	0	3	0	25	14	31
C2_08240W	1208	2604	958	1761	809	1203	467	217	114	438	761	136	554	556	426	1704	330	520	441	1000	1086	664	403	906
C2_08260W	11	15	9	83	40	57	0	8	4	13	60	16	9	1	1	81	224	67	6	3	0	1498	24	40
C2_08270C	48	111	39	46	88	116	13	14	21	27	101	16	82	111	10	273	5	8	152	24	252	93	35	11
C2_08280W	11	10	1	1	3	0	0	2	1	4	1	0	1	1	0	1	1	0	0	1	1	36	2	3
C2_08290C	1080	1625	92	128	87	88	44	506	681	35	74	50	237	235	47	163	122	59	229	112	123	1038	145	66
C2_08300C	44	98	10	121	43	78	4	41	21	19	56	22	21	32	1	18	3	1	13	86	76	203	49	49
C2_08310W	22	100	71	63	76	69	6	9	10	43	27	18	18	9	10	5	1	11	14	33	65	58	53	130
C2_08320C	18	58	7	42	29	4	3	6	18	44	24	5	1	2	3	1	5	2	2	20	4	119	47	102
C2_08330W	43	12	6	5	24	23	14	4	1	20	10	6	3	1	0	34	6	11	4	3	0	45	13	41
C2_08340C	61	21	45	43	71	16	18	5	7	61	18	7	6	0	1	1	121	122	11	23	0	54	8	52
C2_08350C	171	140	20	452	194	108	106	6	0	108	111	59	7	110	19	41	4	173	131	139	217	87	95	150
C2_08360C	371	324	247	890	609	517	100	188	19	550	545	338	20	172	27	592	128	164	180	163	345	362	711	931
C2_08370C	3589	9019	2877	249	164	150	1245	2605	1805	91	190	102	18018	4552	4877	193	308	82	2255	1455	3293	326	289	238
C2_08380C	881	629	531	873	814	601	469	101	86	459	819	288	106	217	241	163	150	429	388	458	574	364	493	602
C2_08390W	118	473	390	594	320	472	58	163	49	300	619	193	338	144	38	543	864	387	145	198	178	301	288	548
C2_08400C	43	14	34	97	106	68	5	1	4	36	94	20	10	20	4	2	13	20	10	41	39	20	27	84
C2_08420W	18	32	4	8	27	2	0	2	4	11	13	2	34	7	5	0	4	0	7	5	1	69	18	31
C2_08430C	4	21	1	2	1	5	0	1	2	3	4	3	0	0	0	1	0	2	0	3	0	44	2	43
C2_08440W	3	22	14	13	6	8	1	6	3	3	9	5	1	3	1	2	0	0	1	9	22	39	7	11
C2_08450W	2826	2789	1558	2830	1840	1717	970	622	294	899	1449	416	1308	589	488	3106	1682	960	1701	991	2031	649	800	1392
C2_08460C	13	14	0	0	33	1	0	1	9	1	0	0	44	1	5	0	2	0	0	0	0	17	3	0
C2_08470C	14	66	6	13	7	5	1	13	8	13	39	5	0	6	0	5	4	1	2	2	1	101	13	9
C2_08480W	4	21	1	3	0	2	3	3	8	0	7	0	3	2	2	1	2	0	4	1	2	63	2	10
C2_08490W	72	178	51	3	10	2	15	6	10	1	18	1	35	2	3	2	0	0	11	46	19	120	6	15
C2_08500W	412	956	625	733	757	943	973	654	449	674	1352	216	486	111	191	624	282	560	1041	366	604	472	451	504
C2_08510W	1	14	0	0	5	0	0	0	2	2	10	5	0	1	0	1	8	0	0	0	1	49	5	6
C2_08520C	4	8	0	0	3	1	0	0	2	0	2	2	0	0	0	0	0	0	0	0	0	7	6	0
C2_08530C	4	18	0	4	6	1	0	0	3	3	6	11	2	2	1	3	2	6	3	1	1	58	7	38
C2_08540C	80	358	201	206	241	290	136	10	33	78	107	30	115	0	31	136	106	17	157	172	122	41	18	109
C2_08550C	75	147	6	23	97	7	33	3	5	65	62	34	2	203	12	60	20	7	15	12	6	131	50	143
C2_08560W	154	266	20	226	184	14	20	17	8	178	177	61	6	80	46	25	12	5	47	128	8	165	200	458
C2_08570W	38	137	77	133	187	171	112	28	26	98	252	72	27	82	11	770	6	62	48	102	150	145	85	182
C2_08580W	12	114	130	88	68	124	51	10	6	39	62	11	4	84	20	6	3	15	10	17	1	155	84	53
C2_08590W	18575	45873	21632	2958	2326	2213	4598	7372	2346	2114	2529	609	6753	3110	2864	4315	1632	1916	17635	15994	31417	607	858	780
C2_08600W	22	38	7	4	7	2	2	2	5	22	12	5	3	2	12	2	0	7	0	1	7	20	20	14
C2_08610W	88	215	42	50	60	82	10	25	42	53	74	23	34	142	35	4	5	15	21	71	17	97	69	107
C2_08620W	65	89	3	15	2	0	3	5	6	18	4	6	25	1	2	2	3	0	1	5	2	59	20	25
C2_08630C	704	1391	954	3516	3425	815	178	51	36	1850	2286	1808	464	721	614	53	388	406	292	1632	559	92	3005	6016
C2_08640C	1544	2844	1413	1387	1214	505	497	320	239	645	886	552	599	398	563	170	360	500	747	1045	1515	151	850	1908
C2_08650W	48	144	43	29	6	6	0	25	21	5	3	18	11	4	3	2	0	1	4	1	24	51	21	7
C2_08660C	14	42	1	66	25	10	0	4	11	20	17	6	2	0	9	2	0	2	4	1	2	91	20	28
C2_08670C	26	46	3	14	8	1	1	3	4	17	32	2	10	69	3	6	7	1	5	25	2	74	26	24
C2_08680W	30	231	9	11	12	7	0	14	11	35	35	26	9	24	5	10	3	8	3	21	6	81	69	107
C2_08690C	12	19	0	5	39	1	0	1	9	37	42	11	4	5	5	12	0	0	0	20	0	30	52	45
C2_08700C	53	50	24	44	10	3	2	4	14	55	33	9	5	19	9	9	15	3	1	23	13	88	46	33
C2_08710W	3	9	0	1	0	1	0	4	1	2	0	1	0	4	0	0	1	0	0	0	0	10	2	3
C2_08720W	84	129	90	247	158	245	48	12	10	35	93	8	30	23	26	27	226	108	83	85	39	202	36	106
C2_08730W	225	1223	491	734	671	833	424	103	65	399	550	208	261	229	183	1207	181	485	453	358	562	240	233	635
C2_08740W	105	270	23	67	48	37	13	19	12	66	90	13	6	23	32	9	46	16	28	19	30	139	25	60
C2_08750W	22	83	4	22	13	5	5	0	1	27	44	18	3	6	5	0	6	6	3	14	6	18	30	61
C2_08760C	547	1370	182	435	334	395	186	257	199	148	321	176	231	241	78	80	150	80	56	126	182	478	236	285
C2_08770C	70	53	13	43	63	33	13	3	5	40	79	10	2	15	0	1	13	12	23	26	7	30	18	94
C2_08780W	641	1526	673	1718	1331	1309	788	463	545	670	1196	160	1174	298	450	1309	762	497	1021	1081	1124	307	260	611
C2_08790W	359	255	45	167	126	98	28	22	28	70	123	33	48	31	12	4	17	35	87	110	236	160	135	173
C2_08800C	670	1030	345	975	753	623	131	236	99	312	650	223	67	154	108	317	391	216	239	427	475	224	266	621
C2_08810C	1953	5062	1956	823	343	461	832	1826	987	310	350	160	10727	2458	2914	2245	163	784	834	771	2722	274	260	285
C2_08820C	200	295	60	102	33	71	20	9	5	65	223	38	18	7	5	21	4	131	32	17	86	112	67	145
C2_08830W	2559	7133	1130	2445	2531	2443	1159	143	87	1260	2114	355	1354	139	1543	5348	2688	3753	1906	720	2843	263	414	714
C2_08840W	0	0	4	24	10	8	0	1	1	35	32	10	1	20	0	0	0	0	0	18	3	14	8	30
C2_08850C	72	97	28	34	32	5	5	24	21	47	102	18	19	10	19	2	7	14	79	20	3	152	13	55
C2_08860W	166	274	346	79	25	39	99	166	128	32	53	38	410	120	38	10	10	13	60	72	270	280	68	66
C2_08870C	802	1941	1054	254	152	197	403	774	1330	81	267	121	1313	574	243	86	382	141	1175	601	2091	378	242	71
C2_08880W	6	30	28	9	10	8	21	1	4	10	10	3	17	2	3	3	1	1	1	23	20	55	16	21
C2_08890W	354	389	136	519	215	181	37	25	306	293	220	94	561	171	212	503	24	34	150	330	210	229	164	333
C2_08900W	43	96	6	35	16	1	4	22	34	14	16	11	19	24	8	3	5	54	4	45	14	66	48	18
C2_08910C	293	1530	669	1459	1066	922	375	74	242	1268	1688	433	197	426	606	994	959	735	817	853	1149	265	624	1216
C2_08920W	175	355	285	519	284	218	13	356	87	96	337	110	125	75	348	50	340	631	67	180	80	442	573	458
C2_08930W	2413	3942	1502	3787	2612	2631	1191	418	1042	1893	2128	381	993	678	650	2238	1263	1728	1251	1952	891	112	512	1493
C2_08940C	1690	3055	1227	2744	2062	1814	880	222	727	2023	2144	264	647	693	435	1822	887	1245	857	1499	696	172	509	1355
C2_08950W	207	167	79	91	45	103	11	6	32	69	70	48	29	32	19	29	13	50	40	75	101	142	121	120
C2_08960C	927	991	739	850	829	1148	281	61	295	818	1019	207	738	548	218	1708	393	288	696	702	825	314	502	595
C2_08970C	537	1151	283	226	177	484	222	27	22	252	280	203	119	50	108	375	157	281	172	282	234	172	402	639
C2_08980C	168	445	402	711	628	647	251	1685	966	276	644	158	102	122	192	656	243	232	384	478	265	483	312	701
C2_08990C	1646	5206	2764	4477	3480	3048	2514	365	889	3251	4105	1370	887	941	853	5341	1183	3207	2552	1853	3034	680	2313	3680
C2_09000C	25	394	3	14	11	6	131	8	23	45	24	7	258	6	3	5	5	37	23	12	11	90	33	90
C2_09010W	291	230	58	189	250	69	29	298	246	21	131	38	381	16	217	12	33	19	170	65	164	496	22	64
C2_09020W	139	234	68	158	36	129	54	52	43	34	81	24	338	71	59	18	9	67	77	41	35	284	60	212
C2_09030W	42	51	3	12	21	2	3	4	8	21	15	2	1	3	5	3	1	6	2	2	6	60	23	22
C2_09040W	150	241	33	175	268	328	107	28	33	168	288	9	151	62	142	127	169	159	51	96	74	54	26	43
C2_09050C	167	770	249	177	296	238	268	31	54	155	306	54	123	387	85	1080	213	104	282	129	137	113	135	223
C2_09060C	1807	3603	1600	1528	1273	1573	2108	1892	2048	455	1254	183	1892	739	1048	1145	1105	2088	2296	611	1157	785	326	547
C2_09070C	63	136	3	8	13	1	2	45	33	1	2	3	24	14	3	5	0	2	54	36	36	162	9	13
C2_09080C	32	82	19	58	25	28	40	6	5	50	57	39	0	5	0	1	1	7	24	69	50	87	52	176
C2_09100C	835	1083	529	1588	1158	1061	200	167	53	1147	1844	446	611	426	238	2360	583	539	456	610	588	286	692	1632
C2_09110C	395	133	95	44	66	113	29	15	3	33	98	17	2	0	10	343	28	159	32	32	52	59	45	50
C2_09120C	334	767	351	1018	470	514	54	26	10	224	334	71	300	13	214	35	155	117	168	443	455	129	184	239
C2_09130C	3775	10501	4592	6424	4190	4554	3710	4813	2737	2288	4405	805	987	1685	2016	10161	6676	3976	5431	2547	3483	902	1373	2399
C2_09140C	175	479	205	403	119	88	20	53	45	81	188	68	208	144	106	10	265	106	104	65	120	516	66	202
C2_09150W	101	142	58	76	77	55	49	177	126	45	133	28	114	313	53	13	8	33	62	175	65	148	176	57
C2_09160W	4	19	0	0	7	1	0	3	0	2	8	1	0	1	1	0	1	1	0	1	2	36	3	13
C2_09170W	28	68	100	10	48	11	2	6	25	30	112	4	8	29	2	13	1	25	8	23	5	45	21	7
C2_09180W	60	86	45	184	149	87	35	12	6	150	104	52	56	24	23	4	31	9	10	119	10	43	121	159
C2_09200W	12	264	40	58	76	28	1	3	1	23	38	21	7	2	9	7	7	5	20	17	23	41	50	72
C2_09210W	133	227	102	338	196	157	192	12	3	123	88	38	98	41	118	222	29	78	190	138	184	106	61	181
C2_09220W	1644	3536	1817	913	508	565	1233	3174	3823	358	340	198	19739	9195	7661	637	126	149	3351	2250	4499	165	344	477
C2_09230C	705	1369	396	956	457	1140	920	167	604	491	1049	253	458	224	264	333	361	213	791	459	796	403	461	635
C2_09240C	115	70	90	41	30	12	35	7	18	31	41	16	10	102	4	351	13	20	75	42	74	183	31	54
C2_09250W	77	567	266	129	100	125	115	24	100	127	202	30	18	42	14	305	22	77	59	78	152	173	85	99
C2_09260C	413	624	237	188	46	40	50	187	61	73	96	85	1107	359	158	14	7	8	210	199	213	139	128	200
C2_09270C	156	330	204	138	69	155	58	127	56	106	165	35	23	18	10	11	16	185	130	58	96	336	108	144
C2_09280C	77	115	61	87	28	5	6	15	35	40	28	10	31	5	9	5	6	85	14	17	34	270	63	28
C2_09290W	12	29	2	1	31	12	7	6	7	7	2	3	6	1	1	2	4	0	3	26	2	87	0	18
C2_09300W	359	1125	288	583	352	391	114	39	68	274	312	52	26	234	278	74	287	133	194	349	250	94	61	188
C2_09310C	181	570	437	512	364	299	121	56	1051	156	246	81	328	208	189	250	336	142	537	225	399	78	51	204
C2_09320C	23	88	39	57	67	11	4	15	40	14	56	4	26	10	2	2	7	1	2	18	20	246	10	31
C2_09330C	34	93	91	183	48	55	30	8	19	40	98	24	55	7	24	74	2	23	21	68	63	80	91	163
C2_09340W	140	594	27	237	87	66	21	11	17	115	130	104	6	82	22	23	4	46	56	181	83	98	180	454
C2_09350W	580	1969	322	798	507	685	82	49	102	486	462	225	46	349	111	796	194	463	337	428	413	296	354	934
C2_09360W	1041	1286	624	1662	1270	656	115	39	25	562	1052	319	188	243	249	352	43	195	379	971	675	327	898	1398
C2_09370C	108	556	133	398	232	131	13	14	10	186	142	140	229	167	101	7	28	352	207	74	91	227	167	202
C2_09380W	179	146	286	79	144	219	19	13	17	60	91	17	6	168	5	159	9	22	29	97	140	212	51	172
C2_09390W	161	378	25	126	144	47	47	41	63	70	128	25	114	87	8	89	26	6	28	143	55	86	96	134
C2_09400C	407	968	126	131	105	30	79	128	116	48	42	15	115	47	112	13	6	7	37	63	59	214	41	147
C2_09410W	19	142	23	11	6	4	1	15	18	16	83	21	3	2	7	112	6	1	28	8	2	60	17	27
C2_09420W	776	828	1050	749	473	204	980	515	542	373	750	279	3313	315	627	272	192	385	627	630	595	470	244	714
C2_09430W	1783	4401	900	488	323	450	521	754	972	307	245	40	1510	558	600	33	138	271	383	238	404	295	146	174
C2_09460C	449	2027	486	910	643	594	216	60	154	502	598	263	668	520	266	297	628	522	79	380	298	431	509	1436
C2_09470C	2293	4004	1483	2726	1905	2243	1145	475	405	1107	2083	467	690	531	641	1698	670	889	1011	1115	1309	326	778	1353
C2_09480W	13	44	1	0	1	3	0	5	5	3	4	3	4	2	6	0	0	0	1	0	2	39	1	2
C2_09490W	19	63	1	6	4	1	1	6	2	16	44	2	1	2	0	3	28	0	1	9	1	95	8	5
C2_09500W	83	227	45	212	56	87	36	64	8	91	174	30	48	184	38	13	26	18	83	104	16	182	100	210
C2_09510C	496	203	134	358	257	220	85	836	54	154	217	122	51	80	142	110	100	105	262	225	313	353	192	339
C2_09520C	1021	3005	835	1523	806	997	666	1267	268	486	1184	385	497	445	595	793	299	537	645	614	1102	1183	776	1503
C2_09530W	4338	10565	5410	5375	3449	3624	4907	10087	8847	5642	8877	4826	140036	71983	47863	7715	9810	6899	5985	3675	5441	4264	7588	7986
C2_09540W	0	0	0	0	0	0	0	0	0	1	1	0	6	22	2	0	0	0	0	1	0	1	1	1
C2_09550C	0	1	0	0	0	0	0	0	0	0	2	0	0	1	0	0	0	0	0	0	1	1	0	0
C2_09560C	57	99	19	7	22	8	1	6	2	32	35	7	148	83	5	4	1	2	24	29	13	98	22	17
C2_09570C	37	34	1	1	3	0	0	3	0	1	4	0	4	2	0	0	0	2	4	2	0	82	22	5
C2_09580W	3333	6594	1706	2947	2524	1525	1330	2185	642	1054	1746	422	1130	576	1012	3038	1116	1193	1334	1686	1338	329	687	1580
C2_09590C	1166	2351	1303	1513	1117	567	302	144	138	570	865	231	1120	600	1500	682	24	329	387	853	832	217	397	614
C2_09600C	20	56	24	63	46	6	2	12	4	28	53	20	5	5	10	5	2	4	2	23	50	49	89	86
C2_09610W	588	1826	1163	2627	1573	1569	809	208	484	1930	2914	1446	716	603	712	4793	993	1726	1596	1390	1800	322	1934	3414
C2_09620W	2064	7364	3928	8440	5857	5828	2729	925	317	4214	5766	2915	2946	1393	2581	8116	2201	4028	4529	4864	5030	505	5285	10667
C2_09630C	96	474	160	140	227	76	97	3	9	233	219	146	43	177	67	11	11	8	53	98	77	64	475	454
C2_09640W	132	228	126	70	140	133	80	66	513	159	305	107	429	75	73	23	114	32	64	159	92	240	183	285
C2_09650W	166	433	22	74	29	37	45	80	143	22	104	10	44	33	2	137	8	17	21	17	19	165	53	46
C2_09660W	88	296	62	298	123	181	73	4	7	90	248	29	76	85	43	83	13	112	101	95	147	109	56	130
C2_09670C	602	1827	272	486	343	361	573	37	66	296	487	56	201	122	96	727	114	224	522	454	258	213	195	300
C2_09680W	490	1599	175	318	271	188	96	10	3	211	243	61	15	49	34	284	282	93	99	259	158	77	142	216
C2_09690C	384	1886	434	400	488	712	503	269	76	348	577	219	105	124	353	281	208	321	204	432	329	287	269	489
C2_09700W	33	123	32	171	140	56	184	27	10	26	76	1	7	3	74	8	191	15	41	32	67	132	35	92
C2_09710C	308	1232	245	143	159	197	44	94	300	109	252	39	294	22	25	21	33	74	103	122	48	290	146	161
C2_09720W	579	1125	482	768	635	442	476	211	130	465	480	214	333	136	316	634	657	240	530	401	517	319	357	630
C2_09730C	218	134	58	200	287	143	107	15	136	137	260	64	143	19	30	80	299	27	176	131	92	141	187	255
C2_09740W	66	535	82	44	101	64	7	32	36	66	95	48	136	15	50	7	30	136	20	49	55	149	57	111
C2_09750W	333	909	436	760	505	290	484	262	319	191	381	165	780	448	385	80	669	476	212	388	445	360	195	576
C2_09760W	197	464	30	190	107	119	37	12	4	114	151	15	48	19	7	91	63	39	101	100	25	52	33	89
C2_09770C	654	1813	280	676	457	649	179	53	33	372	349	193	65	216	178	2175	313	498	305	464	325	334	228	503
C2_09780C	285	660	181	383	381	114	38	297	279	280	445	156	161	197	84	707	15	85	156	311	148	106	529	560
C2_09790W	422	998	338	784	760	369	244	81	68	431	881	229	106	249	121	61	553	154	405	531	536	314	566	750
C2_09800C	50	63	2	16	19	33	1	5	1	46	39	28	2	1	0	2	3	2	2	30	7	113	70	59
C2_09810C	168	343	65	331	249	94	196	31	24	99	142	27	18	65	83	7	24	94	82	164	102	205	77	194
C2_09820W	873	1863	247	213	174	181	199	1015	256	183	233	73	302	49	103	196	241	653	327	289	522	274	162	317
C2_09830C	11	8	6	33	42	8	0	6	2	23	7	1	16	3	3	1	0	7	2	17	3	24	21	35
C2_09840W	21	13	3	10	24	4	0	4	2	6	5	1	5	0	0	2	1	4	1	10	2	36	5	10
C2_09850C	3	5	1	1	1	5	0	1	0	0	2	5	0	0	0	1	0	0	0	1	0	67	4	20
C2_09860C	15	99	12	49	41	222	57	7	3	68	88	30	190	4	5	66	1	19	14	43	5	127	45	156
C2_09870W	712	1485	672	1090	886	1040	824	285	434	947	2028	724	223	775	560	1153	520	1060	752	724	682	340	998	1180
C2_09880C	7	45	1	68	5	5	1	5	6	3	19	23	179	0	0	3	14	91	1	3	0	154	16	4
C2_09890W	159	97	11	291	87	61	1	54	6	79	169	119	40	14	18	8	3	11	60	104	101	156	182	220
C2_09900C	14	25	9	26	7	0	2	8	4	9	9	2	3	0	0	0	0	0	0	6	3	38	30	19
C2_09910C	6	5	4	15	36	4	8	0	6	12	18	3	2	129	1	2	0	1	1	2	16	17	7	29
C2_09920W	8	18	39	42	30	32	19	4	3	27	20	9	6	64	4	6	4	2	4	6	12	47	15	78
C2_09930W	20	91	6	39	20	20	4	7	7	46	25	13	10	7	7	2	1	5	22	2	44	107	90	163
C2_09940W	472	1222	115	134	129	67	77	462	450	92	56	16	252	129	33	9	16	4	29	112	69	210	17	100
C2_09950W	101	246	27	86	71	28	20	197	85	27	63	14	24	72	17	6	22	12	35	33	30	170	73	21
C2_09960W	11	47	5	3	1	0	1	3	8	0	10	0	3	7	0	2	2	0	2	4	1	32	12	5
C2_09970C	73	488	59	12	98	2	7	38	38	10	76	11	20	32	6	7	12	3	5	22	13	107	22	17
C2_09980W	152	394	29	8	8	26	6	62	195	8	3	3	30	9	13	7	6	3	31	11	22	171	3	9
C2_09990C	666	884	237	538	477	571	338	98	111	425	574	161	369	373	416	661	419	327	402	606	169	556	418	637
C2_10000C	16	37	1	37	11	33	0	3	6	15	4	0	1	0	0	2	2	2	2	3	0	58	7	6
C2_10010C	228	443	56	55	93	42	27	415	422	75	100	32	126	57	125	218	10	74	44	155	58	128	75	120
C2_10020C	55	74	40	45	49	22	5	2	4	60	84	28	0	6	4	36	4	8	1	43	2	106	107	112
C2_10030C	968	2487	921	484	381	353	547	1987	596	174	566	206	3522	1698	1163	556	302	285	520	775	1272	273	300	385
C2_10040W	49	530	93	430	297	230	64	1	8	128	378	118	197	285	12	39	18	96	173	122	249	53	165	331
C2_10050W	253	578	204	309	216	358	125	41	70	116	228	168	115	59	294	601	138	31	268	257	219	306	217	206
C2_10060C	9	15	50	57	89	45	12	2	2	8	50	11	3	0	17	4	0	0	2	28	34	28	9	28
C2_10070W	143	98	55	133	104	9	10	10	15	84	88	22	1	1	24	26	4	5	25	12	5	90	45	107
C2_10080W	41	127	23	70	41	42	9	6	41	34	77	3	29	7	8	6	6	3	7	60	31	144	21	32
C2_10090C	162	471	192	484	457	144	47	17	16	409	515	314	75	188	117	30	103	161	76	293	225	278	516	979
C2_10100W	10	51	4	30	13	6	4	8	14	35	29	13	2	2	5	4	2	9	4	19	39	83	17	62
C2_10110W	123	347	116	14	2	1	30	83	85	3	5	2	102	81	58	3	39	1	26	20	202	61	4	4
C2_10120W	24	7	11	1	0	1	0	2	2	1	13	1	79	3	3	2	1	8	1	14	1	40	5	7
C2_10130W	13	31	31	8	4	1	0	7	0	1	1	7	9	2	4	2	3	43	0	1	1	187	6	9
C2_10140W	5	6	3	1	1	0	0	2	0	1	0	0	2	1	0	0	0	0	0	1	0	69	1	10
C2_10150W	2	11	0	1	2	1	0	2	9	0	0	0	1	0	0	0	1	2	0	0	0	73	0	6
C2_10160W	43	125	22	94	163	46	42	14	14	111	228	203	108	94	10	24	133	77	49	170	59	170	353	618
C2_10170C	53	105	11	18	15	12	2	25	38	1	15	19	21	57	2	11	19	15	2	16	11	144	16	42
C2_10180W	31	55	13	101	105	111	67	16	15	65	132	19	88	18	33	53	18	111	11	64	65	75	61	179
C2_10190C	13	15	4	25	2	19	0	14	8	16	11	4	0	29	2	0	4	4	1	9	7	58	7	19
C2_10200W	10	39	1	1	0	1	2	6	8	12	1	0	3	2	0	1	0	0	2	1	0	23	1	0
C2_10210C	79	136	9	0	0	1	6	34	38	0	4	0	24	40	13	1	3	1	5	5	18	66	3	2
C2_10220C	225	521	69	196	262	101	29	9	18	172	203	50	471	78	11	7	79	42	135	148	114	150	103	192
C2_10230W	53	284	97	190	409	237	7	29	12	198	285	221	28	125	26	150	107	267	91	91	145	117	310	427
C2_10240W	215	326	131	346	114	187	61	90	126	105	230	117	968	354	568	194	20	130	48	170	155	320	193	255
C2_10250C	98	183	58	207	204	77	9	22	19	92	191	48	184	48	45	20	74	35	13	141	42	229	86	207
C2_10260C	162	253	130	230	151	125	23	37	36	117	183	97	73	40	98	335	122	41	55	160	107	139	216	306
C2_10270W	171	152	107	304	405	346	55	28	26	194	387	36	45	178	49	232	119	110	108	234	123	144	160	280
C2_10280C	105	215	26	105	27	37	6	48	38	19	74	67	25	32	4	21	10	3	6	44	10	207	39	86
C2_10290W	177	338	67	92	58	74	122	66	73	83	112	66	136	61	57	13	77	16	31	112	87	230	128	173
C2_10300C	58	538	198	236	241	65	111	122	6	160	339	72	16	152	66	50	29	178	35	119	113	176	181	336
C2_10310C	89	71	17	26	19	7	1	18	7	53	32	5	45	25	3	7	1	2	3	5	10	234	22	53
C2_10320C	20	66	20	51	22	24	15	6	7	52	73	40	36	12	5	5	4	119	63	66	32	133	113	108
C2_10330C	0	29	12	114	65	29	0	3	6	22	32	21	4	11	1	2	2	4	8	11	10	23	27	98
C2_10340W	45	265	101	211	118	74	6	27	10	103	257	88	20	10	27	245	4	20	53	110	14	36	149	209
C2_10350C	543	1440	383	659	548	364	221	266	149	261	434	146	1127	518	594	279	260	310	194	472	305	428	221	515
C2_10360C	19	57	3	3	2	5	1	8	7	37	15	1	4	4	4	2	0	2	2	0	15	87	2	22
C2_10420W	164	789	438	587	528	674	412	1063	636	288	510	120	456	236	253	1107	163	467	580	270	348	273	224	382
C2_10430C	183	346	189	254	176	150	9	8	13	154	203	22	19	36	21	15	147	185	13	30	156	210	126	252
C2_10440C	6227	9705	1460	2119	1674	2141	1830	3245	3284	1112	1790	409	611	433	780	3303	2015	1582	1603	1057	1945	660	1147	1494
C2_10450W	94	131	69	54	99	74	129	88	35	135	235	91	17	22	48	39	109	23	59	127	34	68	379	421
C2_10460C	6803	15281	5774	6828	4308	5381	6077	4040	5001	5860	10029	3843	4169	1624	3689	10108	8619	9737	8676	4066	5240	1238	5867	9905
C2_10470C	368	775	224	394	334	379	291	95	59	241	392	313	402	62	65	525	258	128	117	271	135	277	538	736
C2_10480W	125	241	55	4	17	0	9	60	62	6	15	5	36	6	2	72	10	7	11	5	66	187	43	4
C2_10490C	7	9	3	1	27	0	0	1	3	0	0	0	1	0	0	0	1	0	0	2	0	36	5	1
C2_10500W	4	7	1	0	1	1	0	0	0	5	5	1	0	1	0	2	1	0	0	1	0	23	3	1
C2_10530C	2211	3574	2152	3551	1576	2771	2181	1316	1268	1531	2682	1068	1337	610	572	7157	3520	1893	3082	1346	2482	638	1324	2646
C2_10540W	968	2361	911	1292	914	586	287	1329	86	588	1052	239	441	330	512	652	482	423	1134	732	1155	300	464	870
C2_10550C	9841	21686	11151	19954	10063	14900	11208	10711	5722	9740	15975	4034	11653	3771	8397	20849	11437	15842	14096	8493	12629	5871	6314	12108
C2_10560C	765	1735	363	617	278	52	95	131	113	404	509	265	121	157	267	34	346	510	165	371	314	509	561	840
C2_10570W	10325	21188	7401	14719	9104	10923	8137	3623	2833	8014	11342	3574	2986	2502	4818	23158	9909	12589	10664	6495	9210	1471	5480	10736
C2_10580W	87	221	51	80	98	81	11	15	21	49	61	22	43	10	24	5	0	3	43	71	41	132	114	155
C2_10590W	7388	18779	6562	5471	3350	3448	6831	4311	4581	3169	5656	957	4023	1802	2212	5440	8996	6637	4140	2864	5277	727	959	1849
C2_10600W	78	205	34	118	31	100	61	28	40	62	73	39	22	20	52	289	30	359	63	37	198	153	80	100
C2_10610W	376	643	629	1384	575	621	269	226	59	419	699	125	142	80	368	525	608	183	369	322	882	335	260	689
C2_10620W	1053	2151	321	690	478	401	208	347	358	373	558	96	778	357	392	684	105	362	359	379	536	240	225	484
C2_10630W	3939	8050	10652	12505	8894	14440	8999	11766	7095	3831	6506	1858	5335	3180	2501	38858	10230	13090	15091	6634	15071	644	2257	7641
C2_10640C	148	401	224	288	192	169	86	26	22	118	201	59	64	141	223	637	371	40	79	100	344	165	98	229
C2_10650W	94	256	50	92	79	54	14	48	42	21	54	32	21	5	42	79	10	5	9	29	28	77	48	111
C2_10660W	1648	4816	1374	1281	839	580	377	190	393	606	882	383	334	161	458	953	1807	662	1071	366	930	1098	893	1845
C2_10670W	394	868	132	186	124	158	43	72	58	162	137	50	145	46	350	552	254	98	275	59	92	289	240	352
C2_10680W	244	457	306	558	246	315	215	31	39	248	356	230	55	80	151	485	24	115	344	252	131	461	385	508
C2_10690W	4347	8619	3989	2705	1800	2884	1411	3212	2982	1087	1982	1011	8456	1753	5179	2576	2906	2737	4896	2840	6015	920	1425	2749
C2_10700C	101	264	103	186	160	126	13	18	19	132	238	34	16	64	27	48	20	64	46	125	250	121	112	204
C2_10710W	250	563	219	396	296	136	79	26	28	184	355	79	66	110	92	11	62	110	184	263	408	119	205	403
C2_10720C	358	686	397	370	277	564	263	338	247	367	408	103	41	90	280	300	378	82	240	224	263	203	246	259
C2_10730W	128	710	83	325	239	114	89	8	5	309	520	160	17	7	294	27	68	60	69	132	91	147	337	555
C2_10740C	3134	9606	4244	7798	3902	6665	5253	4453	4040	3186	4639	1069	2221	884	1601	9461	8487	6511	4907	2449	4900	1595	1352	3151
C2_10750C	875	2126	883	1297	344	305	649	106	386	260	553	164	893	725	568	210	1147	370	259	557	1056	349	453	1001
C2_10760C	810	2031	1388	2446	1154	1859	946	322	183	542	949	395	480	398	327	2807	1351	1686	2350	992	1824	558	495	1301
C2_10770W	318	1100	482	645	265	664	263	74	20	132	299	58	264	50	203	583	352	582	874	151	744	88	130	300
C2_10780C	4226	11569	5019	7383	3685	6934	4224	940	2007	2712	4374	1327	3929	291	2445	6679	3006	5188	6993	2866	6945	420	1912	5306
C2_10790C	3376	4481	2331	4000	2962	3869	1666	1826	1323	2541	3903	1885	1733	1123	941	5082	2611	3701	2555	1660	2961	713	2791	5601
C2_10800W	238	243	177	584	544	460	93	11	0	427	620	371	88	186	97	162	99	207	150	291	220	42	564	1205
C2_10810W	4756	9244	7284	10230	5444	12091	3321	741	86	3050	6218	3561	2388	1674	2379	4468	3851	8021	7979	4874	11891	873	4596	10619
C2_10820C	5568	13486	7106	10966	6276	12014	3933	1246	1977	3673	7044	4064	2557	1731	3340	5113	4963	9823	7600	5236	10411	1089	5177	11650
C2_10830W	956	1221	699	1462	948	1027	498	101	223	1016	1138	612	244	213	474	1520	574	1564	813	642	1043	120	567	1458
C2_10840W	5200	9700	3395	5048	2793	3839	3807	953	1103	2487	4103	1224	1769	807	1414	5237	4078	5617	3702	2499	4822	901	1506	4186
C2_10850C	2209	4782	1505	2249	1423	1624	1456	1405	234	777	1114	238	1661	400	406	3146	1010	1883	1866	911	1487	437	433	1467
C2_10860C	666	1536	478	536	363	295	289	296	637	296	415	102	1512	510	574	454	41	283	704	266	1280	272	187	445
C2_10870W	554	1198	636	840	840	640	1770	1060	1052	758	1074	449	1140	290	304	842	1030	860	1254	594	532	420	764	1620
C3_00010C	920	2397	1477	2217	1374	1492	1507	1032	1167	1756	2681	1441	839	475	663	2017	1462	1927	1495	911	1423	1165	2227	2738
C3_00020W	0	0	0	0	0	0	0	0	0	0	0	0	0	0	0	0	0	0	0	0	0	0	0	0
C3_00030C	27868	66123	29578	34974	16134	21788	36045	37120	57962	16261	26558	13957	16230	7334	10980	31222	27492	44333	32092	12761	21261	14413	16325	22271
C3_00040W	0	0	0	0	0	0	0	0	0	0	0	0	0	0	0	0	0	0	0	0	0	0	0	0
C3_00050C	34	133	71	65	77	44	5	16	3	87	92	11	47	3	15	17	1	18	25	56	78	85	54	118
C3_00060W	50	89	44	87	53	11	52	6	15	25	42	6	27	43	2	13	6	11	9	32	13	15	15	43
C3_00090W	708	1546	223	357	79	29	676	1282	504	117	185	163	245	134	89	1084	24	435	306	72	201	178	213	314
C3_00100W	786	1849	290	693	339	275	161	312	42	341	507	261	185	166	179	1194	544	492	183	337	578	289	483	526
C3_00110C	2737	5845	2418	4803	2698	2591	3302	2346	582	2316	3130	1831	1303	678	1177	5856	1831	4078	3088	1741	2403	1069	2610	2069
C3_00120W	0	0	0	0	0	0	0	0	0	0	0	0	0	0	0	0	0	0	0	0	0	0	0	0
C3_00130C	2085	4647	2845	1819	1071	1757	2818	2086	4476	899	1575	798	1403	648	1012	3876	1084	2268	1977	994	1528	730	814	869
C3_00140W	0	0	0	0	0	0	0	0	0	0	0	0	0	0	0	0	0	0	0	0	0	0	0	0
C3_00150W	0	0	0	0	0	0	0	0	0	0	0	0	0	0	0	0	0	0	0	0	0	0	0	0
C3_00160C	8687	18182	8771	11010	7553	11165	8267	5694	2985	5295	7482	2529	4251	2275	3502	19997	6585	11185	5717	4895	8199	776	3619	4970
C3_00170C	274	842	342	478	408	476	323	75	49	179	274	100	85	92	74	931	73	311	231	282	497	80	183	428
C3_00180C	1998	2332	1170	1787	747	1003	1115	87	646	721	1113	767	327	244	619	1715	1032	1238	1332	561	921	439	896	1567
C3_00190W	0	0	0	0	0	0	0	0	0	0	0	0	0	0	0	0	0	0	0	0	0	0	0	0
C3_00200C	8685	17541	11302	11670	8385	9169	22166	26574	21261	6353	9085	2982	4130	3244	6596	41530	11034	16589	17448	7125	16304	4502	3034	10131
C3_00210C	784	690	103	391	182	175	125	58	57	128	294	88	100	26	98	137	92	277	202	95	58	309	182	212
C3_00220W	2167	6131	4806	9168	3417	6671	3068	2262	1038	2203	4813	2017	2744	673	1132	5917	6272	5365	16425	6829	13898	1032	4677	6311
C3_00230C	0	1	0	4	3	3	0	0	0	2	3	3	0	0	2	5	0	0	3	2	0	0	0	1
C3_00240C	3843	7368	2886	3399	2221	3023	1131	375	484	1871	3193	1318	1348	878	896	4688	1413	2634	1897	1499	2033	707	1999	3399
C3_00250C	2351	3681	2208	2880	2479	2663	1989	1358	195	2051	2962	1610	1285	1019	791	6916	1564	1890	2178	1429	2997	454	2379	3754
C3_00260C	958	3812	1452	2250	1535	1557	1459	295	333	931	1771	302	481	556	820	999	911	600	1868	988	2259	319	585	1401
C3_00270C	158	789	221	442	203	303	67	39	104	169	387	71	328	68	195	432	108	164	131	176	461	235	110	376
C3_00280C	4234	5519	1297	2021	1004	1143	1697	62	100	759	1553	173	1135	522	784	1156	2151	381	1172	1410	1258	525	454	1382
C3_00290W	1514	3751	1583	3383	2113	3197	2010	174	194	1776	3017	684	1449	411	1049	2722	750	2081	2036	1511	2572	483	1267	2814
C3_00300W	5341	7938	5675	6527	4428	4694	3035	2386	2057	4066	5474	2149	2509	1134	1146	7830	3917	5442	3458	4111	2974	744	3125	7640
C3_00310C	308	141	304	132	100	98	42	10	12	92	152	69	41	5	7	3	29	52	33	113	196	75	81	216
C3_00320W	2805	5666	2671	3761	2433	3403	3483	854	1707	2122	4342	1906	6646	1525	3570	2741	2658	4529	2693	1912	4028	386	2577	5387
C3_00330W	2071	5586	967	2457	2016	2005	785	202	61	2062	3244	1137	940	739	555	4767	2785	1500	1566	1901	1424	592	2898	4648
C3_00340W	341	353	252	394	488	379	98	24	25	209	335	152	213	213	33	734	260	655	258	327	533	74	242	396
C3_00350W	314	354	562	735	413	294	277	135	6	180	287	62	40	220	185	134	9	368	321	229	131	116	98	139
C3_00360W	157	1186	572	725	278	441	298	128	156	460	862	218	2475	430	415	1866	774	764	549	348	396	194	355	433
C3_00370C	137	705	14	56	68	122	114	7	16	64	186	24	30	5	35	3	2	173	175	86	1	131	29	30
C3_00380C	166	531	283	457	420	266	64	26	21	405	632	116	37	60	22	157	28	486	228	286	203	250	181	308
C3_00390W	72	118	134	380	181	83	25	14	13	138	253	42	6	104	87	11	29	15	20	117	40	108	130	228
C3_00400C	875	1476	792	2286	2459	1818	576	96	151	1665	2965	870	868	289	810	2346	1042	1545	1330	1175	3138	524	1830	2160
C3_00410C	17	21	29	28	36	18	6	3	7	25	68	17	16	1	3	63	42	2	4	17	20	110	38	54
C3_00420W	353	1070	405	517	429	222	266	32	112	261	500	144	149	18	64	48	643	343	265	168	404	423	507	760
C3_00430W	521	1013	66	165	165	27	109	10	6	115	187	64	22	3	10	23	2	140	101	137	137	104	121	304
C3_00440W	139	193	71	115	40	37	2	13	7	30	87	22	10	15	27	170	34	68	86	47	13	138	75	171
C3_00450C	522	782	636	688	384	968	782	684	886	319	495	153	246	157	218	2586	293	811	1213	412	389	202	178	342
C3_00460W	150	378	46	67	23	15	20	70	88	15	93	22	45	43	41	35	6	101	54	13	26	140	14	61
C3_00470W	488	741	453	609	631	846	528	63	71	582	897	343	863	265	155	638	160	672	1018	633	999	226	265	661
C3_00480C	590	810	154	36	49	126	224	326	273	28	37	3	515	131	534	92	124	89	105	178	287	181	21	124
C3_00490W	971	1235	469	842	621	621	270	54	179	373	808	226	71	147	316	509	28	161	435	365	478	284	514	602
C3_00500C	630	1965	1315	1865	1552	1565	679	468	758	1004	1479	397	323	281	1349	1448	1031	1121	1398	1093	1424	260	897	1527
C3_00510W	646	3214	674	1497	1343	1273	704	188	139	878	1399	465	473	339	447	1343	598	755	850	870	1042	290	1127	1925
C3_00520W	1838	5324	1729	2728	1892	1651	1904	357	72	1419	2325	582	925	453	908	2119	1120	1152	1466	1220	1902	373	953	2145
C3_00530C	2728	7225	1950	3597	2507	2265	658	823	199	2337	3713	884	741	763	876	2306	1794	2099	1841	1476	2876	295	2041	3063
C3_00540C	19	57	5	14	23	11	3	8	9	38	23	2	2	5	5	2	16	1	42	16	1	103	16	42
C3_00550C	480	564	100	147	109	266	36	123	158	112	105	71	171	282	101	56	22	203	92	258	151	291	62	143
C3_00560C	182	451	279	666	539	326	407	28	83	378	548	171	232	207	196	24	503	484	227	244	291	221	341	485
C3_00570C	81	195	140	623	217	177	53	123	56	174	257	119	21	104	98	740	138	112	233	55	72	303	120	316
C3_00580W	3716	8500	3681	6411	5728	6001	4498	6644	5475	4637	7918	1062	2876	1954	2427	7562	1862	4840	4106	3546	3654	1345	2479	3677
C3_00590W	0	0	0	0	0	0	0	0	0	0	0	0	0	0	0	0	0	0	0	0	0	0	0	0
C3_00600W	1341	2526	1724	2594	1888	2277	2551	119	419	1238	1687	263	1588	876	988	5905	1746	3405	1985	954	2607	423	297	755
C3_00610W	101	366	51	375	135	176	60	12	17	158	201	119	3	8	21	9	8	132	51	139	139	124	165	389
C3_00620C	186	916	98	650	154	244	101	16	23	176	334	151	14	33	54	9	25	75	101	176	286	86	248	479
C3_00630W	1458	1925	1405	2880	2157	2976	1248	1545	2342	1631	2555	372	521	672	406	3401	927	1111	1762	1633	1871	611	1050	1377
C3_00640W	386	515	167	805	243	175	30	32	64	343	379	86	239	639	163	22	154	139	214	391	406	192	250	464
C3_00650W	444	1390	496	882	735	650	157	29	342	640	1062	279	37	247	363	480	422	1051	304	435	642	312	372	570
C3_00660W	434	784	435	1603	1292	288	63	12	22	568	971	288	187	216	263	50	706	41	225	824	337	247	892	1499
C3_00670C	435	607	580	856	449	572	132	75	72	579	713	356	980	763	562	185	438	345	577	651	705	331	856	1179
C3_00680C	0	0	0	0	0	0	0	0	0	0	0	0	0	0	0	0	0	0	0	0	0	0	0	0
C3_00690C	330	1727	667	544	498	593	208	37	190	337	559	159	107	138	61	978	830	725	532	531	415	245	315	835
C3_00700W	735	1985	787	1874	1320	1258	690	204	1303	983	1366	485	310	169	233	1617	310	918	665	1086	974	488	685	1682
C3_00710W	669	1412	348	873	596	551	388	276	280	698	906	242	1431	615	257	485	82	386	564	394	456	409	612	1169
C3_00720W	16585	37817	18407	5880	4159	5160	7519	13060	18009	2676	4110	1000	40542	12739	19245	17211	6622	7300	16445	11739	21396	2376	1593	3504
C3_00730W	287	586	252	227	223	56	47	36	40	146	323	89	802	245	148	210	97	113	166	245	316	159	178	240
C3_00740W	0	0	0	0	0	0	0	0	0	0	0	0	0	0	0	0	0	0	0	0	0	0	0	0
C3_00750W	97	309	174	518	408	207	44	15	62	310	462	152	28	100	101	80	34	78	140	406	366	163	264	523
C3_00760W	367	961	401	246	327	240	172	157	190	187	230	87	607	415	239	10	60	48	276	502	217	234	175	416
C3_00770C	155	316	5	7	6	1	5	38	62	6	9	12	18	16	7	1	0	5	6	8	8	84	23	36
C3_00780W	150	94	10	17	177	10	1	3	16	93	181	83	18	11	1	2	7	4	3	13	15	137	93	103
C3_00790W	229	562	63	328	149	170	207	50	48	224	304	100	31	13	22	113	58	404	174	277	89	211	203	374
C3_00800W	16795	37258	2519	3434	2523	2112	764	379	892	2458	3978	849	646	1296	1182	2055	1957	1345	1345	2547	2058	486	1936	2979
C3_00810C	1859	4280	1049	3038	1400	3228	529	263	584	911	1361	451	1542	778	1605	3728	1475	2328	1807	1161	1775	691	733	918
C3_00820W	354	778	253	502	324	84	23	66	109	81	188	50	288	94	177	78	24	20	111	168	371	278	120	140
C3_00830C	205	780	404	1021	665	608	81	154	50	582	567	353	535	220	411	124	156	243	164	636	536	400	700	1110
C3_00840C	13	87	7	17	27	10	9	12	25	29	50	12	3	3	1	4	4	3	3	30	12	86	27	56
C3_00850C	1074	2505	213	138	182	280	312	449	530	102	309	50	287	79	100	245	43	26	254	123	368	578	112	229
C3_00860W	362	1003	378	359	298	206	95	72	402	205	232	58	367	181	29	100	265	244	318	171	285	215	100	416
C3_00870W	12	50	11	25	12	4	0	2	4	19	3	2	0	1	2	5	1	4	1	2	2	87	10	36
C3_00880W	22977	42693	16669	14673	7544	11760	36947	33900	35928	12329	23788	7951	35619	9738	12284	55369	24536	39071	44297	12521	28009	3640	10411	12345
C3_00890C	2328	6372	2302	2897	1808	2918	2763	1542	2282	935	1467	551	1327	1024	921	4203	1064	1533	2450	1694	1824	437	899	1727
C3_00900C	989	1530	484	780	348	130	474	39	34	300	584	239	138	83	235	1046	933	247	522	303	486	209	313	884
C3_00910W	711	990	787	991	722	1207	421	54	88	673	709	188	454	204	188	1421	270	566	625	666	727	409	449	843
C3_00920W	273	115	44	124	60	103	28	30	37	86	109	61	11	26	12	181	115	86	204	28	88	405	74	62
C3_00930W	60	146	33	51	114	34	3	32	30	15	91	21	474	41	13	17	152	21	10	10	46	292	7	59
C3_00940W	292	1008	104	377	301	114	31	57	57	201	446	100	560	205	112	612	271	156	308	306	423	309	192	263
C3_00950C	278	710	22	137	119	14	5	8	2	101	111	21	5	25	15	1	23	2	14	121	22	40	88	160
C3_00960W	163	53	64	58	101	35	5	5	9	46	35	5	22	25	9	4	94	38	52	18	32	118	70	36
C3_00970W	5	19	1	8	1	6	0	1	2	1	10	2	0	0	5	1	0	1	2	2	1	33	1	1
C3_00980W	342	1268	393	855	608	953	266	196	142	733	1015	370	388	429	350	513	536	428	553	581	559	387	568	1050
C3_00990C	14	31	1	8	3	4	0	8	1	12	23	7	0	1	0	5	1	1	0	8	8	63	27	10
C3_01000W	147	307	73	196	210	150	10	23	19	140	260	86	39	73	27	34	67	127	20	111	71	330	103	171
C3_01010W	3	19	3	40	27	5	3	1	5	22	31	35	10	8	7	0	0	1	14	24	3	39	42	25
C3_01020W	35	208	7	87	42	20	83	12	33	73	91	30	922	660	164	31	23	62	47	41	56	157	58	158
C3_01030W	58	136	5	34	38	9	2	1	12	14	23	20	3	1	3	3	1	0	3	11	6	58	40	52
C3_01040C	4	13	22	38	37	13	0	0	4	43	77	10	1	14	9	1	11	1	0	38	1	36	27	72
C3_01050C	0	0	0	0	0	0	0	0	0	0	0	0	0	0	0	0	0	0	0	0	0	0	0	0
C3_01060W	3	16	0	1	0	2	0	0	0	5	1	0	0	0	0	0	1	0	0	0	0	9	1	2
C3_01070C	8	27	4	6	5	4	0	1	2	2	9	7	7	0	5	0	1	37	2	11	0	59	8	34
C3_01080W	14	29	0	4	4	0	1	5	4	0	16	9	1	4	1	12	1	35	2	2	1	37	6	8
C3_01090W	8	22	2	19	5	14	0	2	16	11	6	10	2	31	3	2	4	20	0	5	5	37	26	13
C3_01100W	30	38	2	9	3	0	0	16	13	2	4	1	23	1	2	0	0	0	0	4	0	28	5	2
C3_01110C	12	6	0	2	0	0	0	0	2	0	0	2	0	1	0	0	0	0	0	0	0	19	1	0
C3_01120W	7	96	31	28	12	11	0	5	7	46	56	1	1	1	0	5	2	1	16	7	2	70	3	8
C3_01130C	268	735	227	414	297	111	49	536	96	159	248	118	358	117	150	71	118	133	445	467	582	224	235	211
C3_01140W	18	31	3	0	6	2	0	1	3	4	2	3	6	0	0	32	0	0	2	3	4	49	0	7
C3_01150C	19	26	1	32	2	0	3	5	2	4	24	1	3	7	3	2	0	1	1	11	0	26	5	21
C3_01160W	158	417	14	346	228	142	27	33	23	83	110	31	39	14	18	90	83	120	41	54	149	143	104	134
C3_01170W	30	77	14	12	3	8	69	10	14	18	50	9	4	5	17	4	4	11	4	8	0	95	14	15
C3_01180C	330	394	226	568	272	261	63	99	106	276	589	350	333	196	253	853	91	376	352	295	531	555	387	566
C3_01190C	36	116	30	25	17	16	3	8	3	38	38	13	13	13	14	1	4	18	5	23	17	93	33	64
C3_01200W	52	237	7	293	102	156	3	9	15	126	191	64	58	139	157	114	4	17	6	108	53	331	93	405
C3_01210C	53	69	1	13	17	1	4	14	21	1	3	4	8	1	3	1	4	0	9	11	2	76	12	28
C3_01220W	13	20	12	13	50	2	0	8	14	12	55	16	4	48	46	0	13	18	0	72	0	11	20	62
C3_01230C	5	4	0	3	5	1	0	0	0	1	11	7	2	54	36	0	0	4	1	6	0	21	15	13
C3_01240C	4	11	3	15	3	10	1	2	3	8	14	2	0	2	1	3	1	1	0	18	0	51	9	7
C3_01250W	174	258	46	396	102	187	34	156	98	105	331	134	187	158	139	96	69	25	60	222	64	273	133	296
C3_01260C	8605	18487	12912	17304	12830	20889	15450	7278	9254	5888	8370	1254	9207	4602	5953	22978	5492	14379	16468	7973	16715	1268	1907	4975
C3_01270W	35	168	28	94	88	56	1	2	1	94	184	76	2	9	7	2	4	3	2	64	65	42	317	473
C3_01280W	73	215	34	44	42	39	5	21	30	78	111	52	67	11	12	7	13	35	3	39	44	191	174	242
C3_01290W	1	8	0	5	1	9	0	2	2	10	11	1	1	1	1	1	4	0	1	1	0	24	10	12
C3_01300C	8	16	0	1	9	5	1	3	2	13	19	13	6	23	1	9	0	1	0	16	1	33	11	15
C3_01310W	18	71	19	12	21	2	0	1	3	8	12	0	18	3	1	3	0	0	44	7	7	129	14	33
C3_01320C	91	103	90	140	157	96	12	10	13	56	143	26	15	7	8	4	7	35	60	106	83	96	63	143
C3_01330W	110	312	277	171	103	73	48	26	32	68	152	53	43	78	50	311	106	90	78	125	83	125	85	210
C3_01340W	108	289	46	181	99	101	3	9	3	61	92	35	10	20	12	3	6	114	13	66	31	89	69	162
C3_01350C	37	48	31	70	67	53	14	8	5	41	56	20	0	7	1	3	0	6	12	6	5	74	51	7
C3_01360C	570	1637	246	666	344	639	42	192	38	418	439	140	467	206	383	536	32	37	86	88	134	258	327	405
C3_01370C	33	77	153	0	18	7	2	5	7	11	15	4	32	1	3	5	1	5	0	45	1	111	21	11
C3_01390C	64	161	115	75	71	99	2	29	23	87	58	13	26	18	31	8	16	33	34	26	312	195	92	101
C3_01400W	65	128	8	119	74	54	7	5	6	24	54	6	11	6	6	41	2	4	12	6	40	35	25	41
C3_01410C	50	83	29	37	28	21	2	23	20	19	48	4	21	55	22	0	9	4	29	25	31	29	17	19
C3_01420C	46	70	2	1	1	4	4	38	38	0	5	1	11	3	0	1	5	0	10	23	14	88	0	0
C3_01430W	1	3	0	30	3	19	2	1	2	2	10	3	0	2	0	0	1	4	0	4	2	31	4	19
C3_01440C	0	2	0	0	0	0	0	0	0	0	0	0	0	0	0	0	0	0	0	0	0	0	0	1
C3_01450C	6	38	4	3	2	0	0	1	4	0	4	1	1	1	0	0	0	4	0	20	10	53	2	3
C3_01460C	220	461	23	35	136	79	4	23	236	38	45	14	79	15	38	20	58	23	2	103	41	180	85	82
C3_01470W	37	49	2	3	13	27	2	16	17	3	0	1	7	4	4	3	1	3	2	9	68	58	13	7
C3_01480C	36	22	1	26	8	0	38	10	7	2	5	2	3	0	0	0	0	0	2	3	4	24	2	15
C3_01490W	366	658	99	5	2	14	12	135	409	4	11	2	320	177	56	1	3	2	10	14	34	80	3	4
C3_01500C	64	231	12	169	71	24	19	29	31	33	74	2	10	8	14	3	16	6	2	19	8	152	26	206
C3_01510W	659	1309	887	1249	871	1028	531	93	54	390	594	205	461	698	357	165	524	554	550	910	682	288	510	945
C3_01520C	435	823	446	1068	759	587	164	32	29	258	512	176	51	172	172	156	127	125	198	375	484	152	292	793
C3_01530C	13534	33265	10156	13229	7707	11589	11571	2699	2714	6313	9400	2250	6200	3497	3462	20119	9736	11557	13030	7069	10797	2066	3222	7416
C3_01540W	521	1004	71	20	81	94	93	235	134	62	33	15	237	116	41	121	4	38	77	96	69	67	68	94
C3_01550C	2388	3354	553	529	372	673	819	1226	626	191	569	53	1483	893	699	308	118	375	638	370	753	260	132	281
C3_01560W	647	1191	595	988	441	751	368	62	32	749	1145	722	197	100	388	2539	153	558	239	509	859	352	897	1786
C3_01570W	60	174	38	146	201	48	3	9	8	186	267	62	4	23	8	7	159	18	26	91	14	133	88	221
C3_01580W	1031	1761	728	566	682	496	503	41	71	349	476	154	78	134	143	1033	30	260	657	640	545	126	459	593
C3_01590W	67	144	25	111	115	26	11	11	5	56	47	24	9	57	5	7	2	1	25	38	33	176	81	51
C3_01600W	220	325	129	177	106	70	56	418	94	103	253	66	201	227	62	598	143	10	36	86	89	332	87	130
C3_01610W	239	439	58	191	81	85	266	82	89	36	61	18	766	238	60	57	230	144	140	117	116	169	125	72
C3_01620W	24	29	0	12	0	20	2	7	4	1	4	3	1	74	0	0	0	2	0	4	7	52	5	12
C3_01630W	1568	4150	2783	1748	1499	1575	2182	6045	4247	1601	2584	1727	6859	2160	1909	2474	1297	2206	3178	1752	3465	1195	2276	2710
C3_01640C	18	248	58	105	39	74	8	4	4	48	84	48	6	9	11	3	4	0	22	48	12	87	105	102
C3_01660W	113	595	130	121	150	142	33	50	16	96	108	100	653	144	321	489	75	80	194	108	362	81	220	244
C3_01670W	155	580	180	129	127	115	29	63	47	97	176	48	416	309	310	242	111	67	168	164	293	169	95	152
C3_01680C	93	191	111	58	62	22	165	13	29	101	133	76	67	23	56	25	6	14	64	92	88	114	200	224
C3_01690W	78	228	91	180	226	73	57	103	33	98	144	52	84	229	32	26	8	111	74	135	87	225	197	120
C3_01700W	235	392	68	241	209	82	10	56	46	134	134	31	63	216	106	5	19	13	48	124	33	200	68	79
C3_01710C	12	23	1	0	3	1	0	4	4	1	0	0	3	1	0	1	3	1	0	0	27	74	0	2
C3_01720C	350	620	221	283	170	39	49	93	83	129	286	60	218	211	105	114	17	147	145	165	206	262	173	250
C3_01730C	397	1291	379	393	285	337	151	458	311	201	504	211	914	599	206	124	112	236	320	329	412	233	278	404
C3_01740C	64	32	2	5	9	1	4	4	1	10	12	6	0	2	1	4	5	2	0	2	3	92	16	21
C3_01750C	170	284	173	152	101	54	14	31	32	114	72	44	44	80	17	18	51	13	45	67	55	240	67	118
C3_01760W	628	1421	706	1731	1263	1156	767	125	325	853	1504	287	938	121	283	1153	253	1090	693	761	566	323	495	970
C3_01770C	72	168	92	199	122	127	90	12	16	199	350	201	123	19	90	26	76	319	36	174	139	206	233	360
C3_01780C	48	124	37	75	57	37	16	10	18	52	57	18	17	12	11	3	41	132	9	11	33	80	89	96
C3_01790C	969	2029	725	1819	1401	1439	681	77	70	738	1005	341	368	464	326	2378	1143	822	1058	506	1011	380	755	1165
C3_01800C	821	2799	1297	1490	1689	848	1639	247	502	1109	1783	459	774	598	554	3910	1432	1147	1461	895	1447	513	744	1496
C3_01810C	548	1246	379	118	223	99	266	146	238	22	149	29	1885	815	413	35	16	50	477	252	423	221	89	118
C3_01820W	30	47	3	2	3	15	0	16	7	4	14	5	6	2	0	1	2	0	7	4	3	162	1	3
C3_01830C	34	124	7	2	3	0	5	24	24	3	10	0	80	22	14	17	3	0	4	20	11	81	2	17
C3_01840C	9	23	1	2	0	0	0	5	12	1	0	0	0	0	0	1	1	0	0	0	2	49	0	0
C3_01850W	39	63	2	4	5	3	1	5	10	14	4	2	5	9	2	3	2	0	1	1	4	63	3	6
C3_01860C	167	497	37	36	101	16	46	59	53	57	108	24	190	279	241	9	70	3	161	50	64	229	42	109
C3_01870C	5	28	2	14	12	7	0	7	5	14	6	4	1	1	1	7	3	2	1	10	17	117	4	22
C3_01880W	862	1308	305	909	980	307	192	22	58	421	763	228	320	571	225	369	107	279	271	398	284	174	455	737
C3_01890C	820	1780	1155	574	536	567	280	1490	1575	393	492	216	1010	812	502	344	849	389	819	445	938	653	306	403
C3_01900C	75	369	97	160	70	61	41	66	45	98	245	29	233	19	25	39	106	30	40	170	30	246	37	168
C3_01910C	39	102	32	26	70	56	13	29	42	44	34	44	39	141	11	8	13	14	24	34	20	122	78	90
C3_01920C	58	127	53	8	53	5	1	1	1	14	14	26	0	37	0	2	1	0	2	12	20	85	39	85
C3_01930W	424	1366	443	1696	898	1258	680	313	790	376	893	399	694	259	242	2164	818	596	241	405	491	697	505	939
C3_01940C	75	197	77	173	166	186	28	35	62	103	119	85	216	122	197	162	115	43	101	91	26	78	253	337
C3_01950C	164	521	46	134	103	57	11	34	13	109	124	102	29	40	13	67	36	18	41	104	40	73	224	237
C3_01960C	3308	9806	3423	12180	5805	9649	3932	4143	4570	3883	9948	3759	6180	2041	1853	23824	27547	12149	4651	3029	6589	2001	4417	3834
C3_01970C	554	949	590	1712	1583	1435	414	129	295	1172	1590	587	342	454	474	826	235	404	416	921	570	98	886	1933
C3_01980C	24	57	23	11	16	27	1	15	10	33	20	22	10	10	0	3	0	4	2	2	3	32	39	47
C3_01990W	111	261	34	183	11	13	2	39	26	52	22	6	16	8	15	0	3	0	3	6	16	140	21	35
C3_02000W	902	3267	1502	3141	1739	2429	1170	223	90	1000	2127	370	713	366	315	1857	707	1311	955	1240	812	608	679	1249
C3_02010C	311	1111	362	438	236	238	42	19	138	234	428	223	29	185	50	204	117	71	93	207	190	241	340	704
C3_02020W	335	1056	666	1133	479	941	730	432	209	522	816	188	214	205	158	616	1500	533	751	549	688	520	364	674
C3_02030W	81	316	24	148	85	71	197	36	38	148	149	32	78	30	81	9	18	40	13	63	89	146	83	240
C3_02040C	29	74	22	228	129	119	2	5	9	79	121	10	38	3	4	4	1	5	89	54	3	68	46	115
C3_02050C	15	32	7	44	25	10	0	2	9	13	29	2	7	0	5	1	1	2	7	14	2	22	27	31
C3_02060W	475	1427	376	1934	662	893	521	780	362	510	988	224	626	54	375	677	727	408	616	785	706	230	556	940
C3_02070C	232	592	283	420	230	330	364	1009	567	228	236	68	145	38	156	816	351	157	277	198	334	285	182	268
C3_02080W	313	350	170	252	272	325	69	581	31	225	206	168	512	122	119	529	69	432	368	197	245	396	210	569
C3_02090C	278	571	373	372	305	299	366	290	89	323	623	62	116	246	154	1010	281	235	208	298	402	200	193	323
C3_02100W	157	428	126	361	159	160	55	48	76	283	462	181	242	209	404	25	23	245	242	175	345	514	343	469
C3_02110W	662	1433	90	17	7	8	60	512	511	20	38	25	487	222	294	28	5	5	20	20	62	117	28	28
C3_02120W	1867	3239	274	344	277	191	81	22	47	143	546	101	32	227	187	413	155	229	99	441	304	172	137	306
C3_02130W	22	211	27	56	129	51	8	16	4	90	73	20	3	126	5	1	11	8	11	97	8	159	110	152
C3_02140C	325	431	153	277	176	103	67	44	73	93	171	91	130	21	16	317	2	83	70	69	62	127	220	447
C3_02150C	307	715	481	60	44	40	32	81	62	35	38	9	638	658	192	3	7	83	27	164	238	145	20	35
C3_02160C	3558	12818	2046	4085	2205	2536	1483	563	615	1270	2816	425	2746	735	633	2257	2345	1869	2145	1372	2932	684	916	1799
C3_02170C	255	652	241	194	89	73	148	87	89	78	169	52	184	161	265	181	26	17	132	130	151	217	92	263
C3_02180C	75	134	36	156	283	141	38	20	117	114	155	104	31	230	28	115	19	19	65	82	125	174	153	142
C3_02190C	63	68	37	10	16	16	19	23	31	38	36	20	17	111	5	10	8	2	28	5	7	109	42	72
C3_02200W	5	11	1	2	11	13	5	1	4	12	6	19	0	0	0	1	0	4	11	0	0	18	19	56
C3_02210C	189	118	109	270	137	155	12	16	14	129	148	39	161	27	201	55	56	15	16	93	59	140	128	187
C3_02220W	112	515	50	173	67	41	17	51	29	67	178	80	522	184	103	423	193	103	205	140	188	189	134	153
C3_02230C	935	1020	422	1276	765	801	275	30	27	715	1271	398	108	403	94	432	546	726	451	715	420	410	738	1299
C3_02240C	964	2074	1227	3807	3345	2823	280	97	57	1561	2651	559	748	903	350	595	467	731	1194	1684	1455	336	1527	2875
C3_02250C	3	3	0	0	7	1	0	0	0	0	4	0	0	0	1	0	0	0	1	0	0	17	1	4
C3_02260C	257	393	172	327	454	141	48	465	423	249	468	130	69	82	91	30	17	46	416	70	649	245	294	436
C3_02270W	12	11	2	0	1	0	0	3	2	0	1	1	0	1	2	1	0	0	0	2	1	10	1	7
C3_02280C	1065	2357	520	703	667	755	343	125	119	466	710	164	600	350	111	160	71	375	918	470	436	288	362	519
C3_02290W	53	27	8	22	26	11	1	6	7	15	54	14	7	34	18	17	0	149	5	13	3	50	27	24
C3_02300W	252	772	118	739	388	325	77	13	13	223	308	83	191	105	194	64	208	100	72	242	222	188	114	238
C3_02310W	87	283	181	150	53	52	56	49	34	177	80	5	281	138	140	118	3	1	121	55	86	175	3	36
C3_02320W	366	1095	277	579	444	263	157	319	107	237	376	106	141	135	119	17	150	168	107	356	166	176	165	168
C3_02330C	0	9	0	0	2	10	0	0	1	1	12	0	2	5	0	1	0	0	0	0	5	16	0	1
C3_02340W	12	28	0	2	3	1	2	3	2	0	14	2	1	3	1	1	1	1	2	4	3	80	15	34
C3_02350W	26	46	222	9	9	3	1	15	15	12	10	0	10	1	1	3	1	1	4	3	13	101	19	44
C3_02360C	13	22	0	1	3	8	0	1	2	4	7	19	2	3	1	1	0	2	0	3	2	79	36	23
C3_02370C	309	382	170	426	197	214	130	39	57	192	240	99	63	80	79	110	299	74	101	209	789	234	244	544
C3_02390W	60	139	23	118	208	36	9	1	1	199	175	32	3	82	11	5	2	6	6	70	49	86	148	181
C3_02400C	35	66	1	4	2	1	3	10	10	0	0	0	10	24	4	1	1	1	6	15	6	26	5	3
C3_02410C	12	28	0	3	1	2	1	3	3	1	1	0	0	8	0	2	1	3	1	0	1	44	4	6
C3_02420C	7	23	1	1	3	0	1	2	1	7	6	3	2	3	15	0	0	0	0	15	1	51	7	9
C3_02430W	31	114	15	148	85	32	63	23	12	56	52	23	18	32	4	77	2	36	22	36	10	133	32	101
C3_02440C	11	26	0	1	19	2	1	7	4	1	3	0	0	1	0	1	0	1	0	2	1	44	0	8
C3_02450W	38	124	82	7	13	2	3	14	17	14	60	11	5	12	23	2	1	5	5	50	5	76	48	117
C3_02460C	28	48	4	6	22	2	2	1	7	21	25	14	2	3	44	0	1	2	0	10	0	92	43	102
C3_02470C	431	987	86	1	2	0	11	217	263	9	3	1	252	139	27	3	0	2	16	11	23	86	3	8
C3_02480C	713	1395	181	8	14	8	80	214	224	4	17	2	408	194	78	6	19	63	150	106	129	171	9	18
C3_02490C	790	1489	900	2009	1353	1726	488	404	282	1043	1751	813	320	195	809	1130	477	988	840	1354	1329	572	1551	2745
C3_02500W	25	88	1	7	15	2	4	8	7	17	4	6	8	3	1	9	1	4	0	4	24	104	11	16
C3_02510C	25	52	1	41	91	12	3	6	3	7	16	1	6	49	1	4	1	2	60	45	1	126	13	58
C3_02520W	6	4	0	1	2	2	0	7	0	4	0	0	2	0	0	4	0	0	0	0	0	34	0	0
C3_02530W	17	20	1	4	0	3	3	3	2	0	4	3	4	4	3	0	3	3	2	3	1	31	4	15
C3_02540C	179	1601	232	302	213	188	119	23	208	115	134	11	14	18	37	26	373	91	60	204	125	117	39	188
C3_02550C	6	29	7	8	18	1	1	4	6	5	4	0	0	1	0	3	2	0	1	4	1	60	22	7
C3_02560W	134	429	87	367	186	141	70	15	8	101	126	0	4	167	109	8	132	154	65	64	74	80	30	40
C3_02570W	85	133	79	170	127	75	85	18	7	74	111	29	6	27	12	188	7	31	182	52	34	196	44	202
C3_02580C	5	30	3	8	10	32	1	2	6	5	9	0	2	1	0	3	231	1	0	0	11	42	10	13
C3_02590W	113	422	125	42	19	73	87	42	33	33	34	5	43	14	33	7	67	10	10	47	125	303	15	34
C3_02600C	29	63	1	2	3	1	2	15	15	1	4	3	8	10	0	1	0	0	1	3	3	56	24	5
C3_02610C	960	2268	274	254	149	136	135	301	589	159	235	40	805	412	438	62	175	107	308	279	454	225	119	153
C3_02620C	23	81	8	50	31	1	0	8	5	14	157	14	2	12	5	0	2	0	1	22	2	37	11	19
C3_02630C	481	1726	862	1723	1655	1548	422	1583	1619	977	1521	617	607	514	349	2904	415	774	770	955	1100	325	1030	1555
C3_02640C	1072	2702	1761	4331	3562	4762	2329	363	364	1957	2826	1085	694	1591	643	5482	1716	1756	2549	1943	3019	675	1716	3112
C3_02650W	9	138	13	64	28	68	0	4	5	34	97	15	5	20	28	0	96	4	14	50	7	83	49	73
C3_02660W	9	22	2	18	36	2	0	1	1	24	48	9	0	0	0	0	2	5	0	30	12	28	70	59
C3_02670W	39	33	33	121	82	45	1	17	4	48	168	14	13	6	104	4	27	0	14	61	14	80	83	76
C3_02680C	1862	4949	2761	2413	1848	1868	1402	461	514	1965	3220	904	4306	2982	1815	3131	2063	1971	1815	1540	2811	284	1478	2151
C3_02690C	35	134	17	17	12	5	2	16	59	10	14	7	11	10	0	12	4	3	40	7	40	111	53	35
C3_02700W	117	354	123	134	127	150	4	4	10	41	98	33	11	11	16	10	3	15	30	85	36	208	55	116
C3_02710W	68	159	59	31	122	37	7	66	49	27	55	31	122	59	43	5	37	99	59	61	24	85	107	141
C3_02720W	27	34	2	32	62	8	10	4	4	34	73	38	38	18	22	130	13	3	2	18	51	75	53	44
C3_02730C	6	12	0	1	0	0	0	2	0	2	1	0	0	0	2	0	0	0	1	1	1	11	1	0
C3_02740C	2	2	0	0	0	1	0	0	1	1	1	0	0	0	1	1	0	0	0	0	0	13	1	0
C3_02750W	37	69	10	131	88	93	24	6	3	46	150	31	6	97	4	142	2	4	54	133	11	79	100	121
C3_02760C	2585	4750	2257	2596	2499	2661	1100	284	234	1817	3200	1113	2136	972	944	3163	1421	1566	2358	1658	2217	700	2379	3617
C3_02770C	383	716	724	1248	697	482	439	184	702	620	959	103	226	156	84	709	486	2119	473	265	420	201	227	328
C3_02780W	460	905	292	437	340	411	70	115	529	208	417	157	48	227	100	356	74	298	93	251	73	370	233	425
C3_02790W	25	53	39	91	101	34	54	2	2	64	91	29	124	3	2	12	1	12	11	75	13	123	77	126
C3_02800W	18	238	2	43	93	54	44	12	9	69	32	8	6	1	6	4	1	58	2	50	8	155	32	70
C3_02810C	171	263	40	180	212	171	158	67	45	164	233	151	81	191	142	441	27	17	297	256	179	248	184	184
C3_02820C	145	299	68	11	13	7	14	23	28	30	21	11	187	78	74	5	17	1	47	52	5	98	11	20
C3_02830W	830	2346	621	1556	1064	1083	1192	154	446	870	1722	534	895	423	508	1803	1064	1080	641	1026	743	427	746	1255
C3_02840W	6	26	6	55	9	2	1	2	2	25	62	13	2	9	1	0	15	2	10	17	2	31	54	47
C3_02850C	42	347	146	52	116	34	3	13	8	86	92	74	38	88	83	9	50	33	36	77	70	125	125	114
C3_02860W	2050	5345	2946	6336	3174	4630	4108	1452	1978	3165	6231	613	1107	906	981	8536	2626	4466	2866	2471	2917	522	1299	1850
C3_02870C	411	778	712	1616	1151	875	343	390	162	762	990	229	354	209	516	549	92	475	620	597	677	231	435	757
C3_02880W	545	1063	287	565	539	468	408	122	74	328	508	215	46	220	140	1807	557	445	354	306	415	75	376	479
C3_02890C	934	1893	711	1232	878	1181	959	254	570	575	815	528	446	350	272	2760	588	1135	1296	422	964	88	512	808
C3_02900W	535	1256	446	862	659	673	547	677	322	738	908	453	559	184	526	1033	768	672	648	367	474	408	763	1067
C3_02910W	298	601	294	237	486	446	231	456	89	374	593	367	190	74	51	952	314	325	509	164	225	100	580	802
C3_02920W	351	615	65	235	279	247	112	78	78	64	213	109	341	249	17	458	224	292	306	131	380	462	219	377
C3_02930W	30	42	0	13	25	6	3	2	4	11	19	21	2	6	1	27	5	87	2	45	94	62	55	46
C3_02940C	230	205	37	57	68	76	21	46	343	44	129	32	201	128	54	8	45	57	28	52	146	145	84	202
C3_02950C	374	1568	295	601	541	673	221	90	85	385	509	138	431	172	305	336	433	302	455	463	494	333	170	652
C3_02960C	561	1302	590	1357	979	738	601	510	652	676	963	299	212	310	407	131	102	268	369	645	619	566	663	976
C3_02970C	804	2751	1012	1708	970	1003	310	39	49	653	1178	268	113	343	565	411	645	823	796	919	662	184	947	1146
C3_02980C	296	583	307	304	441	421	255	448	91	410	669	370	186	90	54	671	388	316	492	186	231	99	566	743
C3_02990C	539	1267	478	832	686	648	520	691	330	728	936	480	602	196	507	1034	735	714	648	388	468	414	778	1124
C3_03000W	912	1831	701	1223	882	1190	972	260	577	575	801	538	451	348	266	2748	576	1132	1288	424	958	86	502	810
C3_03010C	1554	3083	1114	2292	1595	2000	2128	558	748	1289	1680	1086	976	495	370	4547	889	2551	2467	753	1876	648	1212	1923
C3_03020W	66	140	65	176	106	126	73	68	13	130	167	121	11	26	47	155	68	177	70	85	127	59	148	232
C3_03030C	281	983	245	376	250	427	132	97	640	437	623	190	328	182	103	869	306	320	393	196	282	264	210	496
C3_03040W	2116	3605	3358	4876	3600	4898	2623	3658	2562	1548	2399	717	1599	541	1045	5085	3108	1890	4336	1685	2397	517	749	2335
C3_03050C	8704	22026	9738	18668	11944	16723	11496	5934	9171	8321	13403	1877	33546	17259	13010	29516	7667	10066	14264	7351	12490	2942	3626	6567
C3_03060W	11	44	22	48	8	3	40	3	10	26	18	1	14	7	20	2	1	0	17	6	17	66	12	24
C3_03070W	551	909	586	678	750	921	891	287	434	1050	1389	899	377	333	304	1696	1019	751	1069	726	1018	547	1334	2107
C3_03080W	26	107	10	116	94	67	3	9	11	53	71	124	15	20	69	6	49	10	6	18	17	109	174	184
C3_03090W	201	463	154	326	489	280	80	27	50	328	484	163	110	247	53	119	55	49	116	222	151	259	395	734
C3_03100C	1076	1065	913	1823	1242	1056	834	973	231	812	1466	521	184	499	500	2990	104	662	667	851	770	416	816	1261
C3_03110W	252	404	103	198	158	141	68	20	55	86	307	52	245	91	52	3	10	28	41	224	122	293	81	245
C3_03120C	325	518	148	563	383	209	21	12	11	355	421	241	29	141	199	161	36	87	178	394	149	113	357	610
C3_03130C	49	218	124	273	163	224	39	4	8	149	180	110	40	142	28	156	68	32	119	97	70	60	176	338
C3_03140C	1056	2913	300	1010	575	395	552	138	790	449	490	95	292	258	551	1020	484	545	649	453	376	139	301	805
C3_03150W	1877	7530	2513	3431	1783	1952	1085	182	279	976	1624	677	1155	555	910	1068	458	904	879	1389	1311	536	1236	2380
C3_03160C	630	1609	311	864	681	851	331	37	32	296	706	234	339	113	321	136	233	356	444	402	549	153	464	949
C3_03170W	702	1753	441	1271	958	781	216	71	73	420	773	329	381	370	425	164	180	307	684	568	729	239	420	980
C3_03180C	761	1862	637	976	571	637	1161	40	62	267	429	185	90	90	479	589	70	148	614	231	467	220	297	589
C3_03190C	324	864	85	466	461	254	21	119	21	142	346	98	34	135	83	18	1	11	117	442	69	129	61	244
C3_03200C	101	140	14	53	106	62	20	14	18	26	111	33	37	14	92	56	1	14	49	94	11	49	36	60
C3_03210W	303	599	280	552	375	313	187	354	53	396	626	120	84	108	60	202	109	216	175	304	664	332	201	310
C3_03220C	58	64	36	54	9	49	1	2	0	18	25	21	1	47	4	2	80	17	4	19	33	45	31	38
C3_03230C	2717	5025	912	1399	766	1187	1280	219	1158	832	1691	577	1417	923	471	1862	1421	1965	1683	691	1253	692	951	1674
C3_03240C	10	41	21	75	25	20	16	4	4	12	25	11	13	27	5	3	62	45	7	12	5	38	23	23
C3_03250W	861	2748	1206	2223	1363	1779	875	1514	671	670	1513	296	1083	572	681	2163	1226	1248	1480	1021	1755	789	651	1134
C3_03260W	2923	4005	1183	2709	1935	2620	1516	308	1320	1289	2411	836	1437	350	1270	2287	553	1714	1337	1428	1516	859	1195	2547
C3_03270W	35	51	16	64	5	20	8	6	7	8	12	1	7	5	0	4	0	3	1	0	1	75	5	14
C3_03280C	76	215	6	37	51	25	7	44	55	30	32	12	11	5	26	8	4	44	29	11	4	103	12	35
C3_03290C	430	296	553	779	540	825	275	388	52	617	848	238	250	101	302	186	459	384	362	514	670	318	201	694
C3_03300C	679	793	204	403	506	252	465	317	601	284	508	107	911	87	123	1438	148	459	329	212	772	448	209	628
C3_03310C	44	51	43	32	11	9	8	16	10	7	20	14	6	2	0	1	2	0	0	10	17	156	33	20
C3_03320W	56	50	32	61	19	20	22	13	13	25	25	32	10	8	4	5	38	9	3	18	19	108	39	38
C3_03330C	429	528	226	359	268	240	107	50	52	179	231	126	398	119	87	144	228	245	136	230	269	321	172	437
C3_03340C	27	46	5	13	5	4	4	15	13	10	18	8	12	9	0	0	0	2	1	2	4	37	11	24
C3_03350W	9	27	3	14	7	4	2	5	2	4	16	3	3	1	5	4	2	9	1	9	2	42	2	11
C3_03360W	154	732	146	338	356	449	75	297	138	161	270	26	468	40	85	516	15	129	131	197	174	237	149	336
C3_03370C	21	25	13	1	4	1	6	4	12	11	12	4	37	306	6	0	0	1	1	2	1	84	9	1
C3_03380W	29	185	31	53	38	26	2	3	3	89	118	26	19	12	5	30	9	26	45	36	27	142	66	101
C3_03390C	25	57	11	37	116	1	1	5	11	49	87	51	1	4	8	16	2	39	5	38	37	60	62	196
C3_03400C	43	107	42	20	39	14	2	5	7	60	57	54	7	3	8	5	27	0	12	41	7	62	44	88
C3_03410C	3345	7062	3568	4869	2860	3935	2346	2235	3239	2549	3661	1892	5497	2349	2217	6713	2761	2638	3407	2831	5219	973	2616	4770
C3_03420C	356	703	163	157	56	8	17	427	188	65	47	47	694	348	277	115	7	50	375	194	212	266	127	216
C3_03430C	210	249	95	287	234	177	11	28	5	156	234	54	32	21	59	26	102	106	55	303	176	75	61	234
C3_03440C	874	3011	560	2187	1232	1087	433	173	48	1094	1457	558	249	316	344	1007	840	1022	377	621	836	338	820	1728
C3_03450C	91	118	32	81	138	36	219	8	9	99	77	18	155	31	12	17	4	21	12	72	97	227	68	106
C3_03460C	1248	2705	905	2439	2201	1283	904	354	211	1585	1880	1544	547	986	606	646	880	1284	821	876	1091	213	2391	4397
C3_03470W	103	210	38	100	192	89	7	25	336	128	227	102	41	19	104	19	135	71	102	78	189	267	178	310
C3_03480C	307	676	606	772	455	616	211	208	126	331	725	206	372	117	211	264	180	298	473	345	496	301	366	826
C3_03490W	354	1168	410	818	941	638	550	37	60	753	1055	518	797	257	312	488	861	318	440	581	768	267	907	1382
C3_03500W	855	950	488	686	394	581	780	303	122	481	607	171	177	377	532	1305	552	617	932	699	750	390	300	485
C3_03510C	104	253	35	173	67	11	24	22	11	27	41	28	3	7	6	3	7	3	21	38	105	181	54	125
C3_03520C	113	366	123	94	102	119	84	34	24	177	196	75	15	8	4	5	85	54	93	78	33	137	245	390
C3_03530W	221	290	60	46	88	44	56	11	11	68	220	57	4	20	4	3	61	49	32	37	107	113	176	236
C3_03540W	750	1195	417	717	466	192	287	24	43	603	809	313	251	143	237	35	481	211	194	397	255	246	700	1072
C3_03550C	2928	3347	1348	3348	2078	874	629	283	475	1621	2559	1184	970	711	1041	776	2171	1366	771	1408	1431	473	1984	3745
C3_03560W	1547	1960	1008	1172	1477	951	279	53	447	846	1328	764	484	204	316	977	582	700	470	756	816	278	1660	2397
C3_03570C	155	259	134	193	118	72	12	7	13	142	115	69	11	118	95	281	36	42	11	193	76	239	104	381
C3_03580C	21	30	29	121	34	54	3	7	4	41	16	6	3	5	8	2	2	1	50	33	1	159	29	129
C3_03590W	893	3002	448	655	484	385	308	34	23	230	453	80	403	115	88	979	15	421	364	383	382	164	183	673
C3_03600C	91	89	47	39	43	16	5	1	5	45	63	41	19	3	9	18	6	11	57	59	12	74	30	107
C3_03610W	412	912	90	329	311	156	319	186	218	212	187	41	93	74	138	501	125	196	288	208	128	82	144	330
C3_03620C	117	288	142	207	186	126	70	18	6	90	123	34	173	50	91	32	13	54	171	128	103	60	50	174
C3_03630W	51	217	125	252	122	221	35	8	15	123	166	104	34	137	20	154	70	19	116	74	75	57	151	336
C3_03640W	206	158	67	536	351	306	50	39	33	260	415	161	57	141	34	140	26	56	119	418	67	242	501	470
C3_03650W	1237	2172	4306	5497	3704	6898	4780	18200	16012	1763	3057	442	984	1094	1336	15155	4507	5997	7956	3347	5037	1589	1103	2334
C3_03660W	4269	8798	4274	5129	4074	4555	2695	1605	1684	2604	3825	1112	948	1044	2097	6847	3482	3484	2836	2556	3396	931	2268	4105
C3_03670W	288	762	441	1230	518	672	413	319	533	489	825	147	192	186	172	419	136	422	543	631	532	244	259	509
C3_03680W	609	2281	1263	2629	1900	1435	894	397	167	1468	2401	846	518	437	1005	1312	1196	801	756	1152	1755	922	1236	2094
C3_03690W	120	231	194	90	155	169	35	17	10	158	267	68	142	20	14	137	26	146	54	127	192	160	160	258
C3_03700C	4	5	1	0	0	3	2	0	2	7	2	0	1	0	0	0	1	0	0	0	0	56	7	5
C3_03710W	162	475	84	79	71	25	26	37	47	118	215	52	19	15	15	47	17	49	47	67	41	263	131	185
C3_03720W	169	536	304	313	320	291	186	79	43	310	546	118	182	276	199	323	135	97	204	322	337	116	272	441
C3_03730C	352	1039	152	470	194	259	101	20	18	110	226	74	88	121	32	201	31	143	160	252	198	176	108	381
C3_03740W	233	418	202	184	178	214	44	30	21	82	168	67	67	7	1	108	54	57	141	122	79	172	105	265
C3_03750C	1259	2411	1310	2060	1725	2442	410	220	187	609	1100	337	627	447	660	2279	767	1636	1484	1353	1035	342	449	1582
C3_03760W	247	664	311	532	325	251	136	48	67	449	507	60	367	177	249	19	72	47	155	551	395	356	132	236
C3_03770C	27	157	8	28	37	11	0	3	8	24	26	2	6	8	1	5	3	3	3	25	8	71	7	12
C3_03780W	0	0	0	0	0	0	0	0	0	0	2	0	0	0	0	0	0	0	0	0	0	1	0	0
C3_03790W	52	70	30	58	49	11	4	7	12	43	32	1	14	46	6	11	12	2	77	7	22	223	28	68
C3_03800W	2626	7722	1672	3432	2660	2330	3031	2063	1807	1906	2654	305	1442	1040	1157	7117	1875	2615	2458	1558	2895	632	717	1202
C3_03810W	779	1999	843	1873	918	1580	1139	358	711	610	942	269	862	325	232	418	786	595	1097	870	1214	1353	458	944
C3_03820C	254	594	94	195	261	62	30	21	10	156	147	35	158	33	110	230	74	26	63	59	118	150	134	191
C3_03830W	284	565	249	643	397	388	125	43	28	497	714	124	203	54	335	102	103	213	150	180	160	274	201	333
C3_03840C	391	1269	207	515	331	253	77	34	50	204	477	81	139	48	140	216	131	34	264	300	288	287	166	475
C3_03850C	151	193	185	182	91	103	105	26	24	113	208	86	25	116	34	160	236	116	61	105	157	127	158	173
C3_03860W	443	493	339	468	398	298	138	31	60	207	403	157	142	144	209	307	75	364	245	170	183	207	333	567
C3_03870C	2157	2848	1377	2259	1231	1341	879	204	1753	919	1335	604	1358	743	885	1375	2198	1627	1160	1063	1051	468	1346	1327
C3_03880C	382	442	337	388	400	249	502	366	122	397	538	220	305	345	93	780	124	231	206	414	426	302	451	595
C3_03890W	4784	12117	2336	3436	2505	2965	2399	341	1500	1976	2368	709	2156	1039	820	4972	1723	1716	2642	2324	3372	853	1410	3307
C3_03900C	612	790	274	217	85	177	143	176	498	83	125	43	184	55	427	16	49	18	256	155	295	152	80	159
C3_03910W	234	570	131	177	97	71	47	120	138	59	93	46	276	46	17	45	30	25	134	90	131	88	42	137
C3_03920W	24	39	17	74	18	13	2	20	10	40	18	17	20	2	3	3	12	2	12	39	8	25	23	44
C3_03930W	283	507	241	319	254	299	74	37	47	193	181	66	157	55	82	470	63	97	80	215	363	149	119	195
C3_03940C	277	656	109	210	234	40	83	1	2	182	220	54	4	27	165	165	193	125	62	100	122	28	134	108
C3_03970W	76	147	127	219	153	168	87	128	75	139	300	29	15	83	23	109	26	157	209	129	90	26	87	254
C3_03980C	621	1565	677	1450	744	894	542	453	271	466	1099	268	223	178	184	587	268	421	682	744	818	239	857	1413
C3_03990C	1423	1830	457	1251	789	823	234	37	34	761	931	409	166	80	196	1255	233	371	982	669	422	333	813	1338
C3_04000C	2262	3510	1345	2697	1879	2597	759	340	607	844	1972	673	733	339	858	2767	2360	1628	578	802	1404	714	1642	1534
C3_04010C	29	58	44	65	51	17	38	2	3	40	74	17	31	6	3	4	9	17	17	30	28	49	47	89
C3_04020C	162	397	210	489	249	175	189	23	64	190	294	88	236	28	21	52	48	55	230	197	445	246	256	397
C3_04030C	587	1444	96	268	150	49	10	13	16	72	293	90	4	184	64	41	22	230	90	140	63	182	203	165
C3_04040W	52	183	57	234	174	112	16	40	4	118	198	111	44	37	11	10	161	87	30	91	169	92	167	201
C3_04050W	3	43	6	26	26	28	4	3	3	10	30	12	13	19	1	2	50	30	9	8	36	40	15	13
C3_04060C	1235	2849	558	93	73	81	192	612	585	84	178	63	6825	2252	2302	34	215	168	238	376	253	224	191	161
C3_04070C	2499	4208	3177	4645	2566	3747	2743	1853	1843	2168	5106	1767	1861	1378	1404	4886	5216	5923	3867	1488	2751	2166	2125	3077
C3_04080W	233	156	23	13	37	30	21	33	37	32	28	26	94	155	149	54	4	109	7	37	45	104	49	51
C3_04090W	660	1409	34	83	15	10	23	260	285	12	38	4	178	101	27	7	10	5	53	55	50	231	16	40
C3_04100W	4	11	2	5	17	0	1	2	0	9	14	7	0	0	1	0	0	1	0	15	0	9	23	14
C3_04110C	764	1757	570	1297	751	1033	508	73	73	604	831	290	54	127	155	653	115	477	518	690	492	409	487	931
C3_04120C	34	59	6	29	14	13	4	5	8	34	40	10	14	5	5	4	3	5	4	10	18	107	17	42
C3_04130W	225	1302	119	248	73	261	177	34	33	85	99	42	20	6	31	810	20	38	115	129	198	182	65	48
C3_04140C	484	1038	259	170	112	379	151	189	176	104	209	45	114	92	183	831	321	546	227	162	194	113	66	67
C3_04150W	215	460	155	200	106	84	70	143	190	168	137	55	141	335	210	109	163	162	86	123	96	86	132	136
C3_04160W	3349	9181	4860	9891	6977	7412	4197	1812	1031	5667	9299	3766	2153	1917	1462	9293	6208	6691	5851	5019	6825	905	6348	11549
C3_04170W	19	27	27	9	2	1	0	8	1	6	2	4	0	0	5	2	2	13	1	7	3	53	23	24
C3_04180W	732	1656	680	346	192	198	883	348	829	269	353	222	1226	810	129	1597	220	42	195	311	379	439	361	315
C3_04190W	32	46	3	17	9	2	2	9	9	8	102	6	2	6	3	14	0	58	1	29	7	74	14	43
C3_04200W	86	1419	324	626	425	985	402	425	279	345	504	135	178	102	287	1668	777	673	145	343	382	173	153	97
C3_04210W	27	67	69	41	19	5	39	7	102	54	93	24	2	10	30	6	9	3	31	21	5	111	53	77
C3_04220C	100	112	67	142	194	102	99	15	15	104	208	74	95	73	101	21	6	65	88	122	20	118	138	293
C3_04230W	700	1173	435	1594	939	770	724	88	99	681	1264	250	563	493	473	1099	684	331	474	1123	206	240	644	1001
C3_04240C	13	22	3	0	22	18	0	2	3	5	11	2	0	0	0	2	1	8	1	0	2	54	2	6
C3_04250W	56	576	49	179	162	132	17	24	33	104	143	29	22	117	254	19	99	75	3	17	69	177	144	111
C3_04260W	1624	3938	2002	3922	2782	3709	3375	7979	10087	2784	4931	1205	1682	992	1342	7032	1966	4059	2823	1811	1951	7341	1450	2793
C3_04270C	337	471	187	310	163	113	77	14	111	114	248	49	18	51	84	38	163	33	32	128	62	160	82	275
C3_04290C	2873	4118	1398	2767	1404	1355	1884	389	1453	1892	2878	607	892	658	678	2543	1042	1333	1778	1113	1454	724	928	1201
C3_04300C	1572	6982	1265	2122	1326	1659	747	164	98	1144	2252	470	714	855	895	1606	1021	1660	1133	1288	1307	871	809	1734
C3_04310C	20	44	10	18	53	6	1	10	6	14	41	5	2	0	1	5	21	13	0	41	3	148	28	32
C3_04320W	1078	1511	295	347	446	311	137	33	76	303	471	73	202	222	36	57	75	92	307	315	129	212	124	298
C3_04330C	365	1248	600	962	809	634	685	51	58	794	857	275	214	111	83	601	164	271	997	592	459	305	348	638
C3_04340W	509	1974	849	678	583	280	454	24	153	459	496	152	922	192	424	1264	246	278	451	306	514	218	210	805
C3_04350C	63	117	44	74	22	11	2	7	1	14	18	2	2	1	9	4	3	0	2	26	30	118	10	34
C3_04360W	1169	3621	1628	3696	2048	2977	1809	2995	2671	1701	2516	619	813	839	1273	5673	1094	1275	2116	1483	2244	600	1442	1908
C3_04370C	360	787	160	905	473	301	65	36	25	466	505	252	69	280	259	118	135	88	310	403	396	514	742	1287
C3_04380C	73	207	152	147	49	67	44	41	47	66	188	70	17	42	24	37	8	11	69	23	72	275	129	148
C3_04390W	519	1011	148	264	153	86	32	439	345	77	168	28	243	215	24	16	14	12	223	112	170	247	178	360
C3_04400C	305	791	123	427	374	155	77	32	35	181	288	102	97	96	121	62	132	371	32	211	334	274	344	470
C3_04410C	2429	7320	3060	3982	2800	2532	943	1100	480	2522	3035	1365	3338	975	1592	3226	1702	3177	2699	2106	3507	1501	2383	3930
C3_04420W	757	1447	426	600	469	396	197	73	75	272	450	122	1397	438	418	593	277	327	401	201	776	422	242	348
C3_04430W	203	549	66	29	51	6	36	123	152	34	12	2	1219	164	236	49	86	8	61	134	113	219	56	75
C3_04440C	147	512	285	345	470	193	284	37	168	261	304	154	75	89	144	279	37	189	143	288	227	243	206	467
C3_04450C	46	304	112	252	93	198	23	285	103	133	128	58	24	105	31	42	12	13	61	92	167	141	54	166
C3_04460W	1025	2142	1035	1837	1820	1824	1706	408	139	1487	1890	474	1836	622	936	1668	438	1321	1479	1043	1857	464	797	1884
C3_04470W	803	1892	903	990	784	899	187	135	159	732	975	514	550	102	419	1284	482	942	971	453	1020	828	942	1416
C3_04480C	65	277	5	94	49	31	5	15	6	80	114	73	27	19	30	52	1	16	26	107	26	134	168	148
C3_04490W	103	307	43	395	192	100	145	23	103	80	109	40	256	282	129	28	194	8	86	46	235	231	75	147
C3_04500C	796	1464	101	43	129	32	24	208	254	36	158	28	150	43	53	7	19	5	19	49	43	159	71	266
C3_04510W	5	29	3	11	1	0	0	2	1	4	14	0	0	1	1	1	0	13	0	2	1	22	23	13
C3_04520C	1070	1291	997	1122	1149	1500	900	115	57	877	1308	179	1126	1114	175	839	1461	1099	1299	903	1677	332	526	887
C3_04530C	244	235	26	27	62	118	17	14	29	82	78	85	431	26	152	67	21	6	9	33	130	323	103	125
C3_04540C	893	2766	594	1583	862	816	186	84	49	742	1231	328	368	106	481	187	229	397	302	721	925	400	836	1256
C3_04550C	340	750	56	128	116	66	241	87	105	114	157	20	45	44	203	900	198	142	45	156	230	321	16	136
C3_04560W	205	204	107	208	137	180	129	20	40	96	222	94	84	52	63	199	711	77	56	97	147	365	153	253
C3_04570C	1322	3444	729	1023	501	610	596	52	97	461	917	217	78	300	310	966	373	1033	438	360	437	318	519	951
C3_04580C	119	386	286	82	127	134	37	104	94	108	171	26	65	268	48	8	129	122	204	115	70	193	72	86
C3_04590W	146	335	23	84	10	7	5	71	95	28	17	9	158	67	10	5	25	6	12	11	19	145	6	23
C3_04600C	11	38	3	46	4	3	1	9	12	4	7	2	5	2	0	2	1	1	1	12	6	67	9	6
C3_04610W	196	405	70	163	221	32	14	6	9	170	216	108	80	23	32	4	17	59	18	141	44	80	200	259
C3_04620C	17	33	8	3	0	2	0	4	7	3	56	19	3	1	1	0	1	1	0	7	2	34	14	52
C3_04630W	128	234	80	128	84	85	5	16	11	84	101	50	10	37	107	376	69	13	43	31	101	181	63	77
C3_04640W	1370	4345	3320	3118	2363	3383	3007	10207	9818	1932	1753	611	1720	1170	1203	6123	2983	5053	3361	1588	3013	2876	950	992
C3_04650W	70	362	126	369	164	113	8	37	11	246	290	38	13	17	10	19	2	148	15	181	73	115	161	239
C3_04660C	1006	1687	1008	2137	1127	1410	1230	638	739	978	1483	202	789	763	110	2399	807	1810	861	639	474	171	242	474
C3_04670C	684	1337	362	250	150	16	261	332	301	115	188	66	1872	598	992	426	15	13	136	188	215	97	89	153
C3_04680W	377	883	108	30	88	36	98	330	352	157	146	130	220	138	67	100	164	66	34	73	120	87	207	104
C3_04690C	173	261	67	344	307	260	74	55	16	225	428	237	124	79	73	16	64	72	104	239	204	155	419	363
C3_04700W	606	2563	1606	2081	1381	1276	451	259	135	794	1333	549	617	153	725	128	431	1466	1400	1271	1909	343	999	1469
C3_04710W	131	157	107	213	296	115	69	40	44	277	383	128	109	118	10	375	161	66	40	179	66	43	320	302
C3_04720C	304	469	263	970	646	402	66	52	40	407	447	181	191	149	556	600	451	398	480	468	220	335	351	415
C3_04730C	424	767	347	795	594	532	1276	742	1126	894	1352	402	594	29	364	5387	689	1808	1650	637	802	282	557	1472
C3_04740C	2123	4858	2156	2458	1989	1983	1697	316	112	1207	1517	576	517	596	1316	4894	254	2140	1548	1782	1738	526	975	1909
C3_04750W	997	1383	417	219	312	312	246	15	26	221	320	137	238	21	17	264	24	132	55	193	311	247	251	272
C3_04760C	926	2124	612	869	903	808	767	78	87	473	850	195	139	199	223	138	141	267	288	474	757	936	645	1677
C3_04770C	2088	2640	1371	2418	1286	1796	1418	630	482	1322	1904	427	969	593	533	5178	1578	1843	1142	1386	1298	577	1033	1936
C3_04780C	148	376	220	345	142	129	346	47	56	104	190	87	1498	250	468	215	10	42	221	94	393	246	195	248
C3_04790W	255	330	129	394	504	584	248	93	31	276	512	121	300	130	23	668	31	291	211	298	216	257	295	577
C3_04800C	545	987	165	508	539	399	357	37	40	422	549	64	112	178	375	326	38	415	346	291	406	205	184	389
C3_04810C	976	2027	237	239	98	99	61	352	336	107	207	34	369	173	177	32	36	114	146	154	212	190	102	178
C3_04820C	610	2025	896	967	810	969	413	308	157	524	736	300	443	475	624	470	130	1140	352	678	947	865	533	1048
C3_04830C	9065	22211	14778	12125	7010	10846	9981	16297	14515	4394	6714	1502	21002	8720	7007	16480	10483	9306	11525	6597	13787	2323	2047	4463
C3_04840C	52	137	98	201	72	221	2	32	33	54	122	24	147	67	18	26	339	38	14	121	66	185	91	123
C3_04850C	16	28	36	8	5	13	1	0	7	6	12	3	16	0	4	1	3	3	2	11	3	51	12	19
C3_04860W	329	610	484	422	441	504	445	64	692	210	600	128	523	219	542	48	568	204	407	336	245	343	177	204
C3_04870W	124	243	91	63	71	99	43	7	9	63	170	23	11	38	12	17	2	32	258	106	41	294	64	150
C3_04880W	275	477	243	33	149	124	298	51	59	83	168	85	506	137	136	1175	98	62	145	143	277	154	175	317
C3_04890W	1550	2923	1007	2016	2082	1441	1115	1078	648	819	1246	310	552	770	750	3216	639	733	1678	1189	2236	535	586	1271
C3_04900W	108	82	21	70	120	13	13	4	16	31	61	3	2	7	97	5	9	18	1	67	7	182	28	78
C3_04910C	813	1809	291	163	116	111	144	606	810	65	100	97	586	365	540	330	1041	233	780	449	472	873	109	92
C3_04920C	36	121	15	9	22	7	8	14	35	10	51	5	15	11	1	6	17	6	28	64	5	160	14	81
C3_04930C	546	2170	906	1310	1077	2073	512	110	198	780	1265	505	649	532	164	1699	1463	622	1141	975	1152	474	700	1268
C3_04940W	25	180	25	242	84	256	191	130	16	107	133	139	109	71	9	159	6	11	104	106	192	102	200	265
C3_04950W	256	692	31	80	29	10	6	84	131	15	18	4	55	30	3	6	8	3	12	18	24	101	56	66
C3_04960W	100	243	8	43	29	34	2	67	40	42	86	55	43	19	6	2	3	1	4	14	10	69	72	95
C3_04970C	143	547	197	211	195	96	10	26	33	59	229	56	395	63	42	16	164	9	22	150	117	310	104	79
C3_04980W	17	258	4	18	18	1	3	3	3	1	41	6	3	6	2	2	1	0	0	7	11	61	16	16
C3_04990W	99	190	106	121	117	114	54	22	30	79	149	29	106	262	175	4	2	246	49	105	305	184	91	68
C3_05000W	87	166	4	11	3	1	5	204	54	2	5	2	29	18	4	4	1	1	11	3	6	95	7	16
C3_05010C	642	793	335	1677	751	970	338	125	95	736	769	278	306	98	232	1649	477	229	392	458	809	266	480	1041
C3_05020W	901	1984	324	737	834	328	67	283	18	622	970	152	129	319	236	96	471	133	209	506	295	135	352	527
C3_05030W	92	290	39	148	56	26	12	21	33	75	172	14	137	31	40	156	45	25	21	95	165	115	54	117
C3_05040C	186	168	103	229	259	87	5	38	14	136	273	105	53	96	13	2	47	29	67	242	63	205	211	238
C3_05050W	12	35	0	21	39	9	1	2	3	10	23	7	1	2	1	3	144	8	40	0	1	97	4	8
C3_05060W	90	134	38	242	187	261	62	10	6	121	123	49	38	54	140	4	3	75	142	123	30	122	62	185
C3_05070W	211	362	201	481	384	83	89	16	26	290	272	201	25	36	107	53	17	247	119	145	233	165	236	471
C3_05080W	111	149	50	226	251	128	7	3	3	123	218	154	11	32	36	11	38	25	72	95	134	111	278	289
C3_05090C	265	459	473	673	442	420	146	308	444	502	1045	183	198	146	245	610	331	446	442	291	313	479	368	406
C3_05100C	385	1135	46	13	27	13	20	236	231	21	33	36	232	83	41	2	1	58	12	6	24	124	27	27
C3_05110W	272	463	148	196	168	372	129	15	16	114	242	35	62	23	75	58	16	256	71	78	109	165	203	499
C3_05120C	205	263	34	181	202	85	122	12	18	113	169	81	78	28	48	28	6	110	60	82	82	64	243	420
C3_05130C	94	148	103	129	134	68	9	5	10	45	139	34	43	8	14	7	169	21	37	63	21	184	89	334
C3_05140C	462	1147	624	1058	1131	691	154	82	62	606	957	212	354	207	244	1217	211	726	403	486	385	227	386	764
C3_05150W	406	881	329	387	706	634	1202	515	718	360	549	123	149	123	127	2380	136	476	642	573	766	356	226	272
C3_05160C	256	698	187	462	352	287	297	21	67	168	376	160	11	159	35	48	87	150	110	293	267	261	121	322
C3_05170W	266	628	223	637	490	208	88	109	30	404	585	126	662	231	297	34	660	47	183	227	262	153	297	486
C3_05180W	219	203	102	248	181	97	24	67	59	123	235	83	73	65	64	8	15	45	97	146	54	108	139	229
C3_05190C	1692	6664	1652	2692	1513	1035	664	99	101	1027	1312	528	900	610	698	659	428	1405	1483	968	714	321	970	2270
C3_05200W	325	783	28	6	3	1	23	208	249	31	15	6	86	39	29	4	1	4	12	16	23	74	9	24
C3_05210C	2081	2949	1665	2851	2198	2621	1366	821	520	1474	2210	610	1439	487	1384	4221	1109	1771	1541	1375	1662	1180	1165	2016
C3_05220W	535	1031	449	1018	772	705	292	164	123	747	1217	683	1284	1060	1181	596	1159	315	727	875	1506	638	1052	1446
C3_05230W	34	158	101	379	280	79	17	3	4	173	349	85	7	23	32	5	9	24	87	171	42	108	95	374
C3_05240C	594	1100	50	220	33	56	60	216	230	61	97	8	261	100	165	68	9	23	24	74	96	159	45	49
C3_05250C	135	144	85	221	283	232	124	305	66	84	160	41	120	228	100	110	22	179	58	132	102	233	47	52
C3_05270C	158	370	148	450	394	167	140	20	35	186	495	118	25	62	185	137	107	174	91	243	143	158	279	468
C3_05280C	31	59	2	1	1	1	0	14	26	0	1	0	17	26	9	0	0	0	1	0	16	26	1	4
C3_05290C	22	60	3	3	39	1	3	6	12	7	10	0	11	5	0	1	1	1	2	1	8	69	23	26
C3_05300C	36	141	41	141	62	37	11	6	8	95	66	62	3	6	14	97	78	127	54	22	53	75	57	220
C3_05310W	324	663	11	5	10	21	5	94	104	9	20	5	45	20	4	4	3	1	9	29	20	228	5	16
C3_05320W	672	1364	583	583	671	224	219	53	252	839	826	207	726	274	357	841	587	455	812	806	532	268	853	700
C3_05330C	1	5	0	2	1	0	0	0	2	3	2	0	0	1	0	1	0	0	0	1	0	3	0	4
C3_05340W	0	4	0	3	1	0	0	1	1	0	1	0	0	1	0	0	0	0	1	0	0	10	4	0
C3_05350C	32	36	9	13	16	2	0	3	6	8	14	3	13	8	4	1	8	0	1	24	2	77	9	38
C3_05360C	118	393	97	428	393	149	48	42	86	168	353	99	61	171	40	159	155	56	31	246	66	295	303	405
C3_05370C	988	2351	472	138	30	68	282	381	517	35	133	23	3682	1411	1862	17	54	152	126	146	687	266	107	126
C3_05380W	70	103	102	90	111	33	82	17	21	85	141	48	266	13	24	100	12	22	15	35	133	186	90	81
C3_05390C	9	85	1	4	0	1	2	5	1	4	4	1	0	1	2	0	0	0	1	1	1	41	5	37
C3_05400C	12	86	1	0	0	0	0	0	0	0	1	0	0	1	0	0	0	1	0	0	0	27	0	0
C3_05410W	141	299	23	250	107	41	24	55	150	88	192	66	32	74	50	14	43	103	98	52	108	323	137	155
C3_05420W	61	73	8	18	26	29	87	14	7	41	55	7	122	111	31	8	2	34	24	84	59	77	21	42
C3_05430W	25	67	7	46	48	7	3	7	7	11	63	20	4	2	3	0	2	5	14	18	1	53	46	109
C3_05440C	37	51	25	61	40	7	2	5	10	25	28	11	3	5	5	4	2	28	2	54	24	77	33	103
C3_05450C	26	32	0	1	0	1	2	14	30	3	4	1	4	3	1	0	0	0	3	0	9	27	4	3
C3_05460W	170	67	63	7	27	7	4	6	16	18	12	7	131	4	2	5	4	12	3	44	13	101	31	10
C3_05470W	11	55	6	24	46	6	2	5	11	28	27	2	2	14	2	3	3	3	50	15	23	101	20	16
C3_05480C	3	13	2	1	1	1	1	0	3	1	2	1	0	0	0	1	0	0	0	0	1	17	0	9
C3_05490C	2	5	4	2	3	0	0	0	0	6	4	5	1	1	2	0	1	0	3	2	1	13	5	11
C3_05500W	123	275	27	13	21	31	11	136	210	23	29	33	44	9	18	29	34	20	20	5	21	53	45	40
C3_05510W	34	153	58	182	214	147	87	9	12	51	181	38	198	53	61	5	94	49	77	248	147	135	65	174
C3_05520C	73	226	11	36	25	18	22	22	38	16	15	3	37	25	7	2	8	1	9	14	27	187	27	51
C3_05530W	97	290	220	160	192	175	65	30	177	99	133	42	466	250	79	118	8	87	179	224	213	94	142	265
C3_05540C	8	135	17	20	7	1	4	0	0	14	16	0	19	1	0	0	0	1	1	3	2	12	0	28
C3_05550C	246	268	170	97	54	22	131	14	23	122	66	28	222	22	27	425	4	2	2	68	15	148	57	98
C3_05560W	65	254	13	23	83	31	34	31	87	46	68	37	33	49	6	4	3	0	75	29	114	82	43	71
C3_05570W	32	119	2	50	38	8	1	11	10	17	24	3	37	4	4	232	12	14	3	6	10	146	6	126
C3_05580C	4887	5341	1696	3574	1692	2011	1858	459	844	1300	2407	910	1082	534	484	2229	6445	2476	1314	825	1439	1186	2241	1707
C3_05590C	318	429	141	21	83	113	18	125	102	37	94	36	291	88	134	5	19	20	44	52	48	165	38	40
C3_05600W	210	603	24	35	65	128	3	15	16	69	79	3	33	30	10	131	44	151	7	85	1	120	47	81
C3_05610W	258	537	57	147	111	112	100	84	30	172	232	103	49	50	202	10	18	14	88	145	90	215	186	294
C3_05620W	288	584	140	584	435	401	110	35	100	312	575	250	21	54	65	990	37	266	75	233	377	127	290	596
C3_05630W	7	23	4	11	7	3	2	2	2	38	35	12	0	0	1	2	5	3	0	6	3	59	31	40
C3_05640W	23	31	1	6	30	3	0	9	25	12	14	0	1	0	0	5	0	6	1	5	3	133	0	33
C3_05650W	152	344	112	369	42	33	7	62	61	41	49	22	112	111	58	35	295	84	10	55	134	219	33	84
C3_05660C	18	27	3	29	34	8	23	1	4	51	66	34	1	0	32	4	9	22	3	7	32	113	38	158
C3_05670C	4	2	0	0	0	0	0	1	0	0	1	0	1	1	1	0	1	0	0	1	2	21	0	1
C3_05680W	57	167	7	1	1	2	2	27	16	1	0	1	8	3	14	4	1	2	3	10	2	129	2	4
C3_05700W	159	703	93	69	66	48	28	142	38	91	143	13	431	348	58	59	34	141	4	52	28	260	78	65
C3_05710W	1216	2909	138	32	55	52	77	592	909	10	25	1	598	247	79	192	14	54	161	109	312	300	6	13
C3_05720C	1626	4372	2673	3002	3042	2586	1676	172	138	2108	2545	793	1790	1564	1450	3100	1940	2696	1594	2351	1649	346	1184	1392
C3_05730C	53	144	6	21	35	9	5	13	18	27	43	16	7	3	6	1	3	33	43	31	5	100	53	116
C3_05740C	13	32	8	43	11	12	1	2	7	20	88	8	21	177	1	0	3	1	1	40	13	61	12	9
C3_05750C	2	0	0	0	2	2	0	0	5	0	1	0	0	0	0	0	0	0	0	0	0	6	0	0
C3_05760W	65	210	70	5	3	13	6	13	25	1	3	1	77	37	12	1	7	4	65	6	5	91	11	8
C3_05770C	1	9	1	0	1	0	2	1	1	1	2	0	0	2	0	0	0	0	0	0	1	18	1	3
C3_05780C	472	1245	326	459	271	106	710	1393	1147	244	786	237	3806	1268	637	538	667	190	1027	348	1071	322	283	648
C3_05790C	10	13	1	12	3	0	0	2	0	2	9	9	0	2	0	2	0	0	0	9	0	21	3	22
C3_05800W	38	184	44	295	147	162	32	4	4	67	115	34	7	65	6	30	36	72	37	83	127	147	65	175
C3_05810C	35	53	93	123	86	50	0	7	13	56	62	25	158	65	0	33	2	43	51	19	1	147	26	77
C3_05820W	1	9	2	8	8	1	1	2	3	9	19	6	5	65	3	0	0	0	1	6	4	10	21	27
C3_05830W	160	368	79	384	211	57	19	32	41	278	236	78	282	313	52	49	36	29	43	117	64	232	137	272
C3_05840W	32	58	7	135	49	73	3	3	3	55	119	14	2	6	12	4	4	20	1	19	33	87	60	170
C3_05850W	85	150	39	13	38	37	2	2	4	34	39	52	5	5	12	1	2	35	3	22	63	35	29	41
C3_05860C	85	122	29	61	31	50	4	9	5	29	48	72	5	11	11	0	2	20	4	9	68	51	26	97
C3_05870C	59	235	34	71	95	50	43	18	32	81	54	17	46	80	10	82	0	54	27	54	37	111	58	129
C3_05880C	161	368	16	75	21	109	6	56	73	61	51	2	31	20	21	17	6	17	51	29	33	260	58	114
C3_05890W	33	71	27	84	19	73	12	11	17	25	41	25	6	22	0	6	71	2	25	18	30	123	71	52
C3_05900W	19	101	19	86	47	32	2	8	11	113	126	12	3	5	27	4	7	54	5	42	34	127	69	74
C3_05910W	75	141	43	111	35	27	4	16	22	21	153	44	79	16	22	28	159	11	6	28	8	279	59	101
C3_05920W	6353	17805	3425	3275	1656	2692	402	96	58	1695	3874	425	1993	1136	555	129	1290	2665	1474	1557	1962	751	1281	3183
C3_05930W	183	688	106	132	107	37	15	51	110	102	194	59	202	290	261	10	16	234	144	138	298	356	114	212
C3_05940C	13	37	9	60	32	10	0	1	2	58	54	15	4	2	20	2	7	3	4	44	25	35	29	74
C3_05950W	209	998	367	928	551	699	222	448	160	368	653	213	157	141	66	1105	404	274	115	283	740	246	353	464
C3_05960W	280	901	358	1338	865	971	279	43	37	936	1737	580	335	101	360	795	528	646	405	551	544	285	1034	1713
C3_05970C	294	789	148	316	85	167	519	196	945	124	272	79	699	104	174	10	681	188	133	235	497	255	229	280
C3_05980C	337	386	203	558	134	343	37	40	32	271	549	256	85	81	137	20	687	50	289	203	141	401	310	470
C3_05990C	1305	3522	1437	5857	3291	3172	2742	1439	2904	2125	3359	828	2225	762	1671	4460	2256	1516	2561	1860	3000	547	1575	2306
C3_06000W	560	1096	276	792	434	373	732	198	257	461	854	237	1363	652	515	782	122	410	316	286	481	230	444	693
C3_06010W	449	914	38	28	15	12	24	119	143	45	31	11	92	64	45	3	5	1	21	42	30	194	45	83
C3_06020W	212	1263	456	938	642	659	437	227	449	385	437	127	1034	450	523	3796	431	869	506	501	642	184	140	442
C3_06030W	44	92	38	127	65	33	14	25	17	70	101	39	14	76	9	26	3	139	36	46	9	182	137	183
C3_06040W	561	234	69	256	376	373	90	231	54	234	681	133	16	27	25	582	576	538	193	101	507	341	245	315
C3_06050C	170	57	18	32	60	7	0	18	13	21	66	8	7	4	69	5	4	4	13	8	27	66	69	85
C3_06060W	161	109	7	142	92	111	24	13	0	140	80	51	4	15	58	30	63	229	30	36	44	165	110	188
C3_06070C	496	823	116	589	445	402	297	78	79	345	499	228	432	59	239	152	321	256	160	153	131	225	479	657
C3_06080W	738	1765	798	815	751	678	281	48	116	939	1321	475	529	78	481	149	131	371	124	474	390	664	1568	1871
C3_06090C	511	1112	384	289	223	183	149	29	255	137	273	40	64	10	31	204	29	197	203	184	254	195	46	115
C3_06100C	3435	10836	4909	8547	5534	7442	5227	2767	2863	3402	5208	1172	7619	2916	3349	15886	5478	4371	5583	4056	6746	862	1915	3697
C3_06110C	151	302	187	460	244	223	179	47	38	273	420	147	82	53	114	106	428	328	266	175	104	375	226	393
C3_06120C	337	849	192	228	308	129	94	187	203	244	252	48	333	400	238	11	24	121	118	239	540	219	137	104
C3_06130W	4	0	2	3	0	0	1	0	0	0	6	0	1	5	0	0	0	0	2	4	0	21	5	1
C3_06140W	157	644	214	276	484	282	245	54	183	438	387	206	80	207	32	205	66	183	188	199	100	220	372	390
C3_06150W	3405	8995	3786	6522	4031	6363	4102	22571	13865	2263	3378	515	2158	1777	1720	15045	3112	2747	6433	2879	4947	1342	703	1299
C3_06160C	70	191	58	85	52	113	85	76	68	36	63	16	32	8	21	94	39	36	67	38	79	8	23	29
C3_06170C	138	317	172	259	259	456	235	454	345	133	195	22	60	72	46	587	124	170	229	104	197	16	26	62
C3_06180C	48	113	15	9	17	5	9	26	36	5	12	2	21	10	10	0	1	1	7	5	8	7	1	5
C3_06190C	3553	10949	9103	15669	12662	20896	9965	9816	9698	6136	10129	2091	6021	3436	3355	41679	7192	8438	16692	8340	14071	1639	3931	4765
C3_06200C	315	158	159	232	149	73	7	10	5	114	180	36	9	146	44	31	20	28	27	169	101	116	115	147
C3_06210C	1296	4117	3122	6061	4043	5750	2821	1850	1997	3679	7032	1267	2522	963	1823	8022	2390	3837	3096	3490	4862	731	1997	3456
C3_06220C	840	1988	1246	2062	1458	1441	1277	753	1833	1146	2105	712	660	285	643	1434	596	1832	1010	1046	1220	1038	811	1455
C3_06230W	809	2958	1003	1771	1743	693	454	117	273	1019	1017	418	646	253	580	763	249	769	758	1172	1117	503	765	1586
C3_06240C	6	7	1	2	3	0	0	2	3	2	2	2	0	1	1	0	3	1	0	1	1	17	2	7
C3_06250W	184	304	88	74	96	53	14	56	31	116	52	26	113	26	43	320	126	72	24	51	76	136	59	118
C3_06260C	318	598	313	996	523	717	361	42	32	400	641	169	303	270	142	819	494	366	427	379	600	289	446	1241
C3_06270C	40	84	15	88	17	17	4	12	31	20	64	7	75	113	131	5	11	2	67	30	116	129	57	37
C3_06280W	251	925	312	622	310	361	44	157	72	465	675	302	181	59	174	654	320	376	259	242	394	410	593	686
C3_06290W	599	1275	281	261	263	70	152	37	53	109	287	88	563	267	570	52	504	322	119	200	342	341	271	540
C3_06300W	715	2314	1202	1693	746	903	417	115	939	621	1020	293	785	291	538	119	95	865	921	909	1109	608	553	1221
C3_06310C	902	1072	930	1784	804	1830	529	133	42	802	991	189	145	841	419	2312	85	424	1023	733	872	451	254	665
C3_06320W	993	2686	1523	1804	1469	2008	1375	751	806	1205	1903	646	635	950	819	2000	411	1317	990	1253	1730	1007	1336	2257
C3_06330W	38	111	9	4	9	3	4	17	21	5	3	1	24	6	5	3	1	1	7	11	4	8	2	5
C3_06340W	192	480	236	199	129	152	142	31	43	154	356	108	49	57	67	108	137	240	163	104	153	210	99	198
C3_06350W	748	1596	1185	2392	2460	3106	1657	2464	2171	1302	1931	138	420	646	293	4622	988	1282	1763	996	1534	146	214	267
C3_06360C	2880	5845	656	2045	794	979	675	181	123	650	1108	264	439	126	782	2044	454	494	452	690	1104	326	426	871
C3_06370C	575	1795	191	956	486	352	175	114	36	389	683	209	148	108	322	63	166	314	246	248	330	239	328	608
C3_06380W	42	104	26	70	25	78	52	56	84	22	44	5	12	13	16	92	26	35	36	25	38	3	8	14
C3_06390W	0	0	0	0	0	0	0	0	0	0	0	0	0	0	0	0	0	0	0	0	0	0	0	0
C3_06400C	128	243	138	148	85	62	53	10	11	221	214	45	17	8	26	3	15	61	34	122	14	126	89	254
C3_06410C	31	246	17	53	51	31	6	5	6	52	36	6	54	6	1	3	3	109	5	9	1	152	18	61
C3_06420C	58	178	81	101	191	23	31	24	18	63	158	59	143	36	7	19	11	20	47	80	30	181	183	190
C3_06430W	795	2097	461	1190	624	1203	488	189	454	535	857	410	278	474	247	810	563	427	307	491	503	467	622	1077
C3_06440W	4187	13729	4391	3329	2929	2252	1753	705	2320	1613	2751	909	1425	714	1642	2419	1144	2352	1960	1907	2920	981	1940	4886
C3_06450W	22	62	107	74	22	72	3	14	14	10	41	7	2	25	3	7	9	6	2	23	21	105	31	83
C3_06460C	1	13	0	0	0	1	1	2	1	1	1	0	1	0	0	0	1	5	0	1	2	39	9	2
C3_06470W	985	2726	2048	1919	1253	752	583	284	772	985	2172	807	1030	461	678	146	596	820	981	939	1238	512	1507	1777
C3_06480C	123	312	388	528	232	70	69	37	33	336	384	231	163	34	225	9	83	266	102	204	198	121	379	519
C3_06490W	266	381	102	307	248	307	125	63	225	206	438	143	175	355	236	482	243	150	84	166	398	195	325	392
C3_06500W	1144	2629	473	292	189	323	252	278	330	145	397	119	2390	693	847	864	147	254	689	432	1037	427	181	283
C3_06510C	412	1657	157	684	513	73	48	3	14	267	633	58	89	239	215	22	24	74	131	324	214	264	233	609
C3_06520C	70	183	100	205	197	87	4	13	6	131	161	67	1	38	14	3	4	73	2	54	11	71	118	147
C3_06530W	36	53	14	18	108	71	1	7	24	20	15	1	15	32	2	3	1	1	2	11	4	142	9	13
C3_06540C	8	12	1	2	0	0	0	3	1	3	2	0	1	1	0	0	0	0	0	2	1	11	4	2
C3_06550C	11	144	20	72	122	31	2	16	8	67	87	9	12	20	25	4	4	6	18	47	8	81	50	38
C3_06560W	254	888	167	392	224	198	145	66	267	156	299	34	95	161	177	220	235	233	145	173	166	245	91	221
C3_06570C	14	32	9	1	2	2	3	14	11	0	1	0	8	5	0	0	0	0	1	2	3	41	1	1
C3_06580W	348	744	169	372	354	373	33	29	14	254	354	197	160	64	72	60	151	223	101	249	382	236	310	588
C3_06590W	643	1304	228	43	27	64	46	251	293	55	74	67	364	189	62	2	1	6	124	164	281	188	65	112
C3_06600C	158	135	33	61	48	66	38	10	4	62	44	50	45	47	3	0	3	28	11	22	25	89	82	49
C3_06610W	94	194	35	135	91	61	11	516	289	201	190	136	169	158	37	12	32	79	125	69	255	186	176	160
C3_06620W	1335	4278	1447	2547	2255	2038	2169	1200	1655	1153	1964	550	1068	804	1246	1397	1390	1476	2070	1524	1688	1126	943	1886
C3_06630W	387	801	461	915	923	824	340	305	737	690	1215	163	397	181	232	2506	617	1057	676	459	432	218	274	669
C3_06640W	127	446	322	311	194	174	100	257	506	152	167	62	196	18	188	1295	127	137	180	141	252	85	120	259
C3_06650C	2113	4492	464	751	484	415	93	432	46	323	555	123	153	201	246	157	154	281	98	582	461	203	302	498
C3_06660C	145	822	92	303	148	129	114	9	34	188	304	64	146	145	97	5	7	41	13	248	88	140	166	235
C3_06670C	44	50	6	42	37	27	2	22	28	20	40	18	8	2	36	0	0	3	6	38	6	53	52	75
C3_06680C	1406	2528	290	553	450	393	141	97	31	350	653	298	78	107	324	339	128	263	119	423	174	160	646	744
C3_06690C	44	145	11	81	40	36	20	5	11	44	79	22	22	8	35	1	24	11	10	70	60	101	63	120
C3_06700C	309	628	162	241	222	77	108	101	125	49	147	108	1320	469	302	17	89	7	58	190	145	257	182	190
C3_06710W	317	687	774	1103	543	759	469	193	107	711	1063	193	350	513	301	723	409	384	253	532	631	251	411	745
C3_06720W	1569	2739	1269	2466	1112	1637	851	312	276	661	1133	304	746	394	353	1957	1479	1419	1413	1137	1469	366	322	1175
C3_06730W	51	344	111	67	116	24	5	13	8	27	71	21	7	19	8	5	0	0	59	41	69	98	29	112
C3_06740W	370	628	571	1175	599	616	308	26	54	276	479	237	176	155	329	463	84	270	238	469	337	184	374	828
C3_06750W	30	68	9	64	15	3	3	17	11	5	56	8	17	19	17	0	1	2	6	32	7	39	9	17
C3_06760W	742	1615	434	1416	561	706	435	30	28	298	412	129	27	232	82	492	220	376	325	460	427	57	165	587
C3_06770W	716	1646	324	660	455	621	192	42	40	330	525	158	238	119	245	217	80	307	324	378	576	130	258	630
C3_06780C	1965	3244	706	1119	963	819	598	75	55	733	1038	479	114	287	384	1025	241	337	566	462	797	300	910	1909
C3_06790W	153	362	306	21	99	278	61	9	5	71	69	9	284	5	2	171	16	100	268	108	411	122	21	44
C3_06800C	58	38	39	53	101	100	21	8	12	45	71	33	15	8	3	13	28	14	1	7	39	60	63	86
C3_06810W	46	124	10	78	31	11	4	6	9	53	33	16	50	6	6	4	41	10	9	18	14	201	85	106
C3_06820C	981	1247	1231	2434	1616	2338	825	335	466	825	1093	302	519	100	402	3533	1277	1254	946	894	1033	231	584	796
C3_06830C	1538	4484	1471	2844	1697	2173	336	83	56	916	1649	424	1014	670	1186	338	506	844	1080	1282	2544	677	764	1494
C3_06840C	38	39	18	43	63	18	1	0	1	19	19	3	1	21	11	1	0	3	5	7	8	39	10	14
C3_06850W	387	873	288	10	49	7	15	36	32	14	61	10	343	249	142	9	10	5	132	188	417	250	51	18
C3_06860C	467	665	73	149	39	75	70	20	29	141	80	26	225	130	253	3	48	12	123	106	169	125	103	150
C3_06870W	72540	153088	58009	6567	3612	5657	40589	114484	96876	2559	4155	910	229932	68758	83135	20712	3540	12373	71907	28800	83358	2976	1803	2331
C3_06880W	24	33	13	15	3	4	6	0	0	10	23	1	0	1	2	0	1	14	1	21	7	10	17	27
C3_06890W	430	901	635	125	51	60	117	48	117	74	89	34	2051	379	373	12	87	16	474	658	569	270	82	73
C3_06900W	17	20	1	9	1	8	1	1	7	0	2	2	7	4	0	77	3	6	3	1	5	52	4	7
C3_06910C	76	186	5	2	28	3	2	16	27	0	5	17	83	54	10	3	29	2	4	51	50	147	17	10
C3_06920W	114	162	18	45	41	0	29	6	9	20	42	5	11	19	5	0	6	1	9	19	6	109	30	61
C3_06940W	397	1498	988	981	563	426	360	54	148	504	896	279	639	437	649	1499	176	238	568	532	492	462	356	683
C3_06950W	7	70	3	51	30	1	5	18	8	45	64	14	14	9	4	2	45	29	0	46	25	69	83	75
C3_06960C	0	3	1	0	0	0	0	0	1	0	0	0	0	2	0	0	1	0	0	0	0	18	0	0
C3_06970W	10	43	1	2	1	2	1	0	5	1	1	0	30	6	1	0	0	1	1	0	2	52	4	2
C3_06980W	14	17	0	48	8	2	1	3	4	1	2	2	9	4	0	0	1	0	0	13	0	42	7	15
C3_06990W	13	102	13	15	14	4	0	0	0	19	34	26	160	35	1	1	1	0	0	6	12	56	20	82
C3_07000W	208	539	182	563	455	292	181	266	582	248	497	128	42	177	23	136	24	269	94	247	301	251	211	299
C3_07010W	225	672	135	327	404	109	86	26	26	278	434	123	88	190	22	143	46	42	101	312	81	143	362	626
C3_07020W	2546	8526	4336	636	680	642	3284	2959	3677	175	621	135	11669	3879	3461	316	1477	306	2028	1917	5098	559	196	228
C3_07030C	22	76	29	185	42	25	40	8	5	72	122	47	21	35	4	37	5	5	13	82	23	66	135	95
C3_07040C	19	78	12	17	29	5	1	13	22	21	38	10	7	10	32	1	8	2	1	23	9	69	47	26
C3_07050W	11	9	0	0	0	1	0	0	0	0	0	0	0	0	0	0	0	0	0	2	0	16	2	0
C3_07060W	48	118	15	6	1	3	3	48	48	4	10	0	35	69	7	4	2	1	11	3	8	71	7	0
C3_07070C	12	212	19	67	17	27	17	10	57	25	45	16	1	2	3	6	10	2	24	17	52	109	35	17
C3_07080W	65	164	37	196	55	63	52	11	15	41	75	31	44	4	43	61	4	11	70	67	79	97	76	104
C3_07090W	89	178	31	61	19	10	2	34	39	3	8	9	17	10	35	1	36	5	10	7	11	139	5	17
C3_07100C	219	636	322	345	120	102	18	113	66	158	131	54	198	175	183	117	12	57	253	122	166	402	80	79
C3_07110W	1712	3682	1581	3295	2676	2788	800	181	156	1633	2562	694	1208	567	918	2212	376	1076	1375	1557	1708	403	1573	2321
C3_07120W	8	10	0	4	17	1	16	2	8	5	5	0	0	0	0	2	0	1	0	1	6	30	22	12
C3_07130W	24	23	6	13	23	1	0	8	5	18	15	6	19	48	4	0	0	0	0	4	18	33	37	44
C3_07140C	35	57	28	28	75	8	2	11	8	68	116	12	4	5	1	4	20	4	2	10	22	192	67	89
C3_07150C	496	1099	64	3	3	3	15	291	299	3	6	2	243	77	78	4	1	1	45	36	33	104	1	2
C3_07160W	34	177	62	28	140	33	3	15	12	177	82	15	18	162	110	11	6	138	5	10	15	213	38	19
C3_07170C	55	124	7	45	18	4	2	25	23	5	37	2	135	13	2	13	0	3	4	24	64	137	18	30
C3_07180C	76	56	5	10	18	12	0	13	12	1	7	5	17	6	4	1	6	4	4	6	5	110	9	8
C3_07200C	1	44	5	10	51	3	1	1	1	9	12	1	19	22	16	2	1	1	0	1	3	47	6	22
C3_07210W	12	19	0	10	2	5	0	3	2	6	12	2	16	1	0	2	0	1	0	0	5	28	1	5
C3_07220C	17	94	3	4	6	3	5	9	12	19	27	6	21	19	1	1	2	0	0	4	1	68	20	19
C3_07230W	244	528	133	336	310	253	55	119	97	194	306	72	493	603	578	218	83	139	231	262	339	340	324	553
C3_07240W	5	34	29	15	80	71	0	5	3	14	91	30	2	0	1	0	0	1	2	24	91	70	30	31
C3_07250W	240	206	196	383	250	204	275	41	30	220	326	118	478	95	123	722	63	238	232	158	556	246	207	554
C3_07260C	6172	12898	8342	4356	2147	3145	2353	458	1360	2481	3967	1246	14932	6363	4806	3394	1804	3365	10781	6944	13519	878	2071	3020
C3_07270C	382	902	96	135	54	12	12	168	144	28	73	40	81	33	19	13	45	9	29	60	67	186	39	93
C3_07280C	99	270	59	183	127	277	188	35	80	121	152	32	397	110	126	16	9	34	119	108	254	159	124	151
C3_07290W	293	572	339	874	638	249	3	23	26	298	530	78	289	230	190	17	33	26	36	495	458	319	153	566
C3_07300W	20	73	18	14	19	23	2	4	11	35	37	10	3	5	90	14	1	6	4	48	67	192	34	79
C3_07310C	2265	5656	480	352	188	263	376	1199	1378	108	210	93	687	306	681	117	57	225	594	234	783	1151	183	371
C3_07320W	2285	5226	2351	4494	2550	2617	1544	803	399	1816	3022	897	1814	488	1279	3579	2426	2112	1662	2297	1899	1035	1618	2771
C3_07330W	226	424	75	320	308	98	26	27	23	178	184	84	48	156	132	239	82	66	47	95	75	150	70	199
C3_07340W	1075	2883	559	341	175	88	40	389	1167	117	199	61	529	392	252	1004	240	25	330	332	614	172	61	184
C3_07350W	161	741	141	359	375	116	94	215	44	214	422	160	76	122	113	678	40	200	324	116	152	147	278	363
C3_07360W	2741	8272	3174	4971	3220	3945	2269	1431	655	1946	3351	924	990	1118	1405	4779	3308	3578	4148	2004	3253	508	1908	3140
C3_07370W	90	195	6	11	10	23	6	46	21	34	32	38	11	11	1	69	7	3	10	17	10	222	61	91
C3_07380W	114	184	37	114	112	69	16	20	30	187	291	163	61	9	44	290	15	49	7	110	60	269	238	263
C3_07390C	269	581	433	1471	741	895	525	60	42	459	1027	232	496	315	287	1748	290	379	611	452	540	152	456	944
C3_07400W	274	639	513	1237	481	796	405	30	26	260	577	121	267	205	210	1488	292	325	449	326	541	139	235	667
C3_07410C	428	1487	616	217	157	228	199	108	280	106	278	19	544	264	634	28	170	103	152	186	247	281	91	125
C3_07420W	445	729	179	567	333	228	61	27	27	488	746	170	128	180	138	18	208	205	251	340	360	140	409	642
C3_07430W	1384	3885	2252	3474	2399	2571	2519	1184	3066	1787	3389	441	1442	698	688	8057	1917	3685	2541	1248	2815	791	808	1459
C3_07440W	4773	10288	1190	48	53	236	472	2200	2134	38	36	4	7307	1772	3449	25	32	11	948	370	750	210	52	78
C3_07450C	502	1095	98	89	141	16	13	12	13	88	91	22	52	66	73	19	11	10	10	63	31	82	110	143
C3_07460W	955	1092	612	789	618	678	568	106	827	588	686	231	451	156	303	757	441	538	778	751	528	444	372	626
C3_07470W	56	128	46	56	164	259	36	50	46	128	182	189	30	163	174	685	21	160	3	90	52	353	300	199
C3_07480W	119	170	6	12	8	22	5	21	25	11	28	14	22	7	19	10	6	5	8	13	12	180	9	60
C3_07490W	188	807	58	134	120	216	268	40	35	129	220	80	72	45	40	18	28	25	120	105	24	286	115	128
C3_07500W	228	881	110	216	211	236	175	194	247	150	235	29	179	187	15	35	151	465	181	190	142	308	141	131
C3_07510C	4	14	6	5	14	6	0	1	0	8	4	10	0	1	0	1	3	0	1	7	1	20	12	9
C3_07520W	2	4	0	0	5	0	0	0	0	0	1	1	0	0	0	0	0	0	1	1	0	14	2	10
C3_07530W	1	14	1	1	3	2	0	0	6	0	0	0	0	0	0	0	0	0	0	0	0	26	3	4
C3_07540C	55	1312	48	296	228	108	13	27	234	92	155	57	427	59	140	14	155	109	164	178	131	83	142	234
C3_07550C	207	529	99	462	221	423	86	19	26	221	490	166	34	191	51	94	21	262	195	301	332	208	392	542
C3_07560W	2701	7071	4511	2337	1281	1597	2181	4059	1591	671	1168	288	7876	2507	3638	1630	1057	3112	2366	1925	4758	538	625	633
C3_07570C	259	823	75	336	462	362	69	449	10	248	349	114	24	189	84	9	49	123	68	303	178	111	233	451
C3_07580W	290	553	147	310	242	233	107	7	10	125	190	77	92	57	63	12	54	167	87	191	99	70	87	223
C3_07590W	587	891	250	740	502	329	246	26	12	460	640	195	106	163	251	72	93	289	250	355	153	79	268	644
C3_07600W	149	236	179	346	170	164	83	21	18	138	132	49	19	50	64	19	73	107	89	124	78	95	93	392
C3_07610W	903	2006	989	996	758	963	706	289	182	752	1052	348	963	294	726	1643	446	494	1004	706	1813	533	508	968
C3_07620C	3323	8436	2020	3291	2452	255	2021	49	50	1440	2728	670	1611	266	1511	62	1007	240	275	1946	1101	316	1039	1660
C3_07630C	788	1716	1015	1141	780	587	738	242	83	640	1192	424	774	174	389	1066	1129	227	273	703	668	650	681	1212
C3_07640C	387	1321	870	556	386	238	245	102	102	367	674	176	520	140	309	307	230	26	292	472	811	455	472	757
C3_07650C	3134	8403	874	852	1092	1281	368	385	789	951	1966	554	459	439	630	741	600	712	1117	943	588	526	1098	1327
C3_07660W	534	1581	524	1199	583	660	28	72	210	345	592	191	672	81	415	44	359	437	379	459	388	591	520	794
C3_07670W	335	559	205	375	211	554	175	680	68	329	428	279	179	146	257	657	416	233	310	308	214	195	488	851
C3_07680W	1451	4558	1082	2722	1484	1164	530	241	206	1058	1278	480	297	668	394	803	596	1118	984	1340	1392	568	835	1970
C3_07690C	27	49	7	55	10	1	2	7	1	8	19	1	3	32	18	1	0	7	3	42	3	90	11	10
C3_07700W	71	231	190	164	90	83	34	56	16	115	127	29	149	28	43	14	171	16	115	104	173	97	101	163
C3_07710W	2572	3087	1429	2026	1196	1061	1679	321	246	676	1092	727	603	535	258	794	1107	1586	1033	810	1308	692	1124	1576
C3_07720C	74	263	28	42	43	32	2	3	2	38	36	7	2	4	30	3	70	3	14	71	65	80	29	68
C3_07730W	5341	10805	724	1523	666	867	714	455	2508	434	962	167	1238	397	559	1556	2080	1134	1358	402	1113	326	382	732
C3_07740W	3808	8741	436	567	492	430	128	108	50	296	368	129	208	98	231	1290	277	895	389	302	343	400	253	399
C3_07750W	795	2179	1565	2268	1598	1490	2812	1404	732	1241	1990	155	1039	214	716	3750	667	2496	1924	873	615	265	214	609
C3_07760C	123	805	166	216	113	211	87	27	28	209	237	57	83	68	36	156	15	306	78	129	161	225	124	150
C3_07770C	198	136	139	54	59	138	15	28	1265	41	45	26	17	12	25	548	14	17	34	22	59	115	52	125
C3_07780C	2677	4482	1084	1390	947	1432	1766	114	489	1190	1581	1230	1099	396	702	3322	1609	2269	2254	765	2291	798	1476	2361
C3_07790W	311	431	648	858	493	535	134	316	92	419	553	369	72	147	515	261	281	453	386	385	507	432	480	880
C3_07800C	169	472	340	356	201	401	82	68	47	230	350	98	117	43	292	42	412	324	358	154	492	151	268	402
C3_07810C	1505	4125	2488	1987	1156	1634	814	250	292	1235	2293	666	1936	1246	1170	3985	274	1446	1886	1475	2581	597	1359	2327
C3_07820W	790	1597	1723	1421	740	1286	499	54	50	675	1001	185	315	256	584	1248	391	1012	1115	642	1176	183	399	1203
C3_07830W	692	2655	650	1008	629	791	343	344	246	810	757	325	342	193	465	1199	372	951	833	480	772	141	553	1205
C3_07840C	0	0	0	0	0	0	0	0	0	0	0	0	0	0	0	0	0	0	0	0	0	0	0	0
C3_07850W	4208	9079	3501	4351	2766	3851	1636	2298	1295	2724	3580	1784	1542	648	1653	8087	2302	4880	3615	1470	3344	637	2581	6151
C3_07860C	3091	8370	5921	7103	4969	8915	5954	4004	3636	3773	5117	1842	2952	1615	3637	19998	5287	8518	9176	3992	6943	942	2834	5635
C3_07870W	0	0	0	0	0	0	0	0	0	0	0	0	0	0	0	0	0	0	0	0	0	0	0	0
C3_07880C	487	1199	861	767	447	530	872	690	336	276	382	221	164	89	493	2482	228	713	651	359	639	148	329	484
C3_07890W	218	468	127	193	115	77	72	17	18	45	140	44	19	83	128	307	13	84	109	101	88	53	118	161
C3_07900C	813	2287	861	1557	929	1086	591	197	226	591	1111	331	884	1010	743	1677	322	878	1457	694	1383	237	608	773
C3_07910W	1	0	0	0	0	0	0	0	0	0	0	0	0	0	0	0	0	1	0	0	0	0	0	0
C3_07920W	1099	2951	1585	2137	1636	3058	1219	1945	1230	1100	1686	334	751	886	762	3166	1558	2287	2261	1368	2435	392	444	967
C3_07930C	0	0	0	0	0	0	0	0	0	0	0	0	0	0	0	0	0	0	0	0	0	0	0	0
C3_07940W	410	982	170	149	61	317	65	163	182	51	92	32	87	4	0	124	101	35	233	183	125	219	48	149
C3_07950C	2844	6447	2238	156	155	264	1125	2372	1943	87	157	112	10055	1618	2428	376	86	78	1261	844	2630	352	97	289
C3_07970C	304	788	256	397	229	47	40	57	106	131	216	80	70	36	65	26	57	40	48	184	178	148	166	343
C3_07980C	7104	14020	16080	19324	13745	21697	24791	60211	46391	7351	11814	2172	8972	4175	6935	41922	11974	21376	27467	8057	18730	5816	3038	6377
C4_00010W	220	402	448	349	314	414	328	33	19	220	314	105	231	135	81	222	114	143	179	162	122	111	144	477
C4_00020W	557	1929	1292	1573	731	1363	1316	864	1624	880	1400	386	1369	573	1035	1826	2276	1602	1219	696	664	490	563	1544
C4_00030C	376	1303	848	1478	831	1171	823	977	1138	764	1531	403	214	450	289	2041	1468	987	665	600	591	429	691	1430
C4_00040W	5148	8322	3702	3720	3080	3550	4822	1299	2089	1781	2854	697	1884	931	1781	9865	2432	5195	4640	1836	3729	1002	1111	3270
C4_00050W	2253	4737	733	1399	738	750	1003	65	30	624	992	278	482	86	380	916	549	1001	693	515	672	141	577	1265
C4_00060W	2761	6710	2125	2463	1388	1942	2967	710	2188	1488	2366	1204	2025	429	772	3844	1332	3249	2750	1118	1872	458	1912	3212
C4_00070C	8573	18741	11137	13105	9297	12014	16704	7890	5951	9713	14708	7716	8320	2773	4578	24057	11258	17390	14951	5555	11249	6164	10558	18677
C4_00080C	949	4596	738	1172	851	884	984	137	42	747	1328	622	700	139	376	2024	768	525	980	670	1086	466	1016	1529
C4_00090W	33469	78712	10516	11774	6553	5346	3039	1948	944	7348	9926	4324	2876	2463	4722	6247	6057	5815	3196	6780	6648	782	5894	11667
C4_00100C	6668	9914	4166	6706	3813	3976	5206	441	417	3847	7142	3177	3533	1246	2425	6726	3484	5286	3767	3769	5361	720	4994	7858
C4_00110C	2211	2903	1520	2308	1953	2110	913	147	663	1394	2398	982	647	484	750	2135	425	1251	1097	1307	1253	456	1691	3117
C4_00120W	1039	1760	1196	1682	1170	1190	863	582	802	1220	1612	960	864	454	1534	3026	2011	1974	1416	594	1127	331	1646	2658
C4_00130W	5277	14444	3120	1969	1614	1455	3484	5845	7235	1352	1870	872	1651	1162	1471	4964	2192	2649	2881	1236	2214	434	1200	2234
C4_00140C	3979	9903	2780	3566	2398	3490	3790	3340	1806	1502	2712	805	2628	594	1256	9965	3517	3924	3809	2282	3225	899	1391	2618
C4_00150C	1981	3038	1120	1893	638	925	648	684	95	683	1114	299	871	583	145	3575	1432	1503	872	618	578	555	329	790
C4_00160C	1165	2076	1836	1461	635	974	849	1536	952	548	805	98	2873	868	1094	3096	512	494	726	870	1438	374	257	638
C4_00170W	294	780	49	18	45	43	5	167	137	20	26	9	38	12	4	3	7	3	78	34	31	230	24	34
C4_00180W	449	377	46	299	164	105	28	64	43	106	107	45	237	8	12	8	24	93	193	62	198	238	106	139
C4_00190W	16	72	13	0	2	6	2	16	15	11	5	0	98	1	50	1	1	10	3	5	32	127	3	13
C4_00200C	1602	3021	1547	878	333	674	509	512	716	431	820	536	6623	2760	2981	839	1532	600	878	594	1168	491	513	1039
C4_00210W	1603	4113	1244	1749	1374	1384	1405	278	185	783	1532	349	394	267	753	1361	1408	1193	1140	1042	1102	255	540	986
C4_00220C	2137	4208	1317	2024	970	1349	1352	349	405	968	1513	372	1321	670	806	2680	939	1046	775	1141	1761	364	866	1245
C4_00230W	238	1538	1026	746	472	586	476	155	1332	442	480	107	292	122	392	597	607	406	768	381	898	212	172	466
C4_00240C	198	507	187	161	141	105	126	16	44	70	123	11	131	58	60	34	8	91	119	68	82	97	23	52
C4_00250W	0	0	0	0	0	0	0	0	0	0	0	0	0	0	0	0	0	0	0	0	0	0	0	0
C4_00260W	260	2063	132	1016	462	759	545	174	2001	452	797	288	659	160	117	2682	1189	487	703	226	781	462	504	627
C4_00270W	3238	8780	4366	868	885	1032	2990	4024	2602	781	1304	441	21667	5507	10038	1489	2081	1303	4802	2591	6212	758	991	1203
C4_00280W	710	635	345	358	439	614	420	194	110	575	722	365	653	484	296	282	252	374	381	431	550	546	748	953
C4_00290C	261	416	148	523	335	220	84	46	627	386	577	105	74	127	120	492	406	264	239	300	274	553	467	612
C4_00300C	6857	13109	4926	8945	5586	7959	6658	7029	5199	3521	6354	1794	3249	2235	4343	15615	4117	6165	6545	3282	5897	3234	2875	5104
C4_00310C	718	1735	217	499	418	534	341	179	60	334	308	158	90	45	305	478	27	263	343	365	217	318	239	525
C4_00320C	157	439	258	150	165	249	38	30	21	107	217	92	26	33	57	54	93	16	33	45	44	175	181	376
C4_00330C	273	683	164	336	221	172	54	35	64	164	264	96	129	15	80	134	390	55	170	211	144	114	214	333
C4_00340W	4372	6742	1951	3254	1953	2065	1307	304	63	1686	2601	841	1025	524	367	3892	1727	1689	1026	1498	1794	426	1129	3339
C4_00350W	1008	2977	738	1831	1222	850	430	753	450	1015	1335	832	349	512	381	459	305	429	262	679	1173	344	964	1637
C4_00360C	1310	2111	1518	2373	1467	1250	617	726	1878	1217	1951	977	1160	587	894	1655	1489	1777	1028	1314	1720	394	1229	2102
C4_00370W	570	968	655	1415	949	923	697	210	123	820	1180	345	659	305	515	677	506	840	626	747	1034	489	568	1263
C4_00380W	101	246	42	97	62	25	8	87	35	110	222	57	160	38	21	8	1	36	18	22	136	235	74	271
C4_00390W	55	149	3	21	21	6	8	18	21	19	6	9	18	7	3	2	1	10	5	25	48	61	20	90
C4_00400W	15467	38816	12227	18706	9113	16529	22588	8656	12583	5033	7496	2741	8784	2052	4543	64886	16992	23656	22197	6183	12915	1135	3117	8256
C4_00410W	83	525	41	54	124	9	10	42	36	58	84	68	20	16	15	641	5	19	37	38	10	138	75	236
C4_00420C	1498	4537	1205	2629	1145	1537	751	803	2919	1312	1533	724	1229	490	1450	1543	983	603	1673	1209	1809	770	1223	2098
C4_00430W	1614	4329	1587	1653	1015	1731	1532	2419	4008	857	1332	270	430	476	501	5563	710	1005	1970	740	1793	541	855	1615
C4_00440C	14921	41530	6547	8581	6373	5092	2430	888	1092	5838	9224	3621	8890	4355	4499	5635	3748	5714	3403	4370	6321	1112	6194	9636
C4_00450C	14867	40887	5996	3983	2138	1570	3809	2090	1062	2942	3455	2907	9637	4586	5173	3316	3008	2928	3810	2255	3832	482	3569	3980
C4_00460C	3982	8438	9739	14328	10972	13030	7560	6079	8625	7412	12641	3411	4887	4062	4682	20687	7272	11508	9743	6450	8991	2602	5269	11067
C4_00470C	841	2242	602	1524	1015	964	396	398	114	527	727	311	442	183	339	1732	335	441	255	901	775	411	464	1263
C4_00480W	1040	2805	1623	2380	1253	1470	810	537	288	796	1750	626	750	741	584	446	609	1375	797	1017	1621	471	1158	2802
C4_00490W	133	798	231	497	439	365	168	30	71	289	538	155	76	32	82	252	47	311	171	302	237	191	217	454
C4_00500W	709	1425	855	2240	1702	2050	530	369	268	1707	2328	349	648	550	146	1352	1167	2046	667	775	503	191	503	607
C4_00510C	90	241	111	229	228	186	78	3	4	184	299	87	0	267	96	32	206	89	80	227	28	56	114	229
C4_00520W	29	62	1	34	35	13	2	28	15	27	75	21	59	10	1	81	12	25	29	21	14	119	50	72
C4_00530C	4	25	4	9	5	7	0	0	2	13	12	12	3	0	0	5	0	1	1	11	0	47	19	38
C4_00540C	90	107	21	139	88	45	57	10	23	56	83	21	307	96	3	3	11	6	37	33	123	294	28	80
C4_00550C	6	45	10	11	6	13	1	4	0	0	11	2	3	3	1	3	0	7	4	2	1	36	3	2
C4_00560C	95	324	151	119	175	93	73	12	11	72	174	44	74	82	64	14	0	81	116	203	106	191	96	171
C4_00570C	390	508	172	470	262	260	53	57	47	220	219	146	65	79	84	139	22	178	69	144	143	310	282	349
C4_00580W	129	310	148	447	361	197	197	26	11	232	362	102	103	24	164	370	383	296	116	108	157	57	299	405
C4_00590C	4506	12850	4681	6594	4729	4316	3592	2851	4283	3339	6037	2016	1853	1305	2317	2907	3872	3573	4631	2905	3520	657	4208	5551
C4_00600C	4855	13430	6287	7456	4570	6600	6592	4316	3369	2910	6306	1628	2486	1796	1898	9266	3175	8408	6145	3701	5676	2781	2062	6224
C4_00610W	65	104	5	31	46	27	3	6	22	47	56	17	104	3	2	5	12	11	7	11	23	151	69	172
C4_00620C	16	36	3	37	20	36	125	10	12	9	10	11	20	4	0	2	0	3	4	18	18	64	3	6
C4_00630C	25	70	2	12	12	2	25	9	18	12	31	3	10	3	6	2	0	7	3	8	4	75	3	8
C4_00640W	14	58	2	13	76	16	3	5	2	15	15	8	9	1	7	1	3	158	4	0	3	90	13	33
C4_00650W	31	128	19	61	25	11	4	35	86	19	50	5	11	16	6	3	1	32	1	9	5	126	26	76
C4_00660W	37	203	14	114	55	73	8	28	17	46	75	29	12	9	11	30	113	19	4	35	63	103	66	107
C4_00670W	1929	3652	1703	3325	1624	2378	854	281	541	1695	2361	1095	739	798	925	2905	1923	2190	1660	1242	1858	721	1357	2964
C4_00680W	800	2544	1328	1827	1543	595	571	53	28	994	1390	180	110	269	335	602	83	391	832	836	836	228	373	862
C4_00690C	162	1272	254	600	465	608	210	36	130	268	476	119	107	44	98	205	174	346	282	292	324	239	172	425
C4_00700C	110	289	132	262	127	68	32	101	28	111	149	25	202	29	48	19	3	19	118	125	55	66	112	181
C4_00710W	50	536	94	248	322	187	15	20	37	219	214	113	89	26	133	39	26	74	162	126	208	184	159	361
C4_00720W	13	38	44	19	19	17	1	1	13	6	4	0	182	7	4	0	0	4	0	0	1	79	2	11
C4_00730C	11	27	14	37	19	5	0	1	3	11	3	5	0	0	0	1	1	0	0	8	13	46	6	17
C4_00740W	10	28	2	92	36	6	2	2	4	41	35	22	36	2	4	0	4	2	3	23	14	73	45	73
C4_00750C	11	16	3	9	15	0	1	1	3	7	24	12	0	0	0	0	0	1	0	6	1	34	9	50
C4_00760W	2411	5717	1591	3555	2302	1692	1588	299	1517	1730	3120	1351	221	495	1024	3498	1467	1302	1966	1544	2805	675	2130	3461
C4_00770C	26	87	3	4	13	1	0	8	8	0	9	1	93	10	0	2	1	2	2	14	3	35	0	6
C4_00780C	226	471	183	285	292	218	34	22	17	136	229	51	133	408	165	425	115	35	68	242	206	170	152	214
C4_00790C	28	81	1	56	73	47	4	15	13	14	43	19	8	5	15	5	5	2	3	38	6	139	53	92
C4_00800W	36	37	1	9	12	0	1	2	7	23	29	3	0	6	0	0	1	1	4	9	0	106	13	14
C4_00810C	106	76	71	80	79	90	15	12	12	62	101	13	14	44	21	318	2	169	66	28	77	130	64	34
C4_00820W	304	1102	955	1132	1051	1042	807	692	174	653	1154	532	759	219	421	1810	760	449	1244	562	1361	384	639	1377
C4_00830W	101	215	101	363	137	176	171	42	89	145	186	90	36	21	10	246	424	188	45	62	87	226	175	285
C4_00840W	1432	4525	1262	3023	1045	1947	739	1189	101	1104	1645	630	808	214	397	1856	554	1655	1054	835	1525	368	991	1933
C4_00850C	923	2679	902	2611	1260	1441	427	45	29	1047	1824	430	1910	297	1292	648	444	734	1268	947	1831	352	673	1363
C4_00860C	37	103	9	131	20	67	47	20	23	46	87	78	18	11	6	9	24	8	5	22	14	88	88	260
C4_00870W	19	30	26	92	33	49	3	4	2	28	19	10	2	1	10	0	17	1	78	13	28	65	44	40
C4_00880W	385	611	259	686	298	355	48	47	30	461	392	239	144	203	191	49	54	123	135	220	282	305	371	641
C4_00890W	2835	6900	3448	6869	4259	5739	1881	2138	1258	3323	4937	1075	2750	1552	1992	10097	2012	3559	4021	4131	4874	2005	1810	3680
C4_00900C	28	84	84	34	38	40	21	0	3	20	40	17	42	2	115	46	214	19	28	24	72	30	19	42
C4_00910C	197	581	269	164	190	130	101	14	24	118	161	22	42	199	61	141	37	114	94	137	112	144	68	248
C4_00920C	1070	2899	735	1047	1040	875	794	94	74	524	803	66	262	366	291	654	270	520	599	801	574	122	224	448
C4_00930W	2	7	5	4	3	2	1	2	3	0	0	0	0	0	1	0	4	1	0	2	2	41	2	4
C4_00940W	4	5	0	0	0	1	0	1	1	1	1	0	1	0	0	0	1	0	0	1	0	11	1	3
C4_00950C	76	250	57	32	102	63	7	6	7	53	105	106	3	28	11	5	129	47	15	89	14	122	151	133
C4_00960W	4	6	0	0	3	0	1	3	2	0	2	0	1	1	0	1	0	0	1	0	2	28	2	1
C4_00970C	1659	4892	1030	2740	2009	1927	571	297	187	1295	2152	707	575	590	729	1046	510	853	802	1251	1149	1450	1340	2213
C4_00980C	294	664	286	138	212	267	245	60	297	172	227	87	23	1	39	889	14	155	222	91	244	80	82	137
C4_00990W	344	655	89	511	265	202	12	201	12	103	223	111	7	100	29	138	32	348	263	252	130	114	319	333
C4_01000C	110	98	8	72	85	27	31	13	24	40	86	32	11	3	4	14	0	15	9	66	61	168	76	82
C4_01010C	57	430	108	203	19	104	57	85	116	32	11	13	54	14	104	14	29	32	91	21	12	117	23	15
C4_01020C	552	1211	318	390	447	240	106	72	94	312	476	167	630	586	241	24	52	340	250	317	546	360	496	405
C4_01030W	0	0	1	4	4	0	0	0	0	1	4	2	0	0	2	0	2	0	0	0	0	5	5	29
C4_01050C	133	400	12	0	1	0	5	95	134	0	1	0	73	55	22	3	0	0	3	3	9	46	0	4
C4_01060W	408	988	62	60	106	133	15	129	100	58	75	47	69	31	29	23	27	151	91	57	150	584	80	119
C4_01070W	535	964	700	1252	667	790	434	343	343	264	788	558	96	269	237	299	383	509	474	357	390	452	416	588
C4_01080W	135	283	210	145	321	76	98	24	34	229	338	86	183	198	122	13	3	55	37	124	122	292	330	645
C4_01090C	113	521	90	435	431	273	190	29	489	237	354	86	57	223	193	306	128	171	66	216	147	111	293	667
C4_01100C	8045	19583	3640	5671	4406	5210	3789	676	354	1986	3623	889	2227	2019	1938	7688	4044	4385	3561	2561	4901	505	1270	3057
C4_01110W	65	43	0	10	16	21	5	5	6	2	18	1	0	3	0	3	0	6	29	19	18	39	2	4
C4_01120C	77	92	5	31	75	72	65	23	17	30	99	12	77	16	1	10	17	7	35	80	27	143	41	68
C4_01130C	20	81	1	10	24	10	1	2	2	21	37	22	17	0	3	0	6	1	4	51	24	68	48	108
C4_01140C	46	468	146	164	44	79	139	5	9	56	77	53	0	12	72	23	196	149	80	40	95	56	53	67
C4_01150W	48	339	287	49	69	145	52	9	14	64	114	22	77	63	152	41	10	57	55	66	275	172	58	88
C4_01160W	25	74	27	0	11	1	0	36	35	2	1	0	5	7	1	2	0	1	0	3	36	57	1	1
C4_01170C	11	38	10	5	30	8	2	3	3	21	13	9	0	5	8	2	0	1	1	12	3	69	21	23
C4_01180W	44	30	7	3	11	1	8	1	8	22	7	0	4	20	0	2	2	0	3	21	0	26	44	16
C4_01190W	168	399	115	71	75	126	74	277	89	59	98	59	482	160	129	88	302	14	145	118	123	198	122	85
C4_01200C	9	30	2	0	5	0	2	3	3	0	5	1	6	2	0	2	0	0	1	4	2	22	4	3
C4_01210C	17	10	0	3	2	3	4	1	2	3	5	2	0	0	6	0	0	1	4	9	0	51	0	8
C4_01220C	549	294	197	707	563	428	165	25	19	217	357	133	465	39	188	1304	239	231	174	509	235	313	206	343
C4_01230C	82	115	20	9	42	3	1	6	7	7	12	2	4	2	28	2	1	1	0	57	6	53	37	82
C4_01240C	20	27	2	64	3	10	0	3	10	8	32	2	28	2	4	2	3	1	2	18	2	168	24	91
C4_01250W	23	23	1	22	4	5	0	7	5	2	1	2	4	8	3	0	0	0	1	5	1	45	13	2
C4_01260W	514	574	505	1610	984	1407	835	116	100	728	1114	302	751	599	467	1165	993	1060	590	494	659	596	706	628
C4_01270W	752	1541	54	13	25	16	25	310	313	17	15	4	252	336	56	10	2	4	19	23	107	91	13	13
C4_01280C	59	343	20	28	46	2	46	21	13	13	74	8	26	72	3	6	0	0	5	16	3	109	14	24
C4_01290W	93	182	33	135	57	40	26	41	93	61	118	52	97	100	57	30	193	62	34	48	7	179	89	50
C4_01300W	143	198	206	194	87	116	175	106	205	94	150	36	335	49	221	138	47	162	103	83	185	131	75	140
C4_01310W	23	103	16	10	56	3	2	2	1	27	51	29	8	29	17	1	8	4	5	8	15	34	56	74
C4_01320C	16	52	23	23	24	13	3	12	20	46	84	6	5	6	8	74	2	2	2	10	11	161	22	39
C4_01330W	2	7	2	0	1	0	0	0	0	1	1	0	0	2	0	0	0	0	1	5	3	30	4	5
C4_01340W	13	50	49	53	34	8	0	7	11	20	49	63	3	4	0	3	1	41	17	21	9	95	74	152
C4_01350W	7	14	0	1	1	0	0	0	1	0	0	0	0	2	0	0	0	1	0	1	0	78	0	3
C4_01360W	230	471	41	71	54	24	31	103	122	15	27	9	152	119	19	5	16	19	58	88	70	55	14	21
C4_01370W	239	503	16	6	2	3	10	57	115	5	1	2	113	25	9	0	2	2	12	14	29	123	14	5
C4_01380W	874	2114	982	2650	1630	2258	1895	1516	3511	1655	2626	1029	1762	1032	1310	3476	1738	1931	2506	1437	1664	987	1097	1941
C4_01390W	18	44	2	4	18	1	0	6	9	16	13	0	2	0	5	0	3	0	0	3	1	98	5	5
C4_01400W	37	253	21	175	92	8	38	2	4	83	102	33	93	83	14	5	6	24	23	30	97	31	73	96
C4_01410W	88	488	77	210	130	20	158	13	10	31	88	46	299	298	100	68	3	5	49	87	31	100	74	82
C4_01420W	1926	3332	1598	2729	1881	2517	1988	2686	3284	738	1319	246	1775	1003	620	2393	1063	2243	1444	1101	2953	1790	408	709
C4_01430C	5	18	0	9	10	1	1	3	7	12	9	1	2	10	0	0	0	0	1	9	2	21	7	9
C4_01440W	52	72	14	8	37	0	26	12	25	10	14	2	4	8	4	180	5	18	1	1	4	119	10	6
C4_01450W	114	684	162	433	272	318	51	206	60	348	397	150	88	54	135	143	96	134	60	152	80	284	387	818
C4_01460C	33	116	27	148	67	45	2	18	15	51	66	10	5	34	22	10	15	16	25	24	13	70	63	104
C4_01470W	12	28	8	14	16	0	5	5	4	14	7	1	4	23	5	147	3	1	2	19	49	102	30	8
C4_01480C	0	3	0	1	0	0	0	2	4	0	2	1	0	2	0	0	9	0	0	0	2	26	1	1
C4_01490W	116	256	19	23	32	8	6	44	45	5	12	7	51	197	12	3	143	4	21	11	8	169	13	4
C4_01500W	387	843	254	370	330	284	292	260	179	285	570	135	59	66	167	86	79	256	200	264	97	116	253	364
C4_01510W	127	237	7	13	39	1	3	46	48	24	48	16	13	33	4	3	2	1	4	17	14	52	97	127
C4_01520C	595	1220	196	180	60	99	81	435	666	28	48	23	2365	2097	1032	48	26	15	123	250	326	110	82	80
C4_01530C	571	1443	34	8	22	18	16	106	109	6	9	1	191	205	83	3	6	2	29	13	28	146	9	6
C4_01550C	43	325	6	0	5	2	9	37	36	5	3	4	20	19	1	2	2	2	10	10	17	86	6	7
C4_01560C	146	465	192	199	267	210	34	56	17	122	262	51	135	38	28	222	18	65	42	92	48	98	174	232
C4_01570C	4	4	0	0	0	0	0	1	0	4	0	1	0	0	0	0	0	0	0	0	0	2	0	0
C4_01580C	6	25	4	0	0	1	2	14	20	1	1	0	4	6	2	4	6	0	2	0	2	42	1	0
C4_01590C	0	1	0	0	0	0	0	0	0	0	0	0	0	0	1	0	0	0	0	0	0	3	0	0
C4_01600C	11	21	2	5	0	1	1	1	5	0	0	0	1	1	1	1	2	1	0	0	0	34	1	0
C4_01610C	0	0	0	0	0	0	1	0	0	0	0	0	0	0	0	0	0	0	0	0	0	0	0	0
C4_01620C	0	0	0	0	0	0	0	0	0	0	0	0	1	0	0	0	0	0	1	0	0	1	0	1
C4_01630C	8	12	0	0	0	0	0	0	2	0	0	0	0	1	0	0	0	0	0	0	1	0	0	0
C4_01640C	0	13	0	0	0	0	0	0	0	2	0	0	0	0	0	0	0	0	0	1	0	1	0	0
C4_01650C	69	142	28	60	71	23	8	10	6	31	82	18	9	2	15	32	7	26	15	13	33	201	73	154
C4_01660W	309	935	114	510	456	268	94	8	31	219	303	50	48	44	82	287	157	106	155	260	261	167	222	438
C4_01670C	2	24	0	0	0	6	3	6	4	0	3	0	20	0	0	0	1	3	3	3	2	30	0	2
C4_01680W	5	11	10	0	0	0	0	2	0	0	7	7	1	0	0	0	0	0	0	7	0	16	0	20
C4_01690C	86	181	62	5	8	3	112	92	84	11	7	23	396	274	163	8	11	0	89	34	53	73	26	19
C4_01700C	357	805	28	7	7	2	6	119	124	4	8	1	51	22	12	4	16	5	21	6	24	152	5	13
C4_01710C	109	82	108	35	75	34	11	50	4	44	35	17	475	27	277	27	46	6	53	16	73	165	37	54
C4_01720C	114	215	90	62	70	149	20	182	83	42	78	28	165	88	345	14	28	219	22	82	58	247	63	37
C4_01730C	31	77	7	4	10	6	4	18	7	3	27	17	8	11	0	6	4	0	2	6	0	71	4	25
C4_01740W	7	25	0	0	1	0	0	1	2	0	0	0	1	0	0	0	1	0	1	2	1	21	0	0
C4_01750C	17098	41671	7321	268	192	219	4674	11823	9596	101	269	104	44687	15585	17091	1525	596	209	5786	2614	6790	811	219	154
C4_01760W	26	123	3	6	41	3	1	7	16	2	1	0	11	4	2	3	1	1	6	1	1	60	1	2
C4_01770W	133	174	17	41	19	10	1	36	40	28	73	57	38	14	18	11	7	85	5	13	20	139	81	93
C4_01780C	37	114	37	60	54	28	2	15	5	15	24	23	16	61	51	0	1	1	15	4	0	78	41	46
C4_01790W	49	124	3	8	50	9	2	6	14	13	20	0	5	5	2	1	5	3	2	1	3	247	9	22
C4_01800W	24	60	7	25	35	60	11	27	31	29	99	27	7	4	154	124	3	2	4	5	76	123	31	44
C4_01820C	303	563	104	377	252	101	47	17	19	124	143	42	20	29	71	22	135	16	41	103	25	151	128	309
C4_01830C	3916	8967	1837	2751	1295	873	77	49	35	1096	1490	787	1065	224	1230	250	186	152	378	1553	806	378	1919	3534
C4_01840C	142	309	135	97	101	26	25	72	202	53	45	36	35	17	7	457	16	5	21	45	38	104	71	128
C4_01850C	1579	3476	1883	3445	2785	2587	1762	99	132	2373	3704	805	366	941	760	4006	3073	2284	2799	1544	2056	403	1869	3487
C4_01860C	49	336	31	192	51	80	14	185	29	127	194	45	4	16	128	36	71	160	6	32	11	215	71	191
C4_01870C	213	1753	399	903	469	826	254	44	44	240	556	281	309	385	424	220	688	197	436	412	791	253	330	647
C4_01880W	794	2917	378	552	302	254	145	65	95	388	421	215	236	55	159	127	81	198	111	185	208	314	374	727
C4_01890C	42	522	85	157	150	144	50	22	28	103	114	30	120	15	19	14	14	8	92	78	171	150	64	220
C4_01900C	3521	6904	5461	1334	741	1621	3124	12764	4432	597	1433	233	14251	2937	6362	3280	1938	1089	4377	2244	5650	589	482	653
C4_01910W	566	1667	201	714	635	691	464	103	218	471	963	260	90	203	295	1079	213	211	368	350	336	334	485	792
C4_01920W	12	30	5	3	3	1	2	2	5	21	34	24	1	0	0	1	1	0	0	5	19	43	17	17
C4_01930C	20	260	152	93	28	67	315	61	12	67	83	11	6	21	2	105	12	36	14	27	45	131	23	104
C4_01940W	2967	7313	2292	3135	3076	2264	1430	595	485	2958	4556	2394	1728	994	1277	3374	2631	3034	1550	1837	3403	814	3877	4900
C4_01950W	464	1014	218	673	523	274	173	84	42	555	889	339	114	222	99	377	57	74	114	460	241	149	605	1107
C4_01960C	1379	2658	632	915	575	133	310	32	23	577	636	183	46	122	108	9	38	6	140	957	165	242	449	666
C4_01970W	39	70	3	91	104	4	1	8	7	11	66	9	6	6	24	1	0	2	2	9	6	122	27	106
C4_01980C	183	409	15	41	14	14	4	58	48	8	34	13	25	7	7	15	1	12	9	18	30	203	7	22
C4_01990W	7	14	0	33	2	1	0	3	0	0	15	1	1	2	3	0	87	0	18	1	1	12	4	10
C4_02000C	1867	2413	937	2965	1792	1749	2225	452	618	1523	1954	726	1869	745	892	1863	1128	2119	1579	1300	2394	965	1054	2245
C4_02010C	586	627	542	1302	1113	913	335	417	42	968	1476	268	563	344	300	1598	443	447	590	465	672	336	628	969
C4_02020W	185	524	153	144	100	78	16	98	1881	95	156	104	771	220	134	9	77	22	141	287	267	298	80	181
C4_02030W	864	4619	1234	2668	1775	2470	1990	2104	3339	1648	2718	508	3580	1658	2248	4873	491	1959	2104	908	1389	520	1032	1818
C4_02040W	5031	8917	4871	11601	6645	7247	4621	3921	4168	4401	8149	1052	2575	2785	2077	7555	4033	5312	5512	4062	4624	669	1080	1954
C4_02050W	100	99	55	80	168	13	8	4	4	119	314	48	27	3	12	1	17	22	8	54	54	121	130	156
C4_02060C	699	428	323	965	290	551	103	72	71	261	489	68	148	125	374	189	33	127	491	262	159	290	125	165
C4_02070W	143	123	28	206	72	36	2	7	12	55	97	9	18	20	2	8	2	6	16	25	50	139	41	130
C4_02080W	223	497	479	857	837	972	683	1148	590	737	1326	172	417	624	335	1318	361	506	689	476	646	175	488	698
C4_02090C	50	193	192	410	182	213	116	95	95	86	273	98	46	233	76	30	47	86	161	154	170	140	270	274
C4_02100C	21	176	58	54	54	31	3	19	14	43	47	61	57	61	23	2	22	21	2	96	41	67	129	226
C4_02110W	106	127	8	50	40	45	14	17	15	16	68	27	56	32	2	3	5	89	9	49	63	63	22	64
C4_02120W	81	176	8	14	26	9	29	24	34	58	58	11	26	6	2	9	2	1	13	4	73	75	98	72
C4_02130W	19	57	1	66	6	2	2	12	8	22	8	2	4	0	2	1	1	0	1	0	2	72	24	28
C4_02140C	20	49	2	0	1	1	0	4	10	7	4	2	9	7	0	2	3	0	2	0	2	43	6	8
C4_02150C	3193	10371	2232	4601	2911	2557	765	145	90	2695	4834	842	1007	1159	1779	1520	1715	2407	2729	3060	3251	525	1675	3045
C4_02160C	201	641	91	194	176	189	110	45	122	144	175	54	280	19	15	40	58	6	23	52	73	243	99	215
C4_02170C	137	364	402	601	335	193	156	20	20	178	245	65	120	25	47	165	301	70	80	30	212	241	127	426
C4_02180C	498	2041	466	949	743	547	209	221	34	332	600	142	123	52	120	938	351	217	531	334	646	369	451	742
C4_02190C	987	2261	1105	2330	1148	1263	545	167	844	1043	1808	438	189	267	384	719	451	1654	755	984	1015	540	916	2014
C4_02200C	242	645	408	655	383	445	145	126	349	345	643	144	37	81	98	40	356	512	125	254	164	109	255	549
C4_02210W	259	492	161	296	427	217	46	19	72	246	353	253	59	47	165	29	182	73	75	190	136	120	334	536
C4_02220C	669	1105	772	1275	1274	814	424	551	588	1038	1216	326	251	660	573	915	490	396	429	1170	1033	327	732	1077
C4_02230C	12	166	14	138	74	181	3	6	15	44	194	121	16	5	7	292	1439	215	6	10	16	231	222	122
C4_02240C	601	733	232	479	403	309	99	10	5	469	801	229	190	94	149	46	110	170	219	361	500	83	441	513
C4_02250C	974	1860	606	521	510	758	674	387	447	229	434	207	966	452	428	1103	219	1053	779	287	1040	255	180	324
C4_02260C	99	291	91	171	116	58	96	240	49	210	386	323	70	212	26	19	295	19	77	157	137	215	399	484
C4_02270C	517	1110	28	83	53	82	16	153	184	9	40	2	117	57	46	25	44	51	100	64	31	177	14	49
C4_02280W	419	1099	202	27	181	116	498	32	216	111	354	81	181	29	217	1173	19	170	483	170	192	116	106	164
C4_02290W	304	462	524	1118	1041	1086	467	139	860	575	633	94	548	112	293	2787	615	282	726	485	828	251	43	132
C4_02300W	126	336	59	514	225	164	15	114	50	122	231	128	103	292	56	7	273	114	20	107	120	253	205	178
C4_02310W	485	970	496	802	720	526	172	343	146	729	983	249	129	72	195	258	236	528	523	514	436	462	440	844
C4_02320C	644	1208	68	20	23	4	15	332	348	4	14	3	207	107	32	9	16	3	56	16	49	69	4	24
C4_02330C	10	24	2	13	6	0	2	3	11	24	20	1	1	2	0	2	2	1	2	11	2	42	16	42
C4_02340W	111	401	61	300	233	149	68	71	77	217	270	38	164	63	90	40	88	102	76	112	147	125	107	96
C4_02360W	353	894	380	195	140	162	156	177	448	101	216	68	980	532	496	62	55	88	446	361	669	298	232	251
C4_02370C	3627	8274	1937	207	53	58	1550	2834	2052	50	91	18	4321	4339	1610	30	450	140	1818	984	1591	432	98	103
C4_02380W	7	38	6	5	43	24	0	5	2	24	18	16	0	1	2	5	39	2	2	4	0	99	27	28
C4_02390W	26582	65747	28126	1852	813	1030	30965	67570	71886	994	2463	819	110135	37043	42496	1160	5130	1940	44169	17053	49393	1841	2571	1356
C4_02400C	23	148	0	46	15	13	0	1	5	6	21	1	0	1	1	1	10	3	0	49	0	48	14	49
C4_02410C	1554	3111	239	56	17	29	47	655	814	11	45	5	312	240	191	4	4	10	105	56	150	49	11	45
C4_02420C	5	56	3	14	37	2	34	5	1	51	49	2	6	102	2	1	0	1	2	8	3	46	35	9
C4_02430W	179	301	174	325	123	152	9	23	64	76	170	42	299	176	41	44	36	99	167	184	74	244	164	216
C4_02440C	438	920	837	795	429	625	457	667	603	200	275	69	1035	524	379	456	208	59	1266	885	1644	121	97	58
C4_02450W	15	26	0	1	38	0	2	2	2	11	5	17	4	2	0	2	0	0	0	25	5	79	41	110
C4_02460W	10	13	0	0	0	1	0	3	6	3	8	4	17	1	0	0	1	0	0	16	0	14	12	29
C4_02470C	259	580	185	470	364	95	60	37	29	173	283	63	93	72	66	6	39	31	25	155	154	79	141	180
C4_02480C	27	13	2	13	21	1	5	2	2	15	23	1	3	5	5	1	2	1	2	8	7	46	12	16
C4_02490W	82	202	76	464	320	149	31	29	46	171	400	39	312	4	167	519	305	112	33	189	270	367	126	201
C4_02500C	1652	3920	2166	4419	2976	2015	789	53	92	1948	2865	1384	349	1577	392	2374	649	2141	1215	1573	2303	466	2247	3830
C4_02510W	30	182	3	43	29	7	4	5	9	21	65	24	3	7	16	1	4	4	3	10	10	100	88	124
C4_02520C	30	76	2	3	0	1	3	6	7	1	5	2	4	1	2	2	6	0	1	2	41	80	7	5
C4_02530W	13	106	2	7	13	1	1	3	0	2	3	3	3	1	0	1	1	2	3	4	1	64	4	4
C4_02540W	28	349	34	92	141	9	9	118	20	47	60	36	13	3	1	160	157	8	14	24	6	182	69	80
C4_02550C	356	1331	157	861	861	963	575	79	126	473	697	252	171	399	204	545	319	242	479	422	284	194	510	793
C4_02560C	359	646	358	477	421	226	920	24	50	373	529	181	28	189	88	662	38	75	275	146	443	205	254	355
C4_02570C	3417	9564	4686	6475	4801	6710	5774	3952	3678	4679	7543	4726	3431	1537	2432	11431	5952	8993	7290	3116	5021	1436	8304	8164
C4_02580W	128	418	116	228	214	208	8	12	31	204	426	50	18	30	110	195	91	193	126	112	114	51	82	158
C4_02590C	291	1649	375	926	604	554	195	223	60	391	656	192	167	201	153	924	87	660	307	413	323	308	342	688
C4_02600C	106	1135	236	640	574	604	147	36	150	299	323	104	281	284	75	118	392	149	153	261	392	195	194	359
C4_02610C	366	1521	831	1888	952	1636	1206	3233	1931	446	937	248	494	480	496	1887	625	1706	1818	409	1086	1542	373	858
C4_02620C	1033	2203	1365	1770	844	768	489	577	885	794	1165	469	1549	543	932	690	275	492	1004	1200	2308	865	858	1526
C4_02630C	27	70	4	17	41	29	7	15	15	5	76	17	5	5	6	4	0	0	1	27	9	105	22	51
C4_02640C	123	45	131	226	223	54	122	68	249	357	590	301	65	61	36	472	675	213	109	241	243	206	474	574
C4_02650C	0	1	0	1	0	0	0	0	1	5	0	4	0	0	2	1	3	0	0	1	0	0	6	4
C4_02660W	961	2287	696	1616	1299	561	78	54	21	969	1633	279	341	171	856	28	90	257	152	896	939	157	733	1039
C4_02670W	22	52	10	86	18	3	5	4	5	22	39	31	14	0	63	2	5	20	0	22	42	82	31	43
C4_02680C	204	405	93	250	187	200	11	7	20	140	336	34	58	38	146	106	34	66	59	110	140	49	132	184
C4_02690W	4867	12607	5988	8255	5361	7870	6876	6362	5751	5226	9251	4755	3824	1812	2840	13948	6314	10349	9010	3814	6152	2556	7755	8292
C4_02700W	23	80	51	79	52	20	3	2	2	96	171	80	11	23	12	7	6	8	1	52	6	108	120	175
C4_02710C	59	75	8	73	62	26	4	12	13	34	75	74	49	10	6	40	31	5	39	20	44	63	60	79
C4_02720C	207	124	108	220	159	101	20	36	29	90	95	67	79	32	122	45	60	19	74	103	127	151	139	87
C4_02730C	11	27	17	21	69	64	117	1	8	20	33	12	0	65	22	3	3	4	56	28	29	60	24	35
C4_02740W	89	326	141	393	169	45	43	93	105	140	238	72	541	310	211	169	418	156	18	139	254	78	250	392
C4_02750W	14	20	0	8	9	0	2	0	5	11	12	5	3	1	6	0	1	0	0	6	1	37	15	22
C4_02760C	72	79	72	213	291	24	65	16	18	195	357	281	34	178	29	7	76	106	13	175	48	103	462	406
C4_02770C	18	31	11	24	31	3	0	6	7	21	54	8	42	7	3	2	1	3	1	53	1	88	15	33
C4_02780W	305	309	53	14	44	3	14	48	47	68	100	6	100	17	11	7	10	3	1	32	56	181	20	120
C4_02790C	54	56	4	68	205	52	2	9	15	131	133	98	2	2	90	13	32	11	22	29	12	128	149	356
C4_02800W	60	112	17	183	65	128	21	16	9	63	74	30	2	4	12	32	71	5	55	21	48	136	63	72
C4_02820W	48	872	19	145	24	25	1	7	3	51	75	8	3	9	13	6	15	3	22	118	14	242	49	128
C4_02830C	363	287	146	213	284	133	55	31	29	135	300	170	75	101	28	45	30	522	86	118	114	406	149	278
C4_02840C	75	50	28	51	70	26	12	14	19	11	27	18	4	3	4	7	0	3	4	59	11	85	31	18
C4_02850W	5922	16616	10762	19937	12456	18292	7319	3344	5031	8260	11725	3326	6462	5089	4606	18503	7171	10374	11250	8869	14544	754	4287	11292
C4_02860W	2943	8448	5776	12791	7266	9027	2371	264	148	4998	6941	2275	2098	2880	2231	2079	4716	6145	5701	5150	7770	419	2978	8284
C4_02870C	800	2348	844	1026	547	494	313	88	65	353	864	310	281	153	559	170	299	417	301	604	848	375	712	1270
C4_02880C	27	45	48	23	34	10	23	7	5	32	61	37	10	6	3	48	7	15	8	7	17	96	128	115
C4_02890C	45	114	6	2	1	2	6	29	27	5	4	2	18	6	1	3	0	1	4	4	5	39	16	13
C4_02900C	1317	2218	691	1064	698	780	95	349	213	433	695	174	1080	791	902	2157	451	1133	858	519	727	291	238	605
C4_02910W	13	24	13	8	12	13	2	5	1	13	1	0	2	1	1	5	0	0	10	3	20	43	4	7
C4_02920W	202	213	183	401	236	241	91	11	33	270	595	73	101	45	104	1562	243	122	294	169	252	214	132	135
C4_02930W	19	14	3	73	40	47	3	6	1	36	80	20	4	1	1	29	145	12	5	33	51	416	30	52
C4_02940W	1346	3311	662	304	182	126	330	536	367	100	268	48	1048	359	617	318	377	375	532	451	480	392	82	269
C4_02950C	15	42	15	26	14	10	0	1	5	6	19	2	0	21	19	2	31	1	3	7	20	52	24	43
C4_02960W	1415	2675	1864	2258	1308	1322	918	1174	1456	1379	2476	594	1043	831	841	1800	731	1649	1348	1295	994	1249	1237	2641
C4_02970C	7699	17996	4652	7806	4301	4282	629	263	335	3115	5342	1211	1573	1108	1855	1954	636	1904	1822	4149	3166	816	2235	6475
C4_02980W	174	468	12	22	53	28	13	43	65	49	70	6	28	10	8	12	3	6	41	35	12	264	45	54
C4_02990C	313	793	274	216	173	59	96	131	201	69	106	14	496	108	99	14	24	38	262	221	249	117	32	113
C4_03000C	201	1097	232	154	152	113	39	66	66	68	117	21	114	10	45	22	8	71	236	191	97	194	68	174
C4_03010W	2	2	0	2	2	1	0	0	1	0	0	1	0	0	0	0	0	0	4	0	0	19	0	0
C4_03020W	450	2179	378	615	576	346	199	92	75	147	349	113	257	103	359	1854	166	780	321	236	272	528	243	412
C4_03030C	187	1201	355	614	451	336	376	494	226	347	446	128	267	351	260	381	636	324	128	256	147	189	238	519
C4_03040W	21	52	3	6	4	4	0	6	8	1	7	1	3	88	0	1	2	6	1	1	2	79	5	9
C4_03050C	1050	2242	617	616	395	782	155	1024	1861	422	818	165	704	505	517	1053	715	291	684	732	1662	477	257	517
C4_03070W	995	1463	1125	1097	699	610	1650	2974	1233	489	688	133	14741	6302	3626	208	705	668	1626	980	2587	278	234	408
C4_03080W	64	468	6	45	10	12	11	69	31	28	15	12	172	21	4	2	4	129	9	29	140	192	14	43
C4_03090W	280	437	119	323	418	280	86	25	25	66	215	69	77	84	135	112	127	100	237	195	370	122	147	282
C4_03100W	44	170	220	201	186	165	14	17	24	154	362	176	33	12	13	40	40	74	13	173	42	240	521	1049
C4_03110W	1484	4394	1444	2481	1753	1840	376	982	811	1065	1647	340	806	622	452	2099	122	1119	1624	1054	1487	872	812	1222
C4_03120C	828	1315	554	789	710	643	404	385	100	405	730	153	212	460	254	579	483	733	694	411	799	369	483	1170
C4_03130W	985	1432	552	529	615	446	175	269	50	492	887	206	151	190	268	163	287	456	395	554	718	305	596	1163
C4_03140C	40	38	27	77	19	81	18	11	15	14	60	7	8	2	6	1	1	37	1	29	10	115	16	74
C4_03150W	1028	1996	1163	1870	1775	1546	421	74	122	832	1540	410	482	221	582	1946	1432	585	1094	1374	1070	408	659	1660
C4_03160C	313	282	164	596	305	413	72	17	79	190	259	76	506	124	185	12	85	105	285	352	257	192	147	346
C4_03170W	107	587	57	192	148	104	120	164	18	112	167	33	265	65	31	736	9	33	129	169	233	120	129	184
C4_03180W	713	1723	179	315	184	93	81	193	199	80	126	32	1113	348	511	30	9	25	131	323	557	275	61	92
C4_03190W	1084	3086	1883	2798	1574	2659	1273	1634	2177	1963	3662	1972	913	607	1098	3441	1770	2134	3460	1090	1864	691	2439	3091
C4_03200C	341	512	315	690	529	411	87	46	70	326	588	339	304	139	195	517	79	620	167	209	497	168	596	812
C4_03230C	1523	3150	1547	2076	1446	1061	470	320	434	1315	2521	949	701	857	794	1832	982	1074	1208	1270	1422	463	1349	2443
C4_03250C	62	144	28	9	12	0	57	25	60	15	8	0	162	56	9	0	2	2	32	43	27	34	8	19
C4_03270W	330	921	159	300	192	114	14	18	24	231	327	93	28	288	29	208	58	83	182	144	127	200	172	340
C4_03280W	553	1262	675	1523	837	605	270	106	122	444	1069	391	305	502	256	1640	628	569	451	576	541	804	731	995
C4_03290W	269	665	177	528	453	300	155	1097	85	294	553	113	218	471	147	41	207	117	377	268	455	403	357	206
C4_03300C	27	209	23	18	4	2	7	12	10	9	6	0	202	12	8	1	0	14	97	39	12	18	3	7
C4_03310C	0	4	0	5	7	0	0	3	0	2	4	2	0	1	0	0	0	0	2	0	0	9	14	6
C4_03320W	105	82	3	140	57	166	110	33	35	138	141	26	0	42	42	2	46	11	82	87	102	80	4	39
C4_03330W	14	30	1	2	0	0	1	2	9	2	10	6	4	5	1	1	1	0	0	1	4	41	5	5
C4_03340C	80	163	44	250	241	54	20	13	27	100	116	103	21	53	90	256	340	97	18	96	71	103	175	228
C4_03350C	689	1651	866	1896	1120	1608	448	768	559	1338	1895	925	269	484	305	2503	548	880	1344	607	1126	475	1238	1793
C4_03360C	116	433	114	226	106	180	20	65	80	140	65	66	58	118	82	46	109	40	50	64	148	305	96	169
C4_03370C	116	371	177	427	241	217	97	12	19	270	308	270	6	75	84	295	102	224	210	177	201	85	366	405
C4_03380C	89	211	60	326	234	63	144	22	38	217	407	173	55	114	24	68	140	137	195	236	197	185	371	376
C4_03390W	213	574	204	549	349	192	89	64	77	192	295	77	142	219	32	12	14	46	80	288	222	66	128	287
C4_03400W	5	38	1	32	10	2	5	6	9	30	37	7	0	5	0	1	0	0	0	13	2	25	8	25
C4_03410W	88	292	56	92	135	36	3	19	13	70	63	10	8	8	1	116	12	5	72	42	59	101	30	108
C4_03420C	11	4	0	27	18	9	0	0	4	22	17	6	0	4	2	0	1	1	0	10	3	17	9	25
C4_03430W	66	77	39	474	623	130	43	14	18	158	490	255	69	133	34	60	253	134	58	100	70	79	385	347
C4_03440C	76	581	175	749	336	394	83	28	20	175	300	102	5	46	101	56	34	87	221	359	175	140	147	212
C4_03450C	319	728	217	775	582	385	146	76	28	207	418	108	32	40	82	51	38	323	96	231	455	259	289	493
C4_03460C	1107	1680	743	1219	1015	785	376	237	31	560	744	181	441	265	368	421	188	906	531	397	376	273	363	542
C4_03470C	17	72	23	43	21	66	46	6	1	28	46	11	51	9	6	3	117	6	0	27	52	127	16	20
C4_03480C	8	66	10	23	106	15	0	1	6	1	9	14	18	0	0	4	0	15	4	55	11	124	6	26
C4_03490C	165	317	36	142	134	41	141	15	17	96	165	26	3	21	20	24	4	48	95	55	128	176	65	149
C4_03500C	71	466	255	202	231	199	49	16	14	234	288	73	17	27	131	246	189	34	86	191	246	112	221	395
C4_03510C	4029	6561	7508	12922	8263	11677	7684	12384	10606	3277	5508	599	3313	2015	2113	10646	2265	6795	10099	6205	11874	1829	1157	2747
C4_03520C	19641	44907	17803	17547	10764	16422	16552	29245	37370	7463	11207	2345	53874	21118	22599	42403	12082	22236	16777	7254	12488	5717	3239	6972
C4_03530W	3954	10313	1801	3459	1947	2056	1384	148	126	1485	2318	803	637	814	879	3480	1397	1919	1985	1786	2292	494	1227	3048
C4_03540C	6267	17964	4587	9773	6526	7588	7274	2002	2649	6216	10956	4726	3536	2036	2375	11733	6691	8748	6989	4697	5602	643	7192	12485
C4_03550W	1178	1982	1744	3280	1859	3874	1699	328	152	1392	2693	529	1114	727	702	5183	2070	2594	2545	1682	3434	427	1038	2073
C4_03560W	365	1449	200	272	181	282	51	29	28	198	123	78	104	54	49	500	494	296	54	232	253	445	157	417
C4_03570W	5524	16227	7224	10246	7731	11406	8101	6617	5362	3319	5948	733	71219	20100	20777	19941	5277	6541	9452	5523	10850	831	987	2482
C4_03580W	59	38	9	58	28	23	4	8	3	57	61	13	4	14	8	1	11	21	17	29	27	63	40	68
C4_03590C	728	744	86	305	258	209	11	62	52	163	227	118	75	67	43	11	106	130	39	199	83	302	300	442
C4_03600C	40	49	2	5	39	22	0	6	9	30	38	46	118	96	53	3	15	4	0	10	9	87	45	51
C4_03610C	3	3	2	0	10	0	0	1	1	10	4	2	0	0	0	3	1	0	2	3	0	18	1	11
C4_03620C	33	125	34	145	64	46	25	174	11	136	252	95	18	221	325	24	107	67	147	145	119	148	163	260
C4_03630C	9	31	6	5	1	2	0	3	8	0	4	0	0	0	0	2	1	2	0	0	2	55	3	8
C4_03640C	5	11	1	18	0	17	14	2	0	0	7	0	0	0	1	2	1	0	0	0	0	33	1	1
C4_03650W	13	28	1	3	0	3	0	0	0	5	2	2	0	0	3	2	2	0	0	1	0	28	5	8
C4_03660W	11	18	5	6	3	2	1	2	3	4	2	0	0	0	0	0	0	7	0	4	0	40	2	9
C4_03670W	2287	2306	1044	2046	951	1549	694	176	51	638	1091	346	506	593	546	1279	852	1077	727	1173	984	460	941	1510
C4_03680C	1693	2236	584	1241	586	713	453	74	24	451	826	318	462	152	238	449	166	685	580	541	553	251	469	924
C4_03690C	25	61	20	22	67	23	0	10	5	43	47	33	3	13	2	11	10	4	43	19	24	76	89	55
C4_03700W	65	516	15	245	151	19	11	50	29	74	89	32	181	29	4	6	13	39	47	66	18	295	85	114
C4_03710C	118	536	78	192	228	98	38	18	12	220	336	133	48	21	24	54	11	82	41	105	77	140	140	292
C4_03720C	10	76	119	38	62	44	2	3	2	67	68	4	21	45	22	5	6	42	12	57	71	92	40	89
C4_03730C	102	42	3	128	93	8	0	7	9	28	52	1	4	5	5	1	5	2	31	38	78	86	42	49
C4_03740W	18	34	6	42	74	2	20	2	4	45	23	4	1	36	2	3	0	0	6	12	23	49	56	61
C4_03750C	14	81	18	33	43	1	7	5	18	10	92	19	2	5	9	6	1	2	0	3	23	78	64	40
C4_03760W	1	2	0	38	1	0	0	0	0	1	1	0	0	2	0	0	0	0	0	0	0	3	0	9
C4_03770W	14	43	1	3	1	3	0	6	8	9	0	1	3	2	7	1	2	0	2	2	0	57	4	14
C4_03780C	17	70	2	10	6	108	16	4	13	12	7	1	28	1	9	1	0	1	6	5	1	83	9	16
C4_03790W	14	42	2	2	2	6	0	7	7	1	1	0	4	11	1	0	1	0	0	0	0	70	0	1
C4_03800C	356	1266	342	478	383	143	85	102	10	539	795	125	43	85	76	47	25	281	133	210	201	223	328	355
C4_03810W	128	326	308	773	990	378	220	152	54	588	691	195	255	242	168	266	391	399	332	496	518	194	577	871
C4_03820C	9	12	7	69	6	6	1	6	5	8	20	12	3	7	0	4	7	23	2	2	7	62	12	63
C4_03830W	28	126	16	90	36	14	0	7	5	41	49	21	24	2	3	7	2	3	1	19	4	131	69	119
C4_03840C	6	14	0	2	2	0	1	1	2	1	1	1	1	6	1	1	2	0	0	7	0	32	2	23
C4_03850W	19	340	8	46	81	3	3	7	14	30	25	31	14	10	1	15	5	72	3	31	7	76	84	74
C4_03860C	12	17	2	1	1	1	0	1	4	0	0	0	9	0	0	2	0	0	1	10	1	23	3	2
C4_03870C	1	0	1	1	0	0	0	2	0	4	5	5	0	0	0	1	0	0	0	1	2	11	2	7
C4_03880W	19	37	26	45	15	25	2	6	5	56	98	25	60	8	1	9	5	0	3	49	7	63	72	35
C4_03890W	20	38	2	31	15	20	1	5	6	14	11	1	2	0	4	5	12	3	6	10	7	77	16	6
C4_03900C	25	44	0	39	115	3	49	2	7	33	8	5	2	8	2	46	11	122	25	29	0	80	14	6
C4_03910W	512	751	139	525	460	230	120	37	16	209	346	79	28	33	72	403	115	123	207	332	309	195	170	549
C4_03920W	75	196	45	262	293	16	56	23	4	178	324	150	42	28	52	65	17	19	16	135	50	118	246	357
C4_03930C	11	20	1	6	3	0	0	2	5	7	20	2	0	2	0	0	0	1	0	5	0	23	21	39
C4_03940C	1030	3968	851	596	881	509	342	516	927	359	487	264	1834	1427	318	497	96	380	1037	989	1037	467	559	1272
C4_03950C	24	55	3	5	5	1	1	10	6	1	9	8	4	1	2	6	4	5	3	9	1	132	9	7
C4_03960W	102	219	17	1	1	2	4	64	73	0	1	2	65	14	44	3	8	0	8	3	14	60	2	1
C4_03970W	12	27	1	44	1	3	0	1	3	0	1	0	0	0	0	0	2	0	0	1	56	79	0	4
C4_03990C	71	200	75	126	134	87	93	100	17	127	245	56	77	109	62	57	31	68	87	154	150	109	135	186
C4_04000W	56	86	126	78	69	30	29	13	20	107	178	30	129	59	32	10	23	10	53	32	14	174	136	132
C4_04010W	668	2276	782	337	477	396	538	137	202	319	437	199	234	210	487	543	172	395	571	373	825	331	291	574
C4_04020C	11	39	19	27	50	11	0	4	1	38	38	19	4	10	18	0	1	6	42	13	4	123	53	133
C4_04030W	325	509	299	820	640	582	433	269	38	351	436	226	215	490	36	106	200	349	436	295	121	299	518	575
C4_04040W	232	296	15	162	53	49	1	3	5	74	88	44	1	41	2	3	2	7	64	39	2	94	127	195
C4_04050C	502	1066	315	151	88	28	261	1962	2400	61	65	23	362	97	175	243	62	25	514	219	369	147	36	97
C4_04060W	119	119	5	135	25	86	4	1	2	98	86	16	1	113	0	28	4	2	29	20	56	53	42	118
C4_04070C	38	60	22	79	113	49	14	25	35	108	133	15	8	0	15	5	17	25	16	42	200	211	43	98
C4_04080C	395	349	304	238	212	196	71	20	16	194	242	59	19	10	12	282	112	16	50	211	163	215	55	237
C4_04090C	50	917	149	194	282	112	102	18	17	177	298	123	91	207	16	92	10	108	19	65	96	238	254	508
C4_04100C	5	43	5	6	7	3	2	2	57	14	12	1	4	0	1	0	1	1	1	17	1	52	8	31
C4_04110W	7	34	3	10	4	1	0	0	0	5	8	0	1	59	1	0	1	21	7	12	1	33	10	21
C4_04120C	176	186	90	358	295	115	22	10	11	111	212	57	173	71	307	4	17	33	122	103	215	82	189	265
C4_04130W	34	59	35	128	59	21	2	6	6	25	43	7	6	83	81	1	109	11	3	16	34	48	42	52
C4_04140W	23	87	10	56	27	2	0	3	10	12	42	15	78	19	17	4	8	1	2	38	6	46	37	97
C4_04150C	611	1119	205	519	80	146	371	278	271	164	288	114	1437	692	477	113	216	132	226	258	745	217	283	390
C4_04160W	113	214	11	6	60	65	4	54	56	11	22	20	64	26	4	2	5	14	5	13	42	116	33	61
C4_04170C	54	154	69	200	159	140	33	38	40	198	215	137	167	161	22	201	165	67	63	126	202	145	233	391
C4_04180C	7	6	0	1	2	2	0	0	4	0	0	1	0	1	1	0	0	3	0	1	1	22	1	3
C4_04190C	36	108	79	217	157	152	9	28	13	192	214	124	40	154	17	80	30	109	67	130	80	101	219	598
C4_04200C	0	0	0	0	0	0	0	0	0	0	0	0	0	0	0	0	0	0	0	0	0	0	0	0
C4_04210C	17	396	188	219	151	118	114	7	17	94	144	36	176	34	36	129	6	67	62	96	178	115	146	279
C4_04220W	46	139	40	84	153	90	3	8	3	35	61	51	45	56	6	213	11	22	95	84	68	114	62	217
C4_04230W	81	93	59	24	89	16	3	24	14	19	54	17	121	22	11	39	0	2	2	23	4	191	71	50
C4_04240C	1001	1607	1146	1851	1341	1527	515	162	186	615	1406	356	1155	580	947	1520	1772	1026	1052	1036	1218	441	522	852
C4_04250W	235	804	306	885	316	407	317	45	107	324	473	135	103	374	101	129	101	86	268	275	294	290	277	462
C4_04260C	1149	2125	1466	3270	2035	3011	386	79	74	1183	1654	528	1020	847	1250	714	319	1160	911	1589	1482	533	803	1706
C4_04270W	886	1673	314	486	367	547	165	79	55	283	360	195	51	35	403	691	66	107	89	199	494	252	390	571
C4_04280C	387	845	171	354	247	176	96	33	70	188	209	111	47	39	206	232	19	35	41	152	154	207	192	336
C4_04290W	2054	4596	657	2359	1066	599	316	190	48	953	1874	620	566	466	241	159	164	497	395	1153	806	367	1505	1734
C4_04300C	1189	2556	252	878	681	496	103	20	6	663	1157	304	195	226	199	358	319	377	320	732	439	56	708	865
C4_04310W	3216	6615	1758	3486	2059	2295	1868	1922	2485	1756	3061	1086	1119	1073	1050	2186	1955	2091	1987	1806	2134	326	1756	2370
C4_04320W	1070	3489	2307	3266	2545	2973	2163	1136	727	2844	3335	4721	2843	866	1004	6468	825	2515	2212	2068	4023	825	6987	8427
C4_04330C	321	225	66	362	167	85	25	486	85	175	114	45	32	26	155	379	172	289	50	88	42	160	86	226
C4_04340C	55	102	9	19	19	6	2	13	7	11	7	5	6	1	5	55	2	3	7	4	36	106	55	50
C4_04350W	33	94	22	59	39	29	3	10	14	29	55	18	2	4	3	10	5	14	11	28	22	108	28	43
C4_04360W	49	125	49	391	147	112	8	8	4	142	259	86	4	6	7	10	6	43	144	122	87	156	151	222
C4_04370C	342	657	166	712	465	227	61	120	40	204	409	99	187	140	230	119	762	89	199	162	199	483	336	477
C4_04380C	285	316	109	253	337	167	64	15	9	441	413	185	244	78	81	79	75	51	89	248	91	98	277	370
C4_04390W	168	392	19	16	21	11	24	85	111	35	22	19	242	123	13	0	0	6	16	13	7	79	38	22
C4_04400C	0	2	0	1	2	0	0	3	0	0	2	0	0	0	0	0	0	0	0	1	0	31	1	2
C4_04410C	879	1652	557	851	416	546	408	88	99	419	904	163	251	245	533	493	678	264	610	326	253	478	264	802
C4_04420W	315	1390	384	431	273	378	203	61	86	304	448	213	342	229	204	130	850	179	140	330	446	803	434	716
C4_04430W	38	84	1	9	5	6	0	9	21	4	13	1	8	2	1	4	1	4	6	0	5	134	6	2
C4_04440W	153	385	30	83	22	79	9	66	59	19	44	12	29	8	9	13	4	35	24	30	47	265	5	27
C4_04450C	1234	2629	1007	1298	973	596	619	325	198	509	1079	336	310	168	522	1663	1050	435	308	755	959	641	793	957
C4_04460C	2213	6508	3126	5876	4005	4918	2220	709	719	2860	4373	1245	2477	1089	1349	3504	2332	2103	2890	2558	4824	1207	2145	4861
C4_04470W	596	1162	482	1063	643	790	435	387	286	643	1146	373	630	467	478	698	160	715	772	681	578	383	671	990
C4_04480C	1319	3044	159	101	79	143	161	531	533	77	158	49	282	245	132	12	53	55	165	100	152	225	77	158
C4_04490C	4	20	1	3	4	5	3	8	15	7	17	6	5	4	1	0	0	0	0	1	0	27	4	6
C4_04500C	37	134	5	152	15	16	3	9	8	27	13	1	22	7	6	3	4	13	7	8	19	133	17	4
C4_04510W	1262	3439	1218	2269	1113	1702	330	970	388	1375	1724	827	379	441	569	310	332	1625	817	983	1319	811	1628	3037
C4_04520W	568	2688	902	1697	828	1001	676	769	464	600	1139	390	220	581	272	350	301	614	1153	518	890	321	666	975
C4_04530C	306	656	273	487	330	304	252	190	27	387	687	93	105	283	87	22	52	437	69	182	298	328	237	443
C4_04540C	427	482	334	576	558	506	187	34	16	579	692	635	211	73	201	269	176	337	464	504	444	113	1157	1804
C4_04550C	966	1264	1256	2246	1233	1305	1116	328	117	1411	2139	902	916	667	869	1489	371	733	1686	1285	1777	381	1334	3879
C4_04560C	851	1456	686	821	710	270	155	87	60	512	897	317	153	485	699	260	77	292	140	654	313	201	592	1077
C4_04570W	158	671	177	284	298	273	196	37	38	346	634	279	351	151	53	83	400	59	165	244	141	142	453	635
C4_04580W	9997	21831	7906	11777	6811	11719	7785	2726	2695	4689	7053	1636	4950	3298	4678	15823	8826	7366	7252	4499	7900	1578	2509	4806
C4_04590W	2916	6612	1879	2286	1696	839	663	1123	1592	1165	1408	900	6414	1901	2326	1004	1988	631	1061	1596	2388	587	1651	2867
C4_04600C	2170	3860	974	2721	1562	721	535	172	992	1420	2157	815	650	335	489	725	1347	1932	461	1376	1081	347	1387	2543
C4_04620C	19	28	25	71	44	54	23	1	2	38	59	36	12	14	7	29	10	3	29	33	22	33	28	71
C4_04630C	25	96	68	168	91	59	19	6	11	63	140	15	10	8	80	23	64	37	57	57	47	51	86	144
C4_04640C	345	252	271	405	353	350	581	400	281	316	463	78	268	39	106	156	343	411	437	183	273	101	184	287
C4_04650W	1251	4415	941	1265	786	1078	663	583	543	554	852	295	792	368	537	2934	391	1577	1199	692	873	145	247	725
C4_04660C	6969	19186	6403	10741	7195	6830	11613	9615	9160	5630	8554	3010	4575	1863	3921	17051	13135	12613	11027	5568	8123	1414	4596	9886
C4_04670C	197	1010	332	804	367	277	598	54	251	442	751	230	206	77	229	1441	958	179	757	210	871	400	313	466
C4_04680C	0	6	1	7	1	0	0	2	0	11	4	5	1	4	1	0	0	1	0	2	0	7	14	10
C4_04690C	1	2	1	3	5	2	0	1	0	6	10	9	1	0	3	0	1	0	0	4	0	12	8	10
C4_04700W	541	1094	581	472	252	151	498	154	159	209	308	162	2520	924	638	20	219	180	328	422	672	387	232	311
C4_04710W	1674	6658	1901	2090	1697	2629	2104	1753	1450	1559	2331	666	2547	1089	845	7057	1463	4517	3501	1449	1727	761	966	1187
C4_04720W	203	670	623	437	566	587	152	403	556	539	1020	286	144	81	127	1350	538	343	706	376	465	409	493	473
C4_04730W	1967	5126	2131	3005	2477	2867	1178	543	763	1425	2251	724	3087	1000	1037	1682	3118	1721	1343	1606	2699	530	1231	2700
C4_04740W	256	242	129	244	314	89	195	4	5	176	436	179	84	76	98	12	194	42	100	230	195	36	266	294
C4_04750W	448	1191	581	907	743	614	159	52	20	508	749	334	107	267	77	345	97	208	355	470	346	199	500	1082
C4_04760C	958	2429	788	1115	875	952	602	192	1068	399	730	317	827	304	195	2700	881	475	759	511	776	166	302	845
C4_04770C	1071	3047	1012	1089	842	1140	996	371	461	751	1537	596	474	197	477	665	294	869	741	823	1270	903	1213	1863
C4_04780W	2304	4091	2117	3559	2296	2696	956	677	388	1067	1585	448	1204	595	1240	2293	1077	1578	3013	1280	1867	479	771	1767
C4_04790W	214	259	253	444	392	271	53	114	67	325	488	244	191	61	354	94	79	276	294	133	221	281	393	491
C4_04800W	3245	9172	7041	5619	3797	5885	4008	2360	1345	1789	2951	541	15766	6240	7040	7181	3897	5621	6168	4596	8185	507	745	1783
C4_04810C	17	123	7	8	8	13	16	9	12	11	10	0	3	89	2	5	0	23	9	4	7	179	12	36
C4_04820C	23	58	2	40	0	1	1	5	9	12	12	2	5	0	4	1	3	1	2	8	7	78	16	55
C4_04830W	346	286	206	381	128	110	15	15	22	100	142	24	206	33	120	199	3	48	80	90	33	204	96	178
C4_04840C	1245	2072	1239	1726	1609	1551	1207	1415	1157	1118	2018	391	640	577	664	2248	1102	1352	1557	1144	1130	318	532	1158
C4_04850C	406	405	398	718	821	600	326	355	345	622	740	229	152	655	165	257	267	307	320	469	358	463	433	876
C4_04860W	74	141	69	23	7	14	6	57	41	8	17	24	56	10	16	9	0	44	8	6	28	68	17	18
C4_04870C	360	629	505	369	238	229	315	155	199	210	235	141	875	178	262	87	70	162	248	234	438	294	194	345
C4_04880W	339	819	435	704	500	377	48	25	320	422	610	254	115	392	352	216	329	82	369	523	622	143	478	843
C4_04890C	1030	2036	147	194	97	81	50	337	367	87	139	71	371	93	74	272	4	31	49	144	338	82	143	224
C4_04900W	158	344	40	42	4	3	19	102	119	24	9	19	117	91	24	154	0	27	29	36	32	61	17	54
C4_04910C	10	11	9	24	32	41	4	2	1	27	36	9	2	0	0	12	0	92	26	13	33	63	57	66
C4_04920W	982	1899	800	1182	668	548	751	602	365	749	1276	153	916	340	225	198	1169	1045	857	460	545	262	399	782
C4_04930C	208	291	148	544	314	188	115	13	32	245	363	63	194	45	89	53	366	307	194	186	111	94	79	227
C4_04940W	10	19	11	148	34	3	2	2	2	35	18	5	4	6	1	4	3	9	3	17	20	51	27	76
C4_04950W	12	16	6	28	5	0	0	0	15	9	2	1	0	0	2	0	0	1	0	0	0	26	1	2
C4_04970C	18	72	2	0	2	3	1	26	16	0	10	3	7	1	4	1	0	0	1	3	2	78	7	9
C4_04980W	36	62	63	42	40	53	44	4	11	57	68	30	6	65	64	2	4	9	5	49	46	160	57	150
C4_04990C	34	46	7	7	54	3	4	11	7	35	17	14	55	16	32	5	3	1	30	15	45	138	25	45
C4_05000W	365	398	117	282	308	78	66	11	8	176	276	58	84	11	98	1	272	70	113	203	210	82	168	284
C4_05010W	1019	1632	560	1001	1083	723	286	99	134	745	1042	328	267	82	841	1886	488	589	627	433	778	398	423	738
C4_05020W	1	1	0	5	3	0	0	0	1	3	2	2	0	2	0	0	0	0	0	0	0	3	6	11
C4_05030C	2029	5627	1922	5113	3377	3519	1317	395	318	2339	3948	1042	2152	1286	879	4847	2263	3471	2997	1984	2084	811	1820	2410
C4_05040W	3	3	1	0	2	1	0	1	0	2	6	0	0	0	0	0	0	0	0	0	0	6	9	4
C4_05050C	256	670	28	192	87	33	11	18	103	38	93	5	64	10	26	5	3	5	15	54	13	102	86	82
C4_05060W	872	2545	823	1774	1138	1186	924	193	1382	832	1068	445	661	1102	129	621	694	903	924	548	748	778	756	1676
C4_05070C	209	703	241	735	493	329	149	50	43	214	395	173	179	321	54	213	470	227	167	226	236	131	604	809
C4_05080C	468	1498	445	1572	919	1160	405	248	128	691	933	249	265	322	505	583	352	808	526	450	560	351	305	1066
C4_05090C	534	838	296	667	616	296	425	180	30	593	794	165	270	186	61	59	204	272	257	415	537	399	306	631
C4_05100C	1348	2656	1007	1266	1288	1036	497	574	322	723	877	571	1127	600	555	1074	863	727	815	713	955	542	795	1369
C4_05110C	89	106	27	32	19	127	3	20	30	31	22	12	32	52	26	9	13	6	8	35	12	145	41	20
C4_05120C	40	21	26	86	57	15	13	0	0	60	71	16	11	51	20	17	24	0	18	34	26	23	88	96
C4_05130C	277	115	115	287	262	73	254	13	38	237	262	116	23	39	123	206	211	86	91	108	86	200	177	411
C4_05140C	2421	4600	1121	1686	997	1175	1549	136	252	848	1021	488	2508	1372	1245	650	535	1021	636	1207	1916	536	1439	2288
C4_05150W	1730	864	391	489	487	339	314	35	40	188	246	40	309	13	281	585	87	284	561	370	164	210	34	63
C4_05160C	21	16	2	17	23	2	0	2	2	1	12	0	3	7	0	2	1	0	2	0	11	31	2	7
C4_05170C	56	120	34	67	75	6	6	13	15	106	98	48	6	12	15	13	9	11	74	65	66	238	53	100
C4_05180C	242	374	231	102	181	344	26	92	58	124	250	90	97	220	45	13	268	154	65	141	28	350	125	363
C4_05190C	162	307	199	144	224	79	116	22	27	40	115	27	12	211	58	11	23	58	153	89	87	196	25	47
C4_05200C	43	55	29	16	7	18	2	27	18	7	40	51	4	1	1	4	5	2	5	6	7	173	25	69
C4_05210W	95	193	90	18	40	7	4	9	22	18	23	27	38	22	24	7	8	1	0	48	15	69	46	85
C4_05220C	17	86	3	3	15	16	1	0	0	1	14	4	0	13	0	4	6	0	0	10	0	38	7	12
C4_05230C	5	12	2	1	4	0	1	0	4	4	17	7	0	4	1	1	0	0	1	1	1	29	7	5
C4_05240C	418	919	413	604	540	221	375	87	112	320	362	56	237	128	75	207	153	256	164	357	302	166	148	697
C4_05250W	0	4	0	1	0	0	0	3	2	1	2	0	1	1	1	0	2	1	0	0	0	53	6	0
C4_05260W	43	54	2	30	50	76	0	8	18	6	38	12	3	1	0	32	0	15	69	41	1	70	15	54
C4_05270C	6	32	1	11	1	1	1	5	3	5	11	0	0	1	1	9	0	11	0	12	0	31	2	16
C4_05280W	276	718	123	387	226	421	123	98	110	194	299	93	197	45	340	51	20	243	27	185	198	654	241	410
C4_05290W	127	186	53	254	286	59	16	17	13	141	206	122	121	113	99	17	54	68	89	153	185	266	212	335
C4_05300W	693	820	183	673	535	335	65	40	172	319	427	186	248	114	126	82	240	187	99	521	102	152	420	734
C4_05310W	11	22	1	28	52	2	0	1	1	16	19	12	25	1	1	0	0	0	0	10	3	36	28	14
C4_05320W	196	558	378	47	30	8	149	96	301	16	8	19	414	389	136	3	6	1	255	211	564	41	19	21
C4_05330C	20	62	16	14	40	13	1	3	5	0	29	2	1	0	9	1	1	1	0	15	2	52	18	20
C4_05340W	12	22	22	8	28	10	48	1	3	0	60	1	7	1	0	0	4	1	4	37	8	112	10	3
C4_05350W	274	746	219	1035	697	526	342	45	22	957	1086	437	554	131	241	430	329	1138	226	395	314	205	708	607
C4_05360C	5	25	0	0	1	0	0	3	0	0	4	0	0	1	0	3	0	0	0	10	0	32	0	1
C4_05370W	156	416	40	101	37	23	69	809	43	24	32	10	46	117	81	7	5	7	18	43	27	210	24	64
C4_05380C	7	25	1	0	0	1	1	4	9	0	0	0	2	1	1	0	1	0	2	0	1	22	0	1
C4_05390W	48	146	13	26	51	76	2	11	10	62	62	44	23	22	32	14	5	9	4	10	27	143	86	160
C4_05400C	35	19	0	8	15	4	0	8	3	28	58	15	0	7	34	1	9	5	0	3	40	48	24	38
C4_05420C	154	265	87	547	596	175	61	20	17	407	538	277	81	119	35	25	40	96	90	330	140	237	776	910
C4_05430C	1843	2173	1178	2427	1843	1848	1192	358	803	882	1655	240	969	778	650	1179	586	896	1072	1128	1291	255	657	1450
C4_05440C	315	314	277	538	380	376	106	996	369	258	449	205	256	761	99	318	136	565	317	231	201	357	285	1165
C4_05450C	134	344	12	2	0	7	2	49	65	6	4	0	47	22	12	2	4	0	6	6	17	61	1	5
C4_05460C	37	84	22	25	48	14	1	17	16	20	22	18	28	84	1	4	14	2	8	8	19	154	26	148
C4_05530W	278	554	215	493	404	381	212	114	83	298	444	174	437	222	225	303	86	173	342	280	306	221	261	534
C4_05540W	332	397	121	399	295	354	77	114	65	204	344	133	317	242	170	797	250	357	37	171	570	269	198	464
C4_05550C	120	177	106	254	119	136	7	26	26	30	83	41	23	17	32	14	15	14	79	70	32	92	122	163
C4_05560C	124	159	35	51	123	100	21	28	28	39	54	16	32	28	92	7	6	6	42	73	22	212	58	181
C4_05570C	205	704	252	345	305	283	278	19	24	285	623	114	60	85	40	91	88	267	234	335	209	116	252	306
C4_05580C	14	223	13	5	4	9	0	4	18	18	9	0	35	1	6	7	16	1	3	19	1	207	3	7
C4_05590W	4866	8660	3283	6238	3527	3755	2849	1028	1080	2646	3160	1055	2419	2095	1667	5997	2058	2263	3484	3297	3970	1227	1673	4517
C4_05600W	360	698	188	595	301	248	110	94	22	338	531	93	351	176	62	139	20	199	197	202	222	307	157	384
C4_05610C	2251	5153	1907	2293	1266	809	521	844	881	682	1266	676	1721	769	701	118	1003	935	1487	1469	2140	803	913	2207
C4_05620C	56	313	164	173	127	19	75	13	21	124	231	37	51	26	72	5	5	8	9	119	111	140	137	143
C4_05630W	203	421	308	370	463	193	103	17	30	273	406	34	143	21	55	457	18	324	149	211	163	261	108	227
C4_05640C	155	355	227	341	216	123	10	8	31	118	140	71	115	20	26	89	263	68	130	102	35	191	113	323
C4_05650W	215	529	217	913	535	739	171	23	56	514	580	333	232	230	190	158	54	158	463	302	426	223	573	952
C4_05660C	201	547	420	911	552	821	210	30	139	451	715	284	71	349	314	174	36	147	200	430	318	305	536	973
C4_05670W	897	1637	692	1060	681	1120	135	148	66	496	756	79	482	161	265	1199	316	200	837	499	318	426	241	399
C4_05680W	1415	4220	1697	2031	1493	1386	1650	3426	415	1146	2029	486	1008	866	770	1280	2459	1250	1609	1159	1623	664	871	1881
C4_05690W	401	896	507	210	195	164	372	318	72	161	281	26	696	340	242	20	111	441	92	227	362	278	125	211
C4_05700W	162	196	39	760	206	510	59	94	12	229	554	78	31	47	414	1682	55	125	138	153	200	228	145	352
C4_05720W	86	78	100	64	34	22	119	1	4	107	120	26	1	2	84	4	56	85	72	26	63	42	69	117
C4_05730W	124	617	73	251	118	201	8	16	14	93	118	46	183	62	76	200	265	9	71	129	16	93	128	325
C4_05740C	2473	6004	1479	3159	1698	2199	1116	1065	316	1148	1841	785	1046	1104	936	3707	843	698	2076	1689	1310	725	1306	3038
C4_05750C	30	45	5	54	14	2	2	10	10	20	20	24	3	0	0	9	4	95	2	2	4	132	26	79
C4_05760W	72	192	46	40	75	95	4	26	57	62	73	55	20	43	2	10	4	112	8	52	57	216	62	91
C4_05770C	102	241	210	177	172	21	125	8	18	214	188	30	52	12	200	20	7	48	139	182	411	340	146	109
C4_05780C	60	217	207	360	233	58	234	101	28	117	151	31	54	24	6	147	47	167	121	94	14	302	22	79
C4_05790W	920	2200	332	1005	937	280	145	185	28	411	834	266	870	583	292	33	229	74	22	766	327	328	664	1746
C4_05800C	83	68	60	77	52	52	16	55	95	67	121	31	15	14	4	505	28	37	15	38	65	313	40	89
C4_05810W	395	649	41	338	232	200	102	54	68	156	185	81	137	19	73	405	6	374	181	111	81	176	150	428
C4_05820W	26	30	1	6	11	21	1	13	18	4	5	4	6	18	1	0	1	0	2	4	2	25	15	41
C4_05830W	132	96	4	9	10	3	2	7	3	7	13	5	0	4	1	3	202	1	2	12	3	33	21	51
C4_05840W	86	494	17	14	20	29	269	7	16	19	53	2	60	9	107	47	15	221	8	11	26	263	43	16
C4_05850C	15	585	46	70	71	70	6	21	21	42	53	23	117	34	11	4	2	14	12	77	147	153	31	55
C4_05860W	27	33	21	51	48	13	18	4	8	41	68	32	13	6	47	0	87	45	4	27	8	42	64	64
C4_05870C	21	29	8	44	42	22	31	11	0	29	48	16	23	7	2	5	4	5	7	21	6	52	36	78
C4_05880W	1671	4008	1174	2260	1615	1306	669	1061	856	1441	2035	883	629	692	561	1340	870	1254	936	1104	1095	512	1213	2004
C4_05890W	11	12	8	4	5	3	3	3	1	10	15	8	0	0	1	5	2	1	0	1	2	19	22	25
C4_05900C	178	688	402	503	428	195	182	76	81	41	150	26	198	142	75	163	1500	224	449	218	208	154	68	96
C4_05910C	95	163	106	364	330	97	74	12	15	242	368	77	92	170	54	43	15	43	83	165	82	156	246	343
C4_05920C	383	670	444	870	746	436	304	31	26	372	691	153	289	207	194	341	434	70	424	434	558	248	372	968
C4_05940W	38	59	10	214	59	125	5	22	32	17	79	5	216	23	73	34	4	4	31	34	13	124	11	112
C4_05950C	6	55	1	8	4	3	0	1	2	24	43	25	0	0	0	2	0	0	1	4	0	48	41	32
C4_05960W	134	386	60	148	80	35	54	41	18	94	136	50	40	48	11	25	1	14	19	65	48	99	114	150
C4_05970W	1371	2262	737	1447	1306	906	1588	404	634	661	1510	310	266	164	567	703	349	819	1297	1035	1048	360	575	1055
C4_05980C	241	385	241	176	41	119	20	12	13	148	103	20	13	56	101	34	107	32	74	138	185	326	75	294
C4_05990W	70	7	66	3	30	22	0	5	2	2	0	8	3	12	22	10	51	1	4	3	40	50	13	29
C4_06000W	173	592	241	416	253	173	16	23	33	198	355	244	21	211	410	298	25	121	177	79	202	189	306	692
C4_06010C	277	556	392	794	341	525	98	46	32	389	582	181	26	416	226	74	290	196	601	366	148	241	505	639
C4_06020C	1706	4652	1402	2545	2101	2007	493	140	102	1472	2162	730	635	620	697	2461	1291	1114	537	1418	2203	523	1456	2392
C4_06030W	289	641	41	61	46	33	27	151	160	49	82	13	95	101	44	12	17	30	61	27	56	185	46	65
C4_06040W	95	383	132	355	376	178	24	36	15	203	404	108	82	95	22	232	26	148	103	361	180	156	241	623
C4_06050W	189	545	423	486	530	367	52	72	232	390	617	277	44	139	36	72	609	426	368	263	536	147	545	916
C4_06060W	5560	16398	9311	12001	8737	12799	7200	10048	8655	6221	8537	3179	9510	6822	4865	23933	6896	9624	12698	8767	13120	2367	4274	11054
C4_06070C	35	70	3	1	0	0	2	12	18	3	4	4	4	0	6	3	4	1	5	3	4	145	8	25
C4_06080W	6	15	6	5	3	0	0	0	0	0	3	2	10	3	7	1	0	0	0	0	0	19	0	4
C4_06090C	55	125	123	187	213	163	35	23	7	39	125	46	323	29	61	15	86	96	77	22	44	241	117	142
C4_06100W	478	1122	288	846	706	381	127	29	28	616	907	505	139	234	164	27	198	235	246	397	409	339	912	1381
C4_06110C	3100	7827	4780	6102	4481	5239	3436	2455	2602	3671	5345	3178	2227	1375	2985	8484	6094	6711	6089	2916	5940	796	4357	7541
C4_06120W	2970	7895	2114	2779	1682	1487	1190	2424	841	1905	2872	960	1354	648	1468	1310	929	1078	1436	1420	2369	719	1858	3436
C4_06130W	16594	32736	10478	17681	10991	16304	9098	13255	9214	6269	9750	2013	11658	4985	4584	19542	8237	10221	11321	8412	11809	2567	4173	8781
C4_06140C	973	1667	357	416	506	498	218	158	55	378	750	66	345	129	67	560	402	160	134	244	628	195	195	392
C4_06150C	14	17	4	8	43	12	3	1	1	22	34	52	1	9	0	4	0	13	1	17	0	84	37	47
C4_06160W	30	31	24	58	117	68	13	3	5	86	114	19	179	110	3	3	6	1	27	45	42	119	76	187
C4_06170C	192	203	26	187	128	44	40	10	8	148	190	59	9	66	18	4	16	4	58	97	8	55	216	416
C4_06180C	65	193	10	154	91	9	2	3	4	79	107	51	2	0	14	2	1	0	1	62	3	57	140	323
C4_06190C	460	2600	456	900	633	640	259	280	40	560	657	294	403	63	187	182	607	206	485	489	755	377	509	1211
C4_06200W	17	26	13	50	34	4	0	0	1	29	17	22	2	7	20	2	0	2	2	7	7	30	32	47
C4_06210C	295	797	122	492	210	258	127	161	50	212	325	102	40	126	70	34	60	99	78	185	184	451	187	520
C4_06220C	93	74	37	129	122	315	129	10	12	98	139	42	3	62	59	331	249	191	15	73	114	123	105	170
C4_06230C	4088	9094	2183	4388	2998	3437	1349	555	419	2220	4448	973	1382	843	1291	1900	2063	3015	2050	2978	3453	324	1499	3686
C4_06240W	42	62	42	115	31	6	6	18	14	43	86	11	7	1	32	54	2	24	39	59	4	109	50	111
C4_06250C	1731	2026	1809	3292	1888	1784	450	168	117	1042	1326	257	1810	718	844	2638	2131	1221	1611	1282	2067	425	657	939
C4_06260W	33	14	2	35	40	50	0	4	118	24	130	2	1	5	11	1	2	2	48	13	11	130	4	25
C4_06270C	225	464	27	91	50	3	8	42	69	19	66	11	34	8	9	2	5	6	14	25	20	94	43	58
C4_06280C	331	632	362	407	245	189	132	25	320	384	434	125	28	166	35	451	178	209	31	231	266	207	271	264
C4_06290W	164	297	63	139	116	58	10	3	2	116	139	51	1	70	22	2	26	9	4	132	107	47	189	400
C4_06300C	955	3533	702	1818	1465	1037	393	32	13	768	937	519	165	438	311	118	290	615	359	922	756	148	734	2295
C4_06310C	374	997	512	1060	914	212	69	59	21	1014	1118	755	136	122	192	106	209	299	511	861	521	333	1386	2320
C4_06320C	0	12	0	2	0	4	0	2	0	0	7	0	19	0	0	0	1	0	3	2	0	20	1	3
C4_06340W	223	510	21	104	11	20	11	110	143	7	26	20	105	204	85	2	5	2	22	7	25	234	15	24
C4_06350C	45	77	6	5	3	3	6	11	19	5	4	2	54	6	2	4	4	2	7	16	15	84	15	17
C4_06360C	52	10	209	369	41	1	2	4	0	43	95	21	1	2	1	8	0	17	96	26	64	60	53	344
C4_06370C	151	292	76	625	562	321	99	12	31	356	630	179	92	18	22	105	546	330	52	176	213	277	442	1174
C4_06380W	15	53	98	22	10	5	11	9	110	19	42	16	1	31	4	84	161	6	9	32	50	142	65	174
C4_06390W	189	681	80	290	144	40	84	40	415	50	89	38	71	42	45	4	202	114	111	52	64	93	58	107
C4_06400C	64	290	65	135	24	75	92	25	30	44	41	2	235	11	10	8	105	73	69	70	47	82	19	44
C4_06410W	23	43	1	14	29	34	5	1	0	34	47	8	7	6	0	18	8	5	1	11	4	69	30	60
C4_06420W	868	2002	378	537	477	128	80	405	1419	268	349	57	355	390	482	17	10	2	381	409	509	143	164	293
C4_06430C	13	29	4	6	0	5	0	8	5	0	6	8	4	8	0	2	36	1	0	1	3	173	27	13
C4_06440C	43	182	17	44	69	26	21	5	18	78	45	35	7	120	77	6	63	7	18	133	25	89	83	71
C4_06450W	17	20	15	3	21	1	35	0	3	5	4	1	1	3	7	1	0	0	0	47	0	33	14	10
C4_06460C	1	3	0	1	1	2	0	3	2	4	3	0	2	1	0	0	0	0	0	0	0	21	3	1
C4_06470W	89	204	52	1	24	4	5	32	36	9	12	2	81	59	36	6	1	2	41	42	59	97	10	13
C4_06480C	17	41	2	1	9	4	1	8	14	2	0	0	11	16	4	3	0	0	1	6	0	84	0	3
C4_06490C	6	32	23	4	8	10	0	8	4	10	10	13	5	3	2	6	0	2	3	13	3	68	17	22
C4_06500W	169	469	53	46	42	24	15	62	77	10	17	4	49	81	19	11	4	2	18	68	20	206	34	49
C4_06510C	10	37	1	24	30	2	2	4	9	10	20	1	2	1	0	2	8	0	27	8	1	30	8	10
C4_06520W	10	19	2	3	0	3	0	1	2	10	5	0	1	0	1	79	20	1	8	7	4	26	11	10
C4_06530C	249	318	215	589	245	291	64	74	184	201	304	65	186	99	27	925	675	297	563	68	467	279	171	279
C4_06540W	250	289	206	130	153	82	10	41	48	59	149	63	17	38	43	30	3	48	29	91	30	375	148	97
C4_06550C	2282	5298	2764	7188	4823	5953	2623	1179	1640	3325	5598	1045	2833	1904	1808	7991	2135	3868	2798	3480	3768	1306	2085	3733
C4_06560W	32	136	19	11	42	16	4	0	11	40	33	5	5	16	1	7	10	11	34	42	6	56	32	47
C4_06570C	56466	130030	63351	1026	361	729	15065	37945	33838	240	539	149	394007	141184	144783	968	2047	424	39752	26055	58023	1668	790	645
C4_06580W	52	104	13	55	7	2	1	7	7	6	14	3	10	8	8	6	7	4	3	2	2	220	15	23
C4_06590W	17	49	18	35	56	50	3	8	2	29	72	11	11	10	1	4	2	40	4	12	16	50	41	75
C4_06600W	1803	5232	2284	4929	3208	4863	2490	2207	2515	2989	4688	1948	1242	1285	1489	7069	1833	2590	3322	2086	3332	1759	2346	4889
C4_06610C	1243	2424	981	1552	744	707	2203	1487	662	742	1378	442	3148	1026	2302	3601	216	1084	1158	921	1779	502	567	976
C4_06620C	8	12	3	16	7	16	0	1	4	20	32	2	0	0	1	0	6	0	5	25	29	68	23	32
C4_06630C	24	68	46	155	98	79	1	4	9	58	84	21	3	95	40	98	0	40	30	25	9	40	59	91
C4_06640C	6	27	16	53	38	25	0	1	1	39	48	27	4	69	18	34	0	7	27	22	2	31	23	63
C4_06650W	105	850	69	153	151	21	14	39	26	99	164	98	474	15	23	15	13	33	71	73	87	279	152	312
C4_06660W	43	163	64	223	134	103	13	11	0	77	74	54	84	28	18	13	122	26	21	84	59	51	57	132
C4_06670W	61	170	40	166	99	103	10	28	8	84	202	36	15	60	43	6	313	56	24	80	152	88	179	232
C4_06680C	1048	2010	970	1575	372	779	357	779	71	338	616	118	1024	187	333	949	2405	1052	726	179	1304	485	238	652
C4_06690C	59	131	4	8	12	17	23	17	13	36	30	12	10	9	75	380	0	1	61	35	26	52	17	31
C4_06700W	5	12	31	38	9	9	38	6	0	23	39	5	0	5	57	8	1	3	35	30	21	32	7	36
C4_06710W	451	611	424	700	408	159	130	30	51	348	504	77	67	65	295	12	271	212	76	477	390	199	203	230
C4_06720W	532	1994	576	988	275	295	1907	117	3322	342	509	115	1067	386	441	1860	228	636	340	428	293	236	208	130
C4_06730C	103	581	57	149	70	33	77	133	61	64	151	54	51	20	102	20	12	52	96	69	134	174	126	221
C4_06740C	856	775	559	887	663	676	273	812	930	774	1445	165	476	280	171	727	837	604	656	295	516	319	415	574
C4_06750C	179	264	94	220	120	131	5	5	3	67	129	27	66	15	6	7	3	57	23	69	113	46	67	200
C4_06760W	344	1438	904	1318	640	1126	884	676	1869	619	767	310	572	709	704	1452	870	982	695	632	832	336	301	1215
C4_06770W	418	323	293	1164	673	729	186	55	96	532	942	391	531	483	326	1200	553	1118	569	518	480	247	664	1486
C4_06780C	782	1269	197	138	67	50	29	118	128	99	154	52	307	109	224	272	531	27	81	103	52	257	67	175
C4_06790W	128	194	99	39	110	63	2	56	16	84	154	37	31	18	95	7	7	7	50	77	47	118	38	67
C4_06800W	367	2338	288	459	428	486	121	51	42	262	412	317	50	46	138	931	256	385	218	460	742	369	586	777
C4_06810C	1201	3011	958	2145	1569	1313	624	93	75	897	1858	991	1521	365	865	829	1115	967	1947	1083	1654	384	1360	2695
C4_06820C	2434	6176	1445	4189	2485	3180	3101	3522	3580	1473	2869	894	1616	427	1125	13928	4581	4688	3452	833	3466	1020	1295	2910
C4_06830C	212	350	147	176	127	104	10	42	50	80	98	45	56	202	75	5	20	104	179	84	53	248	74	158
C4_06840W	211	214	155	310	195	147	20	7	8	182	218	34	29	14	30	152	13	221	102	95	110	82	41	228
C4_06850C	912	1810	910	1380	1192	531	185	69	58	806	1358	239	330	217	306	308	190	835	941	530	777	195	332	1282
C4_06860C	218	891	666	824	543	467	626	63	23	503	792	169	607	575	324	1547	689	773	486	350	756	148	233	784
C4_06870W	1493	6941	1108	2361	1598	1900	1221	1035	1136	882	1541	385	1634	532	799	945	1744	1445	981	1130	2101	289	681	1261
C4_06880C	55	177	142	248	152	45	18	6	5	169	150	243	67	33	15	7	57	57	55	146	69	45	374	700
C4_06890W	402	863	285	460	466	280	145	32	22	251	479	134	168	34	133	47	63	172	164	254	311	173	401	574
C4_06900W	103	247	261	369	589	361	83	18	17	195	258	48	341	28	38	27	26	26	90	299	160	96	183	509
C4_06910W	431	2067	575	1084	931	748	313	63	46	486	739	356	14	190	153	2057	238	210	250	349	355	286	486	1008
C4_06920C	1270	4352	1256	1577	1167	1148	1464	669	2645	1053	1629	823	486	326	498	3099	1658	2701	1039	707	1171	264	994	1568
C4_06930C	306	414	413	668	310	540	190	145	46	268	524	81	295	52	280	174	228	103	299	240	241	137	172	340
C4_06940C	87	145	143	152	170	172	18	16	14	36	133	27	244	18	60	78	85	6	204	151	35	149	23	150
C4_06950W	154	58	23	185	66	74	6	13	37	90	154	16	12	22	20	55	74	15	43	75	60	109	51	152
C4_06960W	265	261	312	656	391	527	286	135	32	456	760	192	138	41	120	393	329	678	257	293	191	141	338	567
C4_06970C	406	178	366	835	486	545	136	13	7	447	527	261	253	8	98	411	153	400	136	277	69	215	383	654
C4_06980W	99	219	154	392	241	142	18	12	32	105	222	79	25	30	8	25	50	4	61	188	85	217	116	296
C4_06990W	889	2402	927	2961	2044	1893	925	1152	1986	2445	3628	1477	414	504	1075	4487	2207	1455	1497	1451	1586	559	2686	3562
C4_07000W	307	583	145	304	134	123	65	18	299	230	259	115	44	27	110	424	416	295	161	140	143	230	218	455
C4_07010C	359	408	174	672	405	285	118	12	25	378	714	103	162	139	166	65	202	109	219	366	240	118	267	379
C4_07020C	37	60	44	269	278	149	27	8	4	121	244	183	5	5	171	116	98	107	50	93	68	103	212	545
C4_07030W	1456	6126	2332	4066	2900	4323	1247	163	149	2354	3737	1326	2455	1108	1413	3375	2160	3070	2330	2215	2959	279	1816	3500
C4_07040W	1107	3557	800	2317	1113	1726	824	363	427	762	1425	445	536	483	288	2171	652	1125	1907	861	1308	1851	559	1574
C4_07050W	385	823	307	727	536	295	320	93	138	467	472	273	178	271	186	889	123	453	626	293	217	167	468	670
C4_07060W	4842	10926	5074	6350	4777	5386	4843	1569	1722	2987	5065	1184	1896	1335	3697	11884	4067	4741	6006	3326	5207	862	2423	5209
C4_07070W	86	180	36	316	56	63	72	6	9	102	311	88	28	18	133	15	19	17	6	73	45	93	116	241
C4_07080C	159	446	128	496	139	217	14	97	331	138	214	94	64	20	31	21	55	188	46	98	66	514	80	159
C4_07090C	548	870	190	600	474	381	214	51	44	345	600	310	103	135	97	41	94	185	249	337	383	354	402	614
C4_07100C	14737	36689	12554	18681	10771	14693	12196	11495	9316	10449	15513	4971	6962	3285	4900	36231	12661	14672	13425	8830	12751	2112	8824	15271
C4_07110C	2339	4264	2263	3134	1801	1921	1254	934	404	1407	2075	917	3185	825	1452	1438	1992	1316	2092	1543	2274	443	1277	2731
C4_07120C	952	1546	1743	2601	1515	2690	640	1332	569	1158	1923	722	2797	658	852	579	583	1550	1799	1155	3208	515	1019	2444
C4_07130W	2407	3853	1508	2353	1630	1604	1908	387	484	1459	2685	1126	647	729	440	5510	1916	2928	2111	1313	1344	904	1733	2883
C4_07140W	1140	4327	969	2052	1350	1209	1218	267	308	1185	1870	1257	1046	910	820	3095	1599	2756	2299	1105	1935	257	1556	2995
C4_07150W	512	1110	259	895	488	528	240	39	46	606	841	575	480	377	259	967	582	554	600	498	678	124	825	1469
C4_07160W	74	59	16	135	62	52	17	5	61	89	83	93	11	33	47	200	46	21	16	91	69	21	77	246
C4_07170C	15	46	5	43	30	30	2	3	11	11	42	19	3	16	21	3	3	3	5	29	5	21	32	70
C4_07180W	949	1805	54	55	61	52	33	475	533	7	59	19	286	132	64	6	0	0	24	58	41	125	27	89
C4_07190W	4115	9510	3898	6208	4278	4541	1826	1306	417	3073	4514	1444	1729	1227	1914	3522	2584	3579	2774	3520	4459	617	2484	5053
C4_07200C	4256	9546	4578	5562	3798	4278	5111	6893	8405	4853	7785	3398	3610	1197	1729	13975	5998	7880	5243	3025	5497	1015	4684	7151
C4_07210W	5440	11007	5783	5448	4454	4944	5352	3804	3179	2489	3370	1108	1924	2044	1569	12070	4393	3988	5781	3100	4391	571	1574	3049
C4_07220C	17169	42054	17306	16768	9367	12614	20944	7023	8931	7707	10830	6378	11596	3842	6421	43630	18406	20473	23511	9829	18782	1838	8401	13847
C4_07230C	7984	18887	9105	11199	7061	10110	8043	3833	6270	3982	6095	2942	3651	2179	4422	25333	10029	10832	9110	3645	7948	2425	4133	8545
C4_07240W	735	719	737	942	675	825	197	48	58	435	643	275	332	141	307	671	134	376	196	192	424	191	451	1032
C4_07250C	123	197	87	157	209	148	43	22	15	124	180	65	101	42	21	193	18	42	101	124	80	92	152	261
C4_07260W	333	449	163	174	96	157	84	38	8	109	202	194	88	43	101	61	111	166	133	106	130	54	212	305
C5_00010W	52	193	70	164	95	62	39	12	61	60	89	18	45	59	14	24	40	35	37	53	67	60	71	83
C5_00030W	1941	5264	2085	2162	1121	2120	2441	2732	1986	1290	1887	702	2196	610	1314	5114	2808	2099	1842	1101	1857	550	810	1704
C5_00040C	5980	16676	4839	4861	2996	4533	4822	2872	1338	2942	4492	1864	2111	1078	2053	7404	6754	4495	5309	2485	3151	1300	2164	4295
C5_00050W	931	4941	665	1074	680	801	371	199	131	582	806	257	365	64	536	554	686	816	599	682	813	418	543	1159
C5_00060C	1955	4106	2262	3948	2945	3850	2321	3783	3143	2136	3811	789	1684	650	951	3834	2887	3925	3750	2369	3574	826	1883	2946
C5_00070W	1403	3457	1558	2907	1514	2292	824	793	90	697	1025	392	851	955	1023	1474	128	1917	1565	672	1431	237	472	1379
C5_00080C	1219	4883	816	1828	1052	1089	305	114	109	508	651	237	204	355	419	1823	223	708	1034	799	977	234	368	1036
C5_00090C	1075	2942	500	643	518	424	379	200	67	433	514	157	145	149	544	166	126	162	490	366	752	312	233	713
C5_00100C	1076	2986	868	1077	1136	1026	921	310	301	897	1062	243	562	301	717	1354	550	651	1017	781	1037	322	348	1135
C5_00110C	1660	3104	2288	2362	1971	3100	3362	2872	7987	1957	2538	666	4231	1204	1111	11756	3732	3246	3116	1658	3257	1125	847	2276
C5_00120W	90	351	138	133	95	117	67	14	43	44	89	21	41	24	23	355	8	24	112	45	81	76	25	47
C5_00130C	138	1082	329	313	390	419	314	40	208	138	361	87	157	164	85	949	7	48	420	192	238	77	74	127
C5_00140C	171	659	36	145	164	103	22	28	97	106	210	29	66	11	164	156	149	95	42	94	108	75	79	165
C5_00150C	299	679	168	202	184	143	43	76	113	142	116	51	105	31	72	1663	109	318	115	115	91	401	179	244
C5_00160W	124	123	236	229	118	172	100	28	25	125	255	85	27	77	16	840	29	140	129	137	95	146	234	391
C5_00170W	507	1499	924	1670	832	1183	162	84	43	432	947	267	523	296	169	2984	654	1471	1113	470	1066	404	516	932
C5_00180W	2131	4919	3892	4284	2740	4196	2112	1156	1069	2380	3997	1196	4057	1140	1989	7463	2607	5598	4194	2509	4508	1133	1815	4668
C5_00190C	9765	26143	17381	2413	1522	1774	5419	7371	8349	1432	2178	807	41477	15310	13166	2640	2165	1566	11017	6930	18114	1223	1249	2788
C5_00200C	3491	6091	3020	2465	1274	1199	3967	5051	4839	570	1225	433	7346	3813	1675	2482	2575	1895	4422	1421	3225	958	680	814
C5_00210C	326	759	138	212	104	86	14	61	438	19	79	29	83	39	116	9	82	65	75	173	110	350	143	104
C5_00220W	2448	4852	2375	3002	2644	2217	1439	2230	1069	2329	3139	1547	3246	1595	1553	2111	2038	1795	2520	2534	3912	770	3117	3750
C5_00230C	709	1085	1158	1570	1663	1653	693	46	30	1570	2420	1188	381	323	349	758	780	689	617	1171	1077	273	1816	2402
C5_00240W	871	2838	659	1435	716	884	71	52	63	462	741	277	108	259	364	376	204	340	462	553	440	241	388	245
C5_00250C	480	775	229	274	278	181	227	12	97	217	312	158	106	208	149	321	164	50	150	221	407	138	369	233
C5_00260W	1643	3307	921	891	842	422	219	98	79	534	911	217	774	768	429	456	649	145	603	843	660	279	550	747
C5_00270W	405	974	40	30	3	15	43	481	623	38	3	6	80	17	25	8	24	9	45	29	38	138	34	18
C5_00280C	37	250	83	91	57	12	12	16	31	36	23	18	15	6	24	7	13	113	5	3	19	164	6	32
C5_00290W	559	2762	950	1241	632	929	404	166	90	465	696	97	540	15	85	5275	402	504	1166	337	432	205	125	307
C5_00300C	3034	8297	4344	5965	3462	5294	4450	3359	2790	1627	2955	840	824	1024	1235	8485	3938	3236	3333	2067	3371	1196	1055	1945
C5_00310C	1172	2062	385	612	244	418	188	68	27	304	405	226	55	34	35	1283	44	154	205	203	330	281	344	566
C5_00320W	971	1060	161	185	117	151	43	52	21	105	109	106	71	9	33	184	7	146	83	202	64	55	123	353
C5_00330C	3630	10004	4752	5286	4500	5462	2931	1758	1748	2710	4434	784	2798	1168	2166	6366	2551	3032	3510	3025	4965	1202	1541	2844
C5_00340W	54	176	19	3	6	14	6	20	29	24	34	7	4	2	4	4	2	1	2	1	6	151	27	70
C5_00350C	70	225	22	88	107	101	263	32	48	131	249	94	165	115	22	252	22	122	100	24	84	271	144	251
C5_00360C	0	26	0	12	5	2	0	1	0	8	4	3	1	0	5	0	0	2	3	0	8	31	4	0
C5_00370W	1526	3359	197	7	7	10	78	1074	1564	1	25	5	519	414	152	4	9	3	305	57	182	151	12	7
C5_00380W	1551	4918	2913	6392	3240	5220	3617	407	1544	1750	2163	456	1599	894	1268	4766	5669	3283	3096	1670	4442	689	886	1688
C5_00390C	58	205	28	13	37	6	2	38	61	5	15	3	17	122	9	7	0	3	17	7	8	67	24	15
C5_00400C	395	438	274	482	564	345	110	61	143	370	529	52	201	195	72	311	43	246	206	330	243	217	225	303
C5_00410W	11	32	0	0	0	3	0	1	3	2	3	0	0	0	0	0	0	1	0	1	1	28	16	2
C5_00420C	32	35	35	86	59	38	52	8	12	31	69	14	100	14	5	178	8	1	1	28	65	51	57	60
C5_00430W	79	102	23	51	40	50	42	15	9	40	65	18	13	48	5	14	1	23	18	15	112	61	40	123
C5_00440C	436	323	161	570	291	443	427	201	54	172	290	88	20	82	224	221	57	107	373	146	333	155	128	282
C5_00450C	93	227	104	509	324	335	24	45	32	242	315	95	40	18	61	34	14	80	120	147	153	82	236	402
C5_00460C	1774	4381	1359	1881	2740	1830	1224	93	95	1819	2564	1023	856	463	472	3827	554	1818	2294	1775	1162	213	1859	2035
C5_00470C	27	341	63	178	155	70	2	11	12	69	108	23	40	5	34	7	6	9	15	93	57	122	105	36
C5_00480C	162	339	109	79	66	6	31	43	22	100	193	30	335	249	76	9	3	15	15	86	44	81	85	185
C5_00490C	346	729	344	1043	646	505	297	104	89	552	656	319	91	305	257	267	371	457	154	325	247	231	509	1137
C5_00500W	406	883	297	918	772	341	117	39	65	660	741	394	129	536	346	433	82	655	149	473	445	380	940	1358
C5_00510W	54	126	55	108	123	184	33	37	31	173	367	148	101	17	42	10	28	112	9	90	383	234	364	464
C5_00520W	53	102	42	142	63	80	14	11	11	80	46	32	12	7	43	228	22	126	31	109	72	47	97	161
C5_00530W	661	1997	653	2097	1407	1777	914	175	116	668	1029	640	282	281	1016	1234	640	1172	1012	1143	552	636	1134	2760
C5_00540C	369	615	440	838	796	721	364	862	998	849	1548	639	366	193	278	1963	241	730	483	465	420	395	1031	1024
C5_00550C	647	1985	461	1381	946	451	25	45	8	509	951	557	133	149	385	61	185	157	157	579	766	94	1003	1804
C5_00560W	339	898	246	796	585	232	95	53	26	391	634	310	161	216	188	27	75	78	178	339	387	124	660	977
C5_00570W	4617	9604	3559	6333	5310	5520	1526	1444	1285	3460	6114	2370	3411	2506	2021	3480	2285	3156	3773	4417	4958	1728	4030	7713
C5_00580W	114	987	86	256	167	53	57	12	46	116	105	43	518	159	107	36	12	162	149	122	177	175	107	302
C5_00590W	495	984	638	185	146	227	334	422	630	74	290	17	1642	661	1036	32	525	45	85	136	497	179	120	56
C5_00600C	33	260	138	174	123	159	146	210	12	60	93	38	185	99	259	1003	11	48	132	89	197	95	97	148
C5_00610C	44	55	28	53	26	15	3	14	8	11	16	13	7	16	23	3	4	9	10	20	9	141	18	42
C5_00620W	0	6	0	2	0	0	0	0	1	2	0	1	0	1	0	0	0	0	0	0	0	22	3	5
C5_00630C	52	156	41	163	171	193	20	14	12	115	181	125	51	97	143	244	10	29	36	74	132	196	203	289
C5_00640C	22	53	0	40	9	3	1	3	11	12	16	4	6	34	4	1	2	1	0	0	1	50	21	25
C5_00650C	72	191	24	41	22	26	10	99	26	72	44	38	102	102	135	7	5	4	2	54	16	55	73	117
C5_00660C	1148	2433	486	440	277	405	221	313	391	310	262	67	980	1002	495	11	66	130	195	379	324	147	139	383
C5_00670C	55	132	163	506	262	232	47	19	34	141	281	131	118	548	93	213	201	31	142	119	191	125	328	545
C5_00680W	47	33	37	83	98	16	2	7	13	37	72	41	34	7	7	1	3	8	6	11	20	74	64	110
C5_00690C	28	21	1	2	9	0	0	1	2	6	23	2	0	2	0	0	5	9	18	4	1	27	24	49
C5_00700C	23	53	1	18	10	2	0	7	9	8	27	2	7	1	6	1	4	2	2	14	2	62	12	32
C5_00710W	97	335	89	281	454	183	38	72	18	187	275	74	189	29	13	73	61	51	149	192	112	391	147	242
C5_00730W	4312	8060	5887	11381	7847	9639	6397	3325	3280	7069	10776	1943	6992	2911	5624	17256	4724	6015	8073	5586	10607	1302	3233	5895
C5_00740W	65	150	18	9	59	26	71	5	1	70	96	45	22	6	3	5	3	54	18	30	53	29	88	126
C5_00750C	230	583	45	111	261	137	36	81	34	309	348	153	531	49	37	47	24	240	74	195	48	270	193	634
C5_00760W	434	1060	208	1015	556	211	133	34	44	349	798	103	194	61	241	282	498	494	331	380	244	196	435	916
C5_00770C	143	617	82	167	448	156	119	30	31	424	492	278	73	275	118	175	98	30	89	231	22	232	428	753
C5_00780C	123	303	136	904	508	709	370	72	212	467	966	79	270	126	37	626	221	172	453	354	103	136	321	345
C5_00790C	101	593	181	852	374	444	864	206	121	489	630	120	113	17	95	1109	371	363	234	247	388	425	401	729
C5_00800C	1621	3005	917	1178	1226	605	627	149	901	872	1158	435	1432	805	697	592	455	1106	847	951	1236	532	904	1988
C5_00810C	419	1653	481	911	467	573	550	71	890	505	552	188	113	166	282	346	110	485	844	456	526	199	312	520
C5_00820W	218	361	83	371	150	80	131	16	76	170	204	41	20	58	59	155	41	14	23	61	40	71	180	208
C5_00830C	264	683	92	418	372	95	13	31	298	251	429	49	66	55	102	9	35	95	55	205	171	93	272	362
C5_00840W	55	133	53	122	50	33	1	8	6	36	58	23	7	16	3	5	6	30	31	16	9	96	79	201
C5_00850C	46	42	19	57	24	6	13	2	4	15	33	36	2	8	9	2	0	18	3	14	24	53	25	124
C5_00860W	209	291	29	201	254	134	7	9	9	180	346	110	17	37	30	114	10	125	36	93	102	77	166	215
C5_00870C	45	148	8	31	49	19	1	7	3	41	48	50	1	139	4	15	3	0	157	17	11	150	52	111
C5_00880C	328	1629	346	113	96	340	449	176	164	234	191	74	567	113	315	607	396	539	61	344	770	243	117	181
C5_00890C	68	660	37	118	157	180	11	28	109	113	120	28	188	183	26	16	4	369	107	116	119	198	57	155
C5_00900C	35	147	8	5	27	68	6	23	23	4	5	11	80	8	18	232	2	4	37	4	14	124	42	22
C5_00910C	78	282	95	183	196	330	181	530	151	152	136	64	204	130	143	780	30	127	145	163	228	126	181	230
C5_00920W	15	79	14	49	57	6	1	6	4	139	223	116	26	4	0	28	21	4	1	38	2	60	184	308
C5_00930C	789	1688	124	86	68	54	42	344	411	103	100	64	468	346	111	8	15	11	145	76	254	214	113	194
C5_00940C	1687	4996	1211	1770	1643	1729	1214	81	53	886	1271	318	567	440	515	867	760	916	1108	850	1299	304	716	1360
C5_00950C	1622	3247	1478	2786	2095	3728	752	136	436	1252	2306	628	1326	375	914	1880	746	1347	1807	1469	3638	406	872	1884
C5_00960W	25	86	35	88	37	91	28	8	41	40	41	8	46	6	22	86	15	102	26	56	115	86	42	62
C5_00970W	18	82	10	43	35	47	46	6	1	23	51	20	38	5	4	78	2	149	52	24	23	35	36	68
C5_00980W	47	149	32	159	252	173	30	12	8	153	217	42	57	4	18	10	94	188	97	127	206	131	145	186
C5_00990W	70	96	40	22	41	10	8	21	21	39	79	20	20	5	13	2	11	24	27	27	37	27	34	72
C5_01000C	196	208	116	111	81	55	9	26	35	64	187	72	5	7	78	7	43	68	29	106	80	150	131	289
C5_01010W	29	96	14	256	14	12	0	8	16	12	22	8	13	1	21	3	5	15	2	13	2	116	7	41
C5_01020C	4	5	2	17	3	0	0	0	0	1	2	1	3	4	1	1	0	0	1	3	0	33	2	11
C5_01030W	10	13	0	11	3	1	1	1	4	3	2	0	1	1	0	0	2	0	0	1	0	35	5	14
C5_01040W	18	46	4	15	11	5	3	6	21	9	28	19	2	3	3	186	3	21	13	10	4	52	52	30
C5_01050C	47	60	34	133	93	33	17	3	16	38	98	18	1	171	8	63	31	15	28	31	7	61	48	43
C5_01060C	34	149	50	129	103	54	11	14	12	32	95	59	3	72	17	5	21	22	39	51	23	154	43	87
C5_01070C	275	420	103	71	48	26	8	326	67	76	145	35	136	52	42	10	3	4	13	69	164	175	50	199
C5_01080C	147	276	7	145	8	4	6	56	73	11	9	0	7	12	49	167	0	5	4	20	7	247	14	41
C5_01090C	354	1118	893	828	676	855	1363	1530	603	375	1037	218	155	539	54	844	268	1107	1008	572	259	158	282	752
C5_01100C	220	359	51	37	40	40	73	124	114	10	56	4	116	53	110	6	13	27	10	37	26	136	66	31
C5_01110W	103	246	211	125	84	70	37	52	21	44	94	4	99	111	120	496	1	17	146	20	31	105	19	38
C5_01120W	8	32	14	67	23	3	27	3	10	10	32	11	22	0	60	26	0	22	17	2	2	75	17	29
C5_01130W	26	221	55	127	45	91	247	157	11	154	150	75	9	22	83	11	127	60	60	125	181	223	117	163
C5_01140C	65	287	36	76	63	66	7	19	37	59	28	7	68	19	351	3	8	3	8	26	56	340	15	183
C5_01150C	1	0	0	0	0	0	0	0	0	1	3	1	1	0	0	0	0	0	0	0	0	2	1	7
C5_01160C	0	23	0	1	4	0	0	0	1	14	7	13	57	2	0	2	0	3	0	0	2	12	8	26
C5_01170W	188	324	77	303	229	306	335	20	20	149	401	119	63	17	133	160	59	171	140	104	164	93	76	232
C5_01180W	1642	3641	1081	3202	1664	1995	1760	343	225	1018	2255	382	790	213	1388	2389	1069	1969	1824	1358	2006	267	449	1017
C5_01190W	1397	2354	1102	1608	798	933	889	74	58	533	795	284	584	125	717	3130	286	791	1431	1015	1186	301	361	734
C5_01200W	100	139	49	63	35	25	56	2	12	48	46	59	32	81	14	4	6	97	19	23	88	79	67	62
C5_01210W	846	1761	445	914	783	660	347	161	767	580	708	290	815	227	242	427	819	594	410	671	482	362	695	1056
C5_01220W	7707	12328	2313	5107	3108	2479	4610	1347	2464	2086	3843	879	3200	979	1694	5937	4184	4259	3433	1893	2134	623	1969	3417
C5_01230C	115	974	100	154	134	26	104	69	69	105	147	49	51	29	99	311	37	130	61	105	159	173	90	127
C5_01240W	124	416	50	176	147	50	14	88	176	96	145	74	96	79	35	17	6	4	109	80	114	241	156	211
C5_01250W	1255	3021	1077	2787	1704	3445	1399	892	488	1004	2292	490	863	623	600	3100	694	1535	2183	1175	1662	433	890	2092
C5_01260W	22	76	71	125	34	20	7	4	13	22	116	52	0	7	0	92	10	27	22	27	38	100	67	149
C5_01270W	216	345	248	829	494	294	50	61	101	339	633	238	74	41	102	482	48	81	143	244	129	173	394	731
C5_01280C	169	304	163	581	293	218	19	7	8	217	325	64	57	85	57	198	198	38	81	183	85	134	200	369
C5_01290C	167	464	233	366	235	81	18	579	45	131	233	90	28	57	74	212	29	13	18	146	100	244	222	339
C5_01300C	338	1272	457	510	701	360	577	156	34	310	614	192	260	271	72	1901	664	443	1050	387	757	308	170	515
C5_01310W	88	302	122	684	619	797	103	40	14	505	596	187	73	149	224	192	290	346	144	334	498	116	319	655
C5_01320W	969	2130	728	1844	1058	990	348	64	104	659	924	195	580	200	439	98	428	912	752	731	1014	411	510	1066
C5_01330W	220	565	67	340	322	238	40	3	2	202	182	105	143	14	75	14	145	28	133	247	236	20	235	634
C5_01340W	360	395	344	781	737	750	438	90	83	689	1074	313	188	224	185	550	175	137	282	380	540	311	613	1111
C5_01350W	109	370	123	207	181	36	25	6	15	154	280	86	40	263	52	126	100	92	207	151	138	128	81	250
C5_01360W	386	1476	208	233	283	334	214	702	596	299	281	102	142	182	54	19	82	184	92	152	63	224	102	414
C5_01380W	1195	2983	912	1616	1173	1713	921	152	918	726	1223	324	194	119	297	1905	526	654	1471	622	1671	408	431	905
C5_01390C	28	16	3	13	17	11	0	3	9	11	44	33	3	0	1	0	1	0	0	4	2	51	43	41
C5_01400W	91	580	179	24	66	142	103	630	282	21	62	50	577	198	80	3	60	4	120	50	274	85	51	103
C5_01410C	249	377	127	333	356	148	208	25	53	192	294	113	266	24	42	17	15	17	35	158	187	216	210	398
C5_01420W	171	932	167	308	288	168	198	71	133	316	410	421	83	134	128	50	327	72	70	149	118	111	514	640
C5_01430C	707	2051	523	1436	1315	816	356	35	256	797	1348	340	116	251	478	758	356	1064	466	727	918	245	571	1090
C5_01440C	58	172	148	193	157	156	25	9	23	168	351	58	13	105	79	14	17	87	46	126	103	116	167	202
C5_01450W	814	1366	461	493	402	304	285	283	200	490	511	200	177	304	222	1232	318	652	246	368	493	308	409	614
C5_01460W	698	1470	516	1225	968	932	335	52	80	666	797	290	260	103	110	987	50	142	394	598	792	475	463	1277
C5_01470C	125	387	86	334	253	303	20	13	16	113	155	116	17	23	10	99	18	99	17	119	134	212	155	280
C5_01480W	76	143	18	17	38	7	9	8	4	144	205	90	3	15	51	3	10	0	1	61	4	40	88	171
C5_01490C	52	194	62	144	73	17	2	9	16	144	234	65	22	91	216	21	3	21	9	68	25	154	150	368
C5_01500C	84	298	71	280	165	51	8	12	29	158	344	125	96	74	21	19	47	50	126	73	188	259	193	452
C5_01510W	22	78	27	137	97	28	58	9	8	64	85	15	9	21	5	43	11	11	11	67	77	59	67	152
C5_01520C	563	1216	441	1030	1092	912	777	213	228	504	900	348	394	687	388	734	674	455	418	859	817	350	519	1051
C5_01530C	3229	7572	3917	3930	1610	2820	2847	4622	4635	1206	2861	699	3046	1301	1029	5278	4655	3952	4037	1546	2813	1608	947	1643
C5_01540W	79	127	60	184	92	109	25	33	20	130	203	89	244	194	77	34	10	76	51	116	117	32	138	341
C5_01550C	6	10	3	1	5	0	0	5	6	2	3	1	12	15	2	1	0	0	0	0	1	1	2	8
C5_01560C	24	34	8	14	27	2	2	8	10	2	14	2	6	30	0	0	2	10	0	30	4	75	8	29
C5_01570C	292	693	231	850	437	359	246	20	32	259	624	350	204	145	71	756	56	487	198	178	288	295	396	616
C5_01580C	2453	5729	1228	1473	742	640	399	730	1789	326	768	380	8423	3275	3595	1371	148	447	505	1131	2304	742	616	1033
C5_01590W	32	57	33	9	4	0	0	8	2	18	1	0	14	52	1	1	1	0	2	3	3	70	0	6
C5_01600C	155	222	28	130	112	32	121	8	1	88	136	19	3	71	5	115	35	40	11	82	32	155	58	137
C5_01610W	56	175	80	288	291	172	175	16	11	307	233	180	25	55	54	250	137	169	118	177	32	138	288	469
C5_01620C	15	32	13	46	35	3	6	1	2	29	26	9	0	2	6	4	5	0	2	11	9	44	28	42
C5_01640W	226	472	189	331	330	130	84	21	17	114	359	152	121	119	134	15	13	74	102	155	117	165	182	284
C5_01650C	310	731	151	551	262	314	25	54	38	192	249	180	53	110	38	58	15	43	45	180	271	355	319	393
C5_01670W	118	514	165	275	166	255	139	16	78	78	263	0	78	272	3	236	1	36	72	94	43	60	53	189
C5_01680C	12	284	5	3	1	1	4	14	18	5	8	0	79	10	2	0	0	1	1	2	6	77	11	14
C5_01690C	43	155	32	128	103	53	7	23	27	78	87	69	19	18	22	7	7	24	25	103	45	118	117	143
C5_01700W	26	55	4	179	139	41	42	3	7	84	71	46	3	14	11	143	125	9	15	118	39	52	6	33
C5_01710C	4	20	0	4	1	0	0	2	6	1	3	0	0	1	0	0	0	6	1	0	0	44	10	4
C5_01720C	60	108	50	32	86	21	6	11	6	38	78	18	55	64	15	6	102	21	6	33	42	118	45	122
C5_01730W	133	320	66	72	113	45	18	5	6	36	59	7	10	12	42	2	2	41	16	38	60	65	48	115
C5_01740C	30	291	32	56	62	14	2	11	18	18	30	6	16	11	50	1	2	110	2	36	12	26	56	60
C5_01745W	54	205	144	55	32	16	2	15	18	24	29	9	98	16	23	4	2	7	12	33	27	92	13	32
C5_01750C	26	229	19	44	52	7	27	0	1	26	57	37	23	29	64	3	2	1	14	31	14	24	121	92
C5_01755C	9	13	4	58	32	0	2	0	0	23	6	12	0	2	2	1	23	5	0	26	0	27	29	50
C5_01760C	307	1003	694	1184	600	582	244	62	31	508	768	435	329	176	335	515	450	524	997	414	693	208	523	1054
C5_01765C	284	321	78	159	171	133	43	50	40	143	208	16	49	72	27	381	52	36	74	118	217	161	98	203
C5_01770C	161	379	130	132	125	79	65	68	90	42	86	71	210	36	69	207	77	114	189	114	131	108	148	89
C5_01775C	454	932	436	660	524	329	353	35	405	318	454	124	268	120	245	1112	104	343	373	373	558	123	197	444
C5_01780W	1912	4588	847	1128	949	1075	421	81	45	744	1077	337	384	275	203	1340	850	579	332	732	635	184	502	960
C5_01785W	88	131	19	4	16	24	16	7	12	8	28	19	11	8	10	50	8	65	5	40	3	125	51	24
C5_01790C	11	42	30	51	43	50	8	1	2	80	88	32	5	9	7	55	14	12	24	47	13	18	87	96
C5_01800C	262	1002	82	307	238	239	95	80	75	218	424	101	408	268	175	512	60	139	157	242	204	399	260	428
C5_01810W	52	199	66	23	5	35	76	19	25	47	30	39	87	113	10	3	6	5	10	33	4	197	17	48
C5_01820W	192	368	38	33	48	9	5	128	97	35	54	32	166	75	58	165	28	213	19	44	14	249	80	198
C5_01830C	1278	2734	1119	2002	1363	1206	322	420	103	1037	1564	436	1091	578	759	1729	596	560	1093	1119	815	556	837	1498
C5_01840C	109	517	217	228	156	60	6	6	470	120	169	56	94	68	97	4	15	13	13	136	182	234	237	423
C5_01850C	298	682	101	499	247	190	68	11	29	185	243	109	91	53	83	75	210	77	94	267	139	241	163	416
C5_01860W	11	158	8	18	55	12	12	1	1	8	57	14	2	4	10	2	0	7	8	32	45	39	17	14
C5_01870W	1593	2387	728	1205	999	582	1050	129	238	670	1226	289	705	207	397	440	965	883	371	660	428	261	454	687
C5_01880C	1016	1974	704	1034	1001	320	621	98	31	904	1641	415	670	262	507	241	658	516	189	656	309	141	589	850
C5_01890W	29	301	43	85	74	54	3	20	17	45	71	16	12	23	47	2	66	9	4	22	59	123	39	101
C5_01900C	3	37	11	10	13	3	0	2	0	7	1	5	1	6	4	1	6	2	0	4	14	18	14	37
C5_01910W	177	439	113	251	174	61	19	76	89	82	95	67	952	122	101	132	93	9	183	130	315	254	232	198
C5_01920C	252	454	63	33	130	14	4	16	13	19	77	14	3	6	3	428	15	7	85	14	73	130	47	22
C5_01930W	40	81	30	125	120	15	3	11	14	20	39	1	17	22	23	10	245	2	9	63	10	129	48	82
C5_01940W	521	2197	1198	1639	703	980	584	307	513	590	1027	225	684	282	767	692	208	389	650	718	953	851	612	994
C5_01950C	1816	2280	1228	2140	1025	1320	218	89	1149	1153	1651	487	319	364	813	273	1024	696	1215	750	1307	436	926	1624
C5_01960C	859	2841	1226	2368	1542	1303	730	308	375	1289	2044	812	501	465	863	2199	1306	1303	1145	1085	1031	700	2095	2966
C5_01970C	440	1861	654	1324	495	1169	543	970	244	387	724	177	690	146	150	989	409	740	652	581	1729	387	146	510
C5_01980C	91	204	42	97	131	85	47	9	51	47	154	24	117	44	49	131	20	33	42	99	76	139	57	178
C5_01990W	4	13	0	13	14	5	0	2	2	5	12	3	0	1	0	0	0	1	2	11	0	21	9	17
C5_02000C	1154	2812	1577	1122	457	682	955	2761	993	426	792	133	3525	1831	1387	2465	2561	1231	1848	1508	3984	369	209	312
C5_02010C	271	745	423	976	667	873	244	52	86	496	837	391	62	241	251	1374	354	379	313	589	990	394	743	1180
C5_02020C	1384	3125	1406	5073	2958	1925	257	95	52	2004	3959	1549	423	945	1184	257	741	1328	792	2074	1586	279	3247	7534
C5_02030W	403	783	261	461	478	380	318	52	67	310	359	144	237	106	139	698	64	145	348	407	493	196	468	476
C5_02040W	905	3323	1411	2231	1578	2334	1711	312	124	1079	1739	532	1982	922	645	1744	1812	2227	1878	1444	1480	374	1256	1773
C5_02050W	931	2677	1654	2653	1665	1855	832	705	745	1489	1861	798	1099	921	1706	1577	544	1947	1207	1093	980	828	1042	2980
C5_02060W	115	189	57	155	164	41	12	18	18	136	73	22	199	35	38	7	18	7	8	135	53	157	68	133
C5_02070C	351	978	75	291	102	64	7	21	32	98	132	44	6	28	28	12	11	48	23	132	111	158	79	173
C5_02080C	640	1472	94	109	56	58	61	340	384	69	95	62	359	129	113	50	143	38	120	72	189	406	122	166
C5_02090W	38	84	73	206	114	89	50	45	57	133	141	68	54	10	14	302	33	23	14	62	29	91	153	230
C5_02110W	694	1532	98	119	52	59	69	328	398	74	89	70	359	132	111	51	134	34	126	80	200	427	119	172
C5_02120C	892	1279	423	896	553	460	90	61	58	401	667	224	450	222	134	1161	268	184	172	229	667	475	488	860
C5_02130W	0	0	0	0	0	0	0	0	0	0	0	0	0	0	0	0	0	0	0	0	0	0	0	0
C5_02140C	373	503	105	169	142	148	46	62	41	102	114	52	116	226	64	110	462	16	184	77	110	210	82	155
C5_02150C	436	972	882	1044	800	1046	363	178	62	391	858	158	1300	396	131	560	393	411	736	593	1298	249	354	648
C5_02160W	659	2069	807	1834	1045	486	189	40	13	612	630	90	169	177	365	779	351	152	133	578	461	293	464	597
C5_02170C	318	978	768	396	315	240	71	192	338	233	474	126	877	312	700	1151	147	529	410	208	237	340	178	696
C5_02180C	2999	6265	2724	5011	2978	4031	2045	1602	604	2669	4611	1544	2341	1576	1337	7766	2007	4681	3683	2730	3622	1837	2848	5163
C5_02190C	49	61	7	68	21	127	11	16	31	78	36	27	18	10	6	4	14	7	26	41	38	101	20	36
C5_02200W	95	54	112	158	130	148	81	11	203	122	264	20	264	4	14	23	6	304	13	78	83	116	26	117
C5_02210W	1563	3942	511	539	283	261	533	36	12	366	614	93	262	95	177	53	468	550	305	433	582	170	192	305
C5_02220C	94	132	101	87	75	54	2	20	9	62	200	75	7	24	15	6	16	19	63	61	45	81	135	153
C5_02230W	185	289	50	66	100	65	12	54	54	21	84	11	481	108	19	20	10	14	122	66	63	108	14	70
C5_02240W	9	32	1	4	3	0	9	89	7	6	11	3	22	10	15	6	3	0	21	5	8	99	6	4
C5_02260C	272	256	183	291	351	106	176	81	42	104	251	46	46	219	37	16	314	22	177	284	178	148	100	247
C5_02270W	422	955	127	224	194	65	8	79	81	68	132	39	128	100	22	13	9	14	44	53	56	179	56	176
C5_02280C	243	159	158	340	216	56	1	8	10	121	240	48	13	9	10	101	9	12	94	147	29	109	147	182
C5_02290W	101	362	48	77	80	42	125	16	15	43	178	39	7	159	65	184	66	10	64	109	172	156	161	244
C5_02300C	250	808	130	152	111	89	39	45	68	105	194	78	549	234	189	81	21	92	123	191	185	221	160	227
C5_02310C	459	1116	1204	1398	1379	1326	708	276	363	1126	1781	601	548	372	268	1148	291	537	913	859	886	518	1005	1936
C5_02320C	300	1333	99	470	789	259	27	62	241	374	343	151	62	37	18	111	120	495	226	312	361	249	459	912
C5_02330W	16	133	1	41	9	7	1	18	25	13	9	1	9	5	2	0	0	26	1	3	1	51	7	3
C5_02340C	1994	4246	3020	4239	2843	3776	2600	885	1502	2147	3504	891	2854	809	2022	2490	1018	2535	2364	1749	3788	833	1253	1854
C5_02350C	47	252	86	343	197	124	152	17	9	118	175	93	63	36	43	84	15	39	259	139	138	146	175	315
C5_02360C	35	156	108	257	264	173	49	5	4	196	313	59	43	84	94	40	8	36	92	196	147	58	139	332
C5_02370C	64	319	88	75	45	28	2	6	11	41	63	30	13	5	20	7	1	5	4	80	23	94	35	81
C5_02380W	553	1325	114	131	98	70	17	305	346	103	86	8	135	214	30	60	12	155	107	39	182	222	52	164
C5_02390C	62	77	39	97	15	18	6	7	17	27	46	26	55	35	1	58	2	9	20	69	11	76	51	126
C5_02400W	315	592	415	910	532	567	309	83	69	419	422	194	370	113	334	138	69	105	143	376	211	111	390	837
C5_02410C	30	131	27	170	195	162	154	31	8	220	258	51	19	30	39	51	11	26	51	159	59	104	150	231
C5_02430W	506	2341	511	931	583	482	39	68	76	263	516	157	132	68	26	2184	704	111	159	413	174	299	300	627
C5_02440C	179	321	55	126	56	105	1	8	11	22	16	4	6	1	0	421	1	3	3	48	32	65	10	126
C5_02450W	24	68	17	151	78	61	3	8	11	102	92	10	7	38	86	12	74	29	81	77	38	102	64	102
C5_02460C	75	195	12	3	1	10	12	72	82	0	16	0	72	60	24	3	2	1	6	2	9	106	1	4
C5_02470W	200	590	172	458	119	162	78	93	84	281	426	90	139	238	122	230	75	37	100	133	282	485	191	318
C5_02480W	227	332	274	288	169	194	277	33	37	202	289	173	29	15	34	40	84	28	32	191	174	261	296	571
C5_02490C	51	77	83	68	49	12	9	12	25	26	48	16	23	10	7	3	2	0	1	86	62	78	51	129
C5_02500C	534	1078	409	1787	1294	1316	389	56	23	749	1494	751	677	352	331	1518	443	1169	846	876	1303	248	1403	2167
C5_02510C	375	1009	927	321	375	137	316	51	539	114	311	61	1360	1415	734	15	45	192	497	646	1213	165	190	159
C5_02520W	6	123	25	36	34	23	3	1	6	34	32	13	60	33	13	1	10	22	11	38	8	45	33	38
C5_02530W	38	85	3	4	2	9	3	15	11	0	2	0	13	23	0	0	1	0	1	2	3	63	5	6
C5_02540C	7	31	1	2	7	4	0	1	8	11	4	2	0	1	0	0	0	2	0	1	1	83	4	3
C5_02550C	115	240	218	308	430	133	39	12	12	303	347	188	47	36	230	11	61	105	65	516	141	210	246	434
C5_02560C	138	304	161	362	401	135	154	24	28	250	344	175	401	57	150	79	192	152	234	265	170	152	249	429
C5_02570W	20	26	4	122	35	3	2	2	4	12	55	1	4	0	0	0	2	3	5	5	3	104	24	25
C5_02580W	14	20	0	1	0	0	1	3	3	0	0	0	3	4	0	0	1	1	1	0	1	10	0	4
C5_02590C	23	31	7	33	8	11	1	8	14	18	26	8	3	3	4	5	0	26	1	27	14	204	31	56
C5_02600W	55	107	47	34	66	26	16	24	38	20	69	38	28	26	4	6	124	13	31	41	39	67	44	87
C5_02610C	204	929	302	574	575	335	45	129	102	385	426	198	475	198	75	53	152	143	109	379	112	462	288	547
C5_02620C	327	754	389	735	481	366	356	81	87	293	357	318	65	164	91	654	200	459	160	185	287	452	473	648
C5_02630C	498	525	180	311	188	115	15	32	20	157	95	64	44	159	90	23	6	66	143	181	229	290	80	226
C5_02640W	83	125	77	128	154	115	16	15	10	117	187	45	16	95	34	2	31	20	20	207	66	157	204	270
C5_02650C	150	968	87	345	265	116	98	47	58	146	336	94	64	85	149	24	50	156	75	149	261	420	218	293
C5_02660C	39	171	24	102	43	5	25	8	28	37	98	59	135	26	23	152	2	47	25	42	85	94	27	98
C5_02670W	60	119	14	105	59	15	8	49	12	96	107	17	3	33	36	3	1	42	37	29	17	147	36	65
C5_02680W	18	54	61	146	133	11	3	11	13	102	172	39	3	7	115	4	3	8	35	107	16	100	77	95
C5_02690W	386	1156	474	895	662	228	312	33	39	436	534	194	123	282	360	404	592	33	229	449	184	236	478	1004
C5_02700W	2896	5649	1993	4884	3197	3560	2017	801	148	2752	3066	899	1743	1191	1893	5448	2190	3662	1464	1986	3516	1166	2032	3936
C5_02710W	317	875	172	237	105	53	24	131	144	62	98	34	101	129	24	16	222	181	48	138	26	198	68	163
C5_02720W	445	741	262	517	404	270	92	23	48	431	514	153	254	57	141	656	286	350	94	404	248	135	473	766
C5_02730C	2770	8832	1784	2952	2464	2134	1411	1292	2574	1794	2432	491	798	671	1182	3216	1719	2348	3140	1447	2194	1437	1072	2667
C5_02740W	250	814	229	171	112	178	81	123	12	112	280	89	25	15	100	129	23	90	49	209	200	108	230	430
C5_02750C	3478	7620	2286	5023	3733	3305	2268	1769	1787	3269	4085	2008	1338	1145	1306	5706	2655	2947	2014	2278	2433	1469	3387	5949
C5_02760W	77	108	14	27	39	10	31	20	19	23	40	9	6	2	4	4	39	4	8	19	11	52	49	84
C5_02770W	366	277	288	334	333	186	149	144	201	229	485	139	93	26	59	234	74	260	300	122	190	245	212	165
C5_02780W	305	360	254	309	233	133	99	33	86	179	292	50	118	79	29	828	18	282	62	81	388	264	175	323
C5_02790C	134	282	23	138	57	59	1	22	44	58	53	19	108	16	14	5	0	2	3	54	17	214	24	75
C5_02800C	9	228	2	158	27	45	1	6	13	33	28	1	15	0	0	4	2	11	0	57	58	88	5	43
C5_02810W	27	224	86	156	87	161	9	119	5	110	211	50	34	61	14	233	61	82	18	138	30	46	121	242
C5_02820C	60	370	58	81	170	121	17	9	9	142	250	73	29	60	11	288	51	52	86	86	23	93	164	293
C5_02830W	45	191	77	311	193	149	171	218	28	65	156	19	95	8	6	62	189	402	93	71	79	149	46	113
C5_02840C	289	368	204	528	340	316	208	188	497	228	477	49	400	212	256	1122	652	145	191	340	384	437	134	263
C5_02850W	99	221	38	44	50	33	97	62	172	27	25	8	111	152	49	3	10	3	37	51	53	26	33	29
C5_02860C	738	2047	182	35	46	6	55	403	454	19	62	16	650	548	455	7	107	8	276	237	506	105	36	73
C5_02870C	17	77	40	75	135	47	13	20	28	102	114	82	19	12	22	132	12	47	113	73	24	71	95	132
C5_02890W	302	666	63	152	118	138	124	76	113	93	211	72	99	91	101	214	16	70	80	63	79	119	106	178
C5_02900W	415	562	332	1109	989	263	134	31	45	617	952	231	98	205	158	218	134	553	195	502	290	275	639	1039
C5_02910C	15	107	7	15	37	46	3	6	3	40	70	17	1	50	0	1	5	0	28	60	9	48	27	34
C5_02920W	24	77	23	61	133	126	61	101	23	60	112	33	47	105	17	16	173	33	75	57	16	87	73	96
C5_02930C	150	410	14	49	5	9	15	63	98	2	1	3	77	43	9	6	5	4	76	21	52	92	5	11
C5_02940C	543	1453	650	972	831	876	244	81	129	501	708	232	816	520	298	202	872	270	646	828	993	215	845	1105
C5_02950C	17	44	46	125	133	49	38	3	6	42	95	14	19	3	78	3	18	5	8	41	58	75	117	89
C5_02960C	20	74	34	96	61	3	40	5	23	27	38	9	7	0	90	7	0	1	3	18	63	45	48	89
C5_02970W	423	1248	718	1206	1257	648	976	87	189	667	1208	398	215	356	366	332	488	608	546	573	1050	221	602	1110
C5_02980C	1	1	0	1	24	0	0	2	3	2	1	0	0	0	0	0	1	1	0	0	0	27	0	2
C5_02990W	12	13	0	0	2	1	1	3	1	4	8	0	0	3	0	0	0	0	0	0	1	29	6	0
C5_03000C	85	260	41	190	182	134	118	21	49	230	518	160	171	71	81	119	43	80	40	108	133	161	349	612
C5_03010W	128	264	47	333	274	63	0	10	8	195	413	104	6	98	70	1	4	6	23	214	57	71	261	526
C5_03020W	159	428	98	573	327	146	25	16	13	221	307	147	31	95	82	86	30	33	56	257	108	215	166	319
C5_03030W	463	1121	357	555	322	313	227	311	86	270	543	136	351	228	352	141	118	451	362	297	417	352	254	535
C5_03040W	663	1528	1132	1308	1032	1624	459	1488	776	639	1241	351	361	246	171	1831	168	1456	737	709	977	400	720	694
C5_03050C	2035	5265	2099	2828	736	1207	1709	955	2044	527	1072	398	326	571	747	319	807	1783	1609	438	1110	1657	408	287
C5_03060C	159	1109	133	527	476	288	158	133	356	340	554	323	30	333	178	1346	43	707	75	286	288	318	341	372
C5_03070W	543	845	173	133	126	155	61	525	319	118	106	34	326	314	193	84	49	152	47	58	64	415	57	98
C5_03080C	268	326	15	818	235	129	167	55	15	90	171	85	6	7	18	18	15	109	110	51	10	184	93	246
C5_03090W	164	412	148	233	274	229	25	19	38	227	272	99	268	218	54	25	13	96	381	294	166	153	133	340
C5_03100C	164	242	10	66	43	18	0	5	12	92	83	8	3	9	1	1	2	9	24	19	88	47	25	102
C5_03110C	0	22	6	1	1	0	0	0	0	2	2	0	0	1	2	1	0	1	1	1	1	13	0	0
C5_03120W	4	36	8	61	10	2	7	3	1	4	10	5	13	0	3	1	0	0	3	1	6	38	6	16
C5_03130W	30	74	17	71	32	27	1	8	11	30	63	6	9	26	2	26	3	1	3	22	4	68	29	53
C5_03140C	6992	15220	10714	18964	9679	12067	9836	6503	7839	5727	9434	2772	7720	3944	4310	21941	9137	8446	12375	7075	13005	2389	4774	8536
C5_03150W	341	720	70	220	346	99	120	283	76	148	332	107	67	232	126	181	103	66	51	184	203	312	172	277
C5_03160W	54	73	35	54	32	24	5	15	21	41	25	8	5	84	118	20	4	3	7	10	15	154	35	22
C5_03170C	1319	2213	1149	2031	1432	1710	1167	402	751	883	1440	389	1304	912	884	3374	661	1818	1516	1089	1225	233	605	1730
C5_03210C	10	21	2	12	5	1	0	2	0	14	4	1	5	1	5	3	3	0	2	3	8	12	9	41
C5_03240W	47	157	81	27	102	21	3	5	10	58	22	43	27	37	15	2	10	48	7	38	55	154	70	74
C5_03250W	9	22	0	58	0	2	0	1	3	2	2	14	5	1	1	4	2	1	0	2	3	90	0	2
C5_03260C	615	1774	400	1161	888	498	133	63	80	376	681	181	110	538	228	51	235	262	150	648	554	335	349	932
C5_03270W	16	14	9	159	46	53	20	1	0	4	80	18	8	7	3	6	2	5	14	56	9	22	29	53
C5_03280W	331	763	41	69	19	7	7	115	121	16	21	5	86	90	16	4	1	2	17	75	26	220	9	11
C5_03290C	12	30	0	0	0	0	1	0	1	0	0	0	0	0	0	0	7	1	0	1	0	13	0	1
C5_03300C	42	71	13	13	79	23	1	13	16	28	26	20	11	7	5	4	10	7	12	29	0	121	33	79
C5_03310C	19	40	26	42	8	16	10	10	12	18	55	31	40	33	17	6	3	5	3	12	45	118	22	57
C5_03320C	2	10	0	0	1	0	0	0	4	2	11	7	0	2	0	0	1	0	4	2	0	45	6	6
C5_03330C	639	1257	628	595	519	604	146	540	140	257	505	207	165	317	279	146	419	378	245	310	336	530	241	483
C5_03340W	3	24	67	30	25	4	1	3	7	28	50	10	0	1	17	1	0	1	44	36	5	77	67	93
C5_03350W	1659	5616	2042	3228	2230	2410	1201	431	295	1190	1776	629	3789	1337	1764	1069	1238	1447	1793	1956	2073	288	738	2329
C5_03360W	23	77	27	14	5	9	17	8	25	5	39	8	5	1	6	59	1	40	20	17	10	69	13	44
C5_03370C	13	104	23	33	5	28	20	7	3	5	34	11	5	2	11	60	34	33	23	25	17	65	18	74
C5_03380W	149	236	77	453	199	184	107	26	134	107	201	75	43	147	66	398	77	114	255	213	80	109	144	317
C5_03390C	55	105	12	93	63	4	5	16	14	42	57	57	16	4	4	155	13	2	9	20	18	119	65	91
C5_03400C	14	77	4	5	2	2	0	6	7	0	3	1	1	1	1	5	1	0	11	3	36	53	1	2
C5_03410C	19	39	49	77	82	21	25	7	8	13	39	31	6	2	3	46	3	22	1	33	4	91	32	53
C5_03420W	68	32	11	40	21	5	45	3	4	21	14	15	2	0	0	40	4	6	22	31	99	44	14	30
C5_03430W	50	36	24	91	84	6	62	9	492	63	185	76	66	71	14	7	6	34	2	18	96	258	156	330
C5_03440W	7	21	2	3	6	5	2	5	11	10	10	2	11	12	3	0	0	1	11	3	3	28	1	17
C5_03450W	57	169	18	62	51	9	6	43	54	9	9	8	22	9	26	19	22	7	11	20	41	79	11	16
C5_03460C	45	382	167	248	231	72	20	8	10	50	116	28	29	17	8	26	61	119	38	185	227	105	74	144
C5_03470C	152	295	299	271	216	137	42	49	11	100	180	18	160	39	286	121	21	172	59	251	389	258	66	220
C5_03480C	943	1013	622	636	742	1373	447	65	397	370	728	316	265	260	156	149	532	1648	566	434	1197	379	506	1131
C5_03490C	280	898	430	497	322	416	190	76	588	204	416	89	248	120	228	500	27	591	225	263	299	341	157	314
C5_03500W	185	552	364	428	196	185	247	136	70	282	362	45	37	32	21	504	15	135	353	242	89	396	243	355
C5_03510C	327	666	354	284	186	175	133	167	169	302	513	123	206	161	361	459	64	289	172	201	167	317	328	450
C5_03520W	109	453	55	309	216	77	235	8	10	144	191	76	10	73	8	1163	21	370	77	245	45	193	153	310
C5_03530C	6	76	2	105	39	0	1	4	4	40	25	18	3	13	1	2	1	0	1	31	5	69	42	45
C5_03540C	1147	2871	213	72	73	14	32	358	464	69	129	20	418	148	166	76	63	15	39	60	80	80	56	140
C5_03550W	849	896	212	164	116	44	11	258	764	43	122	19	641	327	63	254	27	111	67	120	328	342	48	248
C5_03560W	198	264	31	85	239	60	5	5	5	113	106	96	1	162	2	60	26	3	3	80	69	61	132	409
C5_03570W	769	1459	618	891	419	464	355	35	472	644	755	747	229	261	332	440	502	600	409	402	578	285	960	1484
C5_03580C	2984	6411	1877	3932	2003	2591	1413	245	435	2829	4882	2189	1576	775	1111	6569	2813	3921	2341	1483	2352	512	3043	4029
C5_03590W	627	1437	552	1235	712	917	277	69	60	521	914	214	508	269	174	1345	227	199	607	617	560	230	298	1041
C5_03600W	631	872	637	1046	862	1177	1316	568	530	279	687	39	266	233	449	3924	34	1292	1190	355	561	277	177	301
C5_03610W	410	1694	323	897	624	407	289	206	188	458	825	261	118	57	310	510	60	1021	272	173	336	364	556	1021
C5_03620W	621	1502	659	1356	850	893	202	88	230	552	867	335	260	247	308	574	202	407	466	415	681	137	627	1146
C5_03630C	474	913	466	626	434	474	112	19	8	195	254	90	182	80	127	217	107	140	209	298	538	109	252	478
C5_03640W	167	676	41	89	73	75	15	111	34	75	56	54	29	52	37	19	34	6	30	54	38	49	97	147
C5_03650C	745	2121	344	285	266	185	24	12	10	221	362	129	13	164	145	6	165	74	85	139	76	157	289	578
C5_03670C	53	177	10	133	143	29	3	100	42	119	128	95	19	5	5	22	22	22	54	41	157	169	134	228
C5_03680W	9891	23863	2958	6997	4346	3218	1527	915	890	4868	9734	843	3270	1285	2315	1523	1567	2539	2241	3424	3677	623	2447	3755
C5_03690W	424	1208	545	729	580	259	151	37	47	595	962	379	54	206	180	81	1053	521	203	567	86	287	665	1548
C5_03700C	104	159	76	160	95	73	51	68	58	164	130	131	61	0	18	132	125	34	129	67	99	49	185	263
C5_03710C	262	512	535	725	490	627	340	202	238	151	380	200	214	100	235	592	293	524	270	95	191	284	177	337
C5_03720C	20	68	4	48	8	0	0	0	3	12	13	14	4	1	0	22	0	1	7	3	2	48	30	86
C5_03730W	51	141	21	318	311	123	111	8	8	83	183	82	3	10	60	21	96	19	39	46	124	102	130	354
C5_03740W	37	34	26	23	31	33	5	6	20	8	33	5	10	0	68	3	1	1	4	64	2	56	19	23
C5_03750W	10	26	0	2	2	0	0	11	15	8	30	0	10	1	1	1	0	0	0	0	1	59	3	4
C5_03760C	275	349	143	664	393	512	223	22	24	319	500	228	364	49	241	578	162	180	273	285	184	246	255	419
C5_03770C	277	777	507	501	642	300	177	210	32	433	618	184	302	94	101	33	15	332	210	222	130	175	486	511
C5_03780C	31	105	63	43	54	44	27	31	12	24	116	26	172	21	101	9	37	9	21	42	47	94	54	145
C5_03790W	26	23	1	21	3	1	2	9	8	5	9	3	24	3	55	0	0	1	0	1	30	58	2	14
C5_03800W	51	86	8	14	3	8	0	16	19	6	59	12	2	4	2	1	1	2	1	4	2	90	18	33
C5_03810C	83	194	59	90	85	11	8	240	14	75	122	24	6	119	29	6	3	119	253	60	9	74	54	203
C5_03820C	102	809	304	286	214	96	29	25	36	165	240	87	38	81	79	523	11	22	48	112	94	178	206	431
C5_03830C	26	32	2	9	2	15	1	13	4	1	49	7	9	3	0	7	0	3	1	19	2	90	2	7
C5_03840W	12	15	2	0	0	1	0	1	5	0	1	1	0	1	0	2	1	0	0	2	0	45	2	5
C5_03850W	10	45	2	1	1	2	0	8	3	0	4	1	12	24	0	0	2	0	1	1	1	6	0	3
C5_03860W	24	68	3	1	30	1	2	24	21	14	3	4	37	3	12	0	0	5	2	5	5	53	3	19
C5_03870C	15	38	0	2	3	14	2	9	20	9	12	10	6	4	2	3	7	7	0	1	2	67	16	4
C5_03880C	15	64	3	32	51	40	4	12	10	31	55	46	3	4	2	6	5	38	4	11	9	149	90	135
C5_03890C	8	131	20	67	9	21	1	0	5	7	24	6	0	3	2	1	24	23	0	46	4	75	14	20
C5_03900W	2091	4605	207	18	24	5	254	3418	3601	7	24	6	897	411	196	25	289	29	410	94	340	279	13	17
C5_03910C	4	8	0	0	2	1	0	1	0	0	2	0	0	0	0	0	0	0	0	0	0	25	0	1
C5_03920C	11	19	9	28	60	1	2	2	3	16	64	34	5	7	5	4	1	4	3	10	2	79	35	36
C5_03930C	39	47	0	0	1	0	1	1	4	1	17	1	40	246	9	4	0	0	1	5	0	88	3	2
C5_03940C	75	309	12	84	127	20	10	3	4	78	100	22	56	25	12	4	13	2	23	64	32	96	101	241
C5_03950W	30	63	25	7	38	9	12	13	11	25	50	4	49	15	40	2	6	3	18	6	24	83	12	18
C5_03960W	55	131	53	18	34	19	7	30	37	12	54	26	99	115	132	3	22	6	54	26	75	119	87	27
C5_03970W	3	7	0	0	0	0	2	0	1	0	0	0	3	0	0	0	0	0	0	0	0	19	1	1
C5_03980W	221	698	358	653	564	348	89	131	38	322	628	263	141	218	123	44	31	90	96	287	121	152	633	864
C5_03990W	74	68	17	30	32	6	12	8	17	23	107	31	22	4	44	2	2	3	3	21	11	142	107	80
C5_04000W	24	69	4	2	2	56	0	10	17	0	5	1	4	25	0	2	1	1	2	7	0	124	3	7
C5_04010C	5	14	1	1	5	3	23	1	4	0	3	0	1	1	1	1	11	2	1	1	3	59	0	12
C5_04020C	6	15	8	2	2	1	1	1	4	2	15	7	0	1	1	0	0	6	0	1	0	67	5	2
C5_04030W	27	82	3	5	1	6	4	14	15	4	5	4	4	2	8	3	0	1	3	1	2	136	1	11
C5_04040C	11	27	1	13	35	8	0	2	3	14	23	6	4	0	0	12	5	1	6	7	16	63	11	16
C5_04050W	501	1474	451	483	460	353	311	171	181	254	431	183	932	314	197	317	229	145	631	184	357	378	422	681
C5_04060C	1568	5033	2013	4244	3202	3121	1289	195	138	2161	3845	1210	2155	1223	1616	5698	832	1619	1916	2743	3145	884	2345	4305
C5_04070C	35	112	71	114	34	25	3	20	30	62	38	14	187	35	14	45	1	24	10	12	15	55	57	149
C5_04080C	177	256	314	648	505	586	547	218	110	218	389	51	115	42	259	990	207	62	313	296	137	149	84	228
C5_04090C	90	199	5	5	2	3	5	69	88	0	9	3	16	15	3	0	5	2	12	7	8	114	5	3
C5_04100W	92	170	6	9	18	8	5	40	40	26	14	5	20	12	8	5	1	4	31	19	14	134	31	48
C5_04110W	209	1130	191	209	85	203	24	92	38	100	191	39	14	16	56	75	23	7	624	153	282	191	93	201
C5_04120C	53	287	8	47	34	56	20	10	14	80	153	24	4	38	9	196	8	10	42	43	4	135	65	227
C5_04130C	950	3643	1270	595	413	697	2144	5150	4529	536	900	368	16616	5564	6413	839	1818	775	1714	707	1875	628	608	973
C5_04140W	51	220	100	171	106	32	128	4	9	115	282	72	12	0	33	8	9	26	19	83	31	143	184	243
C5_04150C	150	74	5	101	83	58	1	32	4	51	140	2	2	1	3	1	4	129	3	49	60	59	47	97
C5_04160W	103	648	81	245	463	214	110	11	11	215	300	24	207	57	131	496	48	320	356	289	135	99	45	211
C5_04170W	1791	3113	2146	3125	2931	2909	1462	409	853	1423	2343	533	1464	696	563	1796	447	1282	1558	2379	2581	257	880	2435
C5_04180W	83	1034	95	564	180	96	128	13	48	183	239	158	124	128	28	62	171	220	163	112	35	289	165	594
C5_04190W	30	806	83	118	38	54	53	10	8	55	112	24	15	3	6	265	21	14	13	57	3	746	300	162
C5_04200W	96	241	194	428	310	181	47	13	10	231	600	120	76	91	60	58	178	165	123	179	278	78	276	313
C5_04210C	350	450	246	647	470	562	368	25	9	382	922	429	185	145	60	294	240	174	391	212	376	183	1189	1368
C5_04220W	50	88	8	41	4	7	3	10	9	20	18	15	2	0	24	11	1	10	8	8	124	155	34	57
C5_04230W	167	208	176	135	113	87	74	7	50	122	146	85	2	91	55	11	6	26	3	49	94	184	111	177
C5_04240C	69	334	69	190	140	39	29	4	1	81	114	34	17	8	46	7	6	3	30	80	27	43	78	123
C5_04250W	424	1296	588	736	511	323	122	19	12	283	382	140	183	44	137	18	100	92	126	326	374	98	189	490
C5_04260W	368	581	838	1243	814	1011	357	198	196	647	938	379	352	449	242	931	146	859	895	474	347	319	417	892
C5_04270C	1350	3759	502	38	63	47	241	415	620	45	71	16	1455	328	389	128	21	41	392	221	400	442	61	91
C5_04280C	725	2248	1846	2914	1509	1745	509	147	811	1116	2015	712	728	366	422	2070	362	621	1007	1211	819	599	1525	1756
C5_04290C	34	138	38	122	18	34	1	34	36	30	35	40	27	87	44	6	15	1	3	36	7	116	59	89
C5_04300C	711	1466	639	610	360	411	718	354	425	225	398	90	560	326	593	555	249	187	527	470	607	227	210	229
C5_04310W	189	200	36	166	265	154	4	219	15	125	162	169	26	44	10	170	65	181	74	134	167	89	190	406
C5_04320C	220	538	89	60	131	46	46	53	57	44	100	23	119	13	23	7	24	111	12	65	96	222	123	170
C5_04330W	40	152	9	32	44	3	1	72	45	22	41	10	10	3	9	16	1	5	100	17	8	36	53	52
C5_04340W	65	270	67	137	105	176	9	39	24	120	200	92	6	9	9	14	6	126	62	122	20	106	172	197
C5_04350C	985	3847	1481	3407	2208	3078	3791	1357	1078	2058	2899	826	850	220	1326	8772	2635	5469	3813	988	3016	456	955	1586
C5_04360C	312	1455	223	551	281	429	33	35	41	160	293	68	175	137	118	605	136	24	155	265	232	157	205	459
C5_04370C	200	563	228	453	199	60	89	18	15	321	286	99	43	68	57	16	199	80	59	165	103	239	342	284
C5_04380C	68	186	94	136	155	133	37	10	5	90	255	48	6	88	41	15	39	171	52	124	87	142	108	270
C5_04390C	1	27	0	6	31	10	2	5	1	5	40	0	0	0	2	5	1	80	10	4	2	69	12	24
C5_04400W	29	158	30	95	104	157	26	22	15	41	164	29	32	15	29	9	26	17	3	16	92	142	54	196
C5_04410C	1136	2510	1078	2415	1633	1449	504	96	46	1172	2063	741	500	379	537	2508	336	574	994	1308	1340	255	1204	2129
C5_04420W	231	1011	391	280	248	297	21	490	22	223	428	148	26	99	143	385	18	62	117	113	64	160	228	745
C5_04430C	1563	4501	442	1238	861	743	304	97	120	1141	2128	703	377	216	372	900	273	509	610	698	589	286	1295	1456
C5_04440C	255	754	160	431	295	156	424	62	64	468	751	251	123	91	111	491	125	160	231	209	335	287	555	505
C5_04450C	59	347	53	233	126	171	57	3	16	78	125	81	34	48	44	120	25	115	95	125	57	11	102	118
C5_04460C	43	491	100	273	110	218	69	2	32	78	100	65	67	43	101	193	29	174	151	142	81	30	54	97
C5_04470C	1583	1368	494	1577	749	726	447	147	159	240	601	172	75	48	437	1212	1118	212	860	570	581	249	391	808
C5_04480C	1212	1855	428	663	508	619	159	8	11	427	500	155	87	118	270	291	305	67	94	438	348	65	273	512
C5_04490C	172	550	239	397	167	87	75	28	59	168	223	55	24	18	100	137	128	118	51	154	34	173	128	125
C5_04500W	18	106	108	77	33	47	237	9	57	32	53	36	105	31	14	208	2	3	137	67	168	80	54	71
C5_04510W	1916	4253	3063	5951	4628	1564	691	207	242	2726	4308	2494	973	1118	1563	460	1287	1770	1524	3333	2817	589	4448	6991
C5_04520W	568	1308	1558	2091	1613	220	196	36	21	1107	1558	875	351	357	551	153	294	450	431	1096	1126	272	1622	2400
C5_04530W	20	108	37	12	18	48	74	9	16	36	63	13	3	9	31	2	0	24	5	56	96	95	29	41
C5_04540C	329	304	324	273	241	372	68	20	27	159	263	52	41	17	10	112	67	219	102	131	139	144	269	289
C5_04550W	89	416	196	88	125	136	27	36	44	37	127	34	157	29	27	315	38	61	108	83	54	114	57	121
C5_04560C	572	1045	47	51	12	36	47	744	913	8	11	9	292	75	80	69	223	54	142	28	124	1322	13	7
C5_04570C	1500	4176	2432	4607	1805	1916	1557	2056	415	1272	1621	909	793	470	1188	1039	610	1100	1031	1374	1733	817	1075	1925
C5_04580C	258	229	58	269	228	163	264	193	120	162	149	115	72	26	253	889	215	111	78	89	188	187	123	123
C5_04590C	259	585	19	5	21	4	12	134	178	17	21	13	118	40	14	1	8	2	5	9	29	99	37	25
C5_04600C	1182	2805	1361	1744	1692	1839	954	383	228	1431	2005	1097	778	441	645	3731	1708	1580	1562	1191	1391	652	1616	1890
C5_04610W	262	569	56	255	198	254	50	20	11	246	283	44	32	175	3	318	8	86	68	173	124	183	120	259
C5_04620C	251	423	165	56	51	28	56	7	7	65	79	54	16	61	11	3	91	39	86	42	41	112	103	129
C5_04630W	33	107	20	26	114	2	31	14	23	40	95	54	7	12	7	0	2	1	6	11	11	29	91	130
C5_04640C	1827	4553	2467	4768	2628	2062	455	256	343	1667	3080	829	561	601	900	1812	418	1094	766	1961	2188	840	1541	3133
C5_04650C	300	360	341	727	525	438	120	266	129	396	531	193	40	256	378	196	219	301	312	323	282	232	550	948
C5_04660C	125	862	220	573	432	197	145	31	85	206	314	58	57	29	20	503	15	203	52	217	306	94	219	357
C5_04670W	840	2866	591	1004	965	729	611	783	1123	316	658	88	1112	453	307	4201	1867	418	1089	789	763	262	213	439
C5_04680W	188	588	210	198	125	108	486	82	24	135	195	21	136	77	23	26	56	233	133	57	230	290	152	225
C5_04690C	8	32	22	35	4	1	1	7	3	25	9	3	0	2	1	6	2	0	4	3	13	8	18	13
C5_04700C	635	836	547	881	1095	1256	213	134	75	781	775	329	418	556	830	312	427	797	535	795	486	320	527	1139
C5_04710W	617	1558	457	867	609	424	587	76	1111	696	908	351	136	342	158	245	382	765	357	472	416	326	806	1284
C5_04720C	79	293	153	290	110	89	32	20	529	103	202	63	21	234	20	5	18	27	27	99	34	146	144	283
C5_04730C	1365	3061	1404	1650	1275	1212	828	1603	3284	603	1112	249	2331	608	799	4178	1250	1724	1836	903	2187	884	348	897
C5_04740C	77	661	6	160	217	29	19	40	24	42	58	17	35	21	8	582	11	7	107	30	280	248	70	149
C5_04750C	40	211	6	56	85	34	6	15	16	11	66	12	129	21	3	11	4	40	30	49	27	175	22	33
C5_04760W	113	222	85	130	104	180	194	18	28	64	140	79	122	33	13	171	126	205	78	50	42	38	48	175
C5_04770W	46	95	11	68	49	21	33	7	13	41	115	12	55	11	1	7	2	15	31	35	15	77	72	162
C5_04780W	149	139	236	180	191	196	114	33	22	121	105	25	46	58	25	140	42	65	77	135	168	190	57	159
C5_04790C	35	38	26	28	8	10	1	5	6	3	10	6	12	3	9	0	4	5	11	17	4	71	37	48
C5_04800W	1033	2245	822	858	744	523	272	715	152	505	836	336	1620	331	323	117	184	284	161	585	778	195	570	1141
C5_04810W	4983	13879	4356	6468	3877	4092	1217	2975	2506	2465	4104	1382	3728	2722	2446	2383	1315	1637	2561	4208	4661	1135	3500	5591
C5_04820W	4	5	0	5	1	3	0	1	0	11	22	13	0	0	0	0	0	0	0	1	2	33	8	18
C5_04830W	81	463	223	525	298	614	194	50	66	296	561	89	94	192	53	435	36	153	565	203	203	367	225	327
C5_04840C	79	36	6	7	11	5	3	7	1	8	14	5	6	1	0	2	0	0	1	11	4	117	13	6
C5_04850W	1	25	5	10	15	18	7	2	8	9	29	9	2	0	0	1	8	0	1	0	8	34	24	25
C5_04860C	11	35	0	54	4	3	1	4	3	0	1	0	2	0	4	0	0	3	1	0	0	54	3	2
C5_04870W	76	137	28	79	125	55	54	68	32	47	78	12	54	21	5	41	4	122	7	43	44	134	18	53
C5_04880C	1102	5031	1125	2018	1331	750	894	517	370	1218	1840	1203	429	448	646	1756	120	1025	960	1003	1643	451	1924	3241
C5_04890C	17	58	34	56	65	2	2	1	3	31	90	43	25	31	14	0	12	57	7	26	19	196	61	159
C5_04900C	21	138	63	131	25	93	8	219	16	66	139	22	65	4	83	7	35	132	19	41	20	220	66	82
C5_04910W	31	77	48	108	28	26	22	3	6	24	46	2	4	10	2	20	0	28	13	38	52	50	32	56
C5_04920C	2861	4666	1971	4837	3428	2541	1066	1154	216	1842	2267	1005	2105	1244	1701	4363	1906	1232	1779	2396	2231	935	1695	3162
C5_04930C	36	144	12	162	246	115	106	10	157	162	138	99	0	241	54	5	9	40	242	68	40	253	215	296
C5_04940W	323	654	433	1448	1412	948	524	112	296	557	746	97	283	238	278	1387	514	557	301	609	323	132	240	635
C5_04950C	68	145	24	32	100	44	2	16	19	72	86	22	59	74	13	8	5	6	20	31	17	91	55	140
C5_04960W	78	111	4	71	61	38	2	29	37	44	37	36	20	19	44	25	24	12	35	32	31	169	41	54
C5_04970C	30	224	19	145	157	72	22	0	8	83	147	47	12	16	0	19	29	19	21	64	43	84	94	124
C5_04980W	155	302	160	329	296	476	225	30	42	118	349	57	99	142	133	79	13	222	247	154	270	221	133	255
C5_04990W	2	5	4	3	3	0	0	1	0	0	1	0	1	0	0	0	0	0	0	5	0	20	4	5
C5_05000C	189	1179	245	445	238	217	322	39	16	196	260	152	52	217	155	127	437	125	123	168	160	237	131	334
C5_05010W	16	30	16	17	24	5	8	1	3	9	18	6	3	24	2	8	9	1	5	10	46	45	15	55
C5_05020C	628	1063	207	643	312	186	20	30	25	60	283	15	177	187	40	18	5	8	88	189	481	126	83	61
C5_05030C	765	2260	903	1525	1141	908	388	54	24	1010	1274	287	558	343	424	1406	894	627	1132	781	543	232	652	1059
C5_05040W	460	1108	216	381	222	134	69	29	13	362	393	130	239	241	159	38	54	18	78	188	87	152	255	400
C5_05050W	33640	79852	4775	491	297	388	1431	14317	13999	188	347	118	27677	5512	6876	159	202	342	10123	2978	8162	3440	315	412
C5_05060C	35	21	16	21	9	0	1	6	1	21	23	14	0	4	3	1	0	0	0	15	6	19	61	73
C5_05070W	410	1695	625	1218	871	246	322	93	27	736	1212	510	126	168	137	1197	647	419	337	599	409	358	1034	1454
C5_05080W	130	372	33	224	106	46	47	151	48	77	219	44	54	73	127	28	20	152	51	136	74	223	117	259
C5_05090W	11	33	3	15	5	3	0	5	13	7	12	14	2	4	2	1	1	1	1	4	0	47	19	39
C5_05100C	94	157	73	74	60	181	10	3	8	68	190	64	8	21	6	2	8	54	156	65	273	159	73	164
C5_05110C	432	796	208	498	409	253	131	31	13	221	338	137	71	163	25	23	135	219	241	321	105	247	123	302
C5_05120W	230	1013	217	724	248	477	112	48	76	228	402	116	340	46	148	202	113	55	119	116	373	300	218	364
C5_05130C	798	1290	774	1092	1215	852	173	40	12	628	1184	289	203	178	328	139	214	339	509	612	608	95	455	648
C5_05140W	288	500	233	504	479	397	189	27	43	355	486	237	129	59	126	72	172	137	149	271	255	115	367	401
C5_05150C	53	350	191	174	173	39	11	5	1	159	85	69	24	80	15	5	118	6	43	77	70	117	113	203
C5_05160C	85	96	44	43	14	2	5	25	21	9	19	10	7	5	1	1	1	18	6	45	27	87	53	72
C5_05170W	125	128	13	70	79	6	241	8	14	14	90	7	85	36	12	6	5	230	58	54	12	150	85	67
C5_05180W	120	229	155	233	114	297	10	14	4	127	166	36	7	48	4	571	6	47	62	133	171	163	36	65
C5_05190W	47	141	23	23	57	8	2	26	32	56	97	2	9	7	3	2	4	24	2	36	13	59	8	23
C5_05200C	122	325	155	128	62	18	13	48	42	46	87	16	264	248	123	7	77	10	214	125	86	108	33	75
C5_05210W	178	367	141	217	154	167	39	67	62	200	277	232	50	21	132	267	82	209	123	186	104	231	387	929
C5_05220W	185	264	229	365	300	341	112	45	18	171	391	200	147	191	142	227	195	80	61	241	119	197	428	585
C5_05230C	419	864	689	452	408	380	111	118	121	236	385	362	1018	461	477	1187	812	491	250	399	777	385	524	941
C5_05240C	540	2264	729	1239	861	1753	627	691	554	756	1539	1415	482	442	344	2048	775	882	1445	810	1396	959	1790	2738
C5_05250C	321	1328	571	707	375	689	278	175	678	340	531	332	288	160	111	496	331	386	438	225	523	320	448	733
C5_05260W	419	1352	760	1308	859	1204	134	121	73	490	950	486	411	406	502	1200	479	455	484	597	890	162	555	856
C5_05270C	962	3530	809	1723	1284	1602	323	778	57	1160	1893	1021	672	591	844	3956	2291	1914	1161	832	790	274	1469	1855
C5_05280C	234	453	182	389	261	328	49	22	21	377	469	293	255	142	285	624	534	419	264	197	146	156	486	598
C5_05290C	102	111	209	133	91	90	103	27	20	84	184	72	29	4	140	10	109	77	212	77	27	53	107	193
C5_05300W	204	294	108	218	69	116	24	44	27	81	108	39	227	57	150	5	17	84	103	79	82	139	58	124
C5_05310W	205	558	161	252	167	232	402	64	129	211	327	50	138	61	87	201	126	185	284	208	416	131	100	36
C5_05320C	257	469	285	218	221	36	7	8	13	15	34	12	2	2	6	40	6	6	4	10	4	31	31	17
C5_05330C	364	1248	275	582	324	247	486	58	321	358	588	102	63	81	142	108	442	137	272	168	306	198	274	227
C5_05340W	9110	24708	5521	5525	2873	2777	5594	1843	2591	3718	5601	1296	2643	660	2060	3522	6546	3314	3296	2587	3033	2091	2173	3167
C5_05350W	2312	4219	2481	4729	3156	4073	2326	1541	841	1841	2934	973	2191	585	1632	5123	2276	3388	2785	2245	3237	504	1319	2479
C5_05360C	3823	9079	5592	9618	6128	4965	5644	2612	4557	4514	7471	3085	3109	989	2959	21125	5284	5215	4649	4483	6783	1453	4985	9096
C5_05370C	3805	8253	3678	5587	3016	3353	1420	2958	2669	2061	3512	859	1150	609	1874	6611	2771	2408	2552	1848	3742	961	2378	3404
C5_05380W	1482	3564	1486	2657	1852	1736	768	162	137	941	1471	550	1011	609	981	1730	715	1076	950	1152	1821	308	1059	2136
C5_05390C	6080	16474	5556	6218	3501	4400	4043	3502	2056	2726	5088	2916	8552	3168	4832	14902	5015	4788	5833	2759	5097	1116	4742	5060
C5_05400W	307	1191	167	191	215	212	127	28	26	246	428	201	169	213	75	268	34	156	244	203	82	271	482	793
C5_05410C	1585	3852	2697	2791	1946	3524	2097	916	1014	1681	2703	1153	1976	1044	1961	5162	833	3761	2858	1348	2373	516	1414	2654
C5_05430W	166	403	433	478	387	276	155	35	9	269	412	106	430	185	175	408	667	423	274	288	242	312	306	636
C5_05440C	2009	5765	6022	8011	4890	7070	7262	6271	3318	2823	4102	883	7050	1964	5118	18036	5731	6492	8745	2957	7377	998	1147	2984
C5_05450C	355	788	290	358	207	285	432	142	197	165	449	139	496	59	474	307	66	258	345	190	108	462	171	331
C5_05460C	277	1465	648	694	768	1136	654	623	1108	335	653	217	539	646	787	669	156	851	1135	391	953	405	257	966
C5_05470W	1042	2082	555	881	596	606	522	635	1214	666	854	383	458	144	299	886	395	857	347	357	706	566	601	1348
C5_05480W	3369	6376	3104	2818	1552	2453	2555	4231	3962	2102	2798	1534	8434	1984	4311	5757	1559	2245	3763	1781	2656	877	2359	3770
C5_05490C	3046	6031	4625	5141	3040	3550	3821	2014	3107	2380	4279	1571	860	507	2422	10056	3308	4550	4277	2289	3522	747	2135	3627
C5_05500C	1354	2514	704	772	644	606	449	47	112	408	629	85	516	114	275	628	296	341	175	331	820	238	340	674
C5_05510C	218	384	456	609	574	415	208	308	304	315	316	142	55	46	100	451	112	595	272	224	238	145	270	575
C6_00010W	0	0	0	0	0	0	0	0	0	0	0	0	0	0	0	0	0	0	0	0	0	0	0	0
C6_00020W	670	2455	649	730	838	621	294	18	34	695	954	296	209	104	206	242	163	314	758	356	191	140	399	1074
C6_00030W	100	348	93	135	155	37	18	10	26	68	142	24	11	21	49	16	7	32	37	70	63	69	69	170
C6_00060W	16	10	12	44	5	18	7	0	3	15	11	1	4	8	1	28	0	64	27	10	11	25	21	50
C6_00070C	667	1998	1095	1763	1068	1624	858	1400	759	1048	1629	446	641	409	1005	1953	339	1095	1436	768	2203	624	661	1479
C6_00080C	149	271	111	508	188	333	107	33	76	200	336	69	96	71	220	2399	1066	237	151	109	144	243	275	450
C6_00090W	2768	5710	2287	1728	1411	1600	2083	2621	2893	948	1759	333	970	437	1256	3533	1859	3114	3751	964	2398	201	538	1520
C6_00100C	4114	8007	3197	3069	2290	2363	3236	3466	3254	1394	2685	503	1322	716	1670	4082	2600	3880	4719	1800	3343	239	1071	2468
C6_00110C	3585	5817	2292	2018	1289	1401	2983	890	3173	748	1312	307	657	381	884	1117	2427	1357	1822	1188	1737	324	421	1274
C6_00120W	3663	7760	1102	1032	597	186	2251	38	571	416	755	187	556	133	474	350	1463	739	682	635	751	65	253	571
C6_00130C	27220	53910	12365	15622	8590	7600	16190	3766	5712	6638	10132	2841	4996	3289	6135	13577	11947	8988	10295	8380	9145	1771	4424	8636
C6_00140C	1476	2741	1665	2985	1325	2297	1591	689	1360	1548	1915	776	775	793	805	5914	1415	2053	2252	1408	1978	420	1030	2048
C6_00150W	1109	699	756	1321	822	765	272	197	304	544	816	273	212	142	656	2428	647	1018	311	607	666	1029	563	1234
C6_00160W	214	295	105	294	117	304	33	30	42	79	180	49	15	18	88	22	16	104	43	131	171	85	127	320
C6_00170C	941	2419	1290	2248	1108	1429	841	977	1743	857	1560	457	2005	547	716	2606	3052	1775	1295	978	1384	767	899	1305
C6_00180C	20	118	35	242	76	75	16	10	9	149	170	108	5	51	38	23	109	312	31	182	78	127	172	238
C6_00190W	159	339	67	231	110	139	6	26	27	151	205	85	132	34	96	106	335	168	68	179	136	214	134	343
C6_00200C	788	1706	433	797	366	833	826	714	860	372	518	145	485	195	117	2837	993	625	837	329	762	248	237	478
C6_00210W	5886	9658	2012	2394	1302	1559	910	2131	715	1553	1887	1040	973	523	597	2470	2675	1218	1089	1421	1603	1802	1646	2820
C6_00220C	117	135	14	26	22	6	7	5	3	32	43	25	8	7	8	5	8	6	3	16	8	6	54	63
C6_00230W	1635	3123	1081	2766	1237	1074	500	67	21	908	1444	369	994	353	519	1918	446	1162	1414	746	1407	247	564	1049
C6_00240C	1078	1628	940	1437	1008	720	541	160	40	794	1035	314	314	431	519	2893	740	965	1264	617	666	183	378	690
C6_00250W	2124	4804	1339	2475	1742	2535	2320	1676	989	1070	1690	452	797	470	656	1956	1946	1928	1627	1119	1990	471	708	1237
C6_00260W	1864	2355	1553	2781	1814	2643	1684	2102	2084	1659	2939	690	2020	518	916	6945	2830	1789	2753	1229	1639	413	897	1996
C6_00270W	699	859	637	1012	733	1022	254	85	87	516	1382	220	470	207	120	859	104	235	505	491	525	228	476	798
C6_00280W	516	1059	257	717	330	383	362	190	391	133	516	198	907	426	247	859	1580	422	526	228	654	702	463	533
C6_00290W	2042	4279	2236	3227	2242	2145	1818	2871	3147	2009	3139	1228	611	852	1007	4166	2750	2212	3326	1561	1541	1619	1932	3804
C6_00300C	2725	6222	2758	5526	3349	3230	1778	460	765	2737	4655	1717	2000	1421	1535	4282	1726	2825	3023	2541	3612	886	2432	4775
C6_00310W	2324	4486	1553	2595	2524	1974	555	98	72	1164	1452	550	140	357	1216	701	1069	1084	1019	1546	838	431	1081	2241
C6_00320C	3156	4241	2382	3972	3131	3287	915	682	2166	1995	2743	827	779	611	1382	2233	448	1192	1301	2517	3229	706	1642	4498
C6_00330C	3432	7602	3391	3554	2551	3024	2119	1106	5067	2341	3581	850	3442	1181	1819	12584	4607	4244	3776	1627	3978	790	1250	2207
C6_00340C	4392	6077	2348	4167	3132	2807	1682	348	1124	2526	4048	1378	1456	1067	1649	4388	2080	3835	1809	2198	2469	681	2179	5444
C6_00350W	1215	2278	1093	1647	953	1420	814	284	97	971	1892	669	485	213	438	451	1744	1586	969	754	397	711	1149	1978
C6_00360C	196	412	39	357	240	207	38	16	14	136	235	106	93	34	90	210	12	109	93	134	247	100	110	335
C6_00370C	334	931	101	324	179	148	27	40	73	111	273	63	29	57	84	115	7	109	158	139	231	274	135	366
C6_00380C	57	228	57	253	250	304	18	120	18	208	445	111	108	148	71	249	47	188	68	136	168	146	277	490
C6_00390W	1633	2838	2563	3771	2506	4129	2235	2204	1361	2582	4254	970	1127	1105	1361	4350	1068	4127	3622	1906	2156	579	1518	2409
C6_00400C	667	1312	1127	1984	958	1258	373	46	52	517	802	342	133	321	531	1173	469	589	445	523	722	364	552	1025
C6_00410C	10144	17951	3762	5106	3156	3515	1157	949	2029	3214	4315	1315	973	1597	1482	4553	1787	3138	2256	2136	3684	1519	1971	4400
C6_00420W	8	37	9	76	15	16	4	4	4	20	25	4	1	31	4	0	5	0	8	15	6	26	19	17
C6_00430C	166	493	47	332	316	100	219	14	23	173	201	33	46	215	22	215	2	57	142	222	151	179	126	175
C6_00440C	963	2861	1441	2191	1461	1782	1300	189	81	1108	2342	634	2387	576	687	975	257	758	1364	1304	1416	353	1292	1924
C6_00450C	46	74	8	32	10	2	19	8	3	0	10	6	1	2	9	1	0	3	1	11	33	113	6	19
C6_00460C	625	1517	591	1207	918	454	726	109	77	630	1428	313	515	432	681	682	989	246	602	704	936	540	538	834
C6_00470C	498	688	120	152	71	163	86	428	311	157	157	71	167	42	177	52	27	133	526	467	407	416	107	100
C6_00480C	254	1192	263	324	186	225	396	165	262	239	351	179	60	64	138	29	54	45	159	93	62	240	147	320
C6_00490W	43	139	87	110	104	43	26	7	7	66	131	44	32	29	24	3	0	1	18	49	25	86	140	248
C6_00500C	22	142	35	29	37	2	3	6	3	89	45	35	5	29	20	232	1	4	3	38	30	67	173	139
C6_00510C	280	959	892	1606	1316	1241	710	252	317	761	1244	423	331	528	584	2117	744	1571	731	512	1047	428	741	1105
C6_00520W	54	128	90	163	55	32	12	3	10	42	77	51	5	158	8	22	37	26	83	75	50	86	56	159
C6_00530C	150	188	160	361	315	172	137	12	13	257	390	81	64	208	62	82	185	129	117	190	199	174	179	433
C6_00540W	325	199	249	371	224	123	53	23	18	194	276	39	43	102	34	104	97	121	76	111	141	214	147	365
C6_00550W	50	111	4	121	50	14	3	28	19	10	26	7	24	6	7	2	3	3	8	79	6	125	21	64
C6_00560W	149	169	10	98	81	26	14	15	25	64	188	43	97	59	17	6	15	4	5	84	52	167	65	57
C6_00570C	632	1739	875	1679	1128	1431	438	396	165	679	1247	408	486	307	816	1682	364	1206	1204	770	1742	505	752	1334
C6_00580W	34	82	37	156	131	114	2	4	303	107	215	49	41	37	2	13	11	7	13	73	71	68	102	254
C6_00590W	309	1100	474	573	424	482	209	609	495	396	703	217	667	415	301	616	964	697	180	408	436	189	454	812
C6_00600C	322	605	251	309	229	339	62	186	80	285	239	67	129	17	52	51	179	332	94	188	165	243	180	334
C6_00610C	17	98	17	57	44	20	32	10	9	32	46	14	25	0	2	2	4	19	5	11	54	71	31	62
C6_00620W	66	177	135	734	712	850	138	267	313	494	683	188	110	311	134	728	364	389	396	411	326	115	283	489
C6_00630W	48	152	97	535	352	423	86	145	276	279	351	94	85	107	63	486	251	270	254	266	272	23	236	365
C6_00640C	547	1755	418	609	693	1041	714	1923	1700	355	949	213	45	246	350	2036	486	945	1055	341	335	150	280	632
C6_00650C	414	869	63	20	22	4	26	197	262	17	27	4	179	59	66	5	8	5	36	18	30	73	31	86
C6_00660C	34	156	6	32	25	33	43	14	12	14	25	8	3	7	6	14	0	34	29	11	22	61	42	69
C6_00670W	895	1835	1045	2068	1216	1188	482	213	59	733	1153	544	258	114	678	1212	437	459	1162	1185	1218	335	1304	1785
C6_00680C	99	349	190	360	393	151	52	13	3	255	478	175	23	30	140	11	14	21	10	262	101	46	395	716
C6_00690W	83	157	226	435	243	232	104	335	215	239	392	89	174	63	96	696	8	403	226	316	60	240	230	376
C6_00700C	230	128	149	165	122	48	10	12	96	137	47	18	171	10	270	32	9	151	11	24	47	114	57	121
C6_00710W	343	789	276	558	448	290	35	38	23	237	457	194	120	101	92	145	112	26	192	280	322	327	285	415
C6_00720C	3963	5604	1550	3087	1898	1593	565	175	796	1146	1299	405	621	553	1040	526	900	1233	1028	1540	1448	363	715	1944
C6_00730W	188	263	206	344	279	330	158	25	34	253	347	77	147	174	191	17	87	380	228	286	358	290	165	349
C6_00740W	92	182	9	11	51	6	1	23	42	16	25	4	48	12	5	7	11	10	3	17	29	347	8	39
C6_00750C	18395	41165	9035	422	134	277	5114	12333	12775	65	96	109	44682	10781	8365	138	473	108	14305	4873	16536	872	140	269
C6_00760W	95	182	36	75	106	27	34	7	11	88	106	16	17	4	35	62	88	15	32	37	34	117	59	87
C6_00770C	370	541	176	321	373	295	46	27	17	169	361	48	39	39	63	48	254	35	31	105	168	289	244	338
C6_00780W	681	2030	724	976	841	836	799	99	39	644	1145	354	339	272	97	792	569	1103	301	673	388	374	610	875
C6_00790C	160	332	13	257	137	72	22	102	186	24	134	39	80	54	30	421	285	58	37	74	20	635	166	32
C6_00800C	323	867	1096	1137	449	563	228	81	392	305	553	113	1009	239	231	911	234	537	868	547	469	359	202	404
C6_00810C	498	1855	839	2034	1236	1424	1412	1792	2410	976	1642	364	497	210	294	1662	312	1485	1913	788	971	375	675	768
C6_00820W	264	664	256	122	118	74	112	126	167	56	156	103	1529	465	552	10	34	18	365	297	525	224	56	177
C6_00830C	442	769	488	1308	736	863	164	721	141	793	1352	256	242	99	389	2524	819	468	558	391	358	428	405	697
C6_00840W	95	175	27	188	163	64	9	9	15	68	167	25	87	59	129	49	15	22	58	89	110	36	76	80
C6_00850W	384	976	509	1346	1044	1328	570	136	114	788	1577	904	694	196	311	1733	624	732	646	682	608	331	1117	1437
C6_00860W	528	1072	491	829	689	519	260	117	73	556	902	473	342	169	180	850	134	339	403	413	277	193	656	892
C6_00870C	2569	3930	3506	2597	1832	1753	2791	5575	5364	1694	3105	749	6834	2351	2456	6189	1592	2181	2287	2076	2754	787	800	1184
C6_00880W	2430	2566	3914	5367	3293	5817	4908	7368	7046	1991	3168	689	2114	624	1079	14354	3530	3687	3126	2028	5780	495	1179	1875
C6_00890W	409	686	685	1329	1001	913	230	104	47	594	836	250	553	244	336	1001	692	676	260	662	856	263	367	951
C6_00900C	77	154	66	382	140	55	19	10	11	127	280	64	41	108	58	52	54	101	35	145	145	42	136	241
C6_00910C	969	2055	382	949	369	332	722	167	168	253	385	114	1107	128	292	42	14	421	1168	420	458	438	134	243
C6_00920W	161	303	68	85	97	26	6	20	44	97	219	48	54	31	4	146	37	27	11	111	12	123	71	132
C6_00930C	63	107	26	82	58	11	4	19	16	84	182	41	27	0	1	7	0	8	0	61	4	163	95	94
C6_00940C	11	54	7	48	113	34	133	21	17	41	111	17	11	32	20	18	2	23	5	29	0	111	56	99
C6_00950C	85	202	12	39	52	144	4	26	21	26	59	21	12	5	25	17	27	9	10	47	11	193	43	99
C6_00960W	443	1576	872	1511	941	1197	229	102	114	1349	1898	734	460	258	252	552	1316	1520	434	870	863	405	1052	1826
C6_00970C	828	3013	1700	3136	1977	1863	1898	170	46	1458	1738	518	1554	636	717	2070	348	1634	1581	1265	2060	297	880	1896
C6_00980C	141	691	338	1624	1150	808	196	36	12	714	1093	349	258	281	229	344	262	320	424	598	470	140	523	1021
C6_00990W	37	83	31	61	161	33	25	4	1	65	195	23	2	19	4	5	0	3	49	50	25	103	41	151
C6_01000C	28	31	6	23	60	24	3	7	58	38	57	8	86	0	2	38	0	5	1	12	19	130	24	68
C6_01010W	9	11	6	12	15	5	3	25	1	2	29	3	1	1	6	40	5	0	2	9	7	36	10	35
C6_01020W	36	96	41	122	130	63	12	4	4	54	98	23	15	4	58	30	13	11	30	65	21	38	48	187
C6_01030W	964	1449	1185	1497	1238	1511	810	151	313	745	1164	178	373	200	409	2682	862	1701	2247	686	1854	272	235	385
C6_01040C	389	1239	192	608	247	570	294	49	36	238	339	130	59	77	48	234	71	417	405	278	553	274	433	662
C6_01050W	703	1484	1571	3894	2315	2285	1854	240	201	1534	2771	1919	1520	513	776	5670	1510	2803	2220	1457	1298	424	2759	5092
C6_01060C	196	482	128	515	670	248	134	35	33	449	613	244	182	143	162	896	102	157	244	296	335	270	635	926
C6_01070C	23	89	1	2	8	3	32	58	18	2	4	2	67	63	29	1	3	12	3	12	24	68	1	10
C6_01080C	25	58	83	11	57	57	1	3	2	22	8	3	79	1	2	4	1	1	1	36	26	85	22	16
C6_01090C	8	23	6	30	27	7	0	3	0	3	31	6	10	1	0	0	0	0	0	14	0	22	23	13
C6_01100W	77	328	40	99	63	20	9	12	17	68	117	22	3	91	15	148	25	12	37	43	44	102	41	109
C6_01110W	81	183	208	6	93	13	95	45	49	44	83	10	320	273	152	0	8	8	34	52	117	79	21	94
C6_01120C	2	1	2	1	0	0	0	0	0	1	3	0	0	0	0	0	1	1	0	3	3	17	0	0
C6_01130W	0	2	0	0	1	0	0	0	0	0	0	0	0	1	0	0	0	1	1	0	0	6	1	2
C6_01140C	6	7	0	4	0	2	0	1	4	2	1	0	2	1	1	0	0	0	14	15	2	10	5	0
C6_01150W	190	725	370	641	318	264	313	372	117	211	281	165	946	192	98	640	49	250	654	303	688	185	212	507
C6_01160W	34	51	23	95	67	71	4	8	5	124	142	122	8	13	25	8	22	28	38	65	42	64	203	293
C6_01170W	180	206	61	213	178	221	55	9	20	215	206	125	33	35	127	62	111	92	126	121	183	122	256	475
C6_01180C	107	162	13	23	49	34	21	8	18	127	64	30	95	34	20	1	265	21	37	58	104	68	71	105
C6_01190C	75	240	84	150	172	124	79	18	14	140	243	37	22	156	16	31	181	9	62	116	178	268	237	346
C6_01200W	8	46	4	48	11	12	12	0	4	15	29	4	21	30	2	0	4	1	3	29	24	50	60	107
C6_01210W	70	168	52	41	6	6	4	84	61	5	15	2	144	54	12	1	3	12	7	24	8	78	29	59
C6_01220C	161	644	300	378	499	181	76	14	23	415	450	82	253	194	55	10	5	49	79	231	123	223	256	372
C6_01250W	60	217	18	31	73	37	2	9	21	56	39	35	19	22	73	1	47	8	3	62	20	39	62	108
C6_01260W	29	434	107	69	36	49	57	17	16	78	95	42	218	70	83	3	108	8	77	89	108	36	107	144
C6_01280W	206	351	258	675	432	292	224	107	32	422	574	158	108	171	173	586	108	96	446	235	333	192	223	452
C6_01290C	299	719	512	941	645	378	266	39	64	765	1110	352	208	267	245	534	256	654	184	407	928	275	545	1288
C6_01300W	41	115	8	21	31	5	29	16	17	7	20	9	28	2	4	3	3	3	6	11	13	64	20	30
C6_01310W	4	37	13	6	29	2	0	0	1	0	7	2	0	0	0	0	0	33	0	5	0	24	9	14
C6_01320W	2486	3646	1392	2685	1464	1741	938	313	969	1477	2814	870	1621	993	1367	401	708	1198	1341	1615	2086	1213	1461	2836
C6_01330C	10	15	36	0	8	17	1	1	3	26	36	37	0	3	0	1	1	0	0	2	0	22	20	24
C6_01340C	47	40	36	36	33	30	2	8	15	38	42	18	17	4	6	2	1	14	7	43	2	134	20	18
C6_01350W	132	186	18	133	178	113	19	22	26	76	114	15	36	73	65	16	8	20	31	104	33	247	103	209
C6_01360W	14	20	2	6	0	1	0	3	9	6	6	8	1	2	0	0	1	1	2	1	2	10	5	14
C6_01370W	14	42	14	35	18	0	0	5	5	28	40	8	4	9	5	1	2	1	4	23	4	36	49	48
C6_01380C	15	49	11	27	14	3	0	0	3	79	39	19	2	8	13	7	2	2	1	21	3	27	59	57
C6_01390W	37	140	4	4	8	4	4	17	24	22	19	22	15	90	14	2	1	28	2	0	5	69	19	27
C6_01400W	149	69	83	198	113	201	127	14	10	112	285	121	68	209	14	184	73	224	63	67	36	195	210	388
C6_01410C	84	120	5	26	125	26	191	316	27	121	69	12	32	23	34	5	4	5	5	20	44	142	62	78
C6_01420C	219	344	35	65	187	51	1	15	29	40	73	20	33	6	13	8	27	15	7	91	57	154	24	108
C6_01430C	162	251	36	166	150	140	29	28	23	124	189	120	54	88	47	99	36	189	57	64	156	224	323	234
C6_01440C	30	39	38	49	112	21	1	7	5	40	49	26	10	72	10	4	6	0	22	71	4	92	26	102
C6_01450C	25	41	2	15	4	3	1	7	152	3	2	4	1	2	0	2	1	6	3	19	2	121	18	12
C6_01460C	46	143	18	72	61	29	6	6	24	30	92	40	80	16	159	267	4	6	94	50	18	186	98	131
C6_01470W	83	275	254	374	413	353	69	17	12	298	376	140	247	111	22	607	29	183	300	195	297	105	333	404
C6_01480W	3	5	3	4	4	1	1	4	12	2	13	5	1	1	0	1	0	0	0	1	0	32	24	18
C6_01490C	12	45	7	5	9	47	109	5	3	23	69	20	14	0	0	14	0	1	5	23	1	60	24	30
C6_01500C	26	36	8	23	30	5	5	6	2	25	37	11	1	138	8	12	4	0	2	32	16	199	54	22
C6_01510W	70	96	20	54	33	20	1	9	12	65	42	13	54	10	6	11	2	3	19	63	19	149	38	82
C6_01520W	69	168	366	506	328	234	177	267	28	205	409	211	190	161	70	131	19	349	271	187	171	210	337	761
C6_01530C	80	237	122	1	5	3	29	16	41	0	7	7	254	204	243	0	43	1	46	90	125	15	13	7
C6_01540C	0	5	2	0	0	0	0	0	2	0	0	0	4	0	1	0	1	0	0	0	0	3	2	0
C6_01550C	325	677	425	842	489	418	56	80	51	356	459	148	202	136	148	897	135	282	330	487	241	404	515	827
C6_01560W	42	66	4	16	2	2	0	2	8	0	3	3	15	11	0	0	1	0	10	7	2	36	11	7
C6_01570C	44	210	33	164	47	21	67	74	185	43	22	21	30	148	3	70	33	15	12	55	35	147	37	82
C6_01590W	292	582	104	98	109	158	341	139	61	122	145	43	275	118	176	76	608	54	32	165	369	402	188	235
C6_01600W	17	17	2	5	1	1	0	3	2	1	1	3	0	0	1	4	1	0	0	0	2	56	15	6
C6_01610W	800	1585	119	94	121	136	41	413	470	63	85	35	255	138	165	42	12	77	54	61	133	193	42	60
C6_01620W	43	104	4	19	6	27	1	69	20	32	41	5	9	5	0	7	175	7	25	17	1	161	24	5
C6_01630W	250	312	60	76	164	89	35	79	87	105	144	71	186	200	19	14	147	237	7	59	337	327	128	212
C6_01640W	37	130	26	162	111	70	70	8	5	48	81	32	217	18	4	25	4	20	51	42	27	40	56	161
C6_01650C	1550	3414	1771	1672	956	1248	924	347	1222	636	1024	437	2012	755	542	787	300	547	1328	1123	1678	964	716	1495
C6_01660C	12	14	41	47	42	26	27	5	2	15	16	8	5	2	19	106	1	6	10	14	39	33	44	16
C6_01670W	1706	3455	1102	2467	1393	1238	305	540	1358	1071	1899	639	845	550	435	2427	157	696	865	1431	1074	487	1152	2334
C6_01680C	466	1720	668	1828	1390	1491	497	98	48	864	1545	341	101	149	274	1261	160	511	759	838	1168	259	487	1081
C6_01690W	1336	3235	2598	3232	2517	2593	1384	1402	711	2142	3176	1528	1043	360	871	3169	1092	2380	1873	1663	1930	482	2192	3697
C6_01700W	291	836	50	55	102	25	20	208	176	43	63	26	136	45	24	3	11	31	14	31	51	110	73	138
C6_01710C	1830	4118	2729	2545	1558	2937	1526	266	214	767	1451	320	2023	882	1103	2378	1401	520	2218	1964	2038	563	435	1001
C6_01720C	662	1619	1473	1798	908	321	634	268	236	687	1168	245	866	460	438	63	544	1069	457	1069	1303	239	478	604
C6_01730W	51	292	82	105	99	67	17	48	6	68	91	48	5	8	21	161	239	11	116	29	12	106	97	126
C6_01740C	3046	8330	2946	4746	3256	3192	3545	2716	3394	3142	5550	1850	802	1607	719	6652	1766	3201	3306	2262	3024	620	2109	4174
C6_01750C	440	1005	163	593	410	291	141	19	20	414	783	200	66	49	190	117	61	157	234	327	268	135	665	789
C6_01760W	626	1962	401	781	724	598	400	564	97	556	861	265	911	217	290	402	515	360	594	533	407	471	566	1066
C6_01770W	2142	3271	2161	4315	2787	4947	2592	3746	2764	2244	3705	613	2204	693	816	6284	1895	3703	3836	1704	3486	594	1735	2734
C6_01780C	1759	4347	3501	4766	3870	4814	3621	16683	11496	4166	7053	1976	1875	1143	1394	14524	6720	9464	5048	2476	3325	1486	2648	3830
C6_01790C	3386	10812	2177	4859	3242	3361	3119	1049	1007	1988	3512	1026	2981	1256	1336	4043	3503	3687	3671	2304	4293	1161	1806	3274
C6_01800W	7	13	14	28	13	24	4	0	3	6	32	3	0	0	1	0	1	4	7	5	4	17	12	49
C6_01810W	458	2561	503	1448	1012	1011	454	422	376	650	992	202	270	230	250	1083	285	1044	593	431	509	237	417	994
C6_01820C	568	1929	713	765	446	491	257	95	110	398	522	193	189	178	652	510	461	184	249	296	399	401	417	920
C6_01830W	1021	3181	2049	3237	1707	3108	1075	1051	271	1275	1809	711	1178	622	1069	2638	713	1234	1558	1256	2018	286	945	2059
C6_01840C	1323	3708	2126	3880	2632	3674	1395	541	843	1827	2465	729	1293	1089	787	4855	1376	2171	2186	1584	2537	220	1080	2327
C6_01850W	957	1711	1183	2741	1757	3098	1167	981	362	698	1592	292	1768	756	696	1622	1356	1017	1752	1113	1183	443	503	1011
C6_01860C	299	399	68	315	327	244	38	13	30	133	267	145	98	299	41	71	83	101	143	233	267	90	252	525
C6_01870C	917	3935	1665	3892	2528	3176	1791	183	89	1567	2616	719	528	776	573	4359	1540	1935	2657	1485	2651	645	1407	2313
C6_01880W	129	211	55	135	69	22	3	11	15	58	85	23	22	17	34	7	9	9	9	81	6	71	72	159
C6_01890C	268	601	265	470	311	203	102	12	12	248	370	122	52	94	69	108	254	267	72	307	139	195	269	487
C6_01900C	141	825	148	224	263	440	148	27	48	305	513	189	247	324	161	258	142	319	115	206	300	229	361	550
C6_01910W	338	735	17	12	18	11	13	124	171	19	3	11	142	74	41	5	21	6	16	74	38	140	4	38
C6_01920C	105	154	31	167	54	73	44	23	38	110	144	15	186	34	10	7	21	13	57	82	133	196	40	72
C6_01930W	82	140	10	55	77	22	102	51	50	66	31	37	138	167	260	492	39	103	19	132	68	137	21	93
C6_01940W	13	29	15	16	3	1	1	7	5	19	20	7	2	6	2	0	3	4	3	12	12	31	15	21
C6_01950C	309	215	535	369	349	435	66	79	97	232	357	132	37	43	43	330	15	168	336	139	362	203	196	305
C6_01960W	311	1333	361	512	421	548	43	129	194	397	453	162	205	27	532	553	121	103	349	493	329	263	367	447
C6_01970C	645	1345	153	232	345	60	47	205	244	131	146	99	449	131	396	6	53	68	85	191	101	78	263	377
C6_01980C	97	952	345	367	244	103	144	416	217	113	202	66	23	6	110	516	108	111	295	196	69	120	204	327
C6_01990W	140	2166	286	571	192	35	62	186	34	309	401	98	162	54	186	9	75	4	19	435	188	217	265	198
C6_02000W	1690	2142	742	2241	1334	1342	761	169	79	1326	2221	1104	1031	408	721	1473	1518	1432	1144	987	907	468	1768	2637
C6_02010C	457	4585	1102	1707	1051	797	654	142	123	788	1178	838	2015	886	964	1933	255	593	996	597	1256	474	1370	2279
C6_02020C	834	2164	900	2227	1795	2019	2500	126	1523	1066	2155	734	990	894	751	6116	1522	1761	2195	912	1431	594	982	1773
C6_02030C	150	597	234	167	112	45	158	829	88	142	191	72	1285	250	455	15	24	10	253	250	424	186	233	298
C6_02040W	460	1325	204	199	142	186	150	175	187	115	364	76	529	196	87	185	45	17	155	145	214	249	232	371
C6_02050W	68	154	198	329	233	155	157	17	27	167	409	174	38	251	22	124	12	217	212	208	134	168	373	462
C6_02060W	579	1023	732	1147	759	1402	453	199	110	501	866	279	308	225	305	610	392	805	505	395	470	687	361	855
C6_02070C	156	483	15	4	25	62	29	109	126	16	24	2	59	37	13	0	194	0	85	10	22	59	1	29
C6_02080W	1	48	2	2	20	24	0	3	0	2	13	1	1	0	0	1	64	0	9	0	0	9	1	10
C6_02090C	441	1207	673	1041	733	731	176	47	166	402	813	496	291	231	405	66	556	354	321	549	754	507	671	1390
C6_02100W	10	14	21	13	47	1	85	10	17	24	33	6	58	35	9	58	469	29	6	18	16	61	15	12
C6_02110W	33	47	28	6	43	8	9	3	5	23	57	7	3	6	1	6	1	2	21	10	6	121	2	21
C6_02120W	1215	3359	1053	606	436	493	889	242	340	373	258	119	1312	1164	539	776	81	189	826	702	1897	540	287	462
C6_02130C	14	25	1	63	37	20	28	0	7	25	55	8	21	5	6	5	5	10	23	12	21	61	32	88
C6_02140W	1029	2446	900	2595	1987	1552	2166	844	1060	1498	2563	258	1346	434	799	1976	798	820	1826	1167	1624	688	390	908
C6_02150C	490	470	191	605	363	227	178	29	26	412	529	269	57	30	158	8	113	276	178	251	126	127	487	738
C6_02160W	76	213	46	268	270	80	15	7	3	280	284	81	54	3	11	42	8	36	11	198	40	54	111	281
C6_02170C	152	309	106	332	544	402	127	14	9	324	558	73	230	49	176	112	165	110	129	161	157	69	243	428
C6_02180W	4	21	3	0	3	2	1	9	8	2	1	4	4	30	0	28	0	0	3	3	0	11	1	44
C6_02190C	52	190	20	12	47	100	3	24	18	1	2	5	29	22	16	3	2	3	17	26	12	87	5	17
C6_02200C	10	14	33	3	0	3	0	10	0	12	2	10	19	86	74	1	0	0	3	33	30	23	2	17
C6_02210W	89	178	50	5	16	15	8	24	26	17	26	19	45	37	18	412	6	41	13	5	8	87	20	31
C6_02220W	96	195	8	11	19	3	1	72	53	16	12	1	48	13	11	51	1	26	17	20	4	48	19	5
C6_02230W	55	245	31	20	10	89	45	35	7	31	99	55	7	13	4	7	4	12	7	125	22	186	59	164
C6_02240C	1236	2617	80	12	39	10	60	693	853	22	31	19	660	143	102	6	1	8	29	31	70	150	42	49
C6_02250W	21	15	7	37	61	47	7	3	3	68	83	39	0	6	15	2	2	60	4	58	8	45	145	146
C6_02260C	260	648	169	555	386	139	29	47	69	184	441	177	98	206	50	43	32	143	144	237	180	240	343	415
C6_02270C	82	143	33	209	110	77	57	20	46	128	224	69	166	25	114	29	78	123	50	151	60	179	180	94
C6_02280W	64	222	17	55	8	53	12	51	343	27	65	24	136	110	18	231	10	5	51	77	9	140	9	10
C6_02290C	247	305	131	696	502	343	83	26	44	318	585	203	60	310	242	44	53	273	114	185	317	285	409	769
C6_02300C	23	32	3	86	120	64	18	5	12	43	65	50	26	19	3	19	26	39	52	29	34	118	193	135
C6_02310W	145	199	48	122	50	118	43	42	16	65	138	46	24	11	25	117	5	71	82	16	186	213	65	43
C6_02320C	19	86	62	74	89	122	83	27	12	78	197	87	131	44	42	224	10	25	189	54	110	112	117	100
C6_02330W	90	209	8	29	5	12	19	95	111	5	37	13	140	21	54	13	70	10	61	27	61	452	16	17
C6_02340W	73	197	67	70	86	9	2	48	61	8	15	8	30	53	4	24	12	11	10	31	33	255	42	13
C6_02350C	25	35	10	1	12	5	2	9	10	2	5	3	117	45	2	5	2	21	4	1	4	155	5	8
C6_02360W	2	5	0	1	0	0	0	2	2	5	2	0	0	1	0	0	0	1	0	1	0	10	1	3
C6_02370C	56	64	24	17	7	73	64	3	9	25	19	35	79	92	5	0	3	4	3	21	3	89	26	49
C6_02380W	36	117	8	19	6	2	3	33	43	21	8	0	75	40	37	1	1	1	5	2	11	179	19	29
C6_02390W	0	0	0	0	0	0	0	1	2	0	0	0	0	1	0	0	0	0	0	0	0	0	0	0
C6_02400W	4	9	0	0	0	0	1	0	3	0	0	0	0	0	0	0	0	0	0	0	0	18	0	0
C6_02410W	125	358	139	321	193	148	85	376	471	220	307	123	712	373	174	213	137	29	277	149	135	210	226	377
C6_02420W	8	19	15	12	2	0	0	1	3	2	11	2	0	14	1	1	0	0	0	4	0	30	3	12
C6_02430W	705	1285	545	960	638	256	230	234	139	404	702	141	174	327	498	437	43	191	231	549	249	356	332	571
C6_02440C	77	166	37	200	120	28	33	8	16	107	198	54	171	38	26	2	6	23	0	122	47	79	121	154
C6_02450W	11	45	17	48	77	15	5	3	9	30	47	22	7	0	0	97	38	5	9	0	75	81	8	43
C6_02460C	65	162	81	162	131	131	7	11	9	82	153	40	20	26	102	76	58	13	25	87	96	80	109	165
C6_02470W	263	423	424	741	716	392	40	37	68	620	1147	313	486	236	325	30	246	285	173	451	511	123	686	1238
C6_02480W	170	240	89	88	54	204	19	50	57	88	231	66	147	72	111	252	7	135	25	64	84	217	95	175
C6_02490C	31	39	5	14	44	8	5	25	16	7	29	14	41	24	18	0	46	24	4	9	8	30	8	17
C6_02500C	20	53	3	4	2	2	1	9	15	10	2	11	3	0	0	7	0	0	6	10	4	110	15	16
C6_02510C	29	54	31	26	28	57	0	0	2	53	46	27	4	13	2	47	4	3	4	9	22	52	50	89
C6_02520W	218	428	327	853	412	488	568	25	36	198	221	85	279	540	68	264	478	224	713	565	272	128	296	610
C6_02530C	22	38	6	6	41	4	1	6	14	0	3	0	17	6	9	1	32	0	32	31	47	44	1	18
C6_02540C	12	26	4	3	11	0	0	4	4	3	1	0	1	2	0	1	0	0	1	2	0	83	5	9
C6_02550W	5	37	7	7	15	2	3	2	2	8	13	4	1	114	2	1	0	0	1	2	5	47	2	32
C6_02560W	1363	2964	333	156	180	216	714	962	894	137	215	57	1373	433	597	413	101	30	209	315	474	259	118	325
C6_02570C	265	841	399	834	572	547	141	189	123	426	598	71	285	437	228	389	119	296	345	422	550	119	138	298
C6_02580W	251	1359	501	496	457	211	253	32	29	208	273	63	146	114	164	11	21	58	207	271	707	228	138	237
C6_02590C	32	470	110	124	125	19	123	26	20	34	88	35	8	3	18	8	4	3	64	77	130	95	24	64
C6_02600W	1287	3294	1186	1133	1064	730	197	556	1595	569	1304	148	1173	863	484	1347	971	931	1362	482	1029	593	440	1118
C6_02610C	155	282	61	16	26	88	4	28	25	5	25	3	134	16	3	9	3	3	6	69	63	167	61	41
C6_02620C	2	25	4	12	5	1	0	1	4	3	5	8	14	0	0	0	6	0	2	2	7	60	23	41
C6_02630C	1539	4051	3568	7774	5197	6099	2191	516	153	3249	5836	1298	3171	1421	1474	2986	1844	3422	5288	3462	4922	483	2210	5125
C6_02640C	36	181	137	254	234	117	15	11	11	78	136	64	57	6	52	62	354	112	38	145	118	70	110	374
C6_02650C	1973	4601	2460	4549	2543	3559	2832	3986	1915	2298	4031	1148	1646	1098	1150	5577	2388	4192	3672	1885	2972	558	2228	3468
C6_02660C	1311	2293	1451	4432	2390	3459	1522	405	504	2756	3965	1223	1088	738	1080	6344	2396	2024	1823	1715	2370	471	2373	3718
C6_02670C	1127	3585	813	948	390	711	878	276	941	245	551	159	2436	507	275	930	1402	483	532	780	1249	242	198	514
C6_02680W	4	12	0	2	8	0	0	1	1	1	2	1	0	1	0	0	3	0	0	0	0	27	1	0
C6_02690C	559	1159	785	2266	1641	1967	481	78	102	1193	1829	537	700	377	588	2058	555	999	1130	1182	1127	372	730	1777
C6_02710C	2686	4538	2015	3296	1661	2807	1045	91	53	2236	3476	1085	585	495	435	3546	2270	2760	2439	1336	1886	390	1566	2438
C6_02720C	483	1478	281	829	582	422	226	50	55	413	784	259	192	269	240	563	31	160	141	534	347	280	597	1144
C6_02730W	353	717	142	498	270	171	138	242	140	118	188	94	366	159	258	71	26	24	296	269	490	262	85	149
C6_02740W	28	92	16	162	101	25	11	14	16	74	100	30	11	34	12	5	7	2	9	70	68	48	34	49
C6_02750C	74	116	83	426	329	166	21	12	14	137	318	142	29	17	44	22	1	61	95	141	167	142	265	383
C6_02760W	17	36	1	11	30	5	1	2	5	7	8	6	0	1	0	0	0	1	0	32	5	68	8	21
C6_02770W	9	19	3	6	3	1	0	6	9	3	3	2	1	1	0	0	0	0	0	0	1	57	13	8
C6_02780C	41	614	43	466	301	144	8	12	8	119	282	100	210	178	167	852	180	159	9	111	57	205	215	360
C6_02790C	463	1040	599	2209	1620	1084	518	54	378	1055	1722	756	654	859	750	1519	1714	1470	1007	827	979	410	1841	2011
C6_02800W	20	22	39	60	22	3	0	6	1	22	32	26	6	2	4	5	0	0	0	13	42	73	40	51
C6_02810C	1494	4063	1124	1887	1613	1984	877	434	214	543	1248	317	1162	663	487	2320	1237	2089	1542	1405	1668	711	715	1415
C6_02820W	5	10	0	65	4	4	2	1	0	5	6	0	0	0	0	2	0	8	0	1	12	59	6	7
C6_02830W	69	115	98	248	434	120	40	4	4	202	258	51	32	75	216	427	37	91	142	76	72	142	209	332
C6_02840C	95	1141	172	591	274	215	18	52	800	231	441	54	102	35	93	21	24	580	306	105	196	312	157	451
C6_02850W	72	44	36	38	36	39	16	3	12	49	102	12	16	1	0	0	4	1	75	36	25	67	25	74
C6_02860W	120	250	149	148	198	33	36	15	10	59	201	23	141	22	54	4	20	54	40	200	121	279	103	191
C6_02870W	137	114	32	100	30	24	30	16	10	35	101	10	121	80	30	15	22	13	7	46	79	93	29	40
C6_02880W	307	746	324	390	361	232	165	495	80	342	392	169	230	302	82	268	213	416	329	147	174	172	203	415
C6_02890C	259	1100	138	667	350	412	160	215	627	313	503	232	476	106	214	571	2388	430	410	183	116	228	392	473
C6_02900C	208	234	285	298	319	362	107	251	210	169	405	110	73	108	131	206	86	381	114	175	197	163	134	344
C6_02910W	22	23	2	2	9	5	2	2	1	19	22	3	0	3	1	1	2	2	1	7	1	67	20	35
C6_02920C	30	46	1	4	4	1	0	12	22	5	1	2	3	2	0	2	1	0	2	2	0	138	3	10
C6_02930W	666	997	354	833	578	429	177	131	386	161	406	75	88	62	283	527	142	209	242	418	388	528	155	646
C6_02940C	197	476	161	193	160	34	138	46	82	47	104	41	78	46	147	4	9	6	26	73	56	172	44	224
C6_02950C	107	33	78	177	104	90	39	16	4	168	217	107	190	29	55	56	9	10	58	70	37	73	228	189
C6_02960W	5	29	16	6	9	14	0	2	9	27	7	15	3	0	1	10	0	0	0	8	8	72	14	9
C6_02970C	16	76	97	56	8	111	69	303	554	12	58	11	285	176	13	3	150	90	53	81	160	92	80	42
C6_02980C	58	187	6	33	25	11	88	43	35	44	43	5	41	14	32	8	48	10	4	37	18	170	18	23
C6_02990W	2252	4521	4023	8647	5710	7507	1351	478	366	1864	3813	1006	929	912	1205	5230	2423	1604	2557	3463	3613	396	2034	5788
C6_03000C	2	12	3	18	6	0	0	2	5	15	7	14	1	1	0	1	1	2	0	5	9	61	20	40
C6_03010W	5584	12051	5607	10299	6603	7757	2972	472	163	4419	8166	2590	1848	1729	3925	3628	4355	4608	3621	4916	5350	1100	4527	9171
C6_03020W	241	672	169	360	365	198	34	5	14	171	395	84	32	178	76	18	4	39	43	371	140	121	242	501
C6_03030W	341	818	534	1183	671	862	937	403	609	727	945	322	132	61	351	1498	295	860	957	604	318	165	479	656
C6_03040C	238	2326	473	1044	900	692	195	169	41	971	1265	434	57	209	165	504	677	249	284	369	278	408	601	1002
C6_03050C	18	54	14	46	11	17	0	14	15	4	7	7	9	4	4	2	2	1	10	18	25	116	2	6
C6_03060W	164	811	266	605	497	535	81	174	601	583	863	195	65	305	307	159	34	600	500	391	561	1207	303	639
C6_03070C	73	384	39	105	117	4	1	3	23	161	187	24	21	15	32	0	3	7	0	69	26	25	35	74
C6_03080C	218	429	60	115	51	27	14	76	132	20	30	2	188	196	143	6	2	17	42	91	66	116	38	19
C6_03090W	41	440	33	257	194	55	47	7	18	131	141	128	27	25	17	42	42	7	111	96	120	182	270	345
C6_03100W	59	246	6	21	36	19	10	11	26	67	50	39	50	132	38	5	5	22	2	8	38	179	10	68
C6_03110C	208	248	81	182	154	17	7	3	1	109	230	111	5	157	8	77	34	27	4	136	80	44	45	154
C6_03120W	55	83	24	255	93	24	0	5	8	62	132	6	3	6	21	6	6	52	3	53	13	118	48	120
C6_03130W	50	108	5	3	1	1	1	34	36	1	2	2	17	13	0	0	1	1	3	2	10	42	1	10
C6_03140C	46	181	5	52	79	68	9	25	25	78	24	23	15	50	22	5	6	63	12	32	14	289	31	50
C6_03150C	161	524	106	299	219	127	32	20	7	138	144	132	11	151	86	53	15	31	97	97	95	118	193	316
C6_03160C	1541	4137	3548	4508	2679	2502	2482	158	139	2315	3672	1496	1022	1110	1444	4486	2304	2503	1876	1554	2126	457	2974	4646
C6_03170C	625	1783	1096	1969	1243	1121	495	291	711	992	1731	444	233	294	244	1064	1065	985	1025	864	673	316	836	1898
C6_03180C	3161	9728	3484	2673	2398	2686	1234	2282	2211	1560	2502	791	4430	802	1123	2975	1975	1405	3094	2071	3843	643	1302	1922
C6_03190C	19	98	70	31	35	49	14	9	154	36	79	18	5	4	2	24	2	3	6	9	0	50	64	67
C6_03200W	46	110	11	110	15	23	4	68	62	7	14	10	4	17	24	5	26	22	99	25	11	215	35	13
C6_03210C	9	13	0	4	20	0	0	0	0	17	0	4	0	1	20	2	2	0	1	2	0	35	18	7
C6_03220W	12	20	0	3	3	3	0	0	4	1	12	1	0	0	13	2	1	1	0	34	1	106	2	5
C6_03230W	58	94	5	1	7	2	6	73	82	2	4	0	100	85	14	0	1	1	11	27	40	58	2	7
C6_03240W	4	21	6	21	4	2	0	2	2	6	4	5	1	2	0	0	0	0	1	0	0	104	2	6
C6_03250W	497	656	67	116	104	64	5	45	63	60	70	63	32	27	10	43	38	6	36	142	27	155	86	131
C6_03260W	213	714	173	200	272	216	34	75	89	137	214	70	204	18	36	135	118	47	30	228	121	147	109	380
C6_03270C	51	219	74	154	68	35	7	239	64	51	141	35	77	166	54	19	24	25	13	76	136	128	63	152
C6_03280W	39	205	54	231	108	110	11	8	2	179	132	47	2	39	10	7	31	19	28	40	34	92	179	224
C6_03290W	282	508	163	516	328	333	479	628	227	188	489	82	75	169	227	1437	106	609	324	324	259	335	289	272
C6_03300C	46	239	41	67	36	8	3	9	9	21	94	11	7	101	15	2	2	1	3	25	6	96	42	79
C6_03310W	509	1725	645	1118	674	542	356	193	81	484	839	335	391	227	185	151	119	240	474	560	472	302	605	1360
C6_03320W	449	1064	62	37	25	3	8	233	202	48	22	4	109	85	46	0	1	9	36	53	37	62	25	42
C6_03330C	32	74	8	36	50	28	5	11	16	42	94	21	157	38	5	10	89	1	20	41	30	103	61	107
C6_03340C	229	519	201	125	185	37	127	55	130	103	227	54	667	406	232	47	29	118	102	319	393	105	112	97
C6_03350C	97	88	14	117	49	21	26	8	19	76	191	23	5	36	8	5	2	4	9	41	7	115	214	131
C6_03360C	14	22	14	63	11	2	0	2	1	21	17	4	0	7	2	1	0	0	10	15	1	51	24	17
C6_03370W	67	124	55	194	143	19	76	19	29	46	57	28	12	9	16	249	68	20	21	156	9	260	124	171
C6_03380W	44	135	49	24	6	3	3	20	15	1	2	0	25	24	5	1	0	1	14	13	12	79	13	7
C6_03390W	147	304	286	449	717	198	83	89	166	488	748	271	57	126	127	175	385	141	217	267	155	144	485	883
C6_03400C	49	126	45	55	49	49	6	15	13	56	50	33	39	11	5	1	45	23	12	37	12	83	60	143
C6_03410C	62	175	9	11	9	7	2	18	25	3	18	2	86	92	9	0	3	0	5	9	20	65	8	47
C6_03420W	5	5	0	3	5	2	0	0	0	1	10	3	0	7	0	1	0	0	0	6	2	18	0	5
C6_03430C	1095	2373	1426	1642	1197	1064	673	321	434	736	1331	520	520	524	452	2503	236	612	922	872	1057	720	921	1432
C6_03440W	296	1650	425	1371	818	887	164	99	27	610	888	364	360	199	358	406	133	226	363	646	778	352	900	1291
C6_03450C	381	1349	1176	2279	1514	1179	751	634	750	892	1580	572	782	368	439	1919	485	867	793	832	1166	500	834	1580
C6_03460W	539	1579	418	931	858	933	71	306	107	487	512	185	505	214	124	280	23	938	839	588	397	609	244	741
C6_03470W	392	535	212	514	589	474	137	55	142	214	516	139	425	339	326	506	805	232	369	349	317	269	191	423
C6_03480W	116	165	19	64	23	6	14	9	28	45	66	6	8	2	4	14	18	2	4	84	26	108	14	47
C6_03490C	252	304	207	307	302	266	326	16	616	186	389	62	240	157	21	906	572	404	229	272	335	147	144	312
C6_03500C	618	2644	613	475	475	510	343	11	5	423	502	239	225	15	126	470	357	416	118	223	432	201	424	564
C6_03510C	3	19	0	64	14	28	0	1	0	49	101	2	1	3	12	1	9	0	2	5	2	35	13	11
C6_03520C	195	980	185	418	390	200	33	12	14	211	269	102	59	105	57	38	16	47	84	360	162	136	237	597
C6_03530C	377	936	205	452	442	280	164	20	237	248	282	109	88	132	219	473	67	186	122	253	345	68	158	229
C6_03540W	705	1827	306	745	441	293	295	115	62	319	359	167	309	71	159	399	374	116	194	298	589	121	285	558
C6_03550C	326	949	403	1685	1042	1095	823	44	822	535	849	310	231	255	421	741	206	394	557	427	925	313	504	1049
C6_03560W	406	1043	439	1396	1181	1173	472	450	309	653	1493	662	680	303	321	1572	2249	1400	806	626	1505	421	890	1143
C6_03570W	0	13	5	9	6	0	40	1	1	13	14	2	0	1	0	1	0	0	3	4	1	17	5	34
C6_03580W	53	150	91	194	181	151	45	157	46	101	239	44	89	51	6	96	26	58	52	49	107	211	205	253
C6_03590C	63	85	6	9	24	10	2	15	51	27	13	3	34	17	1	3	6	5	2	32	7	62	64	50
C6_03600C	77	241	155	635	231	266	135	38	29	332	601	339	28	8	63	333	331	125	124	132	56	414	495	480
C6_03610W	135	213	186	518	353	325	41	23	14	269	511	238	86	75	48	329	41	57	297	277	136	172	293	563
C6_03620C	277	375	333	491	214	351	56	41	24	256	264	82	143	93	106	658	337	25	374	307	425	252	261	503
C6_03630W	678	793	250	514	556	312	168	157	160	384	358	236	28	146	127	22	372	702	247	362	278	136	367	461
C6_03640W	533	962	400	947	827	1227	577	207	292	453	1315	122	311	265	182	1399	834	388	868	401	741	237	248	407
C6_03650C	416	1109	166	549	311	291	11	22	193	320	311	161	112	153	135	356	34	303	55	210	63	152	214	448
C6_03660C	120	141	71	125	94	156	42	14	20	42	91	46	360	111	130	29	16	49	147	107	21	185	56	107
C6_03670C	27	48	66	63	26	21	0	6	26	67	208	78	3	4	2	6	27	63	39	40	14	86	75	98
C6_03690W	917	1626	1308	1391	1263	1162	424	440	1391	881	1315	400	866	428	710	1159	511	667	1671	818	1036	741	633	1594
C6_03700W	2726	6456	4073	6924	5112	5500	3554	4024	5689	5237	7841	1760	35654	33729	10403	8248	7598	6321	5646	3606	5967	1281	5291	5566
C6_03710W	3894	12543	4956	6203	3595	4382	4245	4255	4240	2153	3341	711	8292	3657	4681	9837	4020	3795	4970	3284	7271	802	1288	2496
C6_03720W	565	1404	274	628	504	214	71	52	53	289	368	128	306	193	413	179	296	60	153	275	196	362	397	471
C6_03730C	59	336	16	313	122	58	42	7	8	51	88	46	139	126	47	6	1	95	18	109	68	86	64	99
C6_03740W	43	66	2	41	70	3	2	3	3	18	52	8	6	9	8	0	10	8	0	39	7	21	35	137
C6_03750C	180	393	32	65	69	8	17	57	74	19	41	4	26	14	15	5	40	5	21	32	30	79	27	102
C6_03760C	932	1699	1032	737	714	356	401	330	873	519	808	438	2585	1257	860	677	215	364	794	924	837	364	746	1117
C6_03770C	60	130	11	53	14	11	0	44	23	44	82	39	32	55	54	5	71	3	19	30	9	130	70	68
C6_03780C	382	1315	780	1255	1573	1209	513	61	95	1218	1499	486	507	259	110	1555	692	751	529	747	739	177	823	1457
C6_03790C	28	91	7	26	20	42	6	13	10	30	67	13	14	31	19	4	17	0	2	48	50	195	16	38
C6_03800C	95	470	340	872	919	202	40	17	11	375	654	121	67	147	125	42	140	26	43	485	239	191	297	997
C6_03810W	13	77	4	40	106	18	15	10	15	68	135	93	5	5	2	3	4	13	15	77	44	91	87	133
C6_03820C	17	23	12	17	8	2	0	5	8	8	24	2	1	3	4	0	0	1	1	4	2	40	11	5
C6_03830W	186	186	44	119	87	94	19	81	365	22	65	46	89	39	42	43	10	16	118	43	25	174	68	116
C6_03840C	2500	6858	1523	3006	1610	1848	1024	566	887	1424	2467	493	853	725	879	1947	1197	1055	1368	1978	1190	527	674	1528
C6_03850C	806	2752	1994	2245	1621	3222	2907	3521	2027	1910	2761	755	1046	562	833	7465	1641	3790	2508	1401	2006	568	997	1380
C6_03860C	384	625	338	539	176	289	265	206	128	199	305	63	76	61	189	481	14	423	244	248	216	155	202	421
C6_03870C	32	19	3	4	15	1	0	4	3	1	35	0	1	1	0	3	0	0	0	4	0	32	6	28
C6_03880W	149	421	14	15	21	149	97	19	19	6	38	21	50	17	9	6	8	128	26	43	198	110	14	73
C6_03890C	40	663	80	80	158	91	1	20	43	18	29	13	6	15	7	2	2	159	7	28	104	186	23	45
C6_03900W	278	2170	413	388	251	278	146	41	55	151	310	96	874	456	191	525	202	346	280	618	430	279	113	196
C6_03910C	37	44	32	21	17	7	3	9	12	45	22	9	0	2	1	0	4	1	3	2	4	81	22	59
C6_03920W	105	370	28	77	133	46	220	22	38	79	119	60	11	57	32	25	20	16	30	48	109	133	113	175
C6_03930W	1777	4084	1585	2992	1850	2005	2027	344	635	1028	1454	282	1934	832	306	3820	467	1446	1131	1259	2007	473	361	1583
C6_03940C	203	933	231	300	261	320	125	143	51	215	263	63	327	413	58	24	37	23	112	232	320	241	140	230
C6_03950C	198	1078	703	1126	1020	1163	776	275	193	279	577	18	155	294	569	718	481	266	887	647	660	206	105	222
C6_03960W	2623	4202	426	576	382	448	170	144	105	293	314	104	211	258	103	28	47	370	236	283	819	320	259	389
C6_03990C	257	494	367	944	612	704	576	1709	1589	447	639	62	488	378	312	929	445	150	634	426	735	204	180	356
C6_04030W	34	149	74	129	99	54	238	22	15	81	116	14	120	203	47	3	576	165	116	203	114	112	74	168
C6_04040C	548	1312	160	315	187	190	538	119	140	295	424	240	277	116	126	187	935	128	315	281	282	191	348	532
C6_04050W	154	348	494	1056	601	1177	682	417	416	527	598	70	414	550	145	1194	341	483	592	540	551	153	178	519
C6_04060W	162	582	142	185	236	53	17	51	54	101	189	108	60	143	44	5	8	35	53	114	38	230	114	409
C6_04070C	3	7	0	0	0	0	1	1	1	0	0	0	1	1	0	0	2	0	1	0	0	32	0	0
C6_04080W	66	197	9	95	23	31	5	28	23	30	72	2	19	15	13	0	28	3	63	20	32	130	31	82
C6_04100W	195	319	149	20	38	6	46	62	74	8	48	8	69	122	43	22	3	9	19	43	56	163	16	14
C6_04110W	64	188	72	195	274	66	70	31	88	150	268	204	128	208	56	111	22	10	46	122	131	142	419	414
C6_04120C	670	1917	1011	1970	1238	1516	1415	691	816	567	1014	279	1241	563	564	2612	446	1456	1053	1020	787	317	326	621
C6_04130C	21708	48664	31771	15634	12094	14964	12130	11520	10189	6328	10699	2583	15092	6411	6661	18861	6402	9660	41216	28782	63806	2574	7681	9533
C6_04140C	145	680	123	213	64	116	29	101	125	65	124	57	180	251	195	96	69	104	52	140	203	372	68	91
C6_04150W	9	13	5	9	3	0	0	2	1	4	6	5	0	0	0	3	0	1	1	14	15	42	8	15
C6_04160C	108	375	61	113	136	128	30	16	33	52	76	57	145	65	35	33	36	58	6	58	64	286	105	111
C6_04170C	24	61	4	29	4	5	0	3	9	25	8	4	14	12	39	1	5	0	2	7	3	83	19	13
C6_04180W	18	29	2	16	37	9	0	5	3	4	6	9	7	0	2	2	7	5	1	32	0	109	35	91
C6_04190C	9	24	3	0	0	0	2	6	7	0	0	0	1	1	0	0	0	0	1	1	4	34	0	1
C6_04200C	35	80	4	4	2	2	2	18	22	6	6	3	2	4	0	4	0	1	4	0	18	101	1	56
C6_04210C	216	667	111	330	449	146	142	30	23	351	581	136	164	39	81	26	442	441	230	424	199	175	251	317
C6_04220C	84	164	13	13	21	21	13	51	49	20	37	9	39	6	9	10	9	0	20	27	15	174	64	44
C6_04230W	168	367	92	128	157	198	266	35	112	124	145	60	159	244	31	22	25	16	124	103	131	161	117	155
C6_04240W	2	10	0	2	2	1	0	1	1	0	4	3	0	1	0	1	0	0	4	2	0	12	1	0
C6_04250W	133	241	60	23	5	4	20	93	110	3	17	6	148	63	166	38	83	5	6	43	21	131	21	9
C6_04260C	20	65	40	86	3	3	0	13	6	2	24	3	1	0	0	1	3	2	5	5	4	111	2	31
C6_04270W	1565	4582	1491	1606	1082	853	509	263	304	940	1337	575	2547	1591	981	780	317	602	621	995	2077	669	920	1831
C6_04280W	148	506	42	39	70	113	24	35	29	16	58	13	84	79	22	29	3	18	30	70	44	96	44	100
C6_04290W	401	957	622	1023	1099	821	728	116	115	875	1451	662	695	295	551	644	519	936	452	589	929	559	787	835
C6_04300W	37	76	21	46	42	30	4	4	7	56	78	34	43	25	7	4	8	27	5	17	25	102	45	80
C6_04310W	12	5	2	5	14	0	0	3	1	2	0	0	2	2	1	0	1	0	2	0	0	16	1	1
C6_04320C	3	0	1	1	0	0	0	0	1	0	1	0	0	0	0	1	0	2	0	0	0	34	2	0
C6_04330W	25	36	18	40	27	2	4	3	0	33	65	25	25	11	10	2	30	4	0	48	10	72	57	60
C6_04340W	36	115	66	129	87	24	5	10	7	110	198	105	18	49	36	2	76	5	2	100	33	64	161	162
C6_04350C	5161	12462	5205	9100	5127	6537	5535	2031	1348	3238	6176	1321	3964	1377	2866	11094	4377	7535	4986	3782	6056	1183	2080	4726
C6_04360C	179	245	243	349	145	120	6	13	25	271	165	131	15	84	74	226	486	155	76	134	95	183	354	397
C6_04370W	28	76	52	109	83	56	42	40	71	64	95	51	96	81	4	7	9	55	27	82	64	179	143	143
C6_04380W	26213	54630	36874	14518	10746	12998	10032	6351	8897	5907	9062	1564	37544	20685	13828	19478	4712	7159	28039	19011	38159	1730	4200	7566
C6_04400W	33	46	9	35	38	8	3	3	13	49	35	16	11	15	43	1	1	5	0	45	9	62	73	98
C6_04410C	198	634	88	618	392	214	186	34	35	239	280	91	354	166	211	24	434	36	117	192	159	284	164	411
C6_04420W	775	1363	149	322	239	177	31	381	370	103	104	28	274	122	119	53	183	121	236	110	189	190	61	206
C6_04430W	236	963	415	640	337	496	431	171	60	502	389	240	233	59	389	355	105	538	543	387	270	208	237	620
C6_04440C	1283	3011	965	2164	1814	2073	1693	400	777	1220	1580	643	1002	726	1130	3793	1211	3110	1667	1184	2722	566	844	1956
C6_04450W	286	526	377	367	207	238	235	105	100	291	567	204	91	49	252	491	56	123	366	188	122	284	331	946
C6_04460W	38	20	12	15	42	27	3	3	3	13	33	25	3	1	3	31	0	15	8	45	6	39	42	57
C6_04470C	2615	3322	1917	2042	1349	2410	1237	1045	1233	1059	1574	584	204	741	902	2454	1670	2154	2123	933	1397	783	1076	2317
C6_04480C	367	911	174	370	268	211	325	141	113	159	374	79	55	121	202	702	45	45	268	347	282	191	128	369
C6_04490W	68	197	65	157	136	171	18	393	29	61	91	35	44	37	76	47	38	13	210	64	48	228	77	118
C6_04500C	4507	12421	3143	5711	4427	4838	2974	2227	1413	3043	4899	1646	2185	1235	1562	7459	1827	3050	5293	2664	5382	1266	3042	6016
C6_04510C	240	1155	622	661	321	437	249	36	41	332	412	218	471	86	311	446	222	211	400	382	431	254	436	885
C6_04520W	1629	4586	2314	1766	896	806	992	1257	670	889	1721	698	3459	1131	1216	1242	244	1218	1367	1089	1341	607	1263	1898
C6_04530C	1464	4030	2352	3908	2322	2317	1483	875	999	1338	2016	556	276	371	1218	3823	318	2180	3110	1552	2164	644	746	1075
C6_04540C	804	1794	461	897	471	1025	644	70	56	380	640	385	730	161	357	337	288	1658	388	359	301	417	590	1381
C6_04550C	6491	13053	9494	9996	5762	9507	6031	6139	3135	3851	6565	2327	5667	1988	5090	11711	6000	7783	8010	5509	11605	1098	3383	6345
C6_04560W	1394	3168	369	719	259	404	228	138	78	214	357	169	94	234	236	52	206	258	186	306	922	323	220	455
C6_04570W	12908	23996	12286	16746	9168	13106	13627	3383	5425	6732	9232	4790	6143	3724	5298	38083	14674	19849	16075	7712	14527	2915	7613	14976
C6_04580W	3869	8036	3396	5710	3231	3800	3599	972	3262	2866	3870	1584	1887	1360	1927	9810	5678	5222	5205	2331	3941	924	2392	4673
C6_04590C	1386	3058	1296	1872	1321	2383	1527	395	881	1329	1394	626	760	453	1321	3742	3284	2597	1929	1317	2723	348	820	1656
C6_04600W	1257	1314	1027	1501	836	1002	892	163	84	998	1424	728	441	206	289	1672	434	1134	774	651	590	399	1330	1635
C6_04610C	3288	8240	2396	3904	1879	2186	2254	1497	1614	1839	2837	1795	1342	753	756	4910	1998	2392	2074	1586	2093	757	2305	4211
C6_04620C	6558	15289	10006	15269	10699	15050	10316	3483	3915	8363	13885	6306	4338	2202	5738	17363	13303	13550	15234	7152	13030	1536	8596	15456
C6_04650W	5875	12789	4636	6268	3761	4033	6529	4357	10529	3432	4419	1763	2019	1223	1925	14322	3466	4465	5515	2553	2980	1725	3136	4890
C7_00010C	1115	2960	733	1377	724	635	513	1728	336	539	973	218	419	446	426	974	646	496	778	661	699	290	470	899
C7_00020C	1434	6385	717	825	437	428	200	442	420	263	437	187	492	153	185	220	149	791	387	355	586	775	276	587
C7_00030W	701	1457	335	253	181	475	222	532	172	170	249	101	436	52	189	228	65	183	344	108	126	212	156	283
C7_00040C	1822	4166	1337	1560	1044	1656	1042	746	972	1216	1810	1328	503	295	681	1288	523	1429	1833	861	1174	467	1852	3137
C7_00050C	14781	36493	6793	7730	4319	5438	3952	3154	7914	3983	6656	3269	2256	2039	3002	11123	4678	5975	4707	3519	5772	2052	6009	9929
C7_00060C	1296	3266	871	878	687	752	710	87	471	693	1127	350	280	380	590	2036	741	706	1267	554	575	273	660	990
C7_00070C	790	2630	960	968	792	1452	887	942	347	687	1005	275	474	597	410	1120	544	803	1185	747	670	303	456	751
C7_00080C	1646	3208	1883	1504	876	1376	574	2940	1163	1202	1435	601	1075	1028	643	1435	305	1723	1813	1252	1210	719	1136	2049
C7_00090C	4240	8704	5219	8424	5900	7656	5067	4778	3750	4419	6983	1781	3681	1509	2787	14867	3208	6115	6056	3852	7085	1044	2086	3167
C7_00100W	935	1671	164	448	233	314	36	88	39	278	405	79	36	35	50	477	86	84	351	323	631	428	143	332
C7_00110W	261	661	251	161	85	81	48	174	41	74	194	34	55	131	67	212	31	209	33	124	220	242	46	88
C7_00120W	122	363	224	281	135	139	38	35	47	89	279	39	79	54	92	18	27	158	72	159	79	128	113	191
C7_00130W	1130	1726	1021	2072	1066	1689	1205	1271	1381	814	1460	202	377	480	1064	4624	845	1832	1546	1019	1126	284	319	919
C7_00140C	648	1496	462	1395	711	1121	1415	1904	2108	568	940	105	207	351	651	5084	866	1456	2023	637	801	224	113	516
C7_00150W	324	467	137	204	137	77	66	80	111	61	158	48	96	38	136	23	20	32	52	68	145	201	36	176
C7_00160C	76	155	35	163	64	42	20	12	14	39	103	28	20	2	136	17	8	7	12	19	71	223	58	113
C7_00170W	3672	8014	1956	3604	2370	2370	1838	2289	1571	2316	4290	736	2625	1151	1501	6777	2156	3811	3093	1974	3029	787	1710	3211
C7_00180W	6247	16082	6211	11752	9838	11577	7781	1826	2408	5984	10358	1780	5866	2656	2705	16033	6476	8779	8358	4363	7737	642	3118	7160
C7_00190W	1545	2441	1413	3373	2308	2448	1586	1528	476	1716	3034	523	1198	690	718	2952	757	2325	2316	1427	2314	418	1273	2417
C7_00200W	1702	5639	1808	3909	2430	3657	1914	835	1180	1677	3195	683	1306	559	952	5469	2375	2132	1789	1695	2171	427	1249	1852
C7_00210C	587	1136	334	772	583	349	312	416	32	475	769	257	94	23	167	1205	412	152	155	284	276	373	494	698
C7_00220W	437	2247	311	1185	669	1179	338	269	225	460	806	299	432	538	290	1054	263	583	537	784	1072	164	711	1190
C7_00230W	1256	2426	1047	1399	960	1009	684	2493	154	715	1350	370	582	508	535	1247	340	886	1107	720	1413	342	687	1423
C7_00240W	388	1486	621	667	439	514	160	31	42	432	524	124	82	23	117	161	180	368	453	305	484	191	275	442
C7_00250C	1606	3987	1307	2568	1296	2150	1332	121	156	1157	1896	716	681	379	569	2364	3077	1828	1177	932	2030	511	816	1698
C7_00260C	2859	7130	4270	7231	3841	7070	4921	1971	4140	2559	4098	1639	2329	1533	2158	12315	3989	7959	6167	3547	3995	996	3148	6015
C7_00270W	873	3009	1252	1487	1155	1095	187	235	141	894	1243	178	544	377	351	559	463	591	941	1003	823	652	489	912
C7_00280W	336	1109	160	628	479	336	248	27	18	191	392	231	100	13	335	355	697	317	345	372	514	339	370	813
C7_00290C	491	1605	448	698	784	654	395	314	34	475	622	263	285	186	504	1426	49	287	305	720	206	361	415	1154
C7_00300W	415	1130	445	672	500	510	137	42	160	411	904	229	149	157	226	256	54	298	426	605	359	182	292	782
C7_00310C	423	901	174	351	264	367	68	96	175	256	390	198	126	211	300	440	80	548	164	172	110	115	174	265
C7_00320C	2782	3859	2052	3144	1859	2148	580	221	421	1567	3107	604	850	619	1004	2509	700	1058	1079	1486	2053	636	1174	3222
C7_00330C	361	827	136	489	389	122	69	45	17	250	465	226	9	53	87	135	88	367	190	245	351	234	422	864
C7_00340C	1185	1343	482	848	573	933	196	106	167	222	541	135	1121	240	456	531	165	523	822	786	827	532	345	951
C7_00350C	994	2388	574	625	317	520	490	242	408	222	564	152	1040	115	306	96	299	295	495	439	603	502	473	833
C7_00360W	41	174	60	244	160	32	25	25	468	37	173	60	363	109	78	109	1662	20	9	9	12	289	163	101
C7_00370W	43	283	150	96	14	116	27	6	10	12	66	74	49	29	4	28	288	10	76	46	150	158	44	90
C7_00380W	306	990	229	850	556	465	286	77	611	674	1031	511	232	323	198	722	1164	405	680	388	750	284	776	1125
C7_00390W	714	1649	574	1236	864	828	483	125	194	642	797	465	381	348	662	1641	622	453	485	656	950	369	956	981
C7_00400W	484	799	194	352	208	156	3	6	1	2	2	0	7	2	2	3	4	11	4	0	2	1	0	5
C7_00410C	734	1240	805	1363	967	1048	393	414	55	617	1104	486	1021	510	539	405	1090	592	689	508	487	882	873	1591
C7_00420C	84	151	29	25	35	4	115	26	22	12	21	7	26	33	9	5	5	7	23	38	45	87	26	42
C7_00430W	317	936	456	867	660	772	392	57	93	377	978	201	450	247	123	1406	1038	202	380	336	478	367	476	794
C7_00440C	307	686	188	317	257	357	199	140	159	172	323	183	1007	100	34	108	289	82	548	364	358	378	276	516
C7_00450C	249	644	431	1699	600	962	231	23	12	242	323	104	209	148	251	34	252	766	329	530	539	119	147	202
C7_00460W	216	210	121	499	596	360	85	11	18	165	269	59	47	61	68	271	256	263	91	225	185	59	103	403
C7_00470C	639	1108	415	1209	972	645	181	17	32	443	650	181	31	101	360	879	570	316	270	421	707	221	290	1279
C7_00480W	605	2132	503	1745	764	606	268	29	16	569	876	272	186	247	392	744	701	259	237	491	233	236	420	1067
C7_00490C	27	46	2	39	20	39	7	2	12	23	23	6	38	8	2	0	3	6	38	6	7	20	16	27
C7_00500W	0	0	0	0	0	0	0	0	0	0	0	0	0	0	0	0	0	0	0	0	0	0	0	0
C7_00510W	257	307	254	248	240	188	84	127	226	233	294	56	94	90	136	76	21	233	205	171	103	267	81	335
C7_00520W	780	2895	1067	1780	1301	1006	345	203	150	951	1996	541	429	345	243	1237	886	1100	544	778	1381	645	998	1594
C7_00530C	156	324	68	114	123	94	27	8	8	53	97	16	31	31	40	71	1	22	16	35	64	73	59	86
C7_00540W	7	2	11	3	7	3	0	1	6	14	19	0	0	0	0	0	0	0	0	12	0	25	12	22
C7_00550C	791	2473	789	1310	1047	1077	966	1337	374	733	1318	326	625	388	351	1844	847	988	309	790	1003	548	678	1277
C7_00560C	636	1318	668	1329	1435	1394	798	174	644	979	1474	572	343	406	333	1138	274	723	638	677	802	256	783	1356
C7_00570W	1607	4249	1421	2877	2049	1494	1596	133	174	2143	2954	1450	1119	348	733	1943	1244	1361	1091	1468	2011	650	2893	3391
C7_00580C	145	455	137	189	119	100	28	19	35	189	283	178	14	42	9	21	112	19	27	120	58	339	313	263
C7_00590W	48	210	37	112	88	57	15	25	11	47	93	48	52	35	11	6	13	67	60	39	64	135	71	148
C7_00600C	128	349	135	640	355	492	40	56	32	231	345	152	86	31	108	910	550	215	249	363	386	208	258	581
C7_00610C	616	3296	713	1103	654	1033	594	438	928	439	758	179	118	433	405	423	424	515	578	514	590	373	378	711
C7_00620W	341	1224	402	247	224	297	234	90	1588	159	378	80	563	188	86	121	73	99	115	213	400	298	225	391
C7_00630C	382	1312	1043	3559	1935	2674	371	99	118	1910	3092	1774	980	679	590	2474	1058	1514	1515	1357	2420	549	3303	4670
C7_00640C	5	12	1	2	9	2	0	4	3	2	4	1	0	1	0	1	0	1	0	1	0	70	4	8
C7_00650W	95	586	18	108	84	90	4	55	4	122	126	44	135	17	13	27	11	5	51	82	18	67	93	152
C7_00660W	556	934	480	195	157	97	254	287	389	51	282	145	524	370	192	18	242	34	296	177	453	317	233	107
C7_00670C	263	558	143	454	322	220	130	68	77	211	405	132	313	176	115	247	15	71	105	235	171	263	252	482
C7_00680W	7	16	5	46	14	1	1	0	1	16	7	2	1	1	0	3	2	3	6	31	0	7	4	15
C7_00690W	14	20	18	51	118	6	0	4	4	38	45	26	16	7	7	22	12	3	3	10	59	34	35	133
C7_00700W	195	324	133	15	6	14	66	336	249	9	30	28	579	516	319	1	27	18	41	65	83	83	24	58
C7_00710W	219	366	12	40	7	24	8	96	139	15	22	3	109	40	15	16	42	32	8	2	22	129	5	8
C7_00720W	69	190	40	156	116	9	6	21	20	26	57	27	19	39	21	9	8	39	20	62	47	150	33	74
C7_00730W	90	155	60	87	23	2	3	23	55	31	37	16	12	32	3	2	3	4	9	47	6	66	22	58
C7_00740W	1929	3070	1098	2061	1648	1142	535	753	198	1329	1283	668	743	384	797	1879	439	804	903	1028	1210	753	1280	1975
C7_00750W	35	63	8	18	8	1	0	8	9	17	10	3	14	30	4	0	1	0	5	3	2	28	6	15
C7_00760C	0	11	0	0	0	0	0	1	0	2	1	0	0	0	0	0	0	0	0	0	0	2	1	0
C7_00770W	1	3	1	0	0	0	0	2	5	4	5	5	0	2	0	0	3	1	0	0	0	21	17	6
C7_00780W	45	77	9	37	22	11	1	13	12	36	30	9	8	1	11	5	3	4	3	17	7	137	87	65
C7_00790W	79	129	72	107	47	7	73	9	5	27	58	32	3	29	156	1	4	6	16	15	35	59	47	87
C7_00800C	24	36	6	10	12	1	2	8	17	6	3	5	4	3	0	3	1	66	1	6	2	35	24	10
C7_00810W	24	37	8	7	6	5	2	9	12	37	18	18	8	6	2	0	1	5	8	52	3	58	8	68
C7_00820W	13	37	3	2	20	7	2	6	4	20	8	0	2	3	3	1	0	24	1	17	0	38	9	18
C7_00830C	768	1151	861	667	698	517	1275	238	379	258	553	86	1107	551	700	211	75	211	775	440	473	256	233	333
C7_00840C	13	28	4	16	43	20	5	2	7	8	34	3	5	72	1	2	2	4	0	4	2	126	11	44
C7_00850W	44	18	3	11	28	25	1	2	3	22	26	25	19	1	0	3	2	1	1	8	8	58	18	43
C7_00860W	290	680	313	275	122	276	239	803	311	69	150	51	1086	226	314	75	59	110	117	331	241	142	33	61
C7_00870W	21	149	36	171	48	102	96	121	313	32	65	5	0	9	134	53	30	4	12	33	51	85	33	6
C7_00880C	542	1356	1104	2557	1569	2235	562	2710	1404	705	2195	1006	700	844	599	2019	2255	2111	1084	679	1074	848	1396	995
C7_00890C	64	273	59	9	12	3	31	27	54	15	18	3	313	68	188	7	2	6	26	93	53	99	29	21
C7_00900W	59	333	18	40	58	8	3	9	17	32	59	17	1	1	28	0	1	7	3	18	28	82	36	100
C7_00910C	54	311	66	76	78	3	16	19	32	44	56	27	13	17	44	9	0	1	5	29	45	96	60	153
C7_00920C	6	28	0	2	10	0	0	0	4	4	11	1	1	1	8	1	0	1	3	1	0	26	9	9
C7_00930W	3945	13767	5337	768	247	391	1365	4205	3798	125	230	113	16721	10772	5315	1386	808	135	6367	3349	7299	499	223	337
C7_00940W	569	1142	354	1164	566	634	78	83	132	407	743	169	237	84	384	29	92	126	53	636	390	253	432	858
C7_00950W	51	134	6	73	83	25	3	11	44	18	54	21	5	6	1	25	3	3	5	40	20	57	47	97
C7_00960W	299	719	23	8	16	3	9	162	145	2	4	10	110	69	21	3	1	3	11	22	21	67	3	10
C7_00970C	111	259	226	812	532	557	351	238	202	334	545	174	293	292	310	643	47	129	403	374	290	216	182	310
C7_00980W	326	787	379	812	401	267	75	50	375	258	524	144	283	164	95	57	497	251	185	298	308	322	276	609
C7_00990W	1244	2452	198	55	49	29	141	623	693	6	24	3	576	286	187	7	4	2	41	53	149	131	9	13
C7_01000C	0	0	0	0	0	0	0	0	0	0	0	0	0	0	0	0	0	0	0	0	0	0	0	0
C7_01010W	148	176	60	419	218	172	107	4	3	172	188	31	68	34	21	19	3	79	8	145	41	121	34	131
C7_01020C	20	59	7	150	82	13	6	5	6	20	57	26	14	54	2	2	4	6	1	84	29	37	18	84
C7_01030C	182	405	98	397	306	283	9	34	35	279	363	253	50	102	82	21	176	21	162	212	94	407	391	685
C7_01040C	737	1428	397	1332	1018	564	307	194	275	820	1342	733	469	193	370	285	145	547	323	475	550	404	1561	2264
C7_01050W	25	34	7	28	3	1	2	33	11	31	27	9	4	3	46	7	0	22	2	1	3	95	17	28
C7_01060W	12	47	3	4	0	1	2	2	2	12	2	0	0	1	0	2	1	1	0	0	1	43	3	2
C7_01070C	1271	2521	832	1535	1231	918	1370	501	763	567	1176	397	920	485	465	1108	1677	2317	640	499	960	832	674	1239
C7_01100C	141	527	126	325	207	252	149	190	34	222	321	84	418	121	170	142	72	322	104	194	311	243	258	346
C7_01130C	87	218	90	342	255	151	22	8	16	100	149	42	138	123	92	62	156	25	73	174	66	83	130	245
C7_01150W	254	232	315	443	298	235	128	8	11	142	228	122	237	13	51	71	170	86	55	193	39	87	121	237
C7_01160C	31	25	33	31	16	1	0	6	8	28	47	7	6	2	15	36	2	0	1	4	3	32	14	77
C7_01170C	22	67	87	75	129	18	6	109	28	70	38	5	1	2	91	66	0	20	54	28	5	155	43	114
C7_01180W	39	252	6	15	31	115	5	9	9	45	48	33	8	7	8	2	3	6	11	26	31	105	44	194
C7_01190W	9	113	17	69	98	57	19	5	2	52	51	54	5	12	23	11	34	9	4	16	68	52	73	135
C7_01200C	102	197	165	458	228	116	295	33	21	121	175	54	35	16	89	777	918	166	162	131	93	272	101	238
C7_01210C	78	140	106	77	133	16	6	8	2	73	95	28	1	148	43	62	139	31	42	83	44	93	39	120
C7_01220W	86	499	127	96	291	66	15	13	930	172	177	28	95	24	79	462	15	50	269	150	69	166	68	219
C7_01230C	123	244	327	530	394	205	40	23	100	174	394	50	97	40	64	158	195	28	75	292	252	180	154	393
C7_01250W	970	1826	965	648	611	855	225	877	659	296	414	181	1081	414	690	394	539	319	758	576	585	380	170	797
C7_01260W	24	111	56	79	72	74	29	3	102	22	55	17	0	2	41	68	48	35	58	43	44	35	10	97
C7_01270C	58	117	76	148	92	92	119	9	12	77	138	47	4	74	65	5	14	42	3	74	50	227	78	128
C7_01280C	53	124	271	261	284	151	120	27	176	267	276	49	55	71	89	61	75	241	128	124	48	135	198	218
C7_01290W	0	8	0	2	0	0	0	1	1	1	1	5	3	0	0	0	0	0	1	2	0	12	1	0
C7_01300C	5	11	1	0	2	0	2	5	1	1	3	0	0	1	0	0	0	0	0	2	0	27	1	0
C7_01310C	0	14	2	4	1	0	0	1	1	1	0	0	0	0	1	0	0	1	0	0	0	47	0	2
C7_01320W	198	324	14	130	41	26	4	30	32	118	61	126	5	27	23	5	63	20	8	31	43	140	152	161
C7_01330C	136	849	258	413	339	131	17	18	30	138	298	92	219	89	44	15	35	151	27	170	62	335	303	422
C7_01340W	47	112	72	110	236	54	18	18	39	99	90	23	8	5	71	49	4	43	65	58	52	164	38	181
C7_01350C	9	40	0	2	3	1	1	1	2	15	1	1	3	16	2	3	0	0	0	2	0	58	2	1
C7_01360C	5	6	0	0	2	1	0	0	0	3	0	0	0	1	0	0	0	1	0	0	0	16	1	0
C7_01370W	0	24	0	1	3	0	0	3	1	0	0	0	1	1	1	1	0	0	0	0	1	8	3	3
C7_01380W	1	14	0	1	0	0	0	7	1	2	1	0	16	15	3	0	0	0	0	3	0	20	0	5
C7_01390W	4	10	0	0	1	1	0	5	5	0	0	0	1	11	0	0	0	0	0	1	0	3	0	0
C7_01400C	24	57	26	26	58	32	13	32	10	46	89	23	4	122	13	27	22	2	18	63	31	62	28	42
C7_01410C	31	35	26	87	54	12	2	9	16	12	92	5	19	8	5	32	36	13	1	38	12	94	15	30
C7_01420W	32	67	1	0	0	0	1	21	26	0	3	0	7	6	3	2	1	2	3	4	0	69	0	12
C7_01430C	26	111	15	13	7	6	0	13	13	6	26	22	31	28	12	6	156	7	6	10	2	158	21	22
C7_01440W	0	2	0	1	0	0	0	2	0	0	1	0	1	0	0	1	2	0	0	0	0	41	0	1
C7_01450C	580	1096	262	955	820	896	582	788	335	640	1248	480	597	295	305	917	486	1270	781	601	603	422	675	1295
C7_01460C	118	211	120	216	173	65	48	13	46	217	389	86	29	52	61	10	14	129	22	125	104	216	216	332
C7_01470C	75	415	39	233	265	78	120	206	337	96	60	86	25	11	2	538	5	88	116	89	117	73	34	85
C7_01480W	255	236	155	428	348	203	115	236	171	191	439	35	33	223	92	224	101	188	237	115	90	142	64	300
C7_01490W	33	92	9	130	89	47	11	12	11	19	58	18	77	18	51	52	1	2	97	51	73	68	101	97
C7_01500W	14	56	27	65	59	4	0	1	3	7	46	14	3	16	17	0	26	1	1	10	1	40	41	83
C7_01510W	2999	7990	918	2735	1869	1197	931	122	542	1458	2139	742	710	685	457	2312	768	1822	2068	1331	1265	435	1120	2210
C7_01520W	1029	3084	602	857	809	1214	285	496	211	527	1011	237	320	99	184	678	397	500	288	476	748	254	315	635
C7_01530W	48	149	5	55	8	29	0	9	52	15	16	19	0	3	0	0	0	1	1	2	60	52	24	16
C7_01540W	81	174	42	113	69	75	38	6	10	114	52	33	3	14	22	4	64	22	3	19	7	161	37	65
C7_01550W	1323	2367	1520	775	671	574	678	1100	949	378	789	214	4496	1936	1122	786	222	67	343	1047	1801	728	388	606
C7_01560C	50	66	39	132	194	34	5	3	11	52	116	33	28	8	36	2	1	4	16	32	6	75	70	120
C7_01570C	19	69	2	80	58	26	8	2	3	13	52	10	12	12	1	81	2	3	10	22	5	143	5	25
C7_01580W	552	1715	745	1566	922	876	638	135	173	493	725	104	274	139	326	1491	80	509	865	627	843	536	346	714
C7_01590C	75	241	21	151	203	119	21	5	6	156	248	53	26	19	14	7	12	9	9	110	101	81	134	214
C7_01600W	58	157	112	105	67	174	39	34	32	120	179	42	10	15	15	33	15	13	15	80	9	132	94	57
C7_01610W	25	58	52	30	46	73	28	17	8	40	42	4	4	24	2	7	5	6	36	54	20	68	30	60
C7_01620C	409	575	113	484	336	172	34	21	43	175	264	126	287	526	201	4	636	85	59	151	268	207	204	274
C7_01630W	91	143	20	124	33	10	25	13	20	35	148	2	115	115	358	3	30	2	13	64	1	194	39	124
C7_01640W	1208	4322	1970	394	166	267	959	1546	1749	152	300	65	3302	1496	1302	170	422	191	977	567	1665	331	193	98
C7_01650W	356	688	74	106	100	55	55	71	80	97	86	32	137	135	110	28	6	76	44	89	104	159	79	70
C7_01660C	348	1096	421	528	358	363	76	37	31	275	399	217	403	408	320	366	68	251	226	312	220	247	409	475
C7_01670W	172	559	182	233	129	422	132	26	17	164	264	143	20	16	44	34	128	106	209	154	111	238	287	866
C7_01680C	51	123	35	146	183	84	13	24	36	21	46	29	45	25	129	16	203	71	13	61	24	110	116	29
C7_01690W	130	109	140	234	239	125	31	9	8	201	236	151	12	53	9	5	19	67	49	219	133	117	284	248
C7_01700W	52	117	2	2	0	1	1	21	31	3	9	2	128	25	2	17	13	2	5	7	10	83	3	15
C7_01710W	98	262	11	45	27	5	7	45	63	13	5	1	18	15	3	3	0	5	13	24	6	83	22	28
C7_01720W	73	125	6	3	25	8	0	50	36	11	24	1	50	10	16	13	14	61	30	8	3	95	11	3
C7_01730C	9	51	2	0	9	13	0	2	4	5	0	0	0	0	37	0	12	0	0	2	0	58	0	1
C7_01740C	6	126	5	26	30	8	0	7	2	15	20	6	0	3	2	0	3	7	7	4	1	41	25	35
C7_01750W	405	489	464	863	706	561	306	41	519	575	1025	269	297	286	237	147	194	589	427	228	328	103	403	957
C7_01760C	97	246	34	131	94	43	19	67	74	83	136	57	47	35	59	39	87	60	21	57	45	237	70	112
C7_01770W	62	56	135	51	59	63	165	15	11	72	47	21	11	18	53	7	8	41	33	41	41	84	43	64
C7_01780W	968	1171	693	1136	589	733	177	161	413	468	825	340	605	299	411	163	1172	352	853	542	769	665	568	784
C7_01790C	1095	3077	247	124	118	24	69	453	482	75	142	51	1449	272	152	4	11	15	294	86	330	282	113	170
C7_01800C	6539	16954	6752	3458	2911	3334	4199	2732	4479	1487	2945	836	33596	6578	11225	6169	1814	3204	6940	3478	8147	870	1415	2383
C7_01810W	6820	13055	5496	8556	5285	5639	4877	4990	4455	2788	4390	820	3985	1227	2441	4314	3008	2768	4413	3815	4788	663	1239	2777
C7_01820C	162	526	237	424	132	121	74	17	375	151	161	67	110	39	66	415	36	98	43	107	189	63	64	210
C7_01830W	25	154	2	17	38	8	5	2	4	35	27	1	16	2	1	1	2	1	0	12	1	66	7	15
C7_01840W	1439	3722	981	860	636	483	574	329	206	237	409	180	2060	1238	817	214	236	282	1209	598	1190	463	274	430
C7_01850C	308	787	242	214	105	114	195	274	100	94	269	87	494	149	110	443	31	387	280	189	347	275	155	238
C7_01860W	196	535	100	135	90	42	54	7	3	71	82	17	76	34	82	104	50	43	21	79	58	79	44	53
C7_01870W	386	1612	549	1069	448	321	187	534	39	376	620	147	129	62	148	162	52	532	189	483	445	581	235	598
C7_01880C	227	536	322	787	489	279	22	18	7	237	433	154	54	223	171	33	118	127	145	330	353	156	232	449
C7_01890C	137	293	153	600	498	150	43	24	45	246	332	98	100	225	101	22	80	78	39	266	164	38	222	502
C7_01900W	456	2227	597	1103	627	213	13	166	40	465	595	196	537	434	328	1525	120	103	115	640	288	247	474	953
C7_01910C	144	107	89	212	163	156	12	4	6	114	267	52	11	104	52	24	13	55	39	96	42	158	215	363
C7_01920W	155	313	54	94	57	10	204	204	122	16	52	47	604	78	129	428	32	41	126	57	293	342	90	52
C7_01930C	81	98	3	146	6	17	2	10	8	47	77	24	80	3	66	56	22	10	3	54	50	100	64	79
C7_01940C	237	1407	205	484	159	163	410	124	617	127	239	101	325	29	71	60	20	585	256	94	634	527	139	242
C7_01950W	108	129	48	73	159	47	13	15	25	69	111	32	29	50	153	348	9	18	21	48	67	198	115	159
C7_01960W	1196	2048	773	1854	1224	1441	336	311	342	946	1414	681	490	673	333	2033	292	1032	900	832	1004	471	1562	1572
C7_01970C	1426	3032	1154	1362	826	1171	845	266	312	692	1033	435	1025	572	597	3214	495	808	912	750	2144	356	733	1325
C7_01990C	1106	2553	742	1420	843	528	268	60	653	448	956	231	179	202	337	93	387	346	325	618	724	341	424	992
C7_02000C	252	495	179	321	464	302	71	33	8	240	485	132	69	54	154	650	128	208	148	170	92	264	463	691
C7_02010C	563	2660	422	518	565	821	382	69	44	560	1024	470	83	70	73	99	452	647	139	543	177	478	855	969
C7_02020W	548	468	122	346	233	388	70	60	25	152	275	90	184	58	231	2213	1254	274	858	273	442	307	186	419
C7_02030W	2115	5354	404	264	188	244	571	1197	1207	108	230	96	2842	604	656	61	386	220	374	387	443	416	148	337
C7_02040C	537	1007	598	1130	723	758	671	212	322	434	517	124	512	504	342	500	1154	185	385	491	567	483	181	296
C7_02050C	101	715	52	162	92	72	14	13	19	99	170	69	111	82	26	29	20	92	37	106	35	178	207	318
C7_02060W	137	553	123	489	446	378	55	36	78	300	504	161	138	183	102	229	198	147	422	267	121	299	199	506
C7_02070W	4	59	25	69	80	28	24	1	4	73	23	19	1	0	4	25	0	21	5	6	11	57	16	60
C7_02080W	243	512	332	846	475	565	70	29	16	229	256	41	281	136	171	510	95	140	136	304	324	50	69	257
C7_02090C	363	958	639	1535	778	1078	160	64	14	339	418	64	540	142	368	299	162	295	561	611	644	113	125	436
C7_02100W	141	471	159	127	26	59	20	103	135	10	22	12	325	134	138	6	183	8	269	26	240	214	10	100
C7_02110W	1347	3346	415	761	301	772	298	79	58	332	538	183	258	52	521	708	68	724	551	411	699	568	238	516
C7_02120C	25	56	3	1	1	5	0	6	6	12	13	13	5	3	3	0	0	6	14	13	5	39	45	32
C7_02130W	3022	8113	454	652	374	118	160	190	103	1353	2005	416	124	146	451	451	347	485	205	434	161	315	877	1127
C7_02140W	1818	5328	355	1018	569	332	199	28	219	1716	2552	332	167	197	516	951	192	326	95	511	338	196	1212	1267
C7_02150C	347	405	175	1044	464	747	120	79	197	443	579	117	105	82	156	2146	123	425	179	305	171	227	308	645
C7_02160W	631	1447	380	880	832	652	377	68	36	537	979	398	109	46	242	199	611	416	436	465	514	407	599	1414
C7_02170C	79	142	10	93	58	30	42	13	16	36	56	76	18	16	5	5	5	1	14	85	31	99	79	113
C7_02180C	78	126	56	30	13	20	1	13	33	27	48	11	7	4	8	4	25	1	49	49	28	93	59	90
C7_02190W	3	13	1	20	6	2	0	3	7	3	5	11	22	9	16	2	8	1	0	6	1	25	6	5
C7_02200W	1189	1459	1440	1824	1660	1058	705	1300	988	1075	1952	363	762	224	1237	1902	2361	1295	779	922	1285	564	489	752
C7_02210W	7	13	1	0	0	0	0	0	1	0	0	0	1	0	0	1	0	1	1	0	0	10	0	0
C7_02220C	66	90	43	51	86	73	36	21	36	77	87	76	76	28	90	17	141	14	16	46	11	163	48	81
C7_02230W	22	16	13	131	49	72	0	4	0	21	52	24	1	7	15	70	3	22	21	33	22	27	36	91
C7_02240W	1316	1917	359	822	628	607	94	124	282	482	882	120	604	82	342	1436	1080	515	330	388	504	372	167	323
C7_02250W	34	443	130	82	108	131	89	7	9	83	228	122	3	18	109	130	88	61	83	66	69	153	178	373
C7_02260W	37	134	21	31	62	45	13	3	3	19	73	15	1	19	2	2	70	1	7	18	67	97	20	76
C7_02270W	18	32	12	19	51	37	8	7	8	30	44	8	0	1	5	9	60	4	2	45	57	126	40	76
C7_02280W	6	17	2	6	7	1	5	1	3	8	9	3	0	4	0	7	8	4	9	12	5	44	15	22
C7_02290W	7	4	0	1	1	0	0	1	1	5	0	1	13	0	0	0	0	0	0	1	0	23	4	1
C7_02300W	246	122	73	133	139	90	12	14	16	258	232	47	217	91	27	85	5	51	142	202	207	126	128	155
C7_02310C	3	7	0	0	24	0	0	3	2	1	11	0	7	1	0	0	0	0	3	1	1	37	1	0
C7_02320W	41	141	5	23	55	32	2	19	25	27	23	5	2	15	7	1	4	0	3	6	23	84	9	14
C7_02330W	210	483	37	78	74	139	23	86	78	57	220	32	156	175	133	168	18	9	88	140	44	364	147	211
C7_02340C	6	10	0	5	0	6	0	2	1	1	40	1	2	1	1	0	0	0	2	0	0	54	5	46
C7_02350C	56	124	8	24	77	29	8	15	11	31	43	22	161	21	21	192	3	4	2	21	16	162	54	53
C7_02360W	59	157	82	187	141	144	20	22	18	68	128	25	56	85	54	363	17	36	90	95	107	37	55	166
C7_02370W	16	48	6	7	8	13	1	3	5	21	13	1	7	9	0	4	2	0	8	0	17	31	11	9
C7_02380C	2329	5165	391	65	50	13	423	3176	2111	6	25	5	2009	860	715	87	17	57	498	159	238	105	34	73
C7_02390W	88	93	18	8	14	5	3	15	11	17	11	15	6	3	5	9	8	89	4	5	15	114	13	34
C7_02420C	574	1382	991	1141	678	1012	1084	87	68	518	644	221	728	289	778	860	844	599	923	591	756	274	372	747
C7_02430C	277	975	1058	1131	575	1282	445	639	1092	533	503	124	1342	733	339	1484	467	503	828	545	670	929	302	450
C7_02450W	839	1690	365	757	459	177	23	16	16	236	466	88	417	112	26	11	53	350	370	368	507	147	282	550
C7_02460C	343	345	180	488	445	290	192	29	48	205	377	83	30	106	62	174	268	85	70	228	230	128	186	302
C7_02470C	199	266	97	222	156	87	39	25	19	68	64	51	33	104	124	273	12	98	4	99	51	76	113	192
C7_02480W	126	91	68	114	135	105	13	61	16	102	197	25	117	51	10	45	4	55	160	60	88	41	67	136
C7_02490W	57	183	22	85	62	83	1	14	23	37	108	30	44	22	17	4	4	2	90	76	98	209	134	145
C7_02500C	5	8	1	3	14	3	0	3	13	2	3	0	0	0	3	1	1	0	0	1	1	49	5	3
C7_02510W	22	11	0	2	15	0	1	4	7	14	9	1	3	3	0	0	1	0	1	1	2	39	17	6
C7_02520W	26	27	1	7	6	9	0	3	8	11	19	7	3	7	0	0	0	2	1	6	5	31	11	28
C7_02530C	21	64	9	58	28	9	22	6	7	30	45	13	4	6	10	2	2	2	7	5	24	51	65	70
C7_02540W	16	67	20	74	16	54	44	6	7	30	43	22	3	7	77	25	5	4	4	19	16	97	42	37
C7_02550C	14	38	2	6	0	2	0	3	4	1	5	2	2	2	0	2	0	1	1	15	1	45	2	42
C7_02560W	68	112	32	102	87	37	5	6	12	69	63	20	33	105	17	11	109	21	30	37	31	106	70	110
C7_02570C	111	330	56	60	46	58	7	64	84	66	27	11	102	42	8	7	122	3	11	55	65	67	23	64
C7_02600C	1255	2676	1751	2228	2017	1608	1172	161	355	1522	2227	957	2650	1334	1738	1889	733	1125	999	1188	1443	765	1853	2474
C7_02610C	522	1609	243	495	452	380	189	96	72	304	514	288	772	655	455	32	103	197	360	301	407	379	436	877
C7_02630W	38	68	49	29	30	32	3	3	4	43	58	17	4	15	4	3	2	1	11	31	11	101	88	78
C7_02640W	165	312	59	14	15	14	13	58	53	25	17	26	79	86	40	5	0	7	50	26	67	145	25	73
C7_02650W	5	4	0	3	0	0	0	0	2	0	0	1	0	1	0	0	0	1	0	0	1	21	1	3
C7_02660C	2	1	0	0	0	0	0	0	0	2	0	0	2	1	0	0	0	0	1	0	0	12	5	5
C7_02670W	63	54	16	2	3	9	13	12	11	13	5	4	62	129	10	0	1	0	0	14	23	60	23	16
C7_02680W	31	68	3	0	0	1	0	14	15	2	1	0	8	4	1	2	2	2	2	3	2	49	1	2
C7_02690C	33	87	5	10	19	8	2	9	7	4	26	6	21	34	19	0	1	1	4	15	11	60	10	34
C7_02750W	610	1207	1135	2305	1707	2635	2028	3666	5583	1195	1630	122	805	1169	694	4382	1003	770	1792	1105	1099	432	384	527
C7_02760W	31	52	7	9	3	0	0	30	32	1	1	0	21	12	20	1	2	9	7	5	6	27	9	1
C7_02770W	5246	9039	5350	5515	3635	3578	1838	1619	421	3429	5639	2276	3809	1390	2548	2130	1610	3464	4008	3300	3786	695	5142	7757
C7_02780W	1865	3296	1575	1704	1194	1485	1338	216	377	1086	1731	706	771	283	630	2014	851	1779	1084	820	1849	701	831	1812
C7_02790C	705	1245	483	667	808	856	148	84	80	584	744	248	206	211	269	539	242	360	324	424	676	539	708	1300
C7_02800W	3695	6536	1729	2124	2127	1701	1413	357	796	1577	2429	855	894	727	680	2435	377	1202	978	1283	1370	1141	1360	2418
C7_02810W	1229	2786	304	33	92	89	189	571	1110	62	43	62	508	160	349	177	158	3	289	256	281	537	36	23
C7_02830C	168	753	157	292	238	220	13	14	9	346	470	210	41	125	103	337	134	29	187	257	541	254	422	619
C7_02840C	3436	5416	3475	924	595	761	1198	1076	1236	399	527	157	14011	5046	3959	547	90	538	1471	2017	3659	339	288	487
C7_02850W	430	2675	748	1473	883	915	700	38	20	1029	1477	599	412	486	403	151	604	569	650	695	533	285	1281	2017
C7_02860C	1846	5640	3209	3267	2619	3821	3358	2724	2067	1913	3279	948	2149	898	1996	7792	2022	3144	3125	1964	2662	791	1261	1930
C7_02870C	130	70	37	75	24	27	8	18	17	63	60	35	79	4	3	15	12	17	5	16	13	121	17	58
C7_02880C	1707	2634	453	470	443	411	1020	45	33	331	737	130	425	81	66	359	406	170	81	316	316	275	191	539
C7_02890C	504	1347	588	768	389	183	127	154	104	270	399	117	245	532	267	57	290	134	174	326	405	406	285	663
C7_02910W	781	1090	519	1246	589	944	943	348	1036	664	1347	445	654	507	545	1821	411	668	510	933	1824	488	736	1045
C7_02920W	2381	6375	1550	1743	1298	2284	1008	641	308	1234	1906	919	440	299	733	1020	2236	1967	1023	980	1237	567	1200	1774
C7_02930C	1186	1596	946	1642	1455	1559	556	88	400	872	1604	466	196	407	312	813	476	649	662	930	1290	387	784	1594
C7_02940C	2877	6690	3020	5788	2998	4299	2942	251	2156	2731	4933	980	2125	743	1651	3087	1563	3114	3231	2782	3586	756	1751	3306
C7_02950C	771	1296	630	1121	602	822	374	68	211	791	1405	323	169	142	290	1386	249	732	915	663	426	342	715	1455
C7_02960C	618	2219	880	1115	587	560	165	50	265	631	1071	236	446	272	446	666	404	585	494	439	442	370	545	919
C7_02970W	2047	2809	2059	4080	2992	2825	1090	378	149	2324	4048	1339	870	1066	600	2225	1518	1946	1452	1886	2200	347	2477	5270
C7_02980C	1369	1900	1619	1850	1251	1311	822	192	1373	1063	1872	509	513	503	394	1682	1675	1086	1103	941	1599	656	1011	2021
C7_02990W	1050	2607	1437	3220	1434	2111	874	187	237	1209	1951	275	1491	485	1076	3187	230	850	1016	1103	785	617	399	1088
C7_03000C	21	44	1	2	5	12	1	8	9	8	31	6	0	5	2	2	1	1	0	5	2	37	11	18
C7_03010W	347	622	197	267	257	65	20	38	34	322	480	141	139	34	287	9	55	124	39	61	122	328	312	396
C7_03020C	50	101	20	16	36	57	7	21	29	30	100	38	22	22	25	4	21	7	34	10	5	115	42	68
C7_03030W	63	126	4	0	3	7	7	48	70	1	3	0	93	105	12	4	1	1	23	9	18	63	3	1
C7_03040W	11	27	8	3	4	8	2	5	10	7	10	9	9	1	0	1	0	0	45	4	4	53	3	11
C7_03050W	34	234	5	59	123	45	2	8	36	12	31	19	19	24	21	6	282	0	5	86	14	42	12	45
C7_03060C	118	265	52	209	221	121	24	28	27	99	145	56	54	190	341	5	12	9	37	78	94	212	157	183
C7_03070C	2139	4953	1222	2720	1410	1377	1500	439	537	1292	1872	332	602	630	1407	4358	1090	1587	1713	1139	1671	769	698	1787
C7_03080W	126	674	292	796	422	298	107	102	42	432	477	233	121	104	73	153	462	72	78	374	147	282	294	545
C7_03090C	1187	4160	1005	2059	1272	1579	1571	266	266	692	1477	556	1550	235	352	2439	878	1252	1104	963	1512	285	487	1268
C7_03110W	31	194	131	103	164	233	202	10	34	127	143	56	78	118	46	132	11	86	148	109	187	106	16	239
C7_03120W	1020	5539	1506	2721	2410	1828	712	377	89	1545	2011	574	635	1050	815	2314	2178	1885	1177	1168	1183	283	961	2477
C7_03130C	299	416	145	650	490	455	78	12	8	458	601	224	122	149	92	38	131	267	271	303	228	126	159	423
C7_03140W	30	72	17	65	61	30	12	14	14	70	29	32	3	3	3	11	3	5	35	35	125	302	50	51
C7_03150W	99	992	257	211	103	161	72	38	58	125	282	90	26	40	26	229	85	109	108	173	427	297	112	200
C7_03160W	1691	3247	1046	1440	1212	1060	172	551	128	711	1535	330	185	496	762	396	642	249	447	1010	1463	375	766	1683
C7_03170W	166	166	29	96	124	97	3	23	31	52	90	18	32	10	9	150	12	80	85	32	43	233	75	114
C7_03180C	141	372	69	66	109	54	92	104	98	46	122	65	200	36	49	23	69	43	77	55	178	391	145	212
C7_03190C	7	18	0	2	10	4	0	6	1	1	12	3	4	0	0	0	0	3	0	0	3	68	7	27
C7_03200C	65	181	11	133	48	25	67	20	37	28	59	14	45	37	28	5	1	33	94	33	22	231	23	51
C7_03210W	60	59	24	100	65	19	1	5	1	45	36	18	2	4	12	2	69	5	2	13	1	20	36	66
C7_03220C	2680	7040	1615	4707	3072	2997	1450	244	261	1272	2598	822	1608	1018	946	1971	538	1015	2091	2472	2730	1016	1311	2806
C7_03230C	34	24	18	10	19	0	1	3	4	9	25	6	28	7	9	1	4	1	8	25	3	44	12	19
C7_03240W	520	759	437	774	446	442	309	173	478	511	940	154	473	794	178	364	675	274	475	355	619	286	494	534
C7_03250C	527	1532	76	43	11	52	110	167	302	36	73	29	391	312	108	13	14	3	93	84	62	303	68	137
C7_03260C	76	419	18	22	68	46	64	20	38	41	111	28	8	48	1	1	6	10	16	34	25	114	107	207
C7_03270W	113	395	107	143	41	107	141	278	640	106	68	36	709	731	126	14	7	12	30	108	119	301	39	89
C7_03280C	207	608	85	157	248	112	15	39	26	92	165	34	10	30	23	53	26	50	38	24	64	354	81	159
C7_03290C	5059	14254	6744	10976	8461	9167	4897	2072	2765	7432	11154	3292	4935	1799	3267	15062	6523	9215	7326	5084	6293	3089	5846	7847
C7_03300C	163	392	109	165	115	136	165	512	100	72	162	62	170	57	41	275	95	48	41	70	174	306	95	217
C7_03310W	9	17	12	42	27	5	0	3	2	40	60	13	0	4	5	4	7	0	0	34	18	51	50	67
C7_03320C	1434	5297	671	2343	1812	1363	353	154	58	880	1272	340	607	300	570	473	650	782	446	1301	872	270	785	1496
C7_03330C	455	1603	800	917	755	1395	889	216	906	537	862	521	655	519	327	1066	289	708	465	744	952	520	852	1586
C7_03340C	91	406	51	383	203	146	34	12	62	190	265	155	66	40	42	400	57	138	22	236	56	129	279	416
C7_03350C	66	543	60	362	139	88	9	37	147	151	93	36	110	80	102	38	215	46	65	138	208	96	127	251
C7_03360W	1134	2474	846	420	214	391	304	521	812	247	344	202	2608	916	1155	268	435	120	695	504	1330	498	286	507
C7_03370C	65	138	8	1	11	5	2	20	26	7	17	11	12	7	21	1	10	1	6	7	6	121	21	33
C7_03380W	28	46	6	21	32	6	0	1	0	28	37	3	10	10	1	3	5	0	3	7	2	33	28	47
C7_03390C	90	120	27	31	19	16	8	23	26	17	46	3	109	15	0	11	2	19	17	14	15	47	23	11
C7_03400C	69	91	16	41	83	65	7	44	246	82	75	41	12	12	8	10	9	8	5	42	65	429	87	112
C7_03410C	22	49	3	16	7	6	4	7	11	11	20	1	5	7	1	16	15	2	7	32	21	115	8	25
C7_03420C	77	208	161	484	303	334	12	27	9	140	193	46	21	37	170	63	7	100	109	274	137	198	96	352
C7_03440W	75	83	215	116	67	4	5	7	22	48	42	46	48	44	48	0	206	15	146	93	50	139	136	357
C7_03450C	120	260	81	9	18	5	3	23	44	18	13	8	105	69	50	2	14	5	48	79	80	82	58	27
C7_03460W	614	1368	469	1443	1339	1238	435	261	207	885	1487	223	312	263	421	920	482	674	481	751	434	138	355	291
C7_03470W	50	134	26	90	94	53	2	0	2	66	77	22	54	16	60	0	8	6	11	87	78	53	52	97
C7_03480W	77	236	49	128	42	20	8	26	41	79	125	34	379	151	35	6	7	21	168	68	34	433	108	116
C7_03490W	266	1014	588	730	432	678	491	74	123	635	687	653	90	154	184	811	574	670	364	415	447	438	709	1307
C7_03500W	22	36	27	114	89	11	2	6	20	45	60	18	4	4	4	0	3	8	6	17	10	105	47	108
C7_03520W	26	145	6	26	34	17	5	6	15	30	51	10	8	67	9	1	1	2	1	12	2	82	30	45
C7_03530C	25	17	24	17	39	34	12	25	2	24	37	11	4	73	2	0	1	2	40	4	1	31	20	21
C7_03540C	51	78	22	106	110	35	1	7	27	229	153	92	35	14	133	19	13	17	12	117	13	198	142	300
C7_03550C	14	16	1	22	42	9	7	4	2	38	42	11	2	1	6	2	35	0	6	24	2	81	40	64
C7_03560W	202	52	17	425	92	208	3	17	8	24	169	27	187	27	0	26	330	117	192	21	84	366	107	77
C7_03570W	0	0	0	0	0	0	0	0	0	0	0	0	0	0	0	0	0	0	0	0	0	0	0	0
C7_03580C	831	2301	727	2992	1519	1481	422	462	81	821	1750	474	442	621	492	1100	354	683	830	1126	1081	231	961	2020
C7_03590C	51	58	28	68	53	5	3	11	21	63	76	55	2	45	1	3	21	3	1	17	3	167	111	152
C7_03600W	62	334	63	313	80	108	14	15	28	47	139	51	9	125	47	42	5	21	53	114	13	223	28	59
C7_03610C	43	346	11	95	25	6	1	12	9	41	21	21	27	250	9	6	5	44	11	39	50	186	32	60
C7_03620C	38	129	8	225	20	48	0	16	18	48	89	23	4	13	10	5	3	5	5	29	5	205	25	88
C7_03630C	9	21	0	1	6	2	0	8	7	22	18	51	2	7	0	0	1	0	1	0	2	21	45	60
C7_03640C	181	238	210	813	605	693	403	37	100	546	992	236	323	77	235	655	209	294	514	358	326	189	543	806
C7_03650W	74	285	248	267	191	338	42	12	2	231	253	103	115	43	83	22	112	144	110	258	351	50	259	661
C7_03660C	776	2403	691	1342	753	735	680	456	363	632	1311	261	2624	381	820	1264	860	1147	353	609	1096	404	504	1219
C7_03670W	207	594	320	178	191	121	44	89	95	116	172	15	192	366	301	14	32	50	40	56	178	232	78	216
C7_03680W	2190	4297	1958	4367	2818	2988	1358	629	785	2321	3937	978	638	641	1054	2997	943	1391	1350	1841	1536	430	1412	1988
C7_03690W	26	37	41	118	60	95	3	4	0	71	65	16	5	22	3	13	2	2	7	25	23	64	54	84
C7_03700C	34	53	32	341	399	148	36	7	3	249	184	116	58	26	16	71	78	107	78	204	45	149	163	436
C7_03710C	39	69	4	2	37	2	3	5	9	9	19	1	5	1	1	1	2	1	4	3	3	108	9	2
C7_03720C	224	613	132	15	28	83	48	84	50	83	110	19	288	399	242	166	3	91	29	136	27	168	70	143
C7_03730C	45	360	138	123	20	54	9	30	207	26	85	24	55	236	46	11	100	4	72	60	116	166	96	80
C7_03740C	0	33	2	4	10	3	0	0	3	6	22	4	2	0	9	227	7	6	0	3	0	56	14	12
C7_03760W	24	84	53	143	187	25	53	4	20	84	212	52	55	23	52	13	28	69	47	91	35	91	106	202
C7_03770C	40	113	32	144	276	22	13	4	11	71	152	69	150	17	72	4	68	59	18	89	51	94	151	174
C7_03780C	17	40	0	9	0	6	0	8	8	4	3	1	3	2	3	1	0	1	0	8	1	88	3	5
C7_03790W	25	92	5	2	0	4	3	7	12	1	3	1	3	5	0	2	0	0	3	17	3	83	6	17
C7_03800W	4	28	1	1	4	0	0	3	1	1	4	0	42	37	0	0	0	2	0	0	4	26	4	5
C7_03810W	244	547	20	139	61	24	12	60	94	27	102	5	52	111	24	3	5	30	27	149	71	174	44	130
C7_03820C	10	19	0	0	1	0	2	1	4	0	0	0	4	1	0	1	0	0	1	0	0	13	4	7
C7_03830C	11	13	5	1	8	0	2	2	7	4	0	0	8	1	4	0	1	1	2	15	20	29	0	20
C7_03840W	28	34	16	54	70	45	1	4	10	20	28	25	7	2	0	1	7	14	5	34	7	60	33	72
C7_03850W	35	90	19	18	71	12	1	10	14	38	41	18	2	1	1	6	2	2	5	11	11	187	41	32
C7_03860W	667	1533	362	214	113	35	66	1018	433	83	124	39	1512	711	655	299	204	30	534	300	251	393	146	166
C7_03870W	37	219	76	290	137	23	7	4	10	41	162	21	0	7	7	1	0	36	41	97	7	55	20	98
C7_03880C	15	41	8	102	36	14	2	2	5	13	39	7	0	1	1	0	6	3	2	29	2	81	7	34
C7_03890C	295	298	165	280	598	422	162	63	45	157	261	40	559	96	33	473	99	225	125	266	272	468	125	174
C7_03900W	26	93	20	73	58	47	6	5	7	58	83	50	1	13	16	25	32	32	26	84	37	58	143	102
C7_03910W	344	632	60	409	348	168	170	11	12	222	304	91	24	56	69	10	214	37	185	235	154	163	170	198
C7_03920C	254	649	10	19	24	6	88	165	166	16	10	13	60	34	13	9	11	3	8	10	61	79	11	11
C7_03930C	41	91	58	10	8	17	1	9	10	3	29	0	4	7	1	0	2	1	15	23	3	96	5	10
C7_03940C	290	2036	242	835	473	175	153	261	56	298	323	43	628	191	338	495	126	119	206	401	621	252	56	83
C7_03950C	28	25	0	39	3	5	10	5	8	24	28	9	0	0	0	2	3	20	1	4	2	94	13	11
C7_03960C	1338	4214	1793	1657	1742	2241	1779	2561	3436	1238	1912	587	608	838	422	2656	1079	2199	1526	1506	1182	838	927	1134
C7_03970C	198	811	42	165	127	92	3	11	17	60	72	15	170	11	27	11	67	52	5	67	15	75	48	59
C7_03980W	25	37	3	14	8	41	0	8	15	29	6	1	13	3	1	88	6	1	5	14	18	67	31	22
C7_03990C	49	88	6	35	17	4	0	10	18	9	27	5	13	2	5	2	5	0	6	10	58	119	14	31
C7_04000W	432	2024	806	1521	785	890	1232	1028	1249	713	1571	207	1361	905	319	1558	671	1404	1134	823	975	632	371	610
C7_04010W	6755	11637	6896	9197	6530	7693	8115	7671	5822	4800	7716	2902	5082	1919	3132	17956	7314	9331	8937	5283	7179	737	5524	7997
C7_04020C	2231	5316	1895	2731	1408	1717	1796	353	1249	2032	3145	1356	834	438	809	3196	1626	2524	2057	1674	1531	365	2270	3149
C7_04030C	184	224	36	55	54	128	4	32	129	35	73	39	133	26	209	35	48	89	58	46	114	443	25	128
C7_04040C	138	433	141	428	166	276	168	448	637	79	184	28	227	167	26	1690	125	381	38	153	32	193	48	171
C7_04050W	165	203	43	417	100	44	18	14	40	91	125	49	15	37	21	152	13	22	71	248	42	216	211	335
C7_04060W	1233	1999	591	1147	771	455	541	42	54	969	1261	751	165	263	279	283	220	262	353	854	451	354	1269	2079
C7_04070C	657	1399	488	703	494	463	431	23	27	584	862	383	175	204	219	352	232	278	327	420	400	240	638	1072
C7_04080C	479	823	579	769	983	1391	700	124	435	677	1228	284	415	86	438	3738	612	657	609	589	726	231	393	942
C7_04090C	3432	7346	10200	10392	7970	13058	12825	19654	13278	3841	7238	1009	3517	2436	4201	28393	8021	10899	10378	4446	8857	797	1382	2280
C7_04100C	569	2306	898	976	363	817	850	62	469	495	962	179	292	449	389	732	1072	1399	615	739	773	269	391	809
C7_04110W	267	839	223	289	172	262	196	41	59	145	289	64	98	48	93	51	64	369	116	338	291	127	116	295
C7_04120W	128	373	43	101	115	72	60	21	8	34	85	24	14	39	13	5	18	74	13	72	65	82	74	192
C7_04130C	369	1600	380	735	544	738	503	253	1072	174	464	241	167	22	279	477	344	674	605	289	473	421	371	743
C7_04140C	103	427	270	192	219	262	159	31	23	289	485	233	155	44	50	66	190	186	118	104	305	190	414	471
C7_04150W	845	2459	1022	1805	1473	1803	472	62	52	1145	1845	747	960	343	865	2442	846	1846	1430	832	1317	493	1141	1379
C7_04160W	2884	5889	1211	2040	1577	1822	1861	2921	1634	1429	1778	731	1280	383	1075	2499	2251	2458	1853	1200	1941	542	1025	2084
C7_04170W	185	251	204	366	293	101	14	1	2	202	234	60	50	70	100	192	27	52	109	167	42	125	194	490
C7_04180W	1524	4417	1884	2262	1320	1889	1651	235	1501	1031	1618	641	1350	434	1145	2318	760	1098	1885	783	1773	547	670	1630
C7_04190C	828	1959	910	1620	1218	1251	1112	155	102	1479	2172	595	438	294	444	1146	1592	1287	584	801	628	280	1095	1337
C7_04200C	114	171	78	48	65	56	10	36	32	33	49	9	172	61	40	9	7	10	33	28	23	352	48	98
C7_04210C	1871	4294	1752	975	606	718	848	3149	3622	399	654	157	8317	1706	2352	1540	3870	1711	939	867	2069	516	360	888
C7_04220W	9	43	28	81	50	77	17	6	2	52	199	18	64	1	20	108	4	10	17	56	1	67	18	48
C7_04230W	894	2700	1049	915	747	705	557	253	218	851	1291	476	89	94	52	23	28	32	967	776	1476	459	990	1426
C7_04240C	1130	3869	2046	2166	1814	2189	1739	2446	2194	2072	4040	1492	2315	1600	1770	9248	2804	3834	3136	1308	1737	2845	2366	2935
C7_04250W	1463	1674	297	445	242	248	574	36	32	161	348	65	20	7	300	1316	31	152	167	194	74	316	154	332
C7_04260W	1914	4680	2043	2211	1443	2668	1529	1765	1571	1011	1555	360	1053	285	563	3613	1085	3424	2561	1059	3173	815	743	1503
C7_04270C	1194	3305	616	1993	1004	2052	391	1369	498	348	865	244	150	205	446	808	1577	1843	891	675	1548	387	363	850
C7_04280C	211	606	284	48	102	60	177	62	75	13	106	16	237	204	133	16	5	68	177	38	294	160	48	115
C7_04290W	74	649	71	106	72	148	19	15	11	53	145	28	53	41	14	255	15	64	57	87	194	99	56	107
C7_04300W	23810	59190	23931	32170	20274	32356	27249	27091	21641	21518	33100	13949	15683	5686	12653	64218	21858	41665	35106	14714	30543	10129	20081	27828
C7_04310C	7459	12572	4904	5061	3287	4291	5735	3274	4291	2322	3148	1186	2562	1423	2718	10392	3311	3826	7063	2699	3246	651	1403	2333
C7_04320W	889	1410	541	542	607	581	444	176	643	478	888	172	541	71	253	571	568	112	779	272	853	164	246	508
C7_04330C	576	800	321	295	378	349	143	165	86	295	552	149	386	45	56	345	179	93	246	171	480	183	194	288
C7_04340C	21	75	12	29	38	5	5	9	6	20	41	16	8	1	21	2	79	12	3	27	43	70	20	66
C7_04360C	13	52	76	39	54	7	19	11	13	39	49	8	7	22	20	1	9	1	9	44	14	82	28	49
CM_00010W	55965	137911	55663	98787	114331	17500	11429	20820	19220	45198	262205	121212	104536	170785	133236	49512	176967	42865	15223	69404	42087	41262	413825	129493
CM_00020W	16	31	11	16	3	7	0	9	10	11	28	7	20	10	34	6	13	6	2	3	2	127	6	13
CM_00030W	119	228	37	39	42	32	69	51	62	82	86	69	64	100	121	41	317	25	10	54	102	1007	171	92
CM_00040W	0	0	0	0	0	0	0	0	0	1	0	0	0	0	0	0	0	0	0	0	0	0	0	0
CM_00050W	31	100	14	39	24	7	9	13	25	23	78	76	25	58	34	14	59	13	8	6	19	246	86	47
CM_00060W	175	364	24	150	91	75	27	46	78	55	121	118	180	126	43	67	285	26	60	42	25	1141	137	88
CM_00070C	364	828	98	628	915	56	110	81	60	905	1400	90	64	272	234	133	128	66	45	263	96	784	228	171
CM_00080C	186	486	78	270	204	25	46	24	25	139	236	12	40	44	150	38	51	22	6	106	50	398	20	22
CM_00090W	37	55	4	5	4	7	6	19	19	4	5	2	2	1	3	11	14	8	4	0	4	235	4	6
CM_00100W	15	34	4	1	3	2	4	10	18	4	6	1	10	6	10	8	6	9	2	2	2	74	1	5
CM_00110W	3	6	0	1	1	0	0	4	2	1	1	0	0	2	0	3	2	0	0	0	0	24	0	4
CM_00120W	3	11	0	0	1	2	0	0	2	0	0	0	0	1	0	0	0	0	0	0	0	32	1	0
CM_00130W	4	22	1	4	9	0	1	2	4	32	34	5	0	2	0	3	0	2	1	4	0	84	30	4
CM_00140C	185	291	22	42	101	57	11	53	73	256	294	23	38	24	96	69	34	91	11	17	39	843	222	72
CM_00150C	70	104	41	148	157	129	69	136	68	118	202	24	45	74	90	228	45	70	51	59	74	187	42	28
CM_00160C	423	683	255	745	1032	397	255	394	207	769	1287	250	207	552	326	685	330	275	238	327	231	718	522	418
CM_00170C	97	266	62	101	118	13	22	16	22	87	165	31	62	55	40	8	80	18	13	38	30	140	92	95
CM_00180C	93	159	87	103	79	11	32	14	28	96	138	47	49	24	84	8	101	10	15	56	20	224	111	79
CM_00190C	3	12	7	17	15	0	5	0	0	21	24	11	6	2	9	0	7	0	2	7	1	22	32	15
CM_00200C	58	150	31	47	52	2	42	9	12	98	141	56	15	17	37	7	11	5	5	27	11	100	142	65
CM_00210W	452	964	547	1796	2704	1146	378	70	49	937	2034	200	646	947	545	702	530	555	290	883	453	709	565	464
CM_00220W	170	383	25	50	92	21	9	56	119	54	91	34	33	66	28	44	28	63	9	13	31	1216	60	85
CM_00230W	84	229	41	205	377	48	59	36	43	214	378	39	53	169	46	46	53	96	40	55	38	534	140	82
CM_00240W	59	183	79	259	277	49	83	12	27	238	345	62	57	111	63	35	105	190	44	68	44	328	115	78
CM_00250W	12	44	1	8	3	2	1	8	9	9	0	3	1	1	2	9	5	3	0	0	1	212	1	8
CM_00260W	5	20	11	55	150	28	11	2	1	60	114	10	26	42	8	17	7	9	5	19	9	5	21	13
CM_00270W	5	14	23	37	107	29	15	0	2	62	132	8	26	68	13	21	13	13	17	30	22	12	14	14
CM_00280W	3	10	27	37	93	43	11	0	1	36	62	11	23	43	16	21	9	24	12	25	18	14	8	9
CM_00290W	135	270	290	401	335	302	211	18	20	104	199	14	198	132	226	374	211	361	187	168	260	152	46	40
CM_00300W	6	4	13	22	42	18	9	0	1	21	16	5	9	18	7	18	7	13	7	14	14	2	2	2
CM_00310W	52	81	30	112	155	35	22	11	20	136	233	38	54	203	44	27	17	30	11	66	24	157	92	85
CM_00320W	23	33	1	3	6	1	0	7	9	16	15	6	0	5	0	5	0	5	0	1	1	187	5	8
CM_00330W	103	203	10	24	45	13	13	36	72	28	54	11	8	33	65	45	91	12	4	6	8	807	50	38
CM_00340W	12	22	0	1	2	1	0	8	5	0	3	0	2	5	1	6	4	2	1	1	1	126	4	1
CM_00350W	44	78	11	14	10	7	3	36	25	4	3	6	6	7	9	14	12	3	5	2	4	228	6	5
CM_00360W	12668	29985	6169	9347	10338	5004	8220	5375	7946	12410	19566	6866	18039	15831	27004	64586	122301	16831	4844	5644	5832	9089	12960	6746
CM_00370W	5	22	1	4	2	3	1	4	5	1	2	1	0	1	0	0	1	3	0	1	0	56	3	5
CM_00380W	277	624	129	365	602	98	108	98	78	600	878	148	86	433	126	320	79	237	57	229	84	1334	555	274
CM_00390W	1	20	12	12	14	1	1	1	1	22	28	8	5	18	19	2	1	1	0	11	4	23	12	6
CM_00400W	6	22	13	41	39	0	0	3	6	42	54	8	12	20	27	4	2	2	0	37	4	44	15	14
CM_00410W	38	52	29	99	153	10	0	15	27	160	203	19	38	104	42	5	5	5	4	79	4	92	87	69
CM_00420W	65	155	108	175	142	22	8	13	39	150	252	18	55	95	106	13	29	10	20	106	34	210	79	70
CM_00430W	18	18	15	18	15	5	4	1	0	13	25	2	11	6	17	1	5	3	1	18	7	28	9	15
CM_00440W	177	423	187	498	647	239	203	97	210	719	926	251	180	449	128	220	301	269	120	202	108	724	710	479
CM_00450W	1	7	1	1	5	2	2	1	1	2	2	1	0	3	1	2	15	1	0	3	1	26	3	0
CM_00460C	2	22	1	4	9	0	1	2	4	34	38	4	0	2	0	4	0	2	1	3	0	83	30	4
CM_00470C	3	12	0	0	1	2	0	0	2	0	2	0	0	1	0	0	0	0	0	0	0	31	1	0
CM_00480C	4	8	0	1	2	0	0	2	2	1	1	0	0	2	0	3	2	0	0	0	0	26	0	4
CM_00490C	15	36	4	1	3	2	4	10	18	4	6	1	10	6	10	8	6	8	2	2	2	74	1	5
CM_00500C	40	60	4	5	4	7	6	18	18	4	4	2	2	1	3	12	14	8	4	0	4	235	4	6
CM_00510W	248	750	91	397	298	29	68	37	36	197	310	14	52	59	199	46	66	32	8	144	64	557	28	34
CM_00520W	360	825	96	621	918	58	111	82	60	899	1387	87	65	268	230	135	126	66	44	267	96	777	224	168
CR_00010C	337	597	182	489	229	220	82	19	19	343	557	154	39	83	48	93	314	138	83	167	95	382	243	564
CR_00020W	60	432	64	248	276	133	31	23	30	125	230	43	9	25	117	14	24	70	171	103	464	88	146	390
CR_00030W	16	22	26	62	13	19	8	0	0	24	38	6	2	1	1	2	1	7	11	5	6	9	21	38
CR_00040C	373	969	354	1023	624	853	863	437	65	554	776	231	92	203	324	1544	189	733	647	412	561	232	544	920
CR_00050W	5692	12671	2909	5746	2727	3346	1606	359	144	1974	3135	1387	586	743	2559	2539	3434	3042	2219	1923	3082	646	1957	3487
CR_00060C	3569	8870	2889	5520	2880	3514	2852	830	1024	2218	3286	1621	729	739	1284	5668	2016	3150	3211	2215	2782	636	1729	3207
CR_00070W	4447	9682	5029	9694	4363	8493	3415	1836	3066	3266	5010	1151	3230	754	1391	8539	2641	6998	5177	3688	6478	1290	1818	4703
CR_00080W	3296	11401	6034	10782	6338	10525	7494	5652	4189	5352	8022	2067	3209	2501	2776	16338	5888	8838	9881	5560	9093	1203	2965	6289
CR_00090C	304	689	138	152	151	318	22	213	67	171	301	75	95	62	94	28	16	100	87	109	67	314	183	279
CR_00100C	897	2525	781	1625	1403	1208	484	230	840	949	1717	593	727	298	863	1176	1138	1511	579	828	1358	904	994	1391
CR_00110W	1121	4609	855	1141	1198	1306	1209	1398	977	758	1288	372	551	215	569	2385	593	305	1196	666	1093	552	601	1196
CR_00120C	213	516	523	266	671	400	359	62	75	200	727	246	1017	430	526	362	178	264	173	233	519	330	315	600
CR_00130C	98	162	12	52	48	11	3	23	383	28	41	20	21	4	31	1	1	5	66	11	20	198	38	50
CR_00140W	2621	6330	1625	2432	1931	948	895	399	61	873	1427	334	559	340	770	2063	524	742	506	1483	845	1174	929	2731
CR_00150C	2092	6305	1822	2808	1267	1417	2770	109	183	1468	2368	352	919	371	1370	1660	2053	3461	1360	1065	1572	640	514	519
CR_00160C	118	124	36	91	73	75	6	92	32	88	135	116	34	157	32	169	101	10	31	49	59	197	188	214
CR_00170W	1772	4571	4389	7171	5673	7193	6365	4889	5112	6564	9849	771	3784	1453	2657	17380	5826	5890	5452	2965	6203	1203	1020	2055
CR_00180C	2784	7475	2050	3730	1689	2417	1064	1697	1904	1553	2610	1427	644	798	1388	3396	1476	2941	1858	1518	2133	618	2022	3141
CR_00190W	1138	1645	1585	1828	1168	1580	798	289	323	851	1042	623	694	154	537	1137	593	577	955	822	989	650	916	1584
CR_00200W	726	1139	181	352	262	316	274	519	826	221	305	126	931	456	539	242	296	235	1032	528	1286	691	345	604
CR_00210W	264	368	592	677	392	307	387	299	62	328	559	189	99	113	148	268	821	722	198	186	251	335	359	978
CR_00220W	1332	2083	1607	2807	1734	3051	1424	328	386	2139	3682	1564	1287	425	822	3375	1613	2371	1850	1632	2394	422	2583	4689
CR_00230W	2610	5238	2547	3811	2999	3334	2393	769	546	2138	2834	1300	1545	1025	1151	2931	1599	1473	2240	2260	3472	981	2140	3762
CR_00240W	18	40	2	27	15	9	0	2	5	19	26	12	3	3	6	0	3	19	3	14	4	20	54	92
CR_00250W	192	483	41	80	37	87	11	150	145	44	49	48	153	30	38	18	12	7	20	23	34	80	85	230
CR_00260W	1192	2465	1715	1924	1511	1700	1108	783	2434	874	1686	690	1789	483	1270	1472	980	720	1098	1177	1493	653	1138	2471
CR_00270C	15	44	1	25	4	7	1	9	2	6	11	1	2	2	30	1	2	0	1	9	42	35	19	11
CR_00280C	31	86	37	99	28	17	1	19	19	74	37	7	40	31	137	47	2	5	18	91	59	120	34	139
CR_00290W	185	203	81	125	152	78	131	246	71	150	219	71	59	107	88	185	288	211	88	171	103	175	88	100
CR_00300W	50	60	13	52	58	14	3	12	6	28	130	27	0	8	19	4	7	1	2	18	3	142	70	79
CR_00310C	38	97	1	13	7	16	8	83	92	2	45	20	85	76	30	11	12	7	45	91	67	289	40	17
CR_00320C	336	528	127	385	402	155	18	86	99	116	186	18	51	197	63	14	29	130	66	253	251	204	80	254
CR_00330C	47	370	28	247	104	28	18	26	51	145	65	135	9	145	2	14	29	32	10	86	29	257	228	227
CR_00340C	11	34	6	5	60	3	2	4	8	32	12	1	5	7	18	2	5	16	2	20	18	52	12	23
CR_00350W	150	477	27	33	41	60	4	81	46	115	258	20	25	19	118	6	14	46	10	39	38	167	59	99
CR_00360C	515	2376	1287	474	667	728	799	1764	1018	397	862	234	1125	565	842	699	320	639	1310	270	1139	359	469	1088
CR_00370W	890	1318	480	691	332	263	171	28	25	436	557	251	96	132	308	276	93	429	271	323	420	374	294	545
CR_00380W	77	230	118	170	92	60	111	5	2	78	72	55	169	21	2	78	358	100	8	133	20	102	56	184
CR_00390W	1385	4135	1118	2054	1522	1982	710	422	168	1314	1372	508	1682	572	938	1902	1514	1528	1220	1144	1960	663	807	1823
CR_00400C	740	1807	616	1003	832	642	296	144	578	320	787	193	287	176	332	718	551	483	362	524	871	573	510	957
CR_00410W	18	36	6	3	6	17	4	1	3	20	8	4	6	12	0	2	1	0	2	14	1	82	6	44
CR_00420W	175	103	172	626	258	448	86	43	7	177	259	113	100	64	30	321	43	155	228	189	165	99	39	225
CR_00430C	7	8	0	4	16	0	1	2	3	4	6	7	2	5	0	0	0	0	0	2	10	19	7	9
CR_00440C	753	2295	916	1107	1301	1025	924	736	1394	853	1627	476	1765	409	383	2001	615	811	1365	1024	1352	647	1068	1981
CR_00450C	10	21	17	0	7	4	14	4	1	8	13	8	47	12	2	4	0	0	2	8	18	20	20	15
CR_00460C	20	139	5	17	16	15	2	3	9	9	17	2	4	2	9	31	2	48	10	15	4	60	25	41
CR_00470W	80	208	12	26	24	77	4	47	51	7	22	11	173	172	31	6	63	10	23	28	17	204	38	30
CR_00480W	14	95	3	15	23	1	4	7	2	30	44	15	4	9	1	0	0	2	0	13	15	63	35	40
CR_00490W	70	275	53	191	219	158	28	23	12	74	175	75	15	22	10	32	275	26	21	83	120	137	98	133
CR_00500C	41	13	6	30	51	10	3	5	3	17	56	26	1	12	0	0	23	64	1	14	21	18	26	62
CR_00510C	235	406	256	319	193	384	40	155	46	239	306	160	353	33	108	424	236	401	110	162	133	178	232	526
CR_00520C	187	390	34	141	57	32	62	62	65	95	140	27	118	183	76	3	8	7	67	160	38	273	137	267
CR_00530W	0	0	0	4	1	1	0	0	0	0	0	3	0	0	0	1	0	0	0	0	0	12	0	8
CR_00540C	140	345	41	7	6	1	7	105	120	5	4	4	19	14	7	4	9	0	18	12	26	109	7	8
CR_00550W	21	27	2	12	25	4	0	7	1	5	8	4	0	1	0	1	0	4	6	2	4	60	1	16
CR_00560W	538	1562	697	1656	1134	984	214	89	41	896	1500	210	694	266	558	651	374	729	526	761	523	310	380	612
CR_00570W	42	103	4	9	0	3	3	21	27	8	12	7	8	4	1	409	1	0	1	23	4	134	12	17
CR_00580W	86	164	4	9	11	3	29	30	49	0	22	3	21	39	27	6	1	3	6	2	14	64	0	2
CR_00590W	52	118	53	146	42	21	49	4	13	115	218	85	32	24	74	23	11	62	34	74	70	228	165	166
CR_00600C	10	33	5	3	1	1	17	8	6	4	4	0	38	2	0	0	1	0	1	4	16	31	0	5
CR_00610W	1701	3808	4623	6805	4401	7119	5485	981	591	3192	4901	1603	2371	2328	2157	8032	2295	3482	5436	3694	5452	1106	2327	4485
CR_00620C	271	632	413	404	282	79	136	350	445	200	258	129	329	274	118	113	98	9	133	211	354	225	167	330
CR_00630W	94	126	147	135	133	55	107	308	24	164	162	32	29	137	44	7	8	14	22	115	370	142	79	194
CR_00640W	5513	12358	7107	3456	2254	3899	2431	1903	1800	1193	2343	795	14982	5888	4946	3244	1337	2801	3838	2909	5674	991	1082	1890
CR_00650W	161	243	362	429	377	188	219	237	150	256	383	74	114	26	65	306	22	493	198	256	208	157	100	265
CR_00660W	214	660	129	363	448	201	222	44	16	220	383	97	91	64	74	115	6	172	144	251	163	161	203	572
CR_00670C	473	1849	378	331	214	363	20	19	21	162	142	121	287	50	21	475	2	267	160	178	28	113	214	410
CR_00680W	41	173	268	209	121	219	56	7	10	39	80	4	60	8	6	3	81	4	247	67	170	132	30	100
CR_00690C	111	310	34	98	93	56	7	20	11	53	99	25	30	2	15	137	25	163	50	45	25	198	70	217
CR_00700W	23	84	26	181	96	68	1	214	16	67	145	46	158	14	6	229	12	70	16	137	11	127	210	256
CR_00710C	36	34	40	33	35	65	3	2	9	70	62	8	22	3	2	5	4	19	26	2	17	65	11	35
CR_00720W	0	0	0	0	0	0	0	0	0	0	0	0	0	0	0	0	0	0	0	0	0	0	0	0
CR_00730C	14	20	63	68	59	108	15	4	7	105	88	21	20	9	21	122	4	31	33	33	32	67	35	94
CR_00740C	691	1321	283	913	491	703	363	266	116	690	998	219	262	269	95	1029	184	739	377	576	556	295	377	414
CR_00750C	141	221	37	326	207	99	244	48	35	129	204	92	37	23	22	57	101	292	23	39	270	268	203	225
CR_00760C	497	1980	504	1784	935	1073	503	70	133	810	1413	431	228	66	535	1872	152	1795	744	582	764	418	591	1275
CR_00770W	0	0	0	0	0	0	0	0	0	0	0	0	0	0	0	0	0	0	0	0	0	0	0	0
CR_00780C	1489	3733	755	90	88	72	478	1063	1357	84	74	19	1715	767	581	16	139	50	930	520	1377	370	116	193
CR_00790C	190	191	21	288	173	48	28	13	10	160	192	100	18	12	54	398	9	93	102	172	205	537	208	262
CR_00800C	894	1335	758	1013	1050	1156	490	120	121	823	1147	478	523	113	452	781	48	553	283	707	682	575	1151	2473
CR_00810W	20	32	1	1	4	14	9	7	8	12	15	4	0	5	7	2	6	10	3	12	6	71	8	47
CR_00820C	28	255	29	157	42	27	0	12	14	55	69	18	12	7	0	117	0	2	30	34	48	59	71	100
CR_00830W	6	75	2	35	48	11	15	4	2	56	57	4	7	64	8	0	1	21	32	48	68	7	23	48
CR_00840C	0	0	0	0	0	0	0	0	0	0	0	0	0	0	0	0	0	0	0	0	0	0	0	0
CR_00850C	5961	13372	4826	7282	4555	4000	2338	1985	1007	2458	4400	1348	2540	1846	2492	7359	2666	3968	3911	3759	4614	1104	2099	5231
CR_00860C	836	2576	317	101	195	99	41	388	473	72	147	42	290	69	139	50	5	8	229	70	162	95	120	95
CR_00870C	169	411	313	781	643	518	151	16	19	722	1161	968	191	218	147	860	244	411	331	440	436	200	1485	1412
CR_00880W	137	198	276	881	717	572	193	12	14	815	1515	1124	233	211	125	691	256	451	322	431	284	200	1829	1562
CR_00890C	9	39	5	1	2	0	2	0	5	0	1	3	2	1	1	0	0	1	3	8	1	44	0	19
CR_00900W	73	124	91	351	199	111	11	14	8	91	150	30	13	24	61	20	22	20	81	56	74	168	77	160
CR_00910W	974	2157	120	12	6	3	42	809	885	5	11	3	224	63	73	9	7	2	180	31	140	108	3	17
CR_00920W	4	9	9	7	10	11	2	1	4	9	2	8	10	0	7	5	1	3	0	15	2	44	22	28
CR_00930W	5	3	0	2	0	0	0	0	0	3	0	2	8	0	0	0	0	0	1	8	0	38	0	3
CR_00970W	3	15	3	2	0	3	0	2	4	4	1	14	0	0	0	0	1	0	0	0	4	49	1	2
CR_00980C	313	929	66	784	414	518	127	43	54	215	472	90	327	106	461	930	338	206	89	185	339	236	152	336
CR_00990W	1	12	2	2	0	1	0	4	1	1	7	1	4	2	0	1	0	0	0	1	4	22	5	9
CR_01000C	164	481	100	452	296	357	23	29	34	183	282	112	128	60	77	37	45	66	75	174	135	322	167	360
CR_01010W	2	5	0	8	0	0	0	0	0	3	4	0	0	1	0	0	0	0	0	2	0	8	1	2
CR_01020C	78	159	88	107	201	9	33	4	21	130	152	52	3	4	20	7	17	3	4	63	31	162	107	183
CR_01030W	136	533	249	774	501	228	117	19	39	218	583	146	162	115	68	120	27	92	106	334	248	256	535	684
CR_01040C	31	36	1	13	5	5	2	6	11	6	18	12	19	7	1	0	2	3	4	26	9	65	14	25
CR_01050C	58	228	60	222	120	54	21	12	19	106	145	149	78	34	33	4	8	57	62	70	57	179	167	163
CR_01060W	140	215	164	116	200	62	22	31	35	85	143	77	95	139	113	4	23	52	36	79	81	175	119	345
CR_01070W	3	12	0	0	4	2	0	1	3	0	2	0	1	0	0	0	1	0	0	0	1	43	1	5
CR_01080W	144	413	64	273	340	204	79	35	46	147	190	170	108	582	59	101	13	114	154	159	110	210	162	541
CR_01090W	174	586	26	208	23	49	1	25	26	82	88	69	37	11	11	90	28	7	10	25	14	308	121	180
CR_01100C	52	528	78	306	114	104	35	5	3	59	103	14	69	143	21	198	16	5	18	71	43	42	82	169
CR_01110W	1093	4917	1015	3283	1775	1715	532	96	36	1247	1839	488	411	345	720	852	76	393	835	1645	1311	319	827	2228
CR_01120C	112	827	92	352	241	86	17	27	25	110	177	82	19	105	47	12	14	43	33	239	101	160	103	289
CR_01130W	2357	3990	1479	3947	1637	2495	2168	669	200	1337	2457	1079	861	666	917	1474	1577	1630	946	935	1920	865	1337	2644
CR_01140C	235	463	297	365	173	112	29	162	175	113	221	50	248	43	79	1035	27	188	118	161	147	155	134	276
CR_01150C	253	879	166	603	358	471	47	26	13	295	859	81	85	24	304	1484	924	392	202	265	291	307	113	342
CR_01160W	229	810	113	413	337	173	127	13	9	298	388	201	166	22	169	53	104	205	78	226	95	114	575	809
CR_01170W	2191	6729	747	2160	1352	758	322	606	148	1307	1816	944	372	288	565	56	646	484	285	1253	1029	700	2303	3462
CR_01180W	11	18	0	1	0	1	1	3	4	0	2	0	1	3	0	3	0	0	0	0	0	47	0	2
CR_01190C	6	19	0	1	0	1	0	1	3	3	0	0	0	2	0	0	2	0	1	0	2	28	3	14
CR_01200W	41	184	38	89	116	44	3	9	20	107	219	23	8	22	4	115	20	15	10	51	69	144	79	207
CR_01210C	1536	5738	1135	2282	1110	706	704	319	150	1489	1789	256	816	676	850	728	760	422	719	1368	967	266	859	1329
CR_01220W	656	636	504	1634	1202	1038	476	137	328	639	1255	424	147	195	158	357	819	1145	541	748	817	265	600	1523
CR_01230C	22	59	56	85	78	8	15	9	54	93	48	22	7	14	5	5	3	16	5	55	40	110	55	114
CR_01240C	149	231	162	431	331	346	90	58	36	205	473	138	351	63	198	327	31	299	324	114	330	563	251	407
CR_01250C	12	47	57	75	26	117	1	14	11	30	78	33	1	2	15	92	36	11	0	9	19	146	55	52
CR_01260W	32	68	9	78	45	28	7	10	23	59	70	14	8	11	49	58	27	50	7	31	44	73	48	42
CR_01270C	22	69	5	123	14	38	7	11	12	38	38	25	53	3	23	39	4	8	93	17	88	149	60	123
CR_01280C	12	28	1	9	1	1	0	6	2	1	0	18	4	6	0	0	0	1	0	6	2	51	1	9
CR_01290C	205	486	409	632	626	329	116	314	406	420	697	116	222	434	277	249	207	225	198	487	677	234	197	559
CR_01300W	12	15	1	2	1	1	0	0	9	2	5	5	3	4	0	1	1	0	2	2	0	10	13	4
CR_01310W	387	1037	160	132	149	71	45	120	111	70	83	102	136	159	172	214	22	184	146	136	46	177	121	139
CR_01320C	220	241	189	179	216	192	17	27	38	98	112	65	147	102	61	22	154	13	71	93	103	353	120	199
CR_01330W	641	1827	793	1254	870	660	421	290	354	784	980	181	1183	797	714	1900	52	302	719	785	1659	404	288	938
CR_01340W	289	1108	476	693	777	451	321	50	198	1040	1491	829	661	207	398	1621	764	422	582	517	350	434	2034	2075
CR_01350C	67	165	13	22	40	71	15	23	23	34	70	23	47	149	3	7	7	34	43	31	22	112	78	136
CR_01360W	53	59	3	56	51	16	2	16	15	22	50	9	1	38	2	4	1	1	34	16	5	69	21	72
CR_01370C	76	150	17	100	61	22	9	27	42	27	46	22	14	127	26	36	2	4	39	40	14	114	42	102
CR_01380W	1813	4701	2528	4678	2553	2814	2791	289	1153	1574	1923	713	1747	416	544	2216	2050	2129	2165	1582	2656	496	1245	1975
CR_01390W	200	503	167	458	210	288	76	64	99	101	221	96	78	106	112	40	15	83	138	151	303	234	209	412
CR_01400W	9767	17008	2685	1821	836	1258	1803	1294	1000	662	824	277	2404	1314	1877	653	1068	1542	1774	1238	1640	591	690	1148
CR_01410C	362	2035	812	1530	1124	1761	961	231	813	755	1130	361	404	432	278	2190	1023	792	862	608	851	278	490	1090
CR_01420W	414	516	397	395	461	181	28	50	23	128	223	124	140	146	175	56	33	35	186	214	199	430	140	416
CR_01430W	8	28	6	10	43	4	3	5	4	23	18	3	3	13	35	0	0	3	2	6	9	79	21	51
CR_01440C	123	351	34	3	4	3	9	172	181	2	6	2	60	23	16	2	4	2	11	10	42	92	8	15
CR_01450C	200	406	216	240	279	127	63	14	13	122	160	46	67	37	72	8	77	71	65	219	220	58	60	223
CR_01460C	21	106	57	134	202	25	5	1	2	133	177	36	19	33	21	1	17	24	3	118	53	32	67	203
CR_01470W	536	1255	41	21	3	16	28	223	260	11	8	0	128	46	15	15	11	7	58	23	70	348	5	23
CR_01480W	672	1076	325	671	420	313	358	122	206	444	646	261	142	114	64	1422	95	78	380	395	292	294	405	869
CR_01490C	66	117	33	17	10	3	3	39	32	13	26	5	11	10	0	3	5	0	19	45	46	67	49	84
CR_01500W	525	1161	120	627	325	219	203	66	96	133	193	56	290	295	182	55	53	205	138	245	232	301	193	357
CR_01510C	35	36	4	38	38	0	1	7	5	6	9	15	3	0	11	4	1	1	3	19	3	55	10	3
CR_01520W	956	1784	202	795	622	192	100	68	103	388	460	138	40	56	45	223	74	357	114	178	229	290	149	284
CR_01530C	12	19	1	3	0	0	0	5	10	2	4	2	0	19	0	6	130	0	1	1	18	79	4	0
CR_01540W	648	1648	513	1493	1445	1510	533	603	937	579	1162	170	525	371	375	814	492	738	641	855	902	230	303	517
CR_01550C	27	17	8	43	42	4	2	0	9	16	28	21	4	5	17	0	1	16	0	3	4	53	30	34
CR_01560W	12	33	3	11	11	6	3	2	6	6	24	5	0	0	4	1	1	0	0	4	2	76	10	16
CR_01570W	47	214	33	91	68	42	7	12	8	49	30	7	24	4	53	1	7	2	13	42	31	106	59	74
CR_01580C	421	1777	874	1573	909	642	235	73	308	744	1482	771	577	389	304	633	770	871	803	564	787	617	1083	1743
CR_01590C	164	245	125	115	78	149	17	46	570	88	107	18	22	108	42	12	3	78	305	56	48	248	81	131
CR_01600C	408	953	651	1848	1159	981	607	105	54	875	1244	454	744	276	269	644	615	365	951	972	782	433	897	1574
CR_01610C	231	444	83	240	144	257	6	30	37	62	131	74	200	101	33	11	14	19	165	137	54	149	141	209
CR_01620C	2121	4753	1913	124	202	137	733	1632	1226	118	213	31	5185	1297	804	1233	12	15	1887	978	2388	397	34	232
CR_01630C	246	591	337	1505	706	639	144	33	10	600	684	98	96	93	169	227	41	122	105	509	368	228	264	602
CR_01640C	82	206	81	384	185	168	6	5	4	115	185	37	4	18	48	8	8	23	12	118	114	138	65	100
CR_01650W	172	549	131	298	257	288	81	20	9	199	189	94	33	105	81	19	40	44	76	121	118	77	278	522
CR_01660C	460	748	456	691	465	603	85	88	52	338	309	187	131	138	135	48	77	99	200	275	243	175	502	888
CR_01670W	48	147	49	385	204	203	65	17	20	268	273	142	117	98	126	14	125	88	115	131	100	176	206	392
CR_01680C	256	962	492	575	454	528	316	445	941	259	427	192	1045	433	338	620	317	403	360	417	340	349	98	585
CR_01690C	1806	3617	1269	1719	871	1045	833	523	649	857	1599	678	6173	1448	1941	1515	915	1167	1473	1223	1509	697	892	2155
CR_01700C	1248	3292	1092	2379	1444	2777	790	377	328	1248	1870	654	437	351	688	2384	1221	829	1072	1202	1051	406	909	2071
CR_01710W	48	155	80	258	253	289	20	14	38	164	159	53	61	17	261	67	108	51	28	194	252	68	131	391
CR_01720W	325	760	376	1196	841	497	71	88	39	335	561	204	95	107	239	99	159	206	348	697	364	301	294	808
CR_01730W	230	422	288	402	139	153	88	52	46	82	122	27	9	183	31	42	312	24	21	22	33	134	67	146
CR_01740W	31	142	46	200	181	26	8	28	21	86	139	72	23	59	50	9	10	23	6	33	57	43	80	137
CR_01750C	123	291	103	150	141	62	22	70	88	154	174	54	35	11	22	229	28	13	31	51	41	227	140	171
CR_01760C	332	932	234	141	190	177	127	117	107	209	313	103	1068	592	318	21	18	46	84	513	506	315	245	538
CR_01770C	2883	6487	2340	4689	3010	3375	2307	1260	854	1688	3583	1068	2306	645	946	2707	2781	2338	2752	2330	2984	798	1548	4021
CR_01780W	780	409	230	340	377	365	54	21	155	158	305	178	29	187	139	39	136	150	289	232	233	184	207	511
CR_01790C	1412	2742	1254	2553	2049	2272	397	1110	2044	1481	2238	554	494	620	509	3274	890	1452	1537	1214	1170	530	838	2065
CR_01800C	194	1112	39	315	114	140	45	33	16	147	188	104	27	12	28	76	297	163	27	128	146	193	126	254
CR_01810C	31	914	10	113	81	85	96	10	10	27	56	10	165	8	6	247	2	3	3	17	67	115	30	136
CR_01820W	562	1525	563	1147	477	466	386	139	187	636	1155	222	1161	130	115	922	248	403	184	548	651	487	335	803
CR_01830C	73	221	127	210	123	77	18	21	31	143	187	118	70	5	73	118	20	114	23	64	63	354	273	300
CR_01840W	126	222	82	181	89	71	44	4	5	61	155	68	8	2	26	133	19	108	13	38	26	75	85	125
CR_01850C	1443	3319	665	583	412	255	325	74	82	359	621	230	34	231	216	333	273	282	236	370	270	53	275	564
CR_01860W	732	1108	199	332	230	216	195	107	172	345	482	294	35	127	161	319	205	203	102	183	128	113	440	610
CR_01870C	31	61	14	28	43	5	1	6	4	42	51	22	0	1	8	2	5	9	0	22	3	79	62	75
CR_01900C	359	1654	228	646	340	204	111	443	38	341	530	163	50	263	57	95	390	224	76	296	161	401	332	640
CR_01910C	348	787	122	327	335	247	21	55	14	239	359	186	102	101	150	82	67	75	85	185	47	211	266	536
CR_01920W	341	545	282	842	422	236	221	276	27	377	389	125	124	204	196	991	272	75	469	266	265	238	257	681
CR_01930C	347	301	139	260	206	281	108	16	18	77	128	76	110	46	121	36	8	24	162	149	220	299	89	234
CR_01950W	33	112	2	5	7	4	30	7	23	0	3	2	2	5	4	1	2	3	2	4	4	190	4	39
CR_01960C	43	136	7	4	17	51	19	21	11	13	23	1	2	7	5	182	2	1	71	81	4	150	6	8
CR_01970C	261	535	25	7	18	4	6	99	82	10	39	10	37	10	19	4	1	3	16	10	30	101	42	27
CR_01980C	317	1469	450	1023	976	1328	264	280	255	545	984	193	388	179	437	2545	458	1260	1370	840	1092	239	315	667
CR_01990C	31	52	13	7	14	25	29	8	2	16	19	20	6	16	36	5	2	0	1	40	37	161	26	39
CR_02000C	2070	3957	1563	1387	744	1078	1149	1351	1137	933	1833	502	4914	1631	2539	632	1488	1064	1329	1085	2145	523	691	1237
CR_02020C	2344	4587	2390	2786	1728	2244	2478	307	780	1659	2567	871	1671	1020	1457	3986	1454	1620	2371	1994	2823	501	1064	2330
CR_02030C	257	240	32	258	135	105	12	5	15	110	305	57	57	26	88	115	271	91	39	125	88	153	99	131
CR_02040W	1386	4923	1859	3014	1791	1725	843	133	196	1403	2003	784	697	493	508	1402	717	1335	1586	1134	1194	794	1311	3076
CR_02050C	1339	3173	647	1529	1074	903	366	64	568	1123	1765	564	409	338	257	684	472	632	549	957	664	390	928	1778
CR_02060W	518	608	553	715	419	299	99	84	57	303	410	114	367	169	157	566	658	253	363	229	336	211	110	486
CR_02070C	1461	2522	293	336	214	260	108	461	590	127	231	61	577	296	186	658	198	385	306	161	513	975	160	297
CR_02080W	16	11	2	9	3	3	0	2	1	5	10	4	1	1	1	6	2	4	2	2	21	59	8	16
CR_02090C	189	365	138	347	165	247	26	53	46	232	399	148	19	30	318	275	19	266	450	89	81	311	279	380
CR_02100C	85	157	47	136	163	113	23	44	35	165	238	111	7	10	176	91	319	100	103	76	21	333	186	207
CR_02110W	2511	5686	2591	2247	2172	3088	2427	143	874	1915	2765	974	1370	798	1336	6680	2324	3134	2061	1656	3954	570	1387	1879
CR_02120C	290	577	139	159	99	49	47	53	24	105	210	118	224	61	69	15	21	4	19	124	119	206	147	424
CR_02130W	777	1737	558	888	740	153	202	171	258	547	1312	539	411	431	378	393	56	178	181	530	818	428	1196	1518
CR_02140W	373	1568	418	1066	772	907	503	304	703	476	829	342	214	227	384	1089	82	597	1067	600	872	274	631	834
CR_02150W	137	986	166	282	504	237	18	56	57	297	212	101	87	43	83	143	49	67	280	236	152	331	246	420
CR_02160W	4231	7569	3837	5784	3511	4397	1926	1132	181	2606	3771	1274	1328	1272	1088	2328	2339	2803	2088	3277	4467	1073	2044	4476
CR_02170W	196	389	63	398	43	45	198	349	87	139	205	79	423	32	28	27	21	29	185	123	77	471	179	374
CR_02180W	34	162	71	53	56	34	21	46	33	41	42	22	243	46	36	42	18	44	33	47	62	126	32	108
CR_02190C	381	1318	276	390	489	167	27	42	41	242	370	114	370	54	128	55	347	62	223	305	242	430	230	696
CR_02200C	427	660	131	90	117	75	14	32	35	67	103	51	371	431	106	793	72	54	132	85	47	219	118	209
CR_02210W	1317	3232	1118	1365	1454	1322	1265	2394	1046	839	1610	493	1338	1360	1319	2152	851	759	1458	1229	1200	546	908	1405
CR_02220C	1102	2050	1406	792	716	732	1154	1270	1720	470	734	296	1404	407	1278	375	1169	526	527	980	1092	315	589	880
CR_02230W	283	566	221	720	462	115	14	13	4	242	459	165	71	66	143	8	29	43	67	372	283	31	327	567
CR_02240C	234	514	206	339	318	116	136	55	82	146	174	81	128	61	112	474	287	242	94	170	267	358	110	203
CR_02250C	758	1759	508	1290	918	1055	305	796	564	547	1032	204	74	527	298	668	62	1275	473	726	1460	925	614	861
CR_02260C	113	116	182	238	136	336	179	21	249	98	163	50	97	11	25	764	392	26	233	125	58	135	81	106
CR_02270C	129	178	18	56	30	45	23	6	3	18	15	15	2	3	1	88	3	2	48	17	1	66	12	30
CR_02280W	191	971	331	226	312	445	526	74	48	267	198	111	142	285	133	149	43	273	428	207	206	141	155	64
CR_02290W	238	439	171	355	235	135	83	19	22	297	316	105	26	31	32	38	80	195	61	233	211	137	215	180
CR_02300C	268	1148	202	237	237	157	155	48	48	173	250	32	242	53	214	35	268	132	28	115	78	303	52	201
CR_02310C	0	6	1	1	0	7	0	4	1	0	0	0	0	0	0	0	1	1	0	0	3	25	0	0
CR_02320W	1	1	0	0	0	0	1	0	1	0	0	0	0	0	0	0	0	0	0	1	0	1	0	0
CR_02330C	161	53	3	33	75	12	4	5	14	34	9	5	5	16	118	2	372	0	3	9	2	105	9	2
CR_02340W	49	15	0	44	25	8	0	2	2	33	24	3	1	35	17	1	58	2	0	7	21	129	12	39
CR_02350C	445	1025	285	882	346	251	84	294	144	230	298	190	269	68	164	194	158	142	381	200	242	217	282	405
CR_02360W	13	71	2	4	5	2	8	39	50	9	30	7	3	4	7	3	10	2	7	16	31	161	8	18
CR_02370W	100	130	29	19	55	14	286	44	45	36	38	10	13	13	102	6	2	50	16	82	36	89	8	5
CR_02380C	8	11	0	0	0	0	0	0	3	1	4	1	0	3	0	1	1	0	3	1	3	20	3	3
CR_02390W	3402	11571	1739	2849	1830	2100	1247	619	207	1349	2235	361	1671	1176	1296	1549	2453	1351	1423	1740	2290	404	905	1516
CR_02400W	94	310	76	187	162	164	41	28	191	103	144	144	99	12	122	169	98	246	117	96	134	167	210	312
CR_02410W	133	553	176	442	278	299	527	115	35	228	484	127	35	48	125	175	246	45	346	304	228	420	464	576
CR_02420W	1407	6103	783	1502	990	192	45	24	135	1199	2432	1134	153	42	533	7	439	424	125	806	346	165	1851	2269
CR_02430C	3757	12713	4820	6072	2553	4289	3352	6714	7291	1578	2954	840	1721	2017	2415	3605	1595	3755	4141	2538	2577	1579	1196	1969
CR_02440W	33	59	36	69	144	30	4	3	3	36	46	42	13	3	46	201	2	23	84	35	32	47	30	126
CR_02460W	3467	5855	3042	3389	3762	4431	3450	462	1766	1719	2973	956	1278	1370	1425	4263	3054	2560	3220	1823	3420	734	1408	2990
CR_02470W	154	500	24	4	3	6	7	58	59	13	10	15	48	26	9	8	1	4	6	14	6	128	25	35
CR_02480W	9	47	129	66	41	59	2	3	4	28	63	8	2	95	2	33	2	0	16	6	1	53	16	41
CR_02490W	65	517	121	405	188	158	254	74	136	178	254	82	132	19	91	1050	239	138	167	164	95	101	160	452
CR_02500W	28	63	37	42	103	38	80	7	11	67	38	23	7	1	11	4	1	66	11	25	81	134	32	110
CR_02510W	379	612	240	678	474	153	176	60	60	275	684	182	113	153	30	218	214	178	35	359	186	473	269	353
CR_02520W	1	21	0	0	0	0	0	0	1	2	45	3	2	0	1	0	1	0	0	6	0	14	16	32
CR_02530W	71	187	45	25	9	4	6	40	49	20	47	22	35	6	13	12	16	28	12	23	18	268	50	67
CR_02540W	37	106	15	102	34	28	4	6	4	39	104	13	14	5	1	2	12	0	8	26	4	118	30	100
CR_02550C	12	24	1	5	4	7	3	13	81	16	4	3	7	0	29	4	1	2	1	1	11	42	4	9
CR_02560C	88	256	39	178	130	45	95	34	32	66	140	52	155	33	92	85	220	49	42	35	148	173	88	73
CR_02570C	17	291	11	75	53	19	49	11	22	15	21	21	14	64	6	2	0	14	7	24	17	61	27	69
CR_02580W	39	296	134	228	185	101	1	14	16	118	114	77	23	41	22	3	10	19	40	125	94	100	181	148
CR_02590C	132	112	27	185	113	27	4	6	14	142	87	64	17	6	7	39	49	15	42	25	47	255	124	237
CR_02600W	1	3	0	0	4	1	0	0	1	3	5	2	1	0	0	0	0	0	0	0	0	5	1	10
CR_02610C	316	756	268	470	393	419	14	402	347	308	586	104	483	54	168	1124	133	483	315	225	256	278	240	228
CR_02620C	39	106	5	3	33	11	4	10	13	19	9	10	7	6	4	11	1	2	11	15	1	57	25	41
CR_02630C	8	24	0	9	2	1	1	1	2	5	8	5	0	1	0	0	1	0	0	8	2	26	7	12
CR_02640W	126	315	107	101	37	40	20	33	52	46	31	19	151	162	13	19	13	8	68	49	148	146	50	56
CR_02650C	16	54	1	1	2	6	5	7	5	3	0	0	4	2	0	1	1	2	3	2	2	103	0	2
CR_02660C	1	2	0	0	0	0	0	0	0	0	0	0	1	0	0	0	0	0	0	0	0	17	1	1
CR_02670C	466	1501	292	695	449	460	619	72	117	364	442	95	88	52	153	1305	764	736	748	92	350	180	286	380
CR_02680W	511	957	527	1203	1020	261	300	420	29	457	931	203	183	190	182	106	378	181	62	300	292	146	645	1195
CR_02690W	28	48	10	24	22	8	4	20	3	14	38	10	6	2	1	4	0	0	33	15	2	80	11	11
CR_02700W	7	13	1	6	3	0	4	3	5	5	26	2	1	5	0	3	0	0	22	2	0	24	13	7
CR_02710W	68	61	3	105	48	6	2	2	3	32	23	20	13	2	3	34	45	5	3	19	8	112	48	52
CR_02720C	50	66	10	65	73	44	5	4	6	31	44	33	3	10	18	33	54	17	30	36	13	103	75	69
CR_02740W	61	221	142	187	245	129	17	16	19	128	120	45	56	213	39	26	223	60	76	184	92	188	69	151
CR_02750C	53	221	83	198	92	64	28	30	31	87	198	54	8	47	34	90	97	13	5	164	43	140	75	122
CR_02760C	340	756	295	722	567	211	177	54	254	423	491	253	34	356	161	76	292	287	157	351	244	765	360	762
CR_02770C	20	47	2	2	5	33	0	8	9	4	17	1	100	9	2	0	25	0	1	10	1	56	16	1
CR_02780W	96	23	73	35	68	0	3	2	6	4	10	2	5	1	6	4	2	17	2	6	0	53	8	3
CR_02790C	69	78	116	279	187	6	196	7	5	132	291	85	21	5	46	3	45	11	4	107	14	67	112	269
CR_02800C	29	78	25	71	108	87	64	10	10	51	98	89	7	82	4	62	10	97	1	89	38	135	100	169
CR_02810W	599	1230	375	432	542	509	194	57	348	400	559	261	357	31	109	271	577	384	246	402	256	234	289	571
CR_02820W	236	638	74	42	83	15	52	215	219	52	61	26	1185	465	291	0	7	6	75	159	184	106	98	97
CR_02850C	68	440	137	528	286	224	43	36	60	167	382	31	97	74	52	19	5	84	79	258	148	275	91	250
CR_02860W	388	670	83	15	3	43	17	149	604	1	0	8	355	43	16	2	11	3	193	68	221	103	2	4
CR_02870W	386	404	272	489	513	325	283	43	41	606	845	457	137	413	189	1362	125	318	557	437	146	190	735	1332
CR_02880W	24	77	10	6	11	3	0	7	9	10	19	1	14	9	6	1	0	1	4	4	13	22	6	37
CR_02890C	88	42	22	73	68	7	7	2	12	43	64	34	17	4	2	10	1	5	5	24	12	85	44	105
CR_02900W	95	220	91	294	236	48	3	9	4	166	291	132	15	23	41	8	81	28	156	189	89	63	202	589
CR_02910W	1166	1648	1149	1596	1272	1584	912	939	1309	662	1393	537	1152	683	325	3343	1590	1391	981	873	1777	815	700	1113
CR_02920C	1368	3544	1950	473	130	238	647	904	608	161	326	165	483	129	281	547	29	260	4017	3107	5271	273	297	630
CR_02930W	1749	4092	1458	2670	2073	2247	750	200	373	1204	1785	374	630	294	899	1374	766	2133	1212	1221	1607	690	658	1508
CR_02940C	75	290	82	148	151	194	18	8	8	76	84	29	30	59	58	353	11	24	58	67	21	161	79	161
CR_02950C	16	47	2	7	21	7	1	5	10	20	10	14	2	6	5	26	0	1	3	11	6	58	27	28
CR_02960W	43	170	13	284	181	75	2	7	12	91	80	25	3	13	71	4	9	11	17	114	110	55	81	143
CR_02970C	782	1369	224	991	388	503	96	43	46	261	461	94	31	153	198	57	25	123	179	198	374	314	195	554
CR_02980C	119	270	176	140	95	309	12	36	77	40	159	67	161	54	32	547	22	27	39	65	34	247	142	358
CR_02990C	332	533	426	557	291	554	165	363	531	230	445	111	147	47	315	614	258	95	381	91	290	237	199	329
CR_03000C	52	84	6	1	28	30	7	4	0	10	30	3	9	2	8	6	10	23	4	16	1	92	9	53
CR_03010C	91	70	99	261	229	114	70	18	20	106	193	57	42	7	15	446	7	275	172	74	2	108	46	245
CR_03020C	155	280	251	580	349	213	9	22	81	296	344	73	58	15	36	611	188	182	124	76	77	85	146	330
CR_03030C	824	1860	368	608	418	484	575	256	319	888	1390	299	627	237	308	1079	319	841	460	501	301	160	477	810
CR_03040C	778	1045	413	857	945	628	287	656	1088	908	1324	341	475	510	153	415	378	518	637	583	645	312	877	1045
CR_03050C	940	2765	644	1206	1055	1565	932	487	139	630	1360	478	693	713	733	1284	2218	1276	935	763	1029	279	686	1383
CR_03060W	354	1181	671	685	338	566	475	651	234	461	898	200	476	386	147	1233	616	634	104	250	647	198	323	519
CR_03070W	379	1625	540	1360	1012	1452	786	578	54	709	1363	226	623	448	369	561	146	1093	610	471	902	350	322	869
CR_03080C	31	78	2	42	44	16	12	5	10	72	108	45	17	11	1	8	17	15	74	12	7	76	34	79
CR_03090C	41	73	5	11	5	2	1	16	17	12	32	13	9	4	4	0	13	4	4	5	3	62	2	16
CR_03100W	754	880	608	1537	702	841	933	763	896	545	1037	439	156	243	460	1943	385	698	881	497	900	810	607	1362
CR_03110W	160	782	134	502	565	254	196	14	11	187	244	79	178	118	229	23	39	95	112	144	56	210	232	658
CR_03120W	452	1106	114	313	269	461	209	52	39	115	230	98	173	29	55	552	97	23	281	143	124	221	127	452
CR_03130W	10	33	10	51	44	5	1	6	0	20	12	4	30	6	0	5	15	7	16	21	3	15	7	6
CR_03140C	20	63	3	2	2	0	1	2	14	5	6	5	1	1	2	2	1	2	6	3	23	112	6	4
CR_03150W	430	950	511	510	500	325	190	53	55	392	616	266	156	87	97	852	246	151	268	392	260	348	358	446
CR_03160W	176	236	158	203	296	250	147	10	57	257	462	168	137	168	59	303	116	82	143	220	115	94	351	387
CR_03170W	737	1564	434	289	225	161	88	195	224	145	332	178	829	278	484	380	169	40	261	131	464	381	300	650
CR_03180W	143	365	123	202	125	55	16	70	16	78	48	70	9	103	24	10	3	10	30	124	76	88	69	379
CR_03190C	60	160	46	42	48	74	20	16	30	16	18	7	10	14	13	24	23	12	28	45	29	51	18	54
CR_03200C	101	664	277	310	369	360	108	35	8	134	238	94	35	26	73	258	219	58	257	142	174	214	138	281
CR_03210C	103	57	131	91	15	32	2	7	13	53	108	14	113	16	53	13	39	60	13	40	35	41	50	104
CR_03220C	175	284	134	345	301	110	17	20	77	175	240	38	93	21	47	25	23	68	68	161	185	179	137	318
CR_03230W	362	844	574	1399	944	1010	526	37	192	742	1368	498	145	423	320	573	847	840	215	649	392	321	848	1229
CR_03240C	50	88	1	28	10	6	2	13	23	8	11	7	1	3	3	15	4	2	3	6	4	179	13	22
CR_03250C	90	91	3	396	223	194	7	39	105	72	527	134	125	153	14	303	565	33	43	12	45	328	178	170
CR_03260W	18	34	25	93	23	79	3	6	101	47	43	8	2	33	0	10	6	7	2	17	3	100	48	40
CR_03270W	140	226	144	556	410	287	64	25	25	449	688	103	64	171	47	400	242	260	142	200	178	128	322	453
CR_03280W	3760	6443	3463	6699	4030	3691	2458	1776	1314	4223	6234	1452	2883	1719	1778	4837	4431	3602	3678	3428	3189	426	2486	4233
CR_03290C	668	1428	667	1661	994	1572	659	54	56	865	1330	462	450	265	529	1376	217	433	784	952	826	441	720	1850
CR_03300C	584	1361	677	726	477	545	425	95	234	415	587	277	134	354	441	1435	437	483	801	533	553	236	298	851
CR_03310C	137	169	35	98	140	185	17	18	33	119	270	126	13	159	131	471	244	115	57	118	73	229	252	445
CR_03320C	0	0	0	0	0	0	0	0	0	0	0	0	0	0	0	0	0	0	0	0	0	0	0	0
CR_03330W	1133	3041	684	1203	974	1127	466	113	108	651	988	326	723	303	724	113	672	822	995	569	1034	247	374	1064
CR_03340C	896	2617	919	1296	900	1288	455	699	355	502	883	319	455	342	414	99	355	1294	644	452	986	400	328	892
CR_03350C	446	763	118	286	333	235	356	90	29	185	344	231	56	8	122	72	9	272	241	374	97	399	404	424
CR_03360W	496	2402	202	905	696	998	504	268	51	465	887	402	309	205	118	492	77	810	365	329	426	339	567	846
CR_03370C	632	1351	60	348	267	533	168	97	39	263	469	167	118	260	49	195	44	298	152	241	133	216	328	487
CR_03380W	525	551	620	1844	1085	2234	346	68	36	600	808	300	251	111	403	1627	370	674	828	890	1083	176	734	1716
CR_03390C	2449	4255	2169	4881	3677	5376	1658	633	126	2374	3299	1886	1553	605	958	3706	2076	2552	2654	1893	3066	480	3457	6114
CR_03400W	1519	1921	1408	3684	2319	2492	1904	1697	2205	990	1344	316	1045	537	234	1277	316	1679	1753	1519	2912	451	520	967
CR_03410W	1438	1651	608	874	610	457	136	19	13	447	1135	282	108	137	318	31	346	322	60	406	537	233	488	555
CR_03420C	3104	4692	2729	6216	3830	4029	4836	1268	2639	2452	4429	810	2458	463	1091	5353	3456	2695	2988	2668	3199	396	1395	2140
CR_03430W	101	378	257	392	348	142	167	40	25	278	335	102	162	131	101	134	81	192	221	189	131	78	192	346
CR_03440W	1656	2614	1633	2826	1862	2192	1400	202	87	1675	2536	768	854	544	1227	3621	1819	1906	1326	1466	2007	210	979	2286
CR_03450W	1824	4138	1761	2635	1724	2159	3106	2782	2936	2228	3143	1233	1177	828	675	5508	1603	1772	2248	1344	1540	1253	1662	2695
CR_03460W	301	794	117	128	152	152	125	42	124	253	271	109	218	27	63	407	216	254	254	70	436	226	199	330
CR_03470W	1930	5457	2274	6004	3470	4110	2691	239	388	2566	4222	1378	2680	372	1134	6251	3611	3618	3303	2092	3226	455	2253	3666
CR_03480W	289	1226	153	526	359	400	36	28	27	190	345	105	8	118	31	129	122	74	152	157	463	377	164	341
CR_03490W	1141	1568	1073	2194	1565	1229	359	253	480	960	1415	845	753	637	648	1978	215	1140	877	1024	968	532	1026	1820
CR_03500W	895	2940	1416	1169	564	267	821	655	1569	279	661	271	3880	1488	1639	1715	2410	797	1776	1298	2915	604	868	1028
CR_03510W	1503	2413	293	1313	635	627	565	31	8	576	653	245	336	154	171	209	606	233	862	837	585	304	210	861
CR_03520C	1572	2988	714	1613	1082	738	868	275	625	986	1289	357	804	369	323	1159	535	486	1238	941	858	464	603	1726
CR_03530W	1122	2656	1461	1110	677	317	36	104	116	235	391	153	169	233	407	43	103	32	281	452	609	357	238	826
CR_03540W	79	823	61	149	90	123	23	15	15	89	75	69	112	161	23	342	33	261	181	159	19	162	49	77
CR_03550W	307	740	504	1137	842	889	374	31	32	879	1443	678	244	396	54	1159	692	926	522	519	524	359	995	1205
CR_03560W	873	785	405	1154	707	964	337	42	21	833	1260	441	129	141	161	613	344	963	602	532	382	233	738	910
CR_03570C	782	1112	456	1162	695	710	366	61	24	664	1068	333	247	159	259	233	119	822	784	536	222	222	681	1433
CR_03580C	1734	3896	1711	2564	1664	2111	3285	2847	2790	2157	3075	1224	1095	816	677	6014	1557	1798	2186	1233	1567	1334	1643	2617
CR_03590C	2439	4137	2481	4775	3089	3721	1988	676	335	2693	4160	1249	1277	901	1918	4313	2662	3012	2001	2133	3045	341	1850	4162
CR_03600C	117	119	24	16	11	61	6	29	30	24	62	63	8	5	12	1	22	12	64	9	17	96	56	61
CR_03610C	82	361	281	292	175	96	78	49	110	81	104	15	60	33	19	5	22	29	68	107	225	277	73	252
CR_03620C	5847	11939	5681	10184	7404	10382	5743	2321	2927	5655	8439	2914	4120	1974	2960	9712	3112	6742	7042	4650	7688	1035	4942	8922
CR_03630W	5751	13335	9512	16797	12024	17451	10642	8788	5952	9696	15374	4332	4883	2936	3753	25158	8691	14114	14820	7378	12445	2172	6388	9127
CR_03640C	136	166	41	68	49	24	5	21	36	33	86	18	52	15	35	11	20	12	7	42	91	156	67	175
CR_03650W	10884	22498	4201	5041	3471	3593	1282	499	305	1868	3090	534	570	1629	1708	3328	1804	3038	1724	2149	2591	498	1223	2815
CR_03660C	796	3678	537	1531	1030	1364	146	236	96	719	1300	461	533	349	249	980	978	857	493	651	1038	336	1017	1790
CR_03670W	31	61	29	185	85	52	10	1	20	61	116	20	25	2	9	2	6	116	81	92	20	177	91	113
CR_03680C	427	822	589	1076	767	645	430	71	66	279	490	115	105	285	471	506	119	273	134	472	697	392	256	848
CR_03690W	411	1407	301	565	471	257	24	38	33	438	598	98	463	111	178	1058	132	144	181	362	242	464	315	499
CR_03700C	2351	5352	1125	2919	1434	1816	1037	1251	341	948	1573	420	726	459	859	5188	994	872	1798	1356	1167	711	789	855
CR_03710C	77	126	46	21	36	23	2	31	37	16	39	7	16	74	8	4	20	26	6	35	5	77	30	63
CR_03720W	3456	8574	3834	6138	3346	4950	5723	1865	1473	2611	4272	2665	5513	2805	2038	12154	5466	7161	7172	3018	6351	503	2207	8046
CR_03730C	347	1293	523	1490	1409	716	315	92	26	740	1582	823	450	380	407	851	375	335	716	552	830	322	1781	1643
CR_03740C	337	420	143	602	317	141	258	15	301	259	417	121	227	211	111	73	225	121	106	175	162	79	235	484
CR_03750C	57	145	41	182	87	87	9	13	16	108	191	120	29	169	15	9	138	63	18	44	47	103	173	280
CR_03760W	97	109	68	283	162	91	6	11	15	116	169	60	31	166	118	6	71	8	23	178	72	119	127	242
CR_03770C	108	392	73	134	172	62	24	75	83	62	137	14	64	69	50	1	2	51	31	37	60	110	37	81
CR_03780C	290	300	243	587	612	276	175	17	17	185	305	61	41	285	260	278	8	295	153	302	120	96	83	198
CR_03790C	21	41	9	16	20	4	47	15	12	9	56	12	138	17	13	11	3	0	0	8	11	84	28	12
CR_03800C	190	119	24	108	54	27	9	7	11	31	38	33	2	12	19	25	43	181	4	39	8	112	78	150
CR_03810W	3668	8421	4361	7849	5332	8068	4457	1156	2549	4020	6120	2485	3200	1334	2209	9018	2632	5413	5508	3632	6118	905	3960	6880
CR_03820C	159	191	178	446	400	224	64	19	55	291	362	171	134	75	44	360	130	296	126	242	152	122	314	486
CR_03830C	366	596	266	551	495	624	97	97	85	255	440	128	524	109	122	239	57	665	182	431	272	359	142	550
CR_03840C	15	19	11	0	22	1	0	1	3	22	7	2	10	43	10	0	1	2	7	1	8	44	41	23
CR_03850W	327	1370	515	616	664	513	392	143	127	474	597	229	555	469	238	1015	499	888	539	462	537	352	510	687
CR_03860C	75	306	42	142	19	68	4	26	14	26	33	22	58	37	31	9	6	1	23	57	16	129	38	162
CR_03870W	29	53	3	26	11	21	4	3	6	25	20	3	1	4	9	3	1	4	6	24	18	48	14	72
CR_03880W	6655	15868	10940	18583	13683	19733	11765	8886	6822	11796	18253	5374	5392	3224	4069	27913	10304	15966	16704	8731	14277	2627	8454	11784
CR_03890W	206	516	683	845	412	813	50	614	2313	505	827	152	948	368	378	292	189	330	501	359	699	335	310	538
CR_03900W	399	1400	14	334	269	221	26	49	28	91	407	122	84	18	276	37	422	119	32	155	174	272	88	303
CR_03910C	314	1416	282	582	1043	415	874	48	191	291	518	169	153	59	477	1123	156	742	204	338	729	359	296	460
CR_03920C	613	1543	531	928	558	833	707	64	282	664	654	105	648	203	230	438	643	786	692	474	340	302	215	904
CR_03930C	182	308	241	463	167	352	99	22	14	154	413	140	100	93	11	23	50	143	190	187	189	111	210	203
CR_03940W	27	112	107	89	117	70	4	9	7	111	153	91	38	102	14	9	5	57	36	62	26	109	145	175
CR_03950W	59	315	82	197	196	67	36	12	15	112	160	88	214	9	20	14	17	96	109	68	142	102	73	175
CR_03960C	180	132	40	166	117	48	13	7	3	71	124	57	25	9	19	11	15	8	32	185	93	228	97	229
CR_03970C	79	97	103	240	207	99	21	8	10	158	248	49	52	286	31	38	42	94	50	162	70	65	103	101
CR_03980W	1039	3667	368	1092	1075	549	240	15	59	847	996	285	214	292	363	713	228	220	772	805	434	241	580	925
CR_03990C	519	1343	546	759	626	768	250	521	203	361	706	167	231	116	190	193	63	367	394	496	504	276	234	397
CR_04000W	765	1071	404	653	496	256	362	43	181	348	589	62	90	134	524	18	45	49	213	379	368	144	129	563
CR_04010C	458	775	364	398	320	126	37	27	37	175	253	53	27	35	41	489	59	81	335	297	332	200	73	229
CR_04020C	27	132	44	28	54	24	4	11	2	30	99	9	3	14	13	18	2	0	4	18	20	72	20	62
CR_04030W	82	176	78	126	55	119	9	24	17	90	149	16	12	17	16	10	62	35	130	17	60	300	58	210
CR_04040C	1921	4785	351	361	585	442	424	81	30	525	987	405	302	138	110	122	620	341	507	274	139	305	841	936
CR_04050C	2425	4279	754	1708	1039	1476	600	520	417	1159	1843	417	1398	728	772	1512	983	1235	1246	831	2218	432	678	949
CR_04060C	115	438	16	13	61	27	28	56	100	51	79	12	193	27	46	9	10	5	9	16	141	78	28	63
CR_04070W	64	162	10	12	36	24	2	13	19	10	22	0	43	4	10	3	3	3	22	5	10	102	5	13
CR_04080C	150	377	79	80	92	90	11	63	110	45	118	0	150	118	104	5	2	3	99	217	291	280	37	79
CR_04090C	858	1938	843	191	40	75	615	753	819	97	78	30	5435	1274	1575	116	44	17	646	517	1517	455	84	139
CR_04100C	677	1122	35	97	12	19	31	326	649	7	16	4	221	223	228	4	6	40	25	13	49	182	33	45
CR_04110W	563	935	213	953	480	797	360	66	80	444	466	153	102	26	136	1320	173	828	368	359	267	476	234	701
CR_04120C	1431	3510	2217	4212	2507	3382	1313	190	199	2166	2607	1217	1291	754	1097	6647	1136	2480	2616	2463	3539	768	1803	3236
CR_04130C	690	1414	643	989	555	339	316	283	315	317	478	157	153	295	271	453	47	355	482	416	300	213	323	802
CR_04140W	462	1436	880	1416	1009	1693	1229	172	52	975	1633	614	535	370	601	1611	527	1135	1462	646	1440	207	1085	2456
CR_04150W	414	1301	458	1290	1078	1070	690	65	39	1146	1772	695	561	455	300	991	626	1028	1087	515	762	290	1404	1768
CR_04160C	376	1077	731	3364	2217	1187	981	273	857	1040	1566	205	695	346	195	4166	675	2999	1446	785	2125	271	383	1165
CR_04170W	1460	4041	1110	1656	1511	1840	1487	321	54	1274	1873	644	1518	567	545	1454	3189	2505	1997	1184	1619	424	1424	2886
CR_04180C	2230	8155	1514	2317	1445	1390	697	168	299	957	1225	410	318	525	337	504	1610	830	946	933	1091	547	1042	2022
CR_04190W	184	671	24	38	14	66	9	54	52	12	90	12	134	67	256	4	4	2	187	40	222	301	9	61
CR_04200W	974	2533	1488	2775	1530	1557	1282	98	431	913	1342	241	541	1074	934	1047	238	699	1421	1227	1310	256	198	698
CR_04210C	262	965	360	294	200	32	43	103	418	157	248	107	413	44	97	54	64	57	75	208	375	284	207	240
CR_04220C	438	838	539	476	309	464	252	319	185	415	737	110	109	44	149	1076	609	257	328	344	173	656	200	467
CR_04230W	70	156	131	65	131	38	13	11	97	73	51	18	16	28	53	7	18	72	29	71	65	147	29	206
CR_04240C	855	2230	1225	1094	1170	743	372	163	1110	775	1012	250	884	464	612	1633	744	354	592	903	786	618	414	705
CR_04250W	259	97	11	131	126	92	7	17	14	91	116	41	64	3	135	14	0	5	3	62	150	269	73	73
CR_04260W	47	127	39	37	72	30	12	9	4	46	92	8	6	3	24	22	5	10	11	20	9	116	40	29
CR_04270C	30	42	62	67	6	4	5	4	17	53	42	26	2	6	20	37	1	3	4	13	2	146	71	54
CR_04275W	2186	6111	363	381	146	274	490	1767	1681	107	198	65	815	717	458	1413	1918	647	465	87	335	2807	74	226
CR_04280C	69	385	83	135	92	93	72	97	24	68	97	43	61	5	45	116	11	46	80	40	74	181	64	244
CR_04290W	4	19	12	3	2	1	1	3	6	2	5	0	1	0	2	0	3	0	1	3	0	49	7	24
CR_04300W	1887	2940	1588	1341	972	1820	1178	333	766	713	1058	176	1022	538	374	1291	631	1710	1712	1389	1180	363	318	888
CR_04310C	945	1833	727	1009	1019	1145	476	79	75	778	1007	242	476	332	159	729	315	938	845	793	948	125	550	930
CR_04330W	692	1641	790	1631	835	1139	922	1101	289	541	1024	351	318	109	641	682	1328	1021	580	376	978	405	462	999
CR_04340W	407	1120	545	1129	676	1007	840	547	419	662	912	587	154	309	360	1895	787	897	358	466	548	852	831	1478
CR_04350C	1122	855	891	1217	901	873	295	300	86	484	612	331	82	284	252	412	567	423	291	452	681	405	534	964
CR_04360C	136	180	121	216	284	172	16	18	24	166	211	68	96	49	33	15	14	29	23	154	85	106	151	361
CR_04370W	251	164	38	192	222	255	3	9	111	103	110	24	17	6	6	3	255	32	83	182	138	84	92	357
CR_04380C	635	2158	1229	1249	969	1042	501	539	140	822	897	210	746	352	576	630	877	846	786	806	1079	398	389	841
CR_04390C	523	1138	516	1151	292	631	69	51	104	289	601	262	286	149	54	228	94	352	377	351	481	307	255	779
CR_04400W	0	19	4	7	7	0	0	0	3	5	9	0	2	1	1	0	0	0	0	13	0	36	4	22
CR_04410W	7	10	36	34	35	6	0	3	2	13	26	0	4	2	0	2	0	1	0	15	2	37	16	42
CR_04420C	14	80	5	87	37	29	28	33	55	19	26	2	6	30	1	9	103	6	14	5	5	88	8	15
CR_04430W	2	13	3	40	16	24	0	2	3	32	15	19	0	0	10	0	3	0	0	1	0	53	35	80
CR_04440C	205	594	62	48	57	12	19	87	102	20	41	14	19	6	15	10	4	6	145	61	98	91	17	31
CR_04450C	1836	2196	913	1192	781	792	858	190	914	710	1483	478	545	487	317	1502	890	590	572	607	598	413	963	1529
CR_04460C	29	89	24	23	41	20	190	17	17	55	108	14	8	0	1	6	276	5	12	31	82	156	51	201
CR_04470W	553	688	411	794	439	326	404	19	140	641	684	154	201	179	77	127	247	375	519	401	280	197	254	498
CR_04480C	1343	1924	1284	2287	1105	957	1338	82	511	979	1469	266	1257	741	740	2312	154	777	1006	1165	1268	258	514	1007
CR_04490C	66	91	145	211	158	57	4	17	32	131	130	45	25	74	48	92	5	97	180	106	24	172	69	228
CR_04500C	35	88	97	189	79	189	3	30	14	66	128	37	142	8	72	5	6	13	23	45	54	149	23	88
CR_04510W	7310	19502	4192	1147	952	479	3151	9242	7064	565	1365	147	20799	5375	8666	1394	970	827	6126	3020	8450	469	417	565
CR_04520W	241	175	117	282	141	131	33	14	18	165	301	84	27	58	79	13	10	62	78	78	95	88	123	257
CR_04530W	426	2085	642	906	661	1187	884	98	52	497	994	239	476	268	364	529	264	1176	484	532	452	281	380	660
CR_04540C	65	125	63	85	119	64	11	6	4	68	233	33	35	21	23	21	8	7	29	92	54	51	87	120
CR_04550W	375	432	67	253	234	76	157	63	37	114	204	36	42	9	25	12	58	43	20	60	139	155	130	207
CR_04560C	548	1497	199	672	361	386	75	117	42	207	312	128	165	153	86	216	222	78	112	99	188	185	257	508
CR_04570C	453	1993	591	910	629	682	299	703	892	466	933	263	732	295	416	824	42	750	323	425	193	214	459	816
CR_04580W	615	2629	669	1771	1272	836	1731	597	396	1142	1926	1291	1512	515	853	1829	205	1336	1806	592	1413	169	1548	2264
CR_04590C	410	1375	172	363	158	107	37	163	186	166	274	59	1294	318	150	83	830	157	67	158	198	426	149	419
CR_04600W	2463	5472	868	1640	987	1465	946	52	40	540	819	167	498	159	441	614	774	1043	1047	677	749	359	211	779
CR_04610C	1694	5833	1691	3239	2110	1715	1509	112	30	1383	2648	566	643	509	673	1904	2436	1602	1305	1696	1737	233	1134	1780
CR_04620C	328	673	546	856	613	469	617	411	188	574	795	258	178	117	347	1670	168	157	289	495	375	397	239	619
CR_04630C	126	77	30	102	30	66	5	11	9	25	185	21	10	2	15	253	99	16	61	5	106	115	20	66
CR_04640W	117	280	108	174	85	76	11	11	13	113	283	61	21	15	135	66	30	14	9	30	97	203	138	196
CR_04650W	3	21	0	1	0	2	1	2	2	1	0	0	1	3	0	1	0	0	0	0	0	21	2	2
CR_04660C	755	1546	603	567	677	1148	1413	669	215	561	1034	129	908	102	419	1411	88	1715	634	340	1367	256	140	217
CR_04670C	5	83	6	47	2	35	0	5	1	2	12	3	1	1	3	3	2	1	5	18	28	46	2	12
CR_04680C	3	212	20	12	11	17	14	2	4	19	21	4	4	3	1	0	0	10	6	4	19	31	15	9
CR_04690C	27	31	3	9	5	14	6	3	2	10	8	3	1	0	6	3	15	2	1	5	7	31	3	6
CR_04700C	44	18	1	11	1	27	0	2	2	9	9	0	1	0	1	0	20	1	0	4	1	23	0	12
CR_04710W	3	2	0	4	3	1	1	0	2	1	5	1	2	0	0	4	0	1	0	1	0	13	0	12
CR_04720C	184	497	250	701	629	327	110	67	56	239	408	99	78	122	99	83	9	255	102	157	291	327	273	556
CR_04730W	38	81	37	30	31	26	10	61	56	33	23	6	9	11	9	3	2	2	14	23	57	29	25	28
CR_04740C	436	2097	788	1015	786	871	538	40	599	565	619	432	367	257	311	985	370	390	355	470	389	528	900	1045
CR_04750W	4	4	0	4	1	0	0	0	0	8	1	0	1	0	4	1	0	0	6	6	0	6	2	1
CR_04760C	25	36	2	128	14	2	0	8	7	10	13	20	8	7	4	3	1	0	2	38	17	127	8	13
CR_04770C	10	24	1	1	0	1	1	5	5	0	2	0	92	5	0	1	0	16	1	1	1	23	3	0
CR_04780W	12	34	6	15	5	0	0	6	6	15	42	2	2	4	3	10	1	0	0	5	18	19	25	32
CR_04790W	6	30	5	6	5	2	0	6	0	14	6	2	0	0	0	0	0	1	0	1	1	34	5	31
CR_04800W	15	26	1	0	0	2	1	2	7	3	1	3	5	0	0	0	0	0	0	2	0	57	5	3
CR_04810W	630	1317	28	23	3	2	16	166	219	3	7	0	270	83	33	1	0	0	19	11	34	177	3	12
CR_04820W	11	24	0	2	8	5	2	15	16	0	1	4	0	0	0	9	30	5	2	1	2	82	0	0
CR_04830C	17	60	7	3	3	22	2	5	6	3	14	22	2	4	35	2	0	8	0	2	4	71	6	5
CR_04840C	463	778	1394	2666	1734	2079	1454	469	164	651	1374	192	409	125	598	1499	140	2721	1495	988	1294	307	230	560
CR_04850C	6	0	0	0	0	0	0	0	1	0	0	0	0	0	0	0	0	0	1	0	0	8	0	0
CR_04860C	5	6	0	2	0	0	0	4	0	0	0	0	1	3	0	0	0	0	1	1	0	26	3	1
CR_04870C	371	700	259	1100	474	565	201	483	258	446	572	502	278	294	406	918	207	276	513	320	676	350	396	674
CR_04880W	27	61	16	53	9	30	2	5	4	36	6	28	20	13	14	2	0	51	33	9	3	74	32	48
CR_04890W	6	6	0	4	0	1	0	2	0	4	0	0	0	0	0	0	0	0	0	1	0	20	3	3
CR_04900C	230	214	520	768	718	637	186	61	124	590	968	111	100	199	127	1012	73	235	452	457	504	207	214	271
CR_04910W	12	6	1	0	5	0	0	2	0	8	3	0	0	17	2	5	0	0	1	14	4	30	7	7
CR_04920W	36	98	2	12	27	3	3	16	15	25	12	11	3	6	13	3	2	1	50	18	2	112	7	31
CR_04930W	84	148	28	41	67	24	10	32	25	45	106	25	60	59	49	7	9	9	3	28	11	200	55	81
CR_04940W	156	225	320	59	96	39	98	347	133	45	164	48	38	18	82	564	4	9	287	52	11	156	62	102
CR_04950W	13	39	5	1	1	2	2	7	13	1	0	1	5	6	0	2	0	0	1	0	9	54	7	5
CR_04960C	60	81	3	6	8	4	0	13	21	1	6	5	4	6	2	0	0	0	12	7	8	51	10	13
CR_04970C	22	262	11	40	59	29	2	17	12	37	36	7	4	1	140	7	27	7	5	19	110	103	26	52
CR_04980C	1	13	1	16	0	11	2	1	3	23	0	0	0	0	0	1	0	0	1	0	1	54	2	0
CR_04990C	3	31	5	35	12	18	5	1	3	6	14	2	0	3	0	4	4	0	1	14	2	30	11	42
CR_05000C	3	34	14	51	122	21	9	1	2	74	86	18	9	27	15	18	2	5	18	56	38	10	96	78
CR_05010W	463	756	139	171	238	243	102	12	27	157	178	91	37	50	55	25	4	56	98	252	172	183	242	526
CR_05020W	74	134	29	182	147	80	34	5	33	113	230	65	25	24	36	18	5	11	69	63	11	49	152	148
CR_05030W	46	225	36	6	7	49	2	13	26	9	10	6	23	12	15	11	8	37	7	48	79	233	25	34
CR_05040W	361	579	364	1090	908	879	545	18	42	460	826	376	498	486	253	1574	537	1089	399	594	476	106	473	816
CR_05050W	447	975	136	66	54	86	62	364	418	31	111	36	445	174	100	33	561	32	53	58	275	300	136	46
CR_05070W	7	18	0	14	16	1	0	3	2	0	1	2	1	0	0	2	0	0	1	0	0	16	1	3
CR_05080W	67	156	102	37	19	14	6	16	17	14	51	30	42	16	3	2	0	6	35	30	3	64	18	57
CR_05090C	122	168	62	325	286	455	31	35	30	151	278	119	22	9	104	73	338	123	52	32	16	740	344	512
CR_05100W	621	1057	517	770	698	472	182	313	55	273	700	208	253	577	179	169	63	168	198	378	253	447	495	1135
CR_05120W	160	489	75	139	134	167	104	54	50	168	352	68	28	36	85	659	183	55	60	106	24	239	134	220
CR_05130C	60	36	9	18	9	3	1	7	7	15	18	5	34	0	6	86	2	2	1	42	1	56	16	34
CR_05140W	14	87	3	4	20	3	1	2	4	37	21	7	1	2	3	164	2	1	1	11	1	38	21	23
CR_05150W	8	107	3	16	26	5	0	8	1	23	27	11	1	2	2	0	0	0	1	10	1	28	13	34
CR_05160C	19	84	16	62	66	9	2	3	4	54	56	10	9	6	10	4	6	5	23	10	17	60	46	79
CR_05170C	94	676	146	163	118	151	876	1416	835	179	132	136	769	548	858	44	460	242	211	252	438	276	205	324
CR_05180C	573	631	410	196	58	59	31	131	816	117	173	81	130	361	66	213	61	112	569	86	337	233	68	88
CR_05190W	3	57	3	50	12	22	11	3	3	6	15	6	0	4	0	2	8	0	1	10	4	31	7	32
CR_05200C	117	249	104	297	198	241	40	122	67	108	188	28	95	210	46	42	8	45	132	133	131	111	36	155
CR_05210W	46	69	7	3	12	7	3	16	13	4	5	0	5	4	1	3	0	3	4	0	0	108	4	10
CR_05220C	347	358	273	700	398	703	365	442	424	328	386	79	71	467	199	390	68	416	128	245	334	363	104	240
CR_05240C	346	627	237	1194	772	431	37	60	67	391	832	256	378	261	293	115	179	216	148	418	581	532	419	750
CR_05250C	149	300	66	371	198	117	41	27	46	178	245	137	156	35	125	27	30	33	32	96	199	476	225	377
CR_05260C	53	179	15	55	87	25	3	12	13	31	52	8	3	12	45	6	3	5	25	4	26	139	30	63
CR_05270W	14	12	4	13	26	1	0	5	2	5	10	1	13	3	1	0	0	1	0	1	15	20	1	2
CR_05280W	3	42	0	31	3	2	6	7	4	3	7	0	0	0	1	2	0	3	4	19	1	65	10	7
CR_05290W	32	61	43	129	77	41	24	3	5	61	77	24	11	9	39	134	8	3	20	66	28	35	45	175
CR_05300C	413	678	279	577	317	217	30	53	54	99	224	90	152	60	162	517	510	36	88	366	220	201	124	510
CR_05310W	16	11	1	8	16	14	2	5	3	11	17	7	15	4	1	0	3	3	5	1	3	33	12	9
CR_05320C	8	27	1	5	8	1	20	1	0	13	31	1	0	0	1	0	28	0	2	3	20	65	6	85
CR_05330W	166	192	112	172	135	50	22	30	28	78	94	46	21	23	83	10	6	74	144	62	113	123	108	121
CR_05340C	544	1138	254	249	290	401	113	414	257	175	384	128	658	89	227	981	775	330	634	393	547	714	282	504
CR_05350W	286	1467	110	46	32	14	44	260	245	30	40	7	38	30	66	62	57	13	22	38	37	18	22	64
CR_05360C	296	2097	128	211	173	53	8	22	12	85	94	28	11	39	74	26	3	2	9	131	57	194	74	209
CR_05370W	1132	2881	2198	1206	725	596	1576	502	1169	447	686	241	3362	1758	3615	3305	967	867	1741	1449	2843	785	610	1003
CR_05380C	985	2600	1092	119	154	33	569	1151	822	126	137	59	1540	724	1308	26	35	77	1134	613	1575	238	102	116
CR_05390W	1340	2944	692	54	49	47	567	2628	1675	33	38	15	4454	1632	1343	16	3	20	960	499	1762	131	40	70
CR_05400C	0	11	2	2	1	0	0	0	0	2	3	2	0	0	0	0	1	0	0	0	4	15	1	3
CR_05410C	3	7	0	13	0	0	1	0	0	0	0	2	1	0	1	0	0	1	2	0	18	24	2	2
CR_05420W	4	10	7	10	5	18	1	0	2	11	5	4	7	17	10	1	0	1	0	4	1	70	49	8
CR_05430W	752	1347	23	259	90	113	176	6	8	74	71	27	29	136	13	36	14	22	53	126	47	95	52	85
CR_05440W	367	1033	309	440	488	374	248	152	44	130	388	65	521	433	201	1246	152	483	241	156	219	94	61	262
CR_05450C	449	1236	246	414	308	280	111	58	18	263	378	80	177	118	170	1415	175	304	156	150	215	136	158	346
CR_05460W	105	642	34	183	175	155	149	25	27	237	278	106	41	53	23	12	28	28	205	115	119	188	212	366
CR_05470C	4	20	2	1	3	1	1	5	1	2	0	7	1	19	1	1	1	0	1	15	0	64	4	6
CR_05480W	367	531	758	986	576	905	729	371	464	493	1132	213	718	186	248	614	289	417	738	406	897	171	246	387
CR_05490W	374	1397	661	1058	481	576	111	83	20	616	1282	621	189	517	482	261	539	145	193	491	380	196	1266	1641
CR_05500C	459	1356	217	774	621	177	169	29	86	460	721	300	212	173	366	554	539	160	306	354	429	262	713	1072
CR_05510W	3720	6767	4372	6051	5079	6218	3022	1176	1270	2672	4185	1001	1392	1531	2627	2977	1530	3683	5908	3019	4268	486	1597	4867
CR_05520W	86	471	93	167	101	166	29	27	32	117	91	49	26	91	74	5	82	117	49	59	28	306	111	137
CR_05530C	1462	3879	1024	1867	1300	1845	668	495	148	1185	1949	571	975	319	589	1003	777	1111	1729	1181	1439	632	1233	1960
CR_05540C	812	1634	681	1923	1201	694	148	448	66	679	1156	265	411	490	412	658	696	818	525	666	748	299	917	1530
CR_05550C	1970	5608	4407	5901	3571	4541	2013	1767	1269	2195	3659	1299	2766	1125	1928	5629	2563	2736	2769	2745	3705	595	1451	3032
CR_05560W	455	1586	480	1381	549	504	488	65	50	500	843	310	494	211	319	669	500	398	421	458	764	280	586	695
CR_05570C	182	807	282	358	309	303	28	23	195	178	256	85	46	71	21	130	67	46	224	133	162	369	211	252
CR_05580C	3	51	5	3	1	0	1	1	7	2	3	0	0	1	0	0	2	0	1	1	0	60	0	5
CR_05590C	2	9	0	4	0	0	0	1	1	0	0	0	0	0	0	0	0	1	0	0	0	23	0	0
CR_05600C	0	10	0	0	0	0	0	0	0	2	0	0	0	0	0	0	0	0	0	0	0	12	2	0
CR_05610C	59	125	21	86	81	24	4	21	15	76	113	52	156	135	20	3	60	19	4	41	12	142	121	181
CR_05620C	558	1288	253	710	422	288	446	33	30	226	345	177	156	111	423	220	11	462	241	253	140	260	133	342
CR_05630W	75	253	331	464	345	383	327	26	13	213	421	176	62	74	241	179	64	614	652	216	512	272	274	824
CR_05640C	21	22	3	70	14	42	15	11	3	35	54	21	0	37	4	5	14	1	38	24	3	56	30	58
CR_05650W	788	2744	1007	1254	749	1132	184	63	774	545	693	298	276	89	314	1300	134	799	103	652	406	420	698	935
CR_05660W	6600	15428	6078	7721	5724	8209	4632	1975	1738	3053	4294	659	3374	2416	2751	7977	2621	4150	5296	4245	6734	599	1178	2244
CR_05670C	352	1354	127	155	90	101	79	263	227	99	124	44	185	55	52	27	175	59	268	104	185	210	92	167
CR_05680C	28	49	8	53	44	24	1	17	19	16	22	13	10	2	41	7	10	4	9	6	61	152	11	56
CR_05690W	452	2475	544	1324	611	639	161	65	33	516	734	470	98	191	283	977	438	1052	923	498	644	375	819	825
CR_05700C	280	697	174	460	454	324	64	131	91	264	729	177	88	129	218	94	82	101	206	322	203	97	311	407
CR_05710C	10	68	32	111	50	3	0	4	5	26	44	28	1	0	5	3	13	3	3	10	1	124	33	50
CR_05720W	1158	2954	1036	664	400	524	349	237	302	361	741	347	2154	1027	1689	358	206	601	718	1044	1387	271	640	1224
CR_05730C	43	148	25	107	48	76	8	120	43	34	56	40	30	17	63	163	10	176	22	45	97	237	104	184
CR_05740C	38	152	235	166	342	221	276	51	18	310	452	420	65	111	34	359	68	139	261	150	192	195	330	625
CR_05750W	176	355	121	304	124	113	19	41	54	65	120	61	100	20	19	20	15	32	81	86	84	261	56	170
CR_05760C	41	53	48	132	104	61	30	7	4	57	50	13	6	5	6	4	76	61	4	35	13	102	23	133
CR_05770W	60	308	152	235	105	112	26	8	6	174	98	88	143	80	114	80	7	24	133	173	25	193	136	333
CR_05780W	735	1418	1186	254	427	436	398	281	241	156	226	51	4292	1659	1099	146	155	389	1253	858	2458	213	96	245
CR_05790C	2332	3896	1996	2781	1338	1291	1238	334	377	788	1199	146	1449	716	749	1826	798	1434	1341	1322	2612	495	420	1074
CR_05800C	51	76	9	34	10	14	8	14	15	11	65	6	5	7	3	2	0	2	1	30	19	84	12	19
CR_05810C	9	17	26	40	12	31	33	5	19	32	62	6	6	3	22	177	13	0	2	9	48	35	22	25
CR_05820C	129	160	112	96	110	96	22	8	7	127	211	37	139	57	81	10	3	55	84	37	159	69	83	106
CR_05830C	2164	5096	1900	2076	1664	1119	2309	547	135	1424	2297	1119	1043	486	568	4593	439	1406	1684	1590	1339	577	2163	2397
CR_05840W	263	818	74	338	142	290	172	26	14	162	132	76	16	123	391	103	8	204	327	161	219	209	81	145
CR_05850W	54	198	51	108	26	52	62	6	1	42	42	10	15	6	20	7	1	8	63	17	83	68	32	33
CR_05860W	228	309	128	170	76	31	68	60	6	71	61	18	215	39	90	3	6	117	2	42	120	119	44	60
CR_05870W	73	185	9	27	51	13	10	6	4	9	16	15	0	8	49	2	0	81	0	2	26	29	19	56
CR_05880W	1922	4652	3487	5454	2537	5253	4124	3107	2784	1502	3139	783	1445	1782	1141	5376	2749	3734	3551	2167	2538	581	745	2144
CR_05890C	1897	4428	2024	4255	3414	3638	2805	1656	1205	1279	2411	1112	1204	1518	931	5306	1701	1399	2705	2065	1622	236	1700	3922
CR_05900W	190	389	210	454	261	221	174	27	40	267	350	166	85	34	165	740	88	84	240	212	168	191	332	727
CR_05910W	23	75	4	6	12	2	0	14	11	16	22	3	6	4	5	0	2	0	21	0	1	45	13	8
CR_05920C	1117	1734	998	1184	957	725	441	141	958	461	995	493	1280	406	518	189	2607	907	1031	939	930	635	641	886
CR_05930C	4	2	5	0	1	0	0	1	1	1	0	0	2	0	0	0	0	0	2	0	0	23	2	2
CR_05940W	35	56	2	36	20	6	1	2	1	21	128	22	79	10	20	7	11	5	5	62	14	112	64	70
CR_05950C	203	670	298	752	408	226	393	109	59	324	366	304	209	84	80	538	472	387	589	361	674	399	244	494
CR_05960W	31	18	9	31	18	2	0	2	4	32	12	10	1	11	0	2	2	0	13	21	3	58	23	28
CR_05970C	958	1130	1107	1977	1109	1735	1674	735	825	1195	1382	596	559	86	660	1243	474	823	1664	1257	2592	357	714	1852
CR_05980W	311	755	265	598	414	203	88	38	71	202	402	64	565	559	240	30	109	78	131	315	177	402	241	397
CR_05990C	719	2212	1461	3272	2477	2433	1376	214	570	1086	2044	409	1109	604	674	2418	2129	1126	1025	1275	1468	550	1105	1104
CR_06000W	202	939	228	128	103	39	371	101	127	60	221	45	537	212	181	11	100	171	38	158	365	291	155	179
CR_06010W	52	210	14	49	127	45	11	17	24	65	160	37	15	15	13	27	1	12	67	78	16	151	100	131
CR_06020W	652	1196	683	2028	1348	1940	1271	150	191	869	1454	650	641	550	657	3190	771	1804	1597	1074	1288	230	983	2160
CR_06030C	64	171	65	377	57	14	123	16	56	68	252	123	381	101	122	14	9	202	115	204	97	249	164	110
CR_06040W	156	154	5	29	5	12	7	27	25	17	47	16	20	31	22	6	5	8	18	24	172	323	54	24
CR_06050W	45	185	7	14	43	19	6	38	36	13	11	7	20	5	3	4	1	1	24	22	1	123	36	31
CR_06060W	46	120	30	27	42	43	5	16	12	37	32	13	10	17	25	2	5	2	18	17	17	104	48	108
CR_06070W	184	442	150	101	67	51	42	127	815	78	192	45	859	403	66	89	4	3	136	163	159	194	115	158
CR_06080W	218	639	115	603	453	317	147	92	95	273	372	50	362	188	135	87	236	263	321	338	281	173	125	379
CR_06090W	2135	4227	1962	4631	2595	2941	1060	918	1677	1496	2166	859	848	767	949	1693	1402	2096	1944	1935	2334	226	1060	2459
CR_06100C	792	2479	784	1962	1751	1284	659	69	64	824	1450	653	456	375	279	793	218	626	872	914	1137	275	1024	1829
CR_06110C	2311	1942	2197	2975	1808	2250	2081	1190	4195	1382	2383	555	1284	712	831	2088	2416	1293	3036	1133	2812	986	916	1976
CR_06120W	26	70	2	22	2	8	0	9	10	6	3	5	4	4	1	3	0	15	2	4	6	96	0	13
CR_06130C	22	98	1	8	13	4	0	3	0	11	10	12	5	2	10	1	5	1	2	14	2	99	22	41
CR_06140W	2007	3842	2581	2716	1389	1779	817	651	1106	1114	2236	362	2106	733	1468	1370	978	911	1494	2284	4083	384	1030	1104
CR_06150C	50	92	6	16	74	12	30	16	35	12	57	2	151	33	44	4	3	0	36	6	22	138	10	68
CR_06160C	10	11	7	4	41	1	8	0	0	4	17	2	19	8	1	0	3	0	1	5	16	30	3	49
CR_06170W	29	84	8	8	66	3	27	16	12	15	46	7	19	8	1	0	2	0	1	4	19	64	15	24
CR_06180W	261	500	136	54	59	30	20	65	66	59	76	41	119	74	100	22	21	15	15	26	34	151	58	133
CR_06190C	4	8	1	4	1	0	0	0	3	4	2	2	0	1	0	0	0	0	0	0	0	7	6	7
CR_06200C	0	0	0	0	0	0	0	0	0	0	0	0	0	0	0	0	0	0	0	0	0	0	0	0
CR_06210C	0	0	0	0	0	0	0	0	0	0	0	0	0	0	0	0	0	0	0	0	0	0	1	0
CR_06220C	0	5	0	0	5	0	1	2	0	2	8	1	0	7	0	0	1	0	0	0	0	1	4	8
CR_06230W	85	563	173	582	413	83	166	10	5	365	593	114	43	84	211	47	23	210	155	247	118	215	318	486
CR_06240C	25	77	16	80	20	43	52	13	9	46	31	45	3	4	1	127	4	19	77	7	44	146	46	96
CR_06250W	84	357	65	26	68	72	3	25	231	109	125	211	570	185	232	2	78	12	234	74	636	128	137	267
CR_06260W	150	148	164	348	40	210	117	10	17	147	104	79	273	9	20	140	54	25	138	56	281	144	91	162
CR_06270W	9	5	12	44	8	30	65	2	8	16	17	1	17	2	3	2	0	83	12	9	81	72	26	30
CR_06290C	592	1351	379	762	743	461	350	1145	118	340	513	180	343	147	106	240	20	171	408	456	580	191	427	993
CR_06300C	270	789	414	501	804	714	301	56	54	268	465	128	192	76	67	835	115	241	476	361	674	158	205	752
CR_06310W	460	665	105	336	395	192	140	21	11	247	275	73	100	52	220	55	292	109	166	170	75	152	174	434
CR_06320C	195	918	221	790	634	252	47	12	17	418	637	244	188	193	46	27	204	47	246	220	226	228	402	846
CR_06330C	96	340	84	161	145	83	0	6	4	70	133	38	63	7	0	3	4	2	7	162	34	31	120	291
CR_06340C	16920	42802	20141	6357	3367	5524	10966	18049	11885	3261	6199	1315	86508	23701	24998	12233	2640	6367	18239	11479	28988	1062	1669	3590
CR_06350C	45	341	105	197	144	188	245	185	83	106	156	134	49	59	21	257	58	251	86	67	156	173	145	46
CR_06380C	438	1519	1048	1653	1180	1787	1076	3069	1945	607	1138	165	979	535	548	2748	419	1094	1453	491	723	322	221	460
CR_06420W	71	122	31	132	132	36	24	8	20	134	212	41	88	101	111	12	28	66	39	94	49	69	131	96
CR_06430W	44	102	74	207	70	74	106	6	5	174	255	83	104	125	45	46	125	293	99	59	36	75	126	113
CR_06440C	918	2779	1108	1362	1259	1089	679	501	250	928	1311	358	927	655	349	1284	671	739	838	770	841	341	932	1179
CR_06450W	45	37	84	75	117	9	4	4	3	20	49	9	4	8	4	5	7	8	1	28	17	94	41	41
CR_06460W	93	165	36	56	48	36	9	1	2	91	193	86	3	62	6	68	43	6	2	57	9	79	162	216
CR_06470W	136	385	80	154	218	121	11	14	29	287	349	82	164	21	35	39	57	67	13	132	33	82	216	373
CR_06480C	347	876	198	297	326	193	7	8	3	444	404	115	189	17	108	15	55	74	7	161	83	97	170	339
CR_06490C	349	679	31	6	32	13	12	156	217	2	23	1	98	177	28	9	7	7	17	15	51	251	1	16
CR_06500C	20	29	16	29	17	0	1	25	14	5	11	5	222	75	28	3	2	7	7	23	42	40	6	16
CR_06510W	19	60	3	29	46	3	1	3	8	14	11	4	5	10	26	3	3	2	1	5	1	42	19	22
CR_06520C	11	24	3	1	2	1	0	3	6	0	0	1	2	4	0	0	0	0	0	0	0	14	3	0
CR_06530W	14	42	39	59	40	0	1	1	13	26	40	17	5	13	5	1	2	0	1	37	7	30	51	76
CR_06540W	89	335	95	214	212	17	2	10	7	115	227	43	11	96	81	29	11	13	6	142	77	154	239	273
CR_06550C	53	83	6	12	15	8	1	14	14	5	19	0	7	13	0	2	10	2	6	18	6	33	18	21
CR_06560C	30	89	2	2	18	2	1	13	13	2	5	3	11	2	1	2	5	1	3	0	4	59	3	2
CR_06570C	13	28	0	1	0	1	0	6	8	0	0	0	2	5	27	0	1	1	1	0	0	40	0	1
CR_06580W	11	8	0	3	0	1	0	0	1	0	0	1	0	0	0	1	0	0	0	1	0	35	0	1
CR_06590C	2	44	1	5	18	2	0	5	1	17	9	10	0	0	1	2	1	2	0	4	0	57	19	28
CR_06600C	3	35	0	0	0	0	0	4	4	0	1	0	4	0	0	0	0	0	0	1	0	37	0	1
CR_06610W	5	30	1	0	12	2	1	1	9	5	26	8	2	2	4	73	38	3	0	6	0	28	23	20
CR_06620W	22	123	30	87	24	2	42	7	6	31	29	7	29	93	29	2	0	0	5	38	31	52	54	58
CR_06630W	17	18	2	0	0	0	0	4	6	0	0	1	2	6	1	1	1	2	0	0	1	20	0	0
CR_06640C	191	140	41	95	54	69	16	18	34	29	108	24	39	24	5	7	40	76	4	33	9	175	74	97
CR_06650C	6	11	0	2	2	2	0	0	0	0	3	0	0	1	0	0	1	17	0	0	0	17	3	0
CR_06660W	102	178	146	146	89	95	6	321	16	33	76	7	50	9	5	266	71	90	68	36	241	103	55	242
CR_06670W	34	34	31	135	50	3	4	2	7	11	39	20	16	21	2	4	1	2	4	16	2	179	23	38
CR_06680C	425	1271	336	1225	515	529	200	113	77	305	466	227	134	180	391	971	420	215	377	342	424	451	450	594
CR_06690C	368	720	75	704	197	465	162	43	38	245	186	207	68	80	386	173	301	164	427	249	230	174	269	402
CR_06700C	851	2163	853	876	689	637	805	280	191	484	374	136	805	500	564	172	667	424	1392	607	1171	242	147	549
CR_06710C	677	1077	653	1422	717	672	149	27	37	544	893	265	633	434	354	251	798	1023	371	619	587	247	249	854
CR_06720W	367	236	208	629	444	374	80	31	320	311	447	195	329	155	365	172	74	239	473	423	189	237	290	686
CR_06730W	1219	2948	1287	2031	1976	1679	705	553	121	1092	2252	894	1170	587	602	1712	1233	1059	864	1289	1571	318	1258	2190
CR_06740W	293	753	255	616	442	175	54	26	20	239	293	74	60	65	114	6	17	19	103	393	132	216	269	573
CR_06750C	159	359	7	3	3	1	5	61	76	0	11	10	34	28	11	2	3	1	14	2	16	77	4	6
CR_06760C	294	806	394	137	79	143	303	2002	900	127	215	29	1240	610	417	391	335	93	333	119	532	234	48	187
CR_06770C	247	507	180	490	205	230	116	79	50	411	434	196	64	133	70	408	337	206	152	166	162	245	311	619
CR_06780W	82	217	55	171	111	35	81	25	15	159	138	64	174	23	13	23	16	31	47	182	49	149	108	166
CR_06790C	187	713	115	373	502	392	97	300	38	210	509	199	110	35	184	493	672	201	145	307	284	247	309	728
CR_06800C	159	446	12	1	0	16	2	97	121	1	2	1	32	13	7	2	3	1	22	5	28	51	1	2
CR_06810W	330	437	35	34	10	1	20	55	81	27	21	36	28	11	6	0	1	8	27	44	31	88	63	156
CR_06820W	61	114	8	42	35	3	3	18	12	34	22	22	2	3	2	2	0	8	22	36	2	60	63	123
CR_06830C	16	31	2	24	54	5	27	6	5	6	13	29	10	20	19	0	1	3	6	51	19	70	62	85
CR_06840W	60	44	12	76	30	16	15	9	11	61	74	43	17	29	12	4	170	47	14	64	1	143	141	136
CR_06850C	15	14	21	22	44	1	2	6	1	6	31	4	5	8	4	0	23	1	3	2	3	19	18	12
CR_06860C	374	705	200	553	421	566	115	167	119	241	469	216	1040	352	107	59	244	130	183	265	555	302	288	356
CR_06870C	495	94	254	560	414	218	368	41	13	165	396	154	101	53	40	36	72	176	127	164	101	209	244	742
CR_06880C	64	54	20	158	15	18	17	3	0	32	51	10	0	0	69	2	2	1	42	83	11	31	26	40
CR_06900C	29	71	19	16	40	3	16	11	11	21	47	7	8	84	9	3	2	4	11	53	40	78	28	37
CR_06910W	1362	4124	1672	3299	3262	2613	1332	419	212	1825	3262	709	926	685	817	3436	1643	1848	1921	1382	1863	559	1213	2346
CR_06920W	3	7	0	0	2	0	0	0	0	2	1	2	0	1	0	0	0	0	0	2	0	27	2	4
CR_06930W	10	40	1	4	13	2	6	8	2	14	8	22	5	0	0	9	15	2	0	11	0	19	15	45
CR_06940W	65	33	4	6	3	19	4	4	3	22	28	2	2	2	7	0	6	4	17	13	1	41	11	32
CR_06950C	6	14	1	0	2	0	0	4	3	0	1	0	1	3	0	0	0	1	0	1	0	10	1	1
CR_06960W	61	10	27	42	86	42	31	9	3	63	49	26	6	108	6	96	0	18	14	49	5	78	64	66
CR_06970C	86	206	70	244	288	204	45	29	41	201	204	71	26	46	52	26	3	126	42	255	146	97	140	502
CR_06980W	26	80	0	60	95	6	5	1	0	37	87	42	23	28	2	0	2	0	1	53	28	25	91	160
CR_06990W	243	376	537	901	728	729	218	88	345	466	915	385	424	192	138	1979	1547	427	707	722	612	371	571	832
CR_07000C	2426	7175	2690	5937	3893	5190	1720	356	155	2940	5175	1422	1555	1315	1431	4415	1670	2360	2213	2789	2746	973	2712	6195
CR_07010W	845	2553	1326	705	680	763	784	399	1591	685	1353	370	1921	671	704	2082	219	763	1370	736	1525	409	432	926
CR_07020W	55	169	77	75	85	9	14	27	255	10	36	2	55	132	34	5	1	15	21	23	63	58	27	51
CR_07030C	36	367	78	118	78	70	17	9	16	40	114	13	3	3	16	4	165	4	4	41	14	73	22	77
CR_07040W	23	122	4	30	21	12	0	8	6	33	84	16	75	13	51	3	1	1	25	54	6	91	15	24
CR_07050C	3486	6862	2784	4856	3211	3386	3042	2085	2312	1890	2801	708	1685	1216	2473	4988	3513	2938	1711	1989	2797	1015	1021	3323
CR_07060C	707	1154	690	690	497	468	642	2487	2437	361	568	365	1490	647	217	1422	495	300	469	762	1201	271	875	886
CR_07070C	1349	3740	2366	4723	3316	3268	2922	2848	1134	2088	3048	1111	136038	59789	28168	7972	1292	3246	3830	2428	3260	668	2197	4169
CR_07080W	434	1350	567	897	840	79	18	71	201	632	895	408	598	451	199	190	17	43	45	557	354	148	511	979
CR_07090W	797	1538	747	1148	810	554	222	100	209	768	1189	733	927	803	372	1897	427	209	410	954	629	591	1046	1737
CR_07100W	448	1212	445	584	476	212	145	147	86	279	607	204	462	459	498	34	83	383	144	545	499	395	418	688
CR_07110C	38	230	103	25	50	11	2	11	3	59	86	32	8	41	2	9	3	1	4	19	18	98	89	133
CR_07120C	1388	1743	139	504	665	264	291	83	24	433	699	233	111	156	128	120	136	105	107	303	531	153	417	368
CR_07130C	101	134	122	84	89	14	102	7	22	150	107	102	35	23	42	79	335	237	174	97	58	312	187	334
CR_07140C	496	750	448	803	491	516	337	378	438	470	627	205	153	284	121	843	89	629	369	330	466	198	340	842
CR_07150W	5269	13900	4995	3940	2095	3115	2644	4110	3656	1513	2820	1177	10592	2470	5198	2910	2388	1738	6168	2977	6692	1237	1957	3530
CR_07160C	365	1299	486	860	579	665	190	56	259	426	843	290	490	189	195	592	568	457	622	355	432	199	488	756
CR_07170W	25	362	4	33	17	41	2	13	5	62	243	48	9	44	4	330	605	282	20	9	0	289	134	138
CR_07180W	154	298	365	958	552	887	455	1545	1075	320	525	103	303	92	158	427	184	370	726	418	485	258	198	250
CR_07190W	2907	5692	1562	2575	1962	2309	1959	1494	1420	1363	2343	748	893	755	749	4304	1878	2005	2308	1367	2410	547	1066	1964
CR_07200W	588	2330	627	1894	1187	1355	565	54	129	1045	1374	528	383	781	189	1366	764	970	643	852	708	375	736	1824
CR_07210W	1930	4341	2234	2790	1558	2950	2407	194	95	1198	1745	1002	441	1750	710	2607	771	2468	1829	1512	1314	203	1280	4136
CR_07220C	303	1438	512	983	378	329	408	47	361	192	566	144	374	329	322	849	281	279	539	461	741	491	208	872
CR_07230W	170	704	191	335	322	84	77	39	36	211	422	71	59	19	150	408	297	7	17	183	86	137	105	222
CR_07240C	1019	2830	1481	1212	842	166	321	1676	1395	1079	2089	417	3245	1984	1596	92	1230	191	1029	1051	1607	317	1046	1214
CR_07250C	573	927	957	755	538	551	420	124	252	507	773	212	696	129	253	558	677	523	330	328	710	583	255	325
CR_07260C	321	316	23	2	6	3	2	6	15	16	24	6	2	1	0	2	2	14	0	0	12	145	12	7
CR_07270C	519	1523	79	154	246	26	6	16	16	90	71	30	5	11	118	7	15	10	251	31	198	275	50	186
CR_07280W	354	445	279	571	472	205	33	17	40	289	381	245	323	233	98	439	95	302	233	294	363	148	510	772
CR_07290W	306	348	332	511	284	264	187	11	18	294	572	216	132	78	58	183	78	405	99	135	151	398	493	581
CR_07300W	679	1271	485	1370	676	819	723	569	68	524	806	310	81	24	713	445	712	719	341	486	1474	312	477	1397
CR_07310W	1851	5004	1734	2815	1604	2123	1202	1252	1778	970	1487	581	575	647	327	3534	456	566	1443	1185	1607	741	994	1818
CR_07320C	122	164	23	71	49	36	3	18	21	32	42	23	10	15	14	9	7	23	5	49	17	121	72	162
CR_07330W	36	113	44	84	21	5	43	11	3	25	59	11	10	3	7	1	18	3	8	23	34	56	14	54
CR_07340C	95	252	226	308	122	256	234	26	19	118	267	38	206	14	20	60	46	98	20	96	234	151	75	156
CR_07350W	111	349	77	180	123	53	13	23	35	39	132	60	336	75	55	4	4	74	28	23	79	216	40	356
CR_07360W	2156	8258	2752	4655	2500	3617	1953	276	330	1998	2949	817	1214	882	1137	6895	1174	1836	2390	1656	2581	585	1461	2829
CR_07370W	1145	3396	170	283	180	22	7	14	7	176	268	73	27	18	42	6	196	6	1	176	86	69	270	308
CR_07380C	4306	10830	1940	1862	1581	1589	839	1342	824	888	1455	765	601	530	542	2194	766	1444	1139	965	1625	345	826	1542
CR_07390C	637	1178	313	571	580	326	83	27	454	334	608	333	53	87	190	602	34	276	346	283	241	197	437	926
CR_07400C	2240	7168	1482	1185	917	880	457	966	384	663	1045	765	3071	1081	824	1268	1867	1059	1455	1014	2851	434	981	1620
CR_07410C	35	95	60	71	32	50	7	7	9	41	111	16	0	21	4	70	6	22	24	57	62	45	38	73
CR_07420W	3520	7297	3386	5776	3180	4070	4231	1507	384	2630	3856	2334	2035	829	1773	14144	4819	6066	5020	2586	4516	633	3153	5479
CR_07440W	1705	4705	1352	2332	1221	1550	1064	1775	1667	904	1442	319	2399	1136	559	767	1567	1998	1901	916	2111	1259	563	1248
CR_07450C	1172	1896	912	1270	662	709	623	1107	226	567	1307	582	1060	453	449	1046	1141	1020	761	561	882	642	1236	1339
CR_07460C	258	800	174	446	262	227	136	40	40	299	467	174	57	146	211	47	209	187	355	357	368	409	429	696
CR_07470W	28	36	10	7	40	7	0	3	14	6	17	2	6	11	0	3	0	1	1	1	1	47	7	21
CR_07480W	1246	2430	1514	2662	1308	1690	1069	234	114	1168	1570	695	1746	719	1215	2018	1950	846	1143	1149	1691	474	1326	2519
CR_07490C	1716	5078	1520	1731	1030	1170	922	1045	669	763	1235	578	3355	1297	1732	926	827	524	2525	1476	2718	339	981	1663
CR_07500W	101	124	359	464	273	469	354	181	121	234	231	82	197	93	147	339	359	692	511	217	416	56	55	304
CR_07510W	31	33	5	12	32	9	25	4	2	29	19	16	2	0	1	0	1	0	2	38	23	30	26	98
CR_07520C	114	288	11	17	10	4	81	323	41	13	11	32	12	11	4	9	4	2	7	17	30	96	8	30
CR_07530C	2119	4508	2128	1876	1614	2112	1122	330	651	1153	2180	935	1379	581	823	3316	974	2694	2289	1109	1153	543	1441	2148
CR_07540C	21	44	26	123	74	11	34	77	43	14	69	13	1	11	20	5	7	2	17	10	19	90	42	80
CR_07550C	33	76	25	90	69	11	0	0	2	44	100	40	1	1	11	3	2	2	8	55	3	36	76	130
CR_07560W	2768	4708	1566	2306	1768	1918	1535	996	1881	1101	1993	498	691	292	583	3151	2024	1500	1823	1094	2059	472	787	1580
CR_07570W	24	44	46	13	24	19	1	7	9	23	26	25	13	30	3	1	1	1	1	6	16	24	52	71
CR_07580C	79	120	62	125	136	10	13	22	22	28	87	19	141	17	12	7	2	8	26	64	132	383	107	132
CR_07590W	183	178	127	7	18	8	26	40	194	16	48	6	45	17	10	23	1	31	6	3	23	108	8	10
CR_07600W	1986	3318	2221	3574	2250	2658	1286	506	882	1648	2636	1159	920	924	736	3247	721	2330	2641	1551	2480	971	1443	3703
CR_07610C	651	1408	338	408	190	184	40	93	9	161	216	54	3	73	25	20	187	192	390	137	210	91	118	315
CR_07620W	429	1500	1032	1405	839	1129	383	1905	479	727	930	153	215	420	380	2207	581	861	702	402	452	362	381	850
CR_07630C	183	357	22	13	12	5	18	161	165	77	79	14	88	76	19	0	2	3	19	10	18	85	88	96
CR_07640C	102	50	13	195	88	62	8	11	222	58	82	46	149	83	108	13	10	23	62	83	13	58	74	192
CR_07650W	639	1040	1192	381	413	280	660	691	1101	168	308	129	2883	1006	783	406	411	53	614	647	1821	354	181	295
CR_07660C	80	185	32	15	15	6	1	13	14	32	46	1	6	1	30	10	19	0	16	6	37	84	10	43
CR_07670W	48	163	77	11	92	8	5	8	12	25	74	16	2	1	54	4	1	4	79	111	1	48	51	89
CR_07680C	143	275	149	294	263	64	58	22	24	128	221	140	15	16	120	28	19	51	184	173	54	258	165	300
CR_07690W	103	106	79	121	146	48	1	7	10	127	132	22	7	41	5	2	30	2	21	87	40	98	56	67
CR_07700W	13	60	7	93	18	18	12	8	102	36	38	22	15	98	96	36	6	1	8	11	24	123	16	93
CR_07710W	157	317	26	156	119	180	64	56	82	173	222	25	436	36	58	77	9	17	15	212	79	174	116	170
CR_07720C	104	602	62	220	253	111	61	11	29	136	246	69	12	33	13	14	83	15	14	156	69	215	193	309
CR_07730W	1154	1687	1123	1087	1092	681	914	142	1186	505	1055	304	413	192	234	1693	207	946	630	807	668	438	437	1400
CR_07740W	17	139	23	108	36	61	0	12	4	26	81	29	3	2	3	2	30	5	5	40	31	217	25	38
CR_07750C	768	1654	758	1736	1233	1151	458	76	204	599	938	180	433	357	458	433	547	606	816	717	382	272	537	772
CR_07760W	22	36	4	23	24	11	2	7	9	22	13	11	5	1	1	75	3	0	11	1	3	80	25	21
CR_07770C	143	344	196	336	205	131	171	21	13	306	390	166	82	16	22	754	352	194	226	242	79	258	289	593
CR_07780W	291	783	325	578	323	183	428	38	38	313	439	315	282	51	235	366	295	620	425	311	333	190	442	651
CR_07790C	953	1481	215	1181	485	547	980	104	443	432	661	237	5471	1479	2063	493	8080	1624	1565	760	1584	387	557	889
CR_07800W	31	103	62	19	6	79	10	5	9	24	69	26	54	2	2	26	8	13	69	9	42	134	9	2
CR_07810W	9	28	2	1	5	13	0	2	1	1	3	2	17	3	3	0	0	0	4	0	0	66	1	14
CR_07820W	23	77	14	14	43	4	8	14	8	35	19	11	0	2	1	8	7	9	1	47	6	209	31	52
CR_07830C	11	64	5	26	36	22	4	13	24	6	40	17	28	3	4	4	121	15	41	42	18	78	23	23
CR_07840C	55	53	6	162	96	84	62	19	20	85	119	21	34	16	13	63	31	1	20	49	16	44	39	72
CR_07850W	253	1210	546	1356	914	801	356	98	77	535	1090	290	441	278	325	480	179	125	461	758	452	226	434	780
CR_07860C	41	69	12	154	25	11	5	9	18	18	27	27	2	2	20	2	0	2	7	16	10	42	57	69
CR_07870W	658	2498	1150	2054	1387	1878	1143	80	28	1734	2908	1353	1048	328	385	1253	1131	2385	1425	1293	1115	248	2363	2438
CR_07880C	53	174	18	79	28	32	10	2	2	27	57	20	13	17	34	8	3	60	29	14	12	50	44	86
CR_07890W	3419	5997	2990	2668	1544	2368	4523	3728	3984	1062	1837	621	4115	1378	2458	5951	1907	2918	2867	1436	3924	1084	1194	507
CR_07900C	65	130	7	67	56	34	3	3	32	62	95	35	37	73	35	5	7	21	12	26	15	79	126	135
CR_07910C	3503	10558	3696	5990	3388	4171	2552	994	377	3113	5602	1613	2226	685	2115	7168	3002	2113	4207	3155	4907	1046	2351	4103
CR_07920W	171	335	249	553	157	316	163	79	281	152	335	111	350	193	493	229	1089	82	320	103	176	388	229	358
CR_07930C	107	35	11	7	11	23	0	3	3	4	16	7	5	12	5	2	108	2	3	7	4	81	16	53
CR_07940W	841	2632	313	812	399	744	746	658	70	493	791	372	1198	185	501	1350	475	847	762	402	974	648	761	1168
CR_07950W	732	1972	1736	2523	1772	3009	3041	774	328	1558	2139	685	1332	1252	546	3921	1645	2069	3028	1187	2019	279	849	1856
CR_07960C	2682	10252	4282	5504	4261	5970	5704	5119	3397	3937	6182	1025	2813	1576	2429	10500	5328	4872	6540	2925	4320	838	1712	3048
CR_07970C	127	192	144	272	186	204	14	21	17	125	205	61	26	16	49	30	302	53	23	213	380	102	152	312
CR_07990C	39	5	11	45	38	4	12	0	1	29	31	23	0	0	67	5	2	1	1	37	3	32	44	67
CR_08000C	616	2310	738	552	293	525	775	114	912	324	714	311	456	165	444	544	597	897	1098	367	405	614	511	723
CR_08010W	43	78	34	54	35	50	56	12	8	33	43	30	12	4	24	7	0	7	3	47	48	128	30	69
CR_08020C	14	86	3	66	30	32	2	19	19	28	25	16	10	7	2	18	2	3	6	18	96	85	21	59
CR_08030C	261	1515	394	1207	590	1117	245	230	1936	383	625	255	227	303	305	1379	269	557	771	606	299	643	317	733
CR_08040W	709	1163	1064	1547	967	1156	1033	442	4158	693	1202	520	925	142	397	2119	308	789	1754	794	936	715	743	1379
CR_08050C	125	794	167	435	138	216	234	46	24	185	273	97	19	36	120	13	11	48	232	200	173	199	169	402
CR_08060C	184	443	27	131	119	125	17	60	57	64	139	64	38	24	90	241	21	155	160	85	77	226	129	189
CR_08070W	266	585	394	781	299	300	349	109	236	431	935	264	408	83	385	541	391	176	275	270	275	356	310	546
CR_08080W	464	718	366	452	382	237	220	31	11	200	406	235	25	10	256	336	9	126	315	254	219	182	253	399
CR_08090W	6160	14270	6820	2344	1741	2880	4801	4922	4835	1499	2653	903	33634	8177	13979	4850	1039	2608	5744	3401	8699	641	1148	1632
CR_08100C	130	533	232	37	80	13	110	22	27	94	123	11	17	6	13	760	10	4	104	166	44	241	51	174
CR_08110W	316	1812	484	1036	759	682	430	62	172	433	767	328	235	62	158	1122	249	212	256	389	523	217	576	825
CR_08120C	6554	17162	9112	14730	7776	13928	8307	4461	2821	5212	8024	2971	5903	2263	5037	17765	5210	10008	9629	5645	10233	3347	3856	8337
CR_08130W	1071	3773	854	724	668	786	577	517	79	466	753	249	226	185	310	1732	513	454	589	735	372	382	453	600
CR_08140W	369	1370	282	343	269	127	184	3	4	76	155	34	2	51	203	261	1	39	113	232	160	41	125	116
CR_08150W	364	551	198	79	33	8	66	115	157	37	79	9	1122	440	376	9	9	7	37	65	49	155	65	29
CR_08160W	166	475	18	85	99	20	9	37	44	60	139	44	24	86	30	18	17	286	21	50	12	377	108	128
CR_08170C	736	1463	457	875	644	718	408	376	775	408	695	175	358	195	697	228	392	261	296	298	385	291	390	506
CR_08180C	219	663	492	291	321	295	207	39	24	179	398	93	205	11	241	72	46	191	60	244	313	190	326	270
CR_08190W	86	103	42	83	92	79	6	12	4	30	63	31	17	10	7	10	46	11	11	35	38	51	41	96
CR_08200C	4920	11188	2359	3716	2180	2078	1135	699	433	1650	1972	564	720	1055	1945	1877	1343	1024	1569	1832	2308	962	993	2993
CR_08210C	7044	15809	7969	6220	3783	6195	7272	8406	11460	3647	5496	1234	16103	5457	6994	21172	5030	7029	10102	5013	12144	1717	1805	3548
CR_08220C	18	108	5	1	19	0	1	4	0	1	9	0	0	0	0	2	1	46	0	1	9	63	13	14
CR_08230C	30	51	2	3	4	2	0	1	3	2	4	0	1	0	1	3	1	4	0	1	2	66	2	3
CR_08240W	7	21	1	5	1	1	0	2	2	2	6	0	1	0	0	1	0	0	1	2	1	29	1	0
CR_08250C	4766	12122	5361	7551	3166	5848	3246	8309	7771	1382	2729	352	3050	2273	1155	4088	2738	5139	5711	2413	4042	1366	593	1109
CR_08260C	651	766	462	853	559	584	285	56	56	395	528	92	278	217	220	146	442	394	392	375	524	69	222	523
CR_08270W	1302	3943	2224	3213	2114	2599	1362	1402	162	1330	2284	907	365	500	440	1583	345	1552	1671	1302	1649	332	1007	1975
CR_08280W	625	776	813	493	325	483	601	176	28	229	497	165	54	184	163	246	585	451	269	315	233	244	349	410
CR_08290W	1185	1702	668	865	621	339	169	339	51	396	601	130	986	236	176	134	48	210	196	476	653	290	384	671
CR_08300C	2155	3939	1913	2033	1211	1273	849	506	1235	1348	1998	884	1250	436	903	474	938	896	1106	1240	1228	1034	908	2125
CR_08310C	169	460	129	533	261	164	24	45	30	144	271	164	52	64	73	173	38	203	90	130	63	439	225	228
CR_08320W	2655	8031	6882	10536	4960	8166	7100	7743	8366	3228	4851	890	2028	2064	2587	11918	5927	5516	7953	3097	7245	885	1326	2204
CR_08330W	236	1117	187	378	185	310	291	16	24	295	274	93	112	109	39	84	139	111	208	137	313	226	241	428
CR_08340W	135	596	603	355	320	299	698	400	96	300	417	109	983	275	287	1291	510	84	413	271	329	460	165	322
CR_08350W	2857	6912	407	527	298	329	119	66	84	510	581	198	482	313	355	719	411	381	321	281	282	243	378	422
CR_08360C	3591	9296	263	327	119	114	137	217	240	192	242	76	195	87	85	319	109	111	91	134	208	113	197	248
CR_08370W	269	2193	429	1103	523	916	605	348	42	324	489	213	231	441	334	1774	135	463	473	271	1308	330	264	488
CR_08380C	598	2564	339	1501	912	954	693	733	1118	619	797	148	154	131	489	1732	453	267	612	381	1019	138	341	755
CR_08390W	75	186	40	90	53	24	1	30	3	33	63	16	1	42	3	1	0	11	35	31	23	28	51	68
CR_08400C	273	352	259	203	90	54	98	43	164	37	130	11	9	81	72	4	483	91	106	87	61	74	57	194
CR_08410W	476	1210	605	730	606	787	499	280	53	356	692	289	483	298	419	38	222	526	416	787	942	282	360	745
CR_08420W	2639	7237	3304	4588	3098	4125	3300	2945	3722	3674	6096	788	1375	955	1337	3653	2796	2744	3875	2210	3205	1061	1307	2234
CR_08430W	975	1763	680	922	610	442	700	111	358	655	858	499	322	358	421	217	73	250	206	447	200	420	766	1439
CR_08440W	182	413	457	282	562	367	214	27	22	222	562	70	33	43	67	551	60	138	188	248	440	330	173	487
CR_08450C	475	1454	386	988	797	660	655	173	211	216	584	186	300	198	255	212	466	367	697	445	314	324	216	633
CR_08460W	525	1207	36	63	39	49	18	130	122	34	24	16	69	36	40	7	12	15	23	17	64	168	29	51
CR_08470W	1075	2012	955	1600	951	1121	881	655	180	837	1547	550	694	615	673	681	968	537	1200	1079	1233	373	679	958
CR_08480C	126	333	4	2	2	0	6	93	95	2	2	5	53	27	15	0	0	3	0	1	7	54	3	1
CR_08490W	1093	2159	1135	2992	1631	1921	735	579	833	1581	2468	668	874	463	407	2816	959	1217	1483	1101	1172	599	994	1948
CR_08500W	510	1636	262	333	418	285	242	489	182	283	430	89	43	141	132	681	224	392	386	256	415	235	272	297
CR_08510W	2855	7579	2637	5280	3605	5926	6779	8229	7885	3936	6052	2722	50386	25336	16318	7322	6664	5605	3055	2417	2894	2980	4549	4536
CR_08520C	47	72	6	58	16	6	3	13	16	11	15	3	4	6	8	5	0	13	1	17	1	47	18	20
CR_08530C	29	75	63	31	19	3	0	0	1	19	25	15	1	0	19	0	5	26	30	27	19	74	17	35
CR_08540C	5383	12901	3875	8344	5737	7690	3017	1666	3677	3212	5882	3350	2186	2220	1896	5808	3427	6244	5579	3679	6909	2771	6052	8220
CR_08550W	297	525	308	234	227	253	53	46	309	196	467	105	255	112	100	44	157	75	189	257	400	316	252	403
CR_08560C	217	462	247	136	126	142	22	45	378	135	175	57	126	73	77	21	65	55	133	127	107	203	121	215
CR_08570W	1566	3922	3170	5156	2966	4248	3199	822	387	1777	3199	621	1380	751	554	4853	2223	2895	1917	2288	3877	768	1019	1076
CR_08580C	565	968	196	593	224	121	102	3	4	139	407	57	2	10	331	65	33	164	174	229	378	93	137	149
CR_08590W	1901	3821	1993	2859	2062	2653	819	178	1290	1085	1947	962	655	109	1153	1573	993	1152	953	1287	1739	506	1595	3145
CR_08600C	575	948	588	1313	658	1151	86	434	48	725	1182	387	378	87	257	1184	333	842	502	615	420	404	542	878
CR_08610W	191	362	102	127	83	81	26	21	57	78	106	80	82	213	126	68	112	56	78	65	152	144	127	221
CR_08620C	520	675	85	321	170	189	6	54	646	283	261	205	48	23	91	675	361	468	178	215	432	318	324	415
CR_08630W	813	2293	430	815	441	442	201	122	61	634	1000	333	500	215	316	665	26	228	107	468	511	493	771	1031
CR_08640C	3040	5316	1650	3300	2314	3010	1565	933	912	1846	3723	1357	1361	523	1091	2172	1581	1859	1794	1485	2581	643	1930	3604
CR_08650C	917	2608	636	1131	848	1186	1110	187	186	497	817	270	799	210	344	3258	215	896	240	698	1459	386	465	1094
CR_08660W	15340	31291	9594	14131	9328	14221	8416	3576	7184	5872	8752	2716	4633	3890	6964	16776	4760	8188	10947	7990	10007	1772	4665	9547
CR_08670C	142	335	39	263	162	148	256	40	31	297	253	103	8	23	229	146	97	24	69	157	22	211	188	385
CR_08680C	1020	2328	842	2164	1206	1364	745	262	198	1235	1601	941	777	742	767	1387	714	831	1044	745	996	1825	1371	2417
CR_08690C	479	1063	402	622	354	269	339	293	48	300	498	204	102	13	61	102	237	328	276	227	590	289	324	715
CR_08700C	509	1921	1606	1184	880	1375	1430	1106	882	766	1307	331	533	229	263	2214	1533	1369	1032	529	922	438	349	693
CR_08710W	1413	2396	1690	2541	1473	2183	945	245	622	1396	2471	1010	449	461	622	2446	711	1505	1924	997	1666	857	1456	2278
CR_08720W	434	1055	646	627	383	86	91	11	75	564	802	458	137	35	25	55	82	667	121	545	366	424	893	1540
CR_08730W	15	89	23	4	1	0	46	0	3	5	11	1	0	1	3	0	0	0	0	4	0	54	9	0
CR_08740W	460	1650	463	1402	843	510	648	21	17	644	772	58	277	98	430	78	604	244	197	497	620	115	122	246
CR_08750C	15	194	12	25	45	24	10	1	1	25	46	10	72	5	3	6	3	1	15	26	60	14	27	34
CR_08760C	5311	12816	6673	14530	5369	7740	6360	5512	4946	1481	3220	842	3461	2260	2250	6092	3472	5133	5359	2039	3603	3103	1265	1786
CR_08770W	3539021	8319589	1902352	1408866	1012055	733114	1842093	2310139	2896970	927768	1468364	555654	6308482	1896139	3852934	1630334	3054208	1750151	1501170	851950	1881016	1810157	999508	1284650
CR_08780W	1564	2813	860	826	472	610	455	296	453	288	157	98	640	205	584	260	192	409	444	369	545	773	398	295
CR_08790W	3135	6362	1081	1021	619	673	780	1489	1924	305	212	134	1440	2005	1410	283	290	371	512	673	764	746	441	312
CR_08800W	5490	12361	1694	1059	756	781	1039	1629	1943	306	239	135	1049	428	1116	309	235	516	764	800	1203	783	489	248
CR_08810W	19320995	47484862	23670487	24126583	18904550	12529121	16765109	7781807	9495494	19054556	24687529	15046199	63453934	18104065	31573859	18064377	20458107	22497342	16504155	12976669	22897006	7517588	19653784	21700996
CR_08820C	0	0	0	0	0	0	0	0	0	0	0	0	0	0	0	0	0	0	0	0	0	0	0	0
CR_08830W	331	146	225	472	216	220	123	57	67	94	163	66	8	159	103	125	39	199	361	190	379	41	105	171
CR_08840C	427	985	339	977	666	656	104	90	110	315	478	319	541	390	172	1091	96	204	576	375	537	230	438	744
CR_08850W	18	176	62	35	65	24	4	6	11	68	99	27	2	11	4	133	13	11	83	31	12	25	176	242
CR_08860W	290	1001	321	233	175	237	88	222	1057	143	226	83	247	25	107	360	435	33	488	305	472	392	225	324
CR_08870W	618	2678	1098	2283	1859	1863	1732	609	1601	1455	2006	502	307	695	697	3028	2174	2356	1121	685	1110	469	850	1509
CR_08880C	150	783	66	380	228	196	148	22	35	106	137	46	270	67	263	196	257	82	116	187	341	653	109	360
CR_08890C	1547	3958	355	513	354	324	204	347	533	211	319	104	355	145	314	278	436	507	553	328	443	706	187	357
CR_08900C	1252	2743	988	1120	575	947	133	99	67	697	868	377	652	271	393	656	889	302	488	698	671	402	805	1139
CR_08910C	462	1137	158	490	410	258	74	26	37	243	393	132	197	90	104	59	300	90	150	356	371	185	200	445
CR_08920W	111	346	26	135	88	62	79	24	129	63	104	99	117	107	35	93	125	261	32	157	70	289	71	105
CR_08930C	67	161	6	1	5	0	4	18	30	1	2	4	21	11	1	3	3	5	8	2	7	82	3	36
CR_08940W	130	494	182	713	463	488	98	37	40	402	432	150	19	44	26	415	42	165	405	354	511	224	177	306
CR_08950W	437	862	163	303	192	143	70	147	197	134	212	52	241	165	87	22	37	45	101	226	378	204	235	426
CR_08960C	1583	4291	1447	2808	1619	996	398	121	88	1201	2412	677	352	259	362	675	573	1075	533	1554	1752	440	1737	3843
CR_08970W	8	8	0	0	2	0	0	1	6	0	3	2	0	0	0	1	0	1	2	0	0	35	3	4
CR_08980C	2165	6081	2161	3274	3335	3195	2872	1597	528	3194	4855	3653	1445	1496	1071	6635	2848	6827	3542	2124	3597	716	4942	5692
CR_08990C	139	1223	203	690	549	161	39	55	45	287	662	261	241	60	182	102	421	272	265	437	387	338	700	925
CR_09010C	385	750	67	191	183	128	47	138	174	187	304	47	241	126	200	2	12	28	98	105	200	125	76	172
CR_09020C	146	257	181	162	63	66	10	33	13	23	60	15	178	51	141	70	61	10	21	43	61	215	54	205
CR_09030C	13	166	10	80	81	28	5	6	4	40	73	33	21	20	14	4	7	6	31	59	12	20	80	123
CR_09040W	123	222	36	295	187	42	9	8	9	99	196	125	33	75	34	10	98	74	32	147	61	62	228	334
CR_09050C	3177	9610	4802	9689	7124	9627	5355	2178	2753	5309	8467	2021	3539	1968	3437	15452	4103	6253	6716	4272	7992	1071	3075	5505
CR_09060W	4	1	0	0	0	0	0	0	2	0	0	0	0	0	0	0	0	0	0	0	1	3	0	0
CR_09070C	81	100	40	33	3	2	1	24	24	10	17	4	134	90	124	13	75	2	53	34	115	94	26	20
CR_09090C	95	630	300	400	424	193	45	20	78	93	318	164	22	89	30	12	15	169	141	99	175	189	204	462
CR_09100C	50	185	20	37	51	11	6	37	51	23	81	24	40	10	12	7	9	12	9	24	21	148	52	33
CR_09110C	92	78	23	134	70	8	1	32	28	66	108	59	36	88	62	17	26	20	34	101	29	115	126	224
CR_09120C	1019	1078	1120	189	240	101	127	239	790	209	297	131	4870	1370	2339	50	75	377	693	667	978	329	354	385
CR_09140C	1349	3924	640	1133	803	1052	980	367	1321	450	931	205	743	234	223	1759	170	695	788	753	1301	753	346	494
CR_09150W	46	79	9	53	6	6	83	11	13	26	34	10	45	16	4	2	2	4	5	7	2	101	42	9
CR_09160C	1495	3240	524	82	240	48	258	940	515	93	238	66	2464	1002	917	12	15	9	162	379	1034	248	138	185
CR_09170C	4570	8575	1280	2319	1778	2121	1749	1225	814	1174	1639	810	1994	955	1111	5640	2380	2161	3516	1521	2705	814	1111	2018
CR_09180W	41	383	29	338	110	43	19	167	142	35	160	53	23	23	11	94	308	39	46	54	108	157	91	64
CR_09190C	84	188	23	179	90	69	3	12	66	119	108	43	58	14	15	10	7	6	7	129	27	151	171	254
CR_09200C	932	1863	317	907	931	312	177	17	8	621	611	188	163	344	189	188	159	164	156	613	414	172	569	824
CR_09210W	640	1928	439	995	450	423	137	205	51	339	591	109	90	97	144	74	311	162	160	405	351	265	279	725
CR_09220C	100	285	249	130	140	120	10	13	9	93	182	12	31	20	182	15	20	34	14	35	32	130	63	230
CR_09230C	168	307	53	172	150	20	6	46	29	97	68	9	18	35	6	8	1	8	100	62	137	179	52	161
CR_09240C	88	164	4	5	17	17	1	18	22	10	39	12	7	17	1	0	5	0	0	16	4	64	66	38
CR_09270C	223	623	82	63	55	84	25	77	82	139	59	15	344	354	156	11	11	14	50	106	333	164	87	147
CR_09290W	511	931	1025	1482	968	1157	227	53	19	501	516	212	427	396	278	175	136	280	431	805	915	146	261	760
CR_09300C	999	2058	1293	1832	1175	1467	429	358	333	804	1275	525	693	538	484	232	579	465	594	1152	1490	461	698	1492
CR_09310W	659	1096	319	916	747	338	72	24	27	432	772	232	98	146	346	98	488	137	79	541	264	230	449	1053
CR_09320C	140	249	73	220	183	201	5	63	83	70	155	78	227	113	272	5	25	23	54	86	114	132	154	295
CR_09330C	2382	4138	1963	1826	1215	1093	381	342	316	495	764	448	4183	1077	1296	241	76	169	1165	1720	1565	379	785	1431
CR_09340W	135	586	16	97	52	31	44	89	91	36	86	22	60	53	14	24	8	22	45	58	40	115	46	60
CR_09350C	6	19	3	33	11	2	0	4	0	3	0	8	0	0	0	0	0	1	0	10	1	65	3	6
CR_09360W	228	195	214	293	195	147	102	34	21	128	166	92	82	111	28	31	34	214	107	154	60	296	87	166
CR_09370W	87	593	94	351	137	150	27	20	34	169	151	123	137	394	164	11	11	36	142	131	78	342	154	285
CR_09380W	54	226	60	50	25	64	6	16	12	40	66	16	13	42	3	4	0	41	68	18	46	101	38	53
CR_09390C	49	134	14	143	107	123	25	17	41	64	61	26	0	56	31	26	4	39	95	55	23	168	43	77
CR_09410W	105	437	56	316	242	71	49	36	27	144	390	141	103	240	38	29	81	85	56	240	149	156	392	357
CR_09420C	3072	6654	3865	4661	2971	3592	4120	2824	4757	1749	2446	1043	3252	1952	1095	4868	2219	2910	4278	2711	4290	780	2542	3449
CR_09430C	257	1395	112	291	153	174	466	6	7	183	235	66	50	52	106	158	172	235	74	156	272	53	140	137
CR_09440C	507	1799	341	668	601	591	670	563	361	476	746	252	467	887	532	597	973	444	269	408	459	219	583	453
CR_09450C	9	13	1	20	0	1	0	7	8	0	0	0	2	0	0	0	1	0	0	0	0	117	0	0
CR_09460C	19	35	4	15	8	1	4	22	25	0	2	2	5	3	3	11	21	1	7	3	6	104	4	0
CR_09470W	6	35	1	3	13	7	1	9	8	12	9	11	2	4	11	1	3	4	1	4	0	115	7	12
CR_09480W	6	17	3	2	31	13	2	1	4	7	9	13	2	7	0	1	0	2	33	6	1	67	4	7
CR_09490W	61	140	18	43	63	12	3	7	9	15	35	31	25	11	36	3	3	35	4	32	33	86	82	51
CR_09500C	6	17	0	1	10	2	0	3	1	3	0	1	15	2	2	0	1	0	0	2	0	45	0	0
CR_09510C	18	13	0	0	0	0	0	2	4	0	0	0	4	2	0	0	0	0	0	0	0	58	0	4
CR_09520C	241	350	279	761	700	458	243	54	168	434	328	117	139	103	171	1632	18	424	380	439	461	363	195	309
CR_09530C	38	94	8	61	33	65	11	21	24	22	41	42	385	77	411	2	5	4	119	28	42	248	76	78
CR_09550C	18	26	0	2	0	2	0	9	9	0	7	0	6	6	0	1	12	0	0	0	3	67	4	4
CR_09560C	9	9	1	6	5	1	0	3	6	5	30	13	4	9	1	1	3	3	1	17	0	55	9	31
CR_09570W	7	5	5	0	3	1	0	3	1	7	1	0	1	9	0	1	0	0	2	10	1	30	1	7
CR_09580C	85	125	73	51	47	15	43	9	17	50	152	120	309	356	76	4	6	17	32	59	66	80	293	263
CR_09590W	14	28	1	2	1	0	0	5	3	0	0	1	8	19	3	0	1	1	2	1	5	14	7	6
CR_09600C	6	29	1	0	1	0	0	9	3	0	0	4	14	24	0	1	0	0	3	2	2	16	0	1
CR_09610C	14	88	11	27	1	0	7	28	27	5	7	1	16	25	59	6	26	9	5	2	23	71	26	6
CR_09620C	15	37	7	1	3	1	0	4	2	8	6	1	1	1	2	0	0	2	2	9	0	40	5	14
CR_09630W	2	6	2	8	6	1	2	0	4	0	0	0	5	0	2	3	0	1	1	1	0	29	5	5
CR_09640C	22	54	4	32	30	2	1	6	5	1	4	1	19	3	17	4	0	1	1	15	45	61	12	20
CR_09650W	1905	3272	1733	3792	1894	2108	1777	1891	3336	971	1785	285	655	727	649	3486	1574	2578	973	865	2329	503	350	669
CR_09660W	12	7	3	0	3	0	1	3	4	2	2	0	0	1	2	1	0	1	0	3	1	38	3	1
CR_09670C	85	207	69	7	11	12	5	58	49	38	73	34	117	28	10	13	2	4	69	27	46	49	46	104
CR_09680C	15	38	36	57	14	17	6	6	8	47	44	44	107	31	23	9	45	17	10	21	0	106	40	35
CR_09690C	349	1051	216	471	406	132	107	50	70	154	402	247	128	95	94	60	181	110	106	198	250	317	377	440
CR_09700W	358	797	358	1122	896	480	136	62	61	390	614	381	105	154	97	132	194	79	325	568	390	370	549	1519
CR_09710W	11	30	0	27	2	2	0	12	4	2	4	1	2	2	16	1	0	0	2	1	0	46	5	6
CR_09720W	4	14	0	1	1	0	0	1	1	1	1	0	0	1	7	0	3	0	0	1	0	25	3	4
CR_09730C	6	13	1	1	1	8	0	5	4	0	3	1	9	2	1	3	0	1	1	0	26	57	1	12
CR_09740W	22	141	58	159	65	85	3	11	11	62	82	35	32	42	10	32	3	47	12	58	28	133	51	139
CR_09750C	17	75	17	88	97	24	2	8	4	15	9	19	26	15	12	1	0	0	29	16	2	55	41	38
CR_09760W	93	126	35	98	56	11	24	13	9	35	27	18	13	17	33	72	3	29	0	46	61	90	58	76
CR_09770C	194	228	205	108	204	223	74	95	40	78	199	116	91	414	116	364	4	50	288	216	164	165	158	227
CR_09780C	258	1435	456	1814	904	953	661	123	52	618	689	646	626	690	491	193	427	750	694	482	619	235	1798	2333
CR_09790W	355	549	360	437	326	408	221	49	60	281	503	135	667	187	224	92	282	224	221	335	532	270	296	440
CR_09800C	500	2001	917	1542	1027	974	248	179	58	578	775	298	518	260	322	1480	518	953	102	912	460	414	431	1629
CR_09810W	10	18	1	7	7	16	1	2	1	6	6	15	2	1	0	0	1	2	0	10	1	39	10	35
CR_09820C	426	1680	608	1448	888	704	451	40	728	585	1019	318	429	114	336	1344	749	698	958	541	580	134	528	1002
CR_09830W	2507	6391	2154	6738	5197	3550	2002	163	181	4638	7923	2202	1496	1250	1366	3406	2557	2851	3302	3649	2583	455	3687	5754
CR_09840C	135	598	34	97	207	57	15	5	3	99	167	47	40	26	37	3	25	20	12	150	25	17	107	142
CR_09850C	7	6	5	2	0	3	0	2	2	0	5	1	1	1	0	0	1	0	3	0	0	46	1	9
CR_09860W	1051	2161	496	2036	1513	1839	695	277	273	906	1338	716	258	387	505	402	447	692	653	1130	1260	581	1364	2914
CR_09880W	1393	3048	2597	4885	2086	2890	3168	3317	3596	1618	2195	603	5534	3004	3581	2260	492	1316	3693	2313	2097	898	1176	1831
CR_09890C	18	99	7	20	18	20	2	13	18	58	27	16	24	0	4	2	2	150	3	38	3	146	8	74
CR_09900C	85	152	166	356	241	374	132	28	46	297	399	125	61	234	23	70	110	349	132	129	201	334	251	457
CR_09910W	372	433	258	404	222	158	181	40	26	154	427	158	171	261	17	176	560	253	67	272	172	356	190	353
CR_09920W	330	567	419	939	598	547	175	92	392	455	619	154	156	232	131	1618	382	667	563	452	689	370	295	387
CR_09930W	82	321	140	141	85	83	15	35	56	72	68	17	187	50	30	20	10	8	321	86	119	176	78	73
CR_09940W	917	1473	664	1754	1043	1866	694	140	74	539	1425	262	688	309	812	3353	583	462	1082	797	960	198	428	1154
CR_09950C	1282	1620	885	908	478	450	311	69	423	395	558	388	585	584	447	1283	332	143	337	772	663	312	675	1010
CR_09960C	189	424	307	489	430	459	81	77	56	265	386	277	289	320	121	879	649	430	175	170	684	353	485	958
CR_09970W	182	372	16	5	24	2	10	51	70	9	13	23	44	35	16	3	8	4	12	6	29	146	52	9
CR_09980W	1270	3172	1515	4238	3142	3988	1778	3702	1943	1965	2727	971	1166	995	755	2974	1536	2110	2799	1775	2610	756	1918	2878
CR_09990W	4549	11117	4058	7708	4994	5565	3683	592	2706	4174	6933	1406	3675	1902	2582	6364	3297	5022	4528	3676	4173	805	2831	5985
CR_10000C	440	1597	252	599	524	239	112	19	16	471	610	245	279	22	138	382	122	226	266	402	280	135	439	893
CR_10010C	895	2513	724	1193	789	669	406	123	886	762	1156	539	464	292	401	100	272	919	202	630	872	222	1145	1956
CR_10020C	195	1106	131	256	251	160	107	26	27	249	301	59	74	98	102	15	27	199	184	162	188	127	207	190
CR_10030W	570	1746	1457	1452	1337	751	317	52	440	827	1214	496	175	393	552	422	258	222	613	898	1020	380	864	1274
CR_10040W	201	777	319	398	391	226	7	13	7	239	236	153	29	82	170	29	46	25	73	345	239	50	231	343
CR_10060W	17471	40621	10699	14517	10352	7779	6167	816	571	7296	11576	6249	3656	4098	2652	4263	6235	6652	5194	7663	7773	716	7802	16350
CR_10070C	8861	19200	5868	8325	6234	6938	3730	674	379	3852	5988	3048	4497	3671	2537	3957	4830	4317	4715	4802	5728	506	4494	9825
CR_10100C	389	701	186	1010	508	262	184	65	97	320	865	163	88	510	64	198	253	174	149	246	227	216	231	680
CR_10110W	672	1351	657	686	424	620	170	263	76	195	480	78	169	81	175	125	181	104	603	578	1119	202	188	184
CR_10120C	17	93	16	36	38	1	3	0	2	51	58	50	1	5	18	1	0	1	2	59	8	38	123	123
CR_10130W	52	219	59	111	147	63	13	11	5	105	51	56	7	5	39	1	5	23	2	114	32	56	132	187
CR_10140W	131	101	13	32	112	22	82	25	28	46	64	18	69	52	54	283	98	2	2	33	13	200	75	103
CR_10160W	323	987	68	252	186	118	291	142	163	59	240	50	591	508	143	142	98	159	170	138	320	258	36	369
CR_10170C	41	73	10	20	8	1	12	12	12	18	59	13	11	10	10	3	13	0	4	8	6	132	38	31
CR_10180W	1	24	0	1	0	0	1	0	0	8	8	6	0	1	0	0	0	2	1	1	0	44	7	8
CR_10190C	27	63	8	13	98	27	1	3	5	46	64	3	7	85	1	4	0	1	14	34	5	41	19	14
CR_10200W	516	1138	570	2129	1303	1742	271	50	22	483	1100	202	487	406	239	230	368	511	448	887	795	252	429	1061
CR_10210W	665	961	398	1400	893	718	76	24	31	717	1272	368	198	293	397	63	467	638	379	798	530	298	844	1380
CR_10230W	111	502	208	632	342	151	33	13	29	213	334	140	60	40	202	56	75	261	75	160	42	176	202	447
CR_10240W	1239	2270	228	581	446	184	315	89	39	331	646	133	208	79	237	74	350	544	155	210	420	264	375	634
CR_10250C	1428	3006	381	666	398	48	285	821	1027	442	799	337	1082	363	1308	205	238	125	656	463	680	316	466	755
CR_10260W	46	89	73	101	219	112	15	13	40	84	179	12	1	77	55	71	6	58	112	30	260	125	97	210
CR_10270C	111	210	111	101	182	128	79	19	97	122	214	49	17	55	27	4	22	167	41	68	199	114	83	234
CR_10280W	44	91	16	39	38	66	8	14	18	55	72	44	6	1	1	46	6	79	12	25	16	116	49	78
CR_10290C	1173	4503	1413	1454	1152	1943	662	1123	460	1319	1624	636	806	607	798	1317	1124	1980	1457	1274	1361	697	1052	2096
CR_10300W	5342	6225	1201	1258	1154	829	156	247	196	1263	1363	365	241	86	538	761	618	789	387	891	1349	250	483	1353
CR_10310W	49	242	55	61	59	29	0	9	4	66	76	6	1	96	42	0	2	0	5	59	17	108	24	43
CR_10320W	180	32	119	201	172	101	187	67	63	77	182	86	29	71	114	299	44	20	141	59	51	95	97	349
CR_10330W	30	26	41	36	53	5	29	10	9	5	35	5	2	0	11	3	3	5	0	38	15	90	6	31
CR_10340W	603	1290	702	639	301	613	1306	443	470	437	624	179	3226	1071	749	1425	341	772	555	400	885	323	337	794
CR_10350C	237	605	29	47	13	9	21	176	154	30	49	7	104	41	14	19	49	16	32	21	33	100	12	15
CR_10360C	232	445	250	188	59	125	79	107	102	53	119	57	820	361	355	15	358	105	67	109	125	415	130	205
CR_10370W	1545	6656	2142	4778	3152	4953	2258	407	741	1588	2345	937	1603	972	1202	5094	1993	3157	2828	2077	3335	367	1042	2182
CR_10380C	315	1041	355	805	844	442	533	158	70	632	736	125	177	232	174	215	148	421	118	418	298	209	318	634
CR_10390W	17	47	1	33	10	21	0	7	7	11	6	2	1	4	3	4	4	1	2	12	3	115	27	24
CR_10400W	50	106	12	167	76	31	112	22	20	52	19	44	112	7	11	41	2	7	29	36	72	122	25	37
CR_10410C	17	158	29	151	149	53	102	14	11	115	94	33	204	80	59	130	7	27	41	114	84	191	86	115
CR_10420W	1575	3182	1115	1823	1014	1096	453	39	335	818	1082	326	665	134	355	2175	608	612	642	1007	979	335	574	1587
CR_10430C	27	118	61	252	73	61	28	8	7	100	158	92	58	5	8	8	29	47	8	82	22	49	57	165
CR_10440W	393	469	157	326	341	203	32	22	9	240	188	162	69	171	68	128	31	196	205	184	185	368	257	445
CR_10450C	169	171	108	142	128	60	45	11	11	147	86	66	23	19	6	949	4	194	2	85	105	120	82	164
CR_10460W	2	15	1	7	12	8	0	3	3	4	6	1	1	2	0	4	3	19	1	1	0	29	11	21
CR_10470C	119	476	164	375	468	276	91	44	25	401	281	120	360	36	25	148	13	408	109	118	234	342	228	439
CR_10480W	79	125	21	127	70	19	10	18	23	74	65	79	5	10	6	1	3	19	25	69	16	108	136	151
CR_10490W	538	673	166	522	410	143	192	160	159	271	380	140	24	75	111	221	198	144	107	214	172	120	227	449
CR_10500C	589	1425	622	953	778	639	517	377	200	820	1384	367	432	314	323	563	298	372	622	515	462	195	650	863
CR_10510W	1160	2314	2152	2924	1456	1387	1312	949	3302	893	1751	363	2381	670	721	4367	602	1276	1322	1124	1170	890	553	1706
CR_10520C	89	313	212	283	248	140	7	6	1	163	189	34	229	67	24	61	4	47	46	124	54	61	113	453
CR_10530W	3892	9126	3302	6268	3405	5496	2699	2025	3012	2487	4583	1096	2311	1609	1790	6843	3064	4929	3759	2856	3362	624	1706	4424
CR_10540C	1230	3469	888	2195	1426	901	382	340	154	748	1202	365	742	378	528	1040	875	926	842	843	1259	296	683	1397
CR_10550W	303	790	752	764	218	336	361	47	34	242	360	137	218	80	124	976	27	743	218	162	445	546	274	408
CR_10570C	5673	12907	2322	3254	2525	2636	2075	877	2023	2154	3117	791	1102	561	1817	2670	656	1701	2493	1542	2330	296	1868	2924
CR_10580W	936	1681	810	3297	1897	2009	2018	599	229	1191	1746	966	1587	666	660	1938	909	823	1313	1236	1221	516	1777	3375
CR_10590W	3975	9910	6704	11233	7787	10380	10835	3547	3174	8194	11831	1758	5885	2551	3470	18946	6469	12294	10008	4481	9169	1253	2996	6130
CR_10600C	2176	4740	3396	5011	3639	5286	6540	3772	3750	4234	6527	809	3207	1384	2007	13806	3702	7351	5258	2376	5126	680	1440	3336
CR_10610C	307	499	297	562	379	441	155	28	23	276	545	104	183	80	147	679	108	319	322	299	291	117	207	567
CR_10620C	1438	2799	2553	3247	1902	2680	1291	1035	3307	1296	1980	466	880	478	1131	6356	1204	1539	2540	1594	2240	399	813	1793
CR_10630W	48	170	161	54	83	94	93	164	106	59	70	57	8	96	9	25	9	46	13	108	19	173	98	174
CR_10640W	1139	1820	664	904	620	649	426	47	15	369	732	184	545	232	61	1311	577	297	331	348	594	260	269	1027
CR_10650W	3202	7697	2355	3207	2255	2415	1309	699	912	1226	2071	477	870	562	1236	3475	1931	3368	1030	985	2327	339	522	2133
CR_10660W	158	195	27	365	85	112	19	16	31	139	156	63	550	7	90	16	19	158	26	36	51	178	110	229
CR_10670W	418	806	180	99	30	39	15	95	82	42	105	35	632	38	47	6	10	129	87	133	38	216	52	115
CR_10680W	8230	22363	7300	9156	4156	6824	5897	3684	5092	4186	5918	3133	7407	3373	5012	13469	4817	6067	5446	4938	7335	3208	5182	7635
CR_10690W	283	697	109	162	130	96	23	15	26	102	162	42	51	74	50	30	151	58	32	144	139	151	93	296
CR_10700W	1299	3528	1181	2046	1283	2029	1042	491	890	1204	1691	381	485	399	774	887	902	1401	1674	983	1590	368	766	1754
CR_10710C	741	987	546	2148	1272	1729	1428	99	72	1180	1944	767	395	549	412	1414	964	1471	868	990	1266	269	1410	2463
CR_10720W	652	2190	848	1649	1069	921	98	57	31	690	1002	281	78	63	184	507	1043	394	700	737	595	355	675	1067
CR_10730C	80	189	38	145	50	88	7	29	33	22	55	30	27	20	2	35	9	36	103	35	17	212	43	105
CR_10740W	51	203	14	13	21	13	14	11	9	31	62	16	11	1	29	5	6	15	1	15	16	211	37	118
CR_10750C	240	556	75	148	66	54	9	14	56	88	153	48	51	35	35	54	8	68	41	49	48	62	95	157
CR_10760C	195	679	284	236	182	128	24	18	33	140	233	111	22	96	84	125	106	143	97	105	236	167	176	321
CR_10770W	1802	2948	1708	3230	2613	2573	2139	2832	2932	2154	2931	1530	1053	405	802	5498	1730	3026	2502	1641	2618	626	2196	3229
CR_10780C	688	1162	1427	1646	1571	1646	1561	1172	1369	1566	2869	1719	877	420	1295	2350	635	2280	1178	980	1998	670	2264	3001
CR_10790W	5942	13249	3905	8225	4074	5530	3496	1204	1920	4273	5527	1815	1389	1088	2354	8582	2355	5004	4673	3010	4587	810	2962	5146
CR_10800C	25806	70662	16044	17645	10879	15908	13745	3060	4245	8245	12671	3085	10504	4481	7753	28661	15893	17798	18323	8459	16074	1700	4385	11329
CR_10810C	9923	24606	21813	17359	10399	13650	21170	28450	34037	8993	15585	3848	15438	7683	11502	37925	25380	33257	31763	9508	19750	6732	4024	11491
CR_10820W	694	1666	461	793	553	666	1414	152	179	1153	1025	764	755	75	192	1088	1188	1026	1138	497	1225	298	1130	1532
CR_10830C	964	1027	180	709	239	486	589	99	417	357	479	167	274	148	210	1189	296	770	416	399	730	238	330	661
CR_10840C	2973	5942	2057	1006	298	606	2173	4922	5745	223	479	183	9900	3379	3865	2515	430	1367	1804	927	1734	1080	262	582
CR_10850C	549	1293	94	329	194	42	139	393	483	106	122	54	158	40	51	11	200	217	102	91	355	266	111	159
CR_10860C	76	424	246	225	218	129	180	47	181	126	152	64	24	5	21	12	104	332	195	76	136	261	80	128
